catalog,page,section,table,row,column,column_label,column_group,value
architectural,3,"LokSeam® Series 12""",0,0,gauge,GAUGE,DESCRIPTION,26
architectural,3,"LokSeam® Series 12""",0,0,coverage,COVERAGE,DESCRIPTION,12
architectural,3,"LokSeam® Series 12""",0,0,yield_psi,YIELD (PSI),DESCRIPTION,"50,000"
architectural,3,"LokSeam® Series 12""",0,0,weight_per_sq,WEIGHT PER SQ.,DESCRIPTION,124#
architectural,3,"LokSeam® Series 12""",0,0,finish,FINISH*,DESCRIPTION,Galvalume® Plus &
architectural,3,"LokSeam® Series 12""",0,0,price,PRICE,,Please Inquire
architectural,3,"LokSeam® Series 12""",0,1,gauge,GAUGE,DESCRIPTION,26
architectural,3,"LokSeam® Series 12""",0,1,coverage,COVERAGE,DESCRIPTION,"42"""
architectural,3,"LokSeam® Series 12""",0,1,yield_psi,YIELD (PSI),DESCRIPTION,"50,000"
architectural,3,"LokSeam® Series 12""",0,1,weight_per_sq,WEIGHT PER SQ.,DESCRIPTION,124#
architectural,3,"LokSeam® Series 12""",0,1,finish,FINISH*,DESCRIPTION,Signature® 200
architectural,3,"LokSeam® Series 12""",0,1,price,PRICE,,Please Inquire
architectural,3,"LokSeam® Series 12""",0,2,gauge,GAUGE,DESCRIPTION,24
architectural,3,"LokSeam® Series 12""",0,2,coverage,COVERAGE,DESCRIPTION,"12"""
architectural,3,"LokSeam® Series 12""",0,2,yield_psi,YIELD (PSI),DESCRIPTION,"50,000"
architectural,3,"LokSeam® Series 12""",0,2,weight_per_sq,WEIGHT PER SQ.,DESCRIPTION,154#
architectural,3,"LokSeam® Series 12""",0,2,finish,FINISH*,DESCRIPTION,Galvalume® Plus &
architectural,3,"LokSeam® Series 12""",0,2,price,PRICE,,Please Inquire
architectural,3,"LokSeam® Series 12""",0,3,gauge,GAUGE,DESCRIPTION,24
architectural,3,"LokSeam® Series 12""",0,3,coverage,COVERAGE,DESCRIPTION,"12"""
architectural,3,"LokSeam® Series 12""",0,3,yield_psi,YIELD (PSI),DESCRIPTION,"50,000"
architectural,3,"LokSeam® Series 12""",0,3,weight_per_sq,WEIGHT PER SQ.,DESCRIPTION,146#
architectural,3,"LokSeam® Series 12""",0,3,finish,FINISH*,DESCRIPTION,Signature® 200
architectural,3,"LokSeam® Series 12""",0,3,price,PRICE,,✓
architectural,3,"LokSeam® Series 12""",0,4,gauge,GAUGE,DESCRIPTION,24
architectural,3,"LokSeam® Series 12""",0,4,coverage,COVERAGE,DESCRIPTION,"12"""
architectural,3,"LokSeam® Series 12""",0,4,yield_psi,YIELD (PSI),DESCRIPTION,"50,000"
architectural,3,"LokSeam® Series 12""",0,4,weight_per_sq,WEIGHT PER SQ.,DESCRIPTION,1460#
architectural,3,"LokSeam® Series 12""",0,4,finish,FINISH*,DESCRIPTION,Signature® 300
architectural,3,"LokSeam® Series 12""",0,4,price,PRICE,,✓
architectural,3,"LokSeam® Series 12""",0,5,gauge,GAUGE,DESCRIPTION,24
architectural,3,"LokSeam® Series 12""",0,5,coverage,COVERAGE,DESCRIPTION,"42"""
architectural,3,"LokSeam® Series 12""",0,5,yield_psi,YIELD (PSI),DESCRIPTION,"50,000"
architectural,3,"LokSeam® Series 12""",0,5,weight_per_sq,WEIGHT PER SQ.,DESCRIPTION,154#
architectural,3,"LokSeam® Series 12""",0,5,finish,FINISH*,DESCRIPTION,Signature® 300 Metallic
architectural,3,"LokSeam® Series 12""",0,5,price,PRICE,,Please Inquire
architectural,3,"LokSeam® Series 12""",0,6,gauge,GAUGE,DESCRIPTION,22
architectural,3,"LokSeam® Series 12""",0,6,coverage,COVERAGE,DESCRIPTION,"42"""
architectural,3,"LokSeam® Series 12""",0,6,yield_psi,YIELD (PSI),DESCRIPTION,"50,000"
architectural,3,"LokSeam® Series 12""",0,6,weight_per_sq,WEIGHT PER SQ.,DESCRIPTION,193#
architectural,3,"LokSeam® Series 12""",0,6,finish,FINISH*,DESCRIPTION,Galvalume® Plus &
architectural,3,"LokSeam® Series 12""",0,6,price,PRICE,,Please Inquire
architectural,3,"LokSeam® Series 12""",0,7,gauge,GAUGE,DESCRIPTION,22
architectural,3,"LokSeam® Series 12""",0,7,coverage,COVERAGE,DESCRIPTION,"12"""
architectural,3,"LokSeam® Series 12""",0,7,yield_psi,YIELD (PSI),DESCRIPTION,"50,000"
architectural,3,"LokSeam® Series 12""",0,7,weight_per_sq,WEIGHT PER SQ.,DESCRIPTION,193#
architectural,3,"LokSeam® Series 12""",0,7,finish,FINISH*,DESCRIPTION,Signature® 200
architectural,3,"LokSeam® Series 12""",0,7,price,PRICE,,Please Inquire
architectural,3,"LokSeam® Series 12""",0,8,gauge,GAUGE,DESCRIPTION,22
architectural,3,"LokSeam® Series 12""",0,8,coverage,COVERAGE,DESCRIPTION,"12"""
architectural,3,"LokSeam® Series 12""",0,8,yield_psi,YIELD (PSI),DESCRIPTION,"50,000"
architectural,3,"LokSeam® Series 12""",0,8,weight_per_sq,WEIGHT PER SQ.,DESCRIPTION,193#
architectural,3,"LokSeam® Series 12""",0,8,finish,FINISH*,DESCRIPTION,Signature® 300
architectural,3,"LokSeam® Series 12""",0,8,price,PRICE,,Please Inquire
architectural,3,"LokSeam® Series 12""",0,9,gauge,GAUGE,DESCRIPTION,22
architectural,3,"LokSeam® Series 12""",0,9,coverage,COVERAGE,DESCRIPTION,"12"""
architectural,3,"LokSeam® Series 12""",0,9,yield_psi,YIELD (PSI),DESCRIPTION,"50,000"
architectural,3,"LokSeam® Series 12""",0,9,weight_per_sq,WEIGHT PER SQ.,DESCRIPTION,193#
architectural,3,"LokSeam® Series 12""",0,9,finish,FINISH*,DESCRIPTION,Signature® 300 Metallic
architectural,3,"LokSeam® Series 12""",0,9,price,PRICE,,Please Inquire
architectural,3,"LokSeam® Series 16""",1,0,gauge,GAUGE,DESCRIPTION,24
architectural,3,"LokSeam® Series 16""",1,0,coverage,COVERAGE,DESCRIPTION,"16"""
architectural,3,"LokSeam® Series 16""",1,0,yield_psi,YIELD (PSI),DESCRIPTION,"50,000"
architectural,3,"LokSeam® Series 16""",1,0,weight_per_sq,WEIGHT PER SQ.,DESCRIPTION,134#
architectural,3,"LokSeam® Series 16""",1,0,finish,FINISH*,DESCRIPTION,Galvalume® Plus &
architectural,3,"LokSeam® Series 16""",1,0,price,PRICE,,✓
architectural,3,"LokSeam® Series 16""",1,1,gauge,GAUGE,DESCRIPTION,24
architectural,3,"LokSeam® Series 16""",1,1,coverage,COVERAGE,DESCRIPTION,"16"""
architectural,3,"LokSeam® Series 16""",1,1,yield_psi,YIELD (PSI),DESCRIPTION,"50,000"
architectural,3,"LokSeam® Series 16""",1,1,weight_per_sq,WEIGHT PER SQ.,DESCRIPTION,1344
architectural,3,"LokSeam® Series 16""",1,1,finish,FINISH*,DESCRIPTION,Signature® 200
architectural,3,"LokSeam® Series 16""",1,1,price,PRICE,,✓
architectural,3,"LokSeam® Series 16""",1,2,gauge,GAUGE,DESCRIPTION,24
architectural,3,"LokSeam® Series 16""",1,2,coverage,COVERAGE,DESCRIPTION,"16"""
architectural,3,"LokSeam® Series 16""",1,2,yield_psi,YIELD (PSI),DESCRIPTION,"50,000"
architectural,3,"LokSeam® Series 16""",1,2,weight_per_sq,WEIGHT PER SQ.,DESCRIPTION,134#
architectural,3,"LokSeam® Series 16""",1,2,finish,FINISH*,DESCRIPTION,Signature® 300
architectural,3,"LokSeam® Series 16""",1,2,price,PRICE,,✓
architectural,3,"LokSeam® Series 16""",1,3,gauge,GAUGE,DESCRIPTION,24
architectural,3,"LokSeam® Series 16""",1,3,coverage,COVERAGE,DESCRIPTION,"16"""
architectural,3,"LokSeam® Series 16""",1,3,yield_psi,YIELD (PSI),DESCRIPTION,"50,000"
architectural,3,"LokSeam® Series 16""",1,3,weight_per_sq,WEIGHT PER SQ.,DESCRIPTION,146#
architectural,3,"LokSeam® Series 16""",1,3,finish,FINISH*,DESCRIPTION,Signature® 300 Metallic
architectural,3,"LokSeam® Series 16""",1,3,price,PRICE,,Please Inquire
architectural,3,"LokSeam® Series 16""",1,4,gauge,GAUGE,DESCRIPTION,22
architectural,3,"LokSeam® Series 16""",1,4,coverage,COVERAGE,DESCRIPTION,"16"""
architectural,3,"LokSeam® Series 16""",1,4,yield_psi,YIELD (PSI),DESCRIPTION,"50,000"
architectural,3,"LokSeam® Series 16""",1,4,weight_per_sq,WEIGHT PER SQ.,DESCRIPTION,171#
architectural,3,"LokSeam® Series 16""",1,4,finish,FINISH*,DESCRIPTION,Galvalume® Plus &
architectural,3,"LokSeam® Series 16""",1,4,price,PRICE,,✓
architectural,3,"LokSeam® Series 16""",1,5,gauge,GAUGE,DESCRIPTION,22
architectural,3,"LokSeam® Series 16""",1,5,coverage,COVERAGE,DESCRIPTION,"16"""
architectural,3,"LokSeam® Series 16""",1,5,yield_psi,YIELD (PSI),DESCRIPTION,"50,000"
architectural,3,"LokSeam® Series 16""",1,5,weight_per_sq,WEIGHT PER SQ.,DESCRIPTION,171#
architectural,3,"LokSeam® Series 16""",1,5,finish,FINISH*,DESCRIPTION,Signature® 200
architectural,3,"LokSeam® Series 16""",1,5,price,PRICE,,✓
architectural,3,"LokSeam® Series 16""",1,6,gauge,GAUGE,DESCRIPTION,22
architectural,3,"LokSeam® Series 16""",1,6,coverage,COVERAGE,DESCRIPTION,"16"""
architectural,3,"LokSeam® Series 16""",1,6,yield_psi,YIELD (PSI),DESCRIPTION,"50,000"
architectural,3,"LokSeam® Series 16""",1,6,weight_per_sq,WEIGHT PER SQ.,DESCRIPTION,171#
architectural,3,"LokSeam® Series 16""",1,6,finish,FINISH*,DESCRIPTION,Signature® 300
architectural,3,"LokSeam® Series 16""",1,6,price,PRICE,,✓
architectural,3,"LokSeam® Series 16""",1,7,gauge,GAUGE,DESCRIPTION,22
architectural,3,"LokSeam® Series 16""",1,7,coverage,COVERAGE,DESCRIPTION,"16"""
architectural,3,"LokSeam® Series 16""",1,7,yield_psi,YIELD (PSI),DESCRIPTION,"50,000"
architectural,3,"LokSeam® Series 16""",1,7,weight_per_sq,WEIGHT PER SQ.,DESCRIPTION,171#
architectural,3,"LokSeam® Series 16""",1,7,finish,FINISH*,DESCRIPTION,Signature® 300 Metallic
architectural,3,"LokSeam® Series 16""",1,7,price,PRICE,,✓
architectural,4,"LokSeam® Series 18""",0,0,gauge,GAUGE,DESCRIPTION,24
architectural,4,"LokSeam® Series 18""",0,0,coverage,COVERAGE,DESCRIPTION,"18"""
architectural,4,"LokSeam® Series 18""",0,0,yield_psi,YIELD (PSI),DESCRIPTION,"50,000"
architectural,4,"LokSeam® Series 18""",0,0,weight_per_sq,WEIGHT PER SQ.,DESCRIPTION,130#
architectural,4,"LokSeam® Series 18""",0,0,finish,FINISH*,DESCRIPTION,Galvalume® Plus &
architectural,4,"LokSeam® Series 18""",0,0,price,PRICE,,✓
architectural,4,"LokSeam® Series 18""",0,1,gauge,GAUGE,DESCRIPTION,24
architectural,4,"LokSeam® Series 18""",0,1,coverage,COVERAGE,DESCRIPTION,"18"""
architectural,4,"LokSeam® Series 18""",0,1,yield_psi,YIELD (PSI),DESCRIPTION,"50,000"
architectural,4,"LokSeam® Series 18""",0,1,weight_per_sq,WEIGHT PER SQ.,DESCRIPTION,130#
architectural,4,"LokSeam® Series 18""",0,1,finish,FINISH*,DESCRIPTION,Signature® 200
architectural,4,"LokSeam® Series 18""",0,1,price,PRICE,,✓
architectural,4,"LokSeam® Series 18""",0,2,gauge,GAUGE,DESCRIPTION,24
architectural,4,"LokSeam® Series 18""",0,2,coverage,COVERAGE,DESCRIPTION,"18"""
architectural,4,"LokSeam® Series 18""",0,2,yield_psi,YIELD (PSI),DESCRIPTION,"50,000"
architectural,4,"LokSeam® Series 18""",0,2,weight_per_sq,WEIGHT PER SQ.,DESCRIPTION,130#
architectural,4,"LokSeam® Series 18""",0,2,finish,FINISH*,DESCRIPTION,Signature® 300
architectural,4,"LokSeam® Series 18""",0,2,price,PRICE,,✓
architectural,4,"LokSeam® Series 18""",0,3,gauge,GAUGE,DESCRIPTION,24
architectural,4,"LokSeam® Series 18""",0,3,coverage,COVERAGE,DESCRIPTION,"18"""
architectural,4,"LokSeam® Series 18""",0,3,yield_psi,YIELD (PSI),DESCRIPTION,"50,000"
architectural,4,"LokSeam® Series 18""",0,3,weight_per_sq,WEIGHT PER SQ.,DESCRIPTION,146#
architectural,4,"LokSeam® Series 18""",0,3,finish,FINISH*,DESCRIPTION,Signature® 300 Metallic
architectural,4,"LokSeam® Series 18""",0,3,price,PRICE,,Please Inquire
architectural,4,"LokSeam® Series 18""",0,4,gauge,GAUGE,DESCRIPTION,22
architectural,4,"LokSeam® Series 18""",0,4,coverage,COVERAGE,DESCRIPTION,"18"""
architectural,4,"LokSeam® Series 18""",0,4,yield_psi,YIELD (PSI),DESCRIPTION,"50,000"
architectural,4,"LokSeam® Series 18""",0,4,weight_per_sq,WEIGHT PER SQ.,DESCRIPTION,1844
architectural,4,"LokSeam® Series 18""",0,4,finish,FINISH*,DESCRIPTION,Galvalume® Plus &
architectural,4,"LokSeam® Series 18""",0,4,price,PRICE,,Please Inquire
architectural,4,"LokSeam® Series 18""",0,5,gauge,GAUGE,DESCRIPTION,22
architectural,4,"LokSeam® Series 18""",0,5,coverage,COVERAGE,DESCRIPTION,"18"""
architectural,4,"LokSeam® Series 18""",0,5,yield_psi,YIELD (PSI),DESCRIPTION,"50,000"
architectural,4,"LokSeam® Series 18""",0,5,weight_per_sq,WEIGHT PER SQ.,DESCRIPTION,184#
architectural,4,"LokSeam® Series 18""",0,5,finish,FINISH*,DESCRIPTION,Signature® 200
architectural,4,"LokSeam® Series 18""",0,5,price,PRICE,,Please Inquire
architectural,4,"LokSeam® Series 18""",0,6,gauge,GAUGE,DESCRIPTION,22
architectural,4,"LokSeam® Series 18""",0,6,coverage,COVERAGE,DESCRIPTION,"18"""
architectural,4,"LokSeam® Series 18""",0,6,yield_psi,YIELD (PSI),DESCRIPTION,"50,000"
architectural,4,"LokSeam® Series 18""",0,6,weight_per_sq,WEIGHT PER SQ.,DESCRIPTION,184#
architectural,4,"LokSeam® Series 18""",0,6,finish,FINISH*,DESCRIPTION,Signature® 300
architectural,4,"LokSeam® Series 18""",0,6,price,PRICE,,Please Inquire
architectural,4,"LokSeam® Series 18""",0,7,gauge,GAUGE,DESCRIPTION,22
architectural,4,"LokSeam® Series 18""",0,7,coverage,COVERAGE,DESCRIPTION,"18"""
architectural,4,"LokSeam® Series 18""",0,7,yield_psi,YIELD (PSI),DESCRIPTION,"50,000"
architectural,4,"LokSeam® Series 18""",0,7,weight_per_sq,WEIGHT PER SQ.,DESCRIPTION,184#
architectural,4,"LokSeam® Series 18""",0,7,finish,FINISH*,DESCRIPTION,Signature® 300 Metallic
architectural,4,"LokSeam® Series 18""",0,7,price,PRICE,,Please Inquire
architectural,5,"Craftsman"" Series - Small Batten 12""",0,0,gauge,GAUGE,DESCRIPTION,26
architectural,5,"Craftsman"" Series - Small Batten 12""",0,0,coverage,COVERAGE,DESCRIPTION,"12"""
architectural,5,"Craftsman"" Series - Small Batten 12""",0,0,yield_psi,YIELD (PSI),DESCRIPTION,"50,000"
architectural,5,"Craftsman"" Series - Small Batten 12""",0,0,weight_per_sq,WEIGHT PER SQ.,DESCRIPTION,108#
architectural,5,"Craftsman"" Series - Small Batten 12""",0,0,finish,FINISH*,DESCRIPTION,Galvalume?® Plus &
architectural,5,"Craftsman"" Series - Small Batten 12""",0,0,price,PRICE,,Please Inquire
architectural,5,"Craftsman"" Series - Small Batten 12""",0,1,gauge,GAUGE,DESCRIPTION,26
architectural,5,"Craftsman"" Series - Small Batten 12""",0,1,coverage,COVERAGE,DESCRIPTION,12
architectural,5,"Craftsman"" Series - Small Batten 12""",0,1,yield_psi,YIELD (PSI),DESCRIPTION,"50,000"
architectural,5,"Craftsman"" Series - Small Batten 12""",0,1,weight_per_sq,WEIGHT PER SQ.,DESCRIPTION,108#
architectural,5,"Craftsman"" Series - Small Batten 12""",0,1,finish,FINISH*,DESCRIPTION,Signature® 200
architectural,5,"Craftsman"" Series - Small Batten 12""",0,1,price,PRICE,,Please Inquire
architectural,5,"Craftsman"" Series - Small Batten 12""",0,2,gauge,GAUGE,DESCRIPTION,24
architectural,5,"Craftsman"" Series - Small Batten 12""",0,2,coverage,COVERAGE,DESCRIPTION,"12"""
architectural,5,"Craftsman"" Series - Small Batten 12""",0,2,yield_psi,YIELD (PSI),DESCRIPTION,"50,000"
architectural,5,"Craftsman"" Series - Small Batten 12""",0,2,weight_per_sq,WEIGHT PER SQ.,DESCRIPTION,109#
architectural,5,"Craftsman"" Series - Small Batten 12""",0,2,finish,FINISH*,DESCRIPTION,Galvalume® Plus &
architectural,5,"Craftsman"" Series - Small Batten 12""",0,2,price,PRICE,,✓
architectural,5,"Craftsman"" Series - Small Batten 12""",0,3,gauge,GAUGE,DESCRIPTION,24
architectural,5,"Craftsman"" Series - Small Batten 12""",0,3,coverage,COVERAGE,DESCRIPTION,"12"""
architectural,5,"Craftsman"" Series - Small Batten 12""",0,3,yield_psi,YIELD (PSI),DESCRIPTION,"50,000"
architectural,5,"Craftsman"" Series - Small Batten 12""",0,3,weight_per_sq,WEIGHT PER SQ.,DESCRIPTION,109#
architectural,5,"Craftsman"" Series - Small Batten 12""",0,3,finish,FINISH*,DESCRIPTION,Signature® 200
architectural,5,"Craftsman"" Series - Small Batten 12""",0,3,price,PRICE,,✓
architectural,5,"Craftsman"" Series - Small Batten 12""",0,4,gauge,GAUGE,DESCRIPTION,24
architectural,5,"Craftsman"" Series - Small Batten 12""",0,4,coverage,COVERAGE,DESCRIPTION,"12"""
architectural,5,"Craftsman"" Series - Small Batten 12""",0,4,yield_psi,YIELD (PSI),DESCRIPTION,"50,000"
architectural,5,"Craftsman"" Series - Small Batten 12""",0,4,weight_per_sq,WEIGHT PER SQ.,DESCRIPTION,109#
architectural,5,"Craftsman"" Series - Small Batten 12""",0,4,finish,FINISH*,DESCRIPTION,Signature® 300
architectural,5,"Craftsman"" Series - Small Batten 12""",0,4,price,PRICE,,✓
architectural,5,"Craftsman"" Series - Small Batten 12""",0,5,gauge,GAUGE,DESCRIPTION,24
architectural,5,"Craftsman"" Series - Small Batten 12""",0,5,coverage,COVERAGE,DESCRIPTION,"12"""
architectural,5,"Craftsman"" Series - Small Batten 12""",0,5,yield_psi,YIELD (PSI),DESCRIPTION,"50,000"
architectural,5,"Craftsman"" Series - Small Batten 12""",0,5,weight_per_sq,WEIGHT PER SQ.,DESCRIPTION,109#
architectural,5,"Craftsman"" Series - Small Batten 12""",0,5,finish,FINISH*,DESCRIPTION,"Signature"" 300 Metallic"
architectural,5,"Craftsman"" Series - Small Batten 12""",0,5,price,PRICE,,Please Inquire
architectural,5,"Craftsman"" Series - Small Batten 12""",0,6,gauge,GAUGE,DESCRIPTION,22
architectural,5,"Craftsman"" Series - Small Batten 12""",0,6,coverage,COVERAGE,DESCRIPTION,"12"""
architectural,5,"Craftsman"" Series - Small Batten 12""",0,6,yield_psi,YIELD (PSI),DESCRIPTION,"50,000"
architectural,5,"Craftsman"" Series - Small Batten 12""",0,6,weight_per_sq,WEIGHT PER SQ.,DESCRIPTION,138#
architectural,5,"Craftsman"" Series - Small Batten 12""",0,6,finish,FINISH*,DESCRIPTION,Galvalume® Plus &
architectural,5,"Craftsman"" Series - Small Batten 12""",0,6,price,PRICE,,Please Inquire
architectural,5,"Craftsman"" Series - Small Batten 12""",0,7,gauge,GAUGE,DESCRIPTION,22
architectural,5,"Craftsman"" Series - Small Batten 12""",0,7,coverage,COVERAGE,DESCRIPTION,"12"""
architectural,5,"Craftsman"" Series - Small Batten 12""",0,7,yield_psi,YIELD (PSI),DESCRIPTION,"50,000"
architectural,5,"Craftsman"" Series - Small Batten 12""",0,7,weight_per_sq,WEIGHT PER SQ.,DESCRIPTION,138#
architectural,5,"Craftsman"" Series - Small Batten 12""",0,7,finish,FINISH*,DESCRIPTION,Signature® 200
architectural,5,"Craftsman"" Series - Small Batten 12""",0,7,price,PRICE,,Please Inquire
architectural,5,"Craftsman"" Series - Small Batten 12""",0,8,gauge,GAUGE,DESCRIPTION,22
architectural,5,"Craftsman"" Series - Small Batten 12""",0,8,coverage,COVERAGE,DESCRIPTION,"12"""
architectural,5,"Craftsman"" Series - Small Batten 12""",0,8,yield_psi,YIELD (PSI),DESCRIPTION,"50,000"
architectural,5,"Craftsman"" Series - Small Batten 12""",0,8,weight_per_sq,WEIGHT PER SQ.,DESCRIPTION,138#
architectural,5,"Craftsman"" Series - Small Batten 12""",0,8,finish,FINISH*,DESCRIPTION,Signature® 300
architectural,5,"Craftsman"" Series - Small Batten 12""",0,8,price,PRICE,,Please Inquire
architectural,5,"Craftsman"" Series - Small Batten 12""",0,9,gauge,GAUGE,DESCRIPTION,22
architectural,5,"Craftsman"" Series - Small Batten 12""",0,9,coverage,COVERAGE,DESCRIPTION,"12"""
architectural,5,"Craftsman"" Series - Small Batten 12""",0,9,yield_psi,YIELD (PSI),DESCRIPTION,"50,000"
architectural,5,"Craftsman"" Series - Small Batten 12""",0,9,weight_per_sq,WEIGHT PER SQ.,DESCRIPTION,138#
architectural,5,"Craftsman"" Series - Small Batten 12""",0,9,finish,FINISH*,DESCRIPTION,Signature® 300 Metallic
architectural,5,"Craftsman"" Series - Small Batten 12""",0,9,price,PRICE,,Please Inquire
architectural,6,"Craftsman"" Series - Small Batten 16%""",0,0,gauge,GAUGE,DESCRIPTION,24
architectural,6,"Craftsman"" Series - Small Batten 16%""",0,0,coverage,COVERAGE,DESCRIPTION,"16%"""
architectural,6,"Craftsman"" Series - Small Batten 16%""",0,0,yield_psi,YIELD (PSI),DESCRIPTION,"50,000"
architectural,6,"Craftsman"" Series - Small Batten 16%""",0,0,weight_per_sq,WEIGHT PER SQ.,DESCRIPTION,105#
architectural,6,"Craftsman"" Series - Small Batten 16%""",0,0,finish,FINISH*,DESCRIPTION,Galvalume® Plus &
architectural,6,"Craftsman"" Series - Small Batten 16%""",0,0,price,PRICE,,✓
architectural,6,"Craftsman"" Series - Small Batten 16%""",0,1,gauge,GAUGE,DESCRIPTION,24
architectural,6,"Craftsman"" Series - Small Batten 16%""",0,1,coverage,COVERAGE,DESCRIPTION,"16%"""
architectural,6,"Craftsman"" Series - Small Batten 16%""",0,1,yield_psi,YIELD (PSI),DESCRIPTION,"50,000"
architectural,6,"Craftsman"" Series - Small Batten 16%""",0,1,weight_per_sq,WEIGHT PER SQ.,DESCRIPTION,105#
architectural,6,"Craftsman"" Series - Small Batten 16%""",0,1,finish,FINISH*,DESCRIPTION,Signature® 200
architectural,6,"Craftsman"" Series - Small Batten 16%""",0,1,price,PRICE,,✓
architectural,6,"Craftsman"" Series - Small Batten 16%""",0,2,gauge,GAUGE,DESCRIPTION,24
architectural,6,"Craftsman"" Series - Small Batten 16%""",0,2,coverage,COVERAGE,DESCRIPTION,"16%"""
architectural,6,"Craftsman"" Series - Small Batten 16%""",0,2,yield_psi,YIELD (PSI),DESCRIPTION,"50,000"
architectural,6,"Craftsman"" Series - Small Batten 16%""",0,2,weight_per_sq,WEIGHT PER SQ.,DESCRIPTION,105#
architectural,6,"Craftsman"" Series - Small Batten 16%""",0,2,finish,FINISH*,DESCRIPTION,Signature® 300
architectural,6,"Craftsman"" Series - Small Batten 16%""",0,2,price,PRICE,,✓
architectural,6,"Craftsman"" Series - Small Batten 16%""",0,3,gauge,GAUGE,DESCRIPTION,24
architectural,6,"Craftsman"" Series - Small Batten 16%""",0,3,coverage,COVERAGE,DESCRIPTION,"16%"""
architectural,6,"Craftsman"" Series - Small Batten 16%""",0,3,yield_psi,YIELD (PSI),DESCRIPTION,"50,000"
architectural,6,"Craftsman"" Series - Small Batten 16%""",0,3,weight_per_sq,WEIGHT PER SQ.,DESCRIPTION,105#
architectural,6,"Craftsman"" Series - Small Batten 16%""",0,3,finish,FINISH*,DESCRIPTION,Signature® 300 Metallic
architectural,6,"Craftsman"" Series - Small Batten 16%""",0,3,price,PRICE,,Please Inquire
architectural,6,"Craftsman"" Series - Small Batten 16%""",0,4,gauge,GAUGE,DESCRIPTION,22
architectural,6,"Craftsman"" Series - Small Batten 16%""",0,4,coverage,COVERAGE,DESCRIPTION,"16%"""
architectural,6,"Craftsman"" Series - Small Batten 16%""",0,4,yield_psi,YIELD (PSI),DESCRIPTION,"50,000"
architectural,6,"Craftsman"" Series - Small Batten 16%""",0,4,weight_per_sq,WEIGHT PER SQ.,DESCRIPTION,133#
architectural,6,"Craftsman"" Series - Small Batten 16%""",0,4,finish,FINISH*,DESCRIPTION,Galvalume® Plus &
architectural,6,"Craftsman"" Series - Small Batten 16%""",0,4,price,PRICE,,Please Inquire
architectural,6,"Craftsman"" Series - Small Batten 16%""",0,5,gauge,GAUGE,DESCRIPTION,22
architectural,6,"Craftsman"" Series - Small Batten 16%""",0,5,coverage,COVERAGE,DESCRIPTION,"16%"""
architectural,6,"Craftsman"" Series - Small Batten 16%""",0,5,yield_psi,YIELD (PSI),DESCRIPTION,"50,000"
architectural,6,"Craftsman"" Series - Small Batten 16%""",0,5,weight_per_sq,WEIGHT PER SQ.,DESCRIPTION,133#
architectural,6,"Craftsman"" Series - Small Batten 16%""",0,5,finish,FINISH*,DESCRIPTION,Signature® 200
architectural,6,"Craftsman"" Series - Small Batten 16%""",0,5,price,PRICE,,Please Inquire
architectural,6,"Craftsman"" Series - Small Batten 16%""",0,6,gauge,GAUGE,DESCRIPTION,22
architectural,6,"Craftsman"" Series - Small Batten 16%""",0,6,coverage,COVERAGE,DESCRIPTION,"16%"""
architectural,6,"Craftsman"" Series - Small Batten 16%""",0,6,yield_psi,YIELD (PSI),DESCRIPTION,"50,000"
architectural,6,"Craftsman"" Series - Small Batten 16%""",0,6,weight_per_sq,WEIGHT PER SQ.,DESCRIPTION,133#
architectural,6,"Craftsman"" Series - Small Batten 16%""",0,6,finish,FINISH*,DESCRIPTION,Signature® 300
architectural,6,"Craftsman"" Series - Small Batten 16%""",0,6,price,PRICE,,Please Inquire
architectural,6,"Craftsman"" Series - Small Batten 16%""",0,7,gauge,GAUGE,DESCRIPTION,22
architectural,6,"Craftsman"" Series - Small Batten 16%""",0,7,coverage,COVERAGE,DESCRIPTION,"16%"""
architectural,6,"Craftsman"" Series - Small Batten 16%""",0,7,yield_psi,YIELD (PSI),DESCRIPTION,"50,000"
architectural,6,"Craftsman"" Series - Small Batten 16%""",0,7,weight_per_sq,WEIGHT PER SQ.,DESCRIPTION,133#
architectural,6,"Craftsman"" Series - Small Batten 16%""",0,7,finish,FINISH*,DESCRIPTION,Signature® 300 Metallic
architectural,6,"Craftsman"" Series - Small Batten 16%""",0,7,price,PRICE,,Please Inquire
architectural,7,"Craftsman""™ Series - High Batten 12""",0,0,gauge,GAUGE,DESCRIPTION,26
architectural,7,"Craftsman""™ Series - High Batten 12""",0,0,coverage,COVERAGE,DESCRIPTION,"12"""
architectural,7,"Craftsman""™ Series - High Batten 12""",0,0,yield_psi,YIELD (PSI),DESCRIPTION,"50,000"
architectural,7,"Craftsman""™ Series - High Batten 12""",0,0,weight_per_sq,WEIGHT PER SQ.,DESCRIPTION,98#
architectural,7,"Craftsman""™ Series - High Batten 12""",0,0,finish,FINISH*,DESCRIPTION,Galvalume® Plus &
architectural,7,"Craftsman""™ Series - High Batten 12""",0,0,price,PRICE,,Please Inquire
architectural,7,"Craftsman""™ Series - High Batten 12""",0,1,gauge,GAUGE,DESCRIPTION,26
architectural,7,"Craftsman""™ Series - High Batten 12""",0,1,coverage,COVERAGE,DESCRIPTION,"12"""
architectural,7,"Craftsman""™ Series - High Batten 12""",0,1,yield_psi,YIELD (PSI),DESCRIPTION,"50,000"
architectural,7,"Craftsman""™ Series - High Batten 12""",0,1,weight_per_sq,WEIGHT PER SQ.,DESCRIPTION,98#
architectural,7,"Craftsman""™ Series - High Batten 12""",0,1,finish,FINISH*,DESCRIPTION,Signature® 200
architectural,7,"Craftsman""™ Series - High Batten 12""",0,1,price,PRICE,,Please Inquire
architectural,7,"Craftsman""™ Series - High Batten 12""",0,2,gauge,GAUGE,DESCRIPTION,24
architectural,7,"Craftsman""™ Series - High Batten 12""",0,2,coverage,COVERAGE,DESCRIPTION,"12"""
architectural,7,"Craftsman""™ Series - High Batten 12""",0,2,yield_psi,YIELD (PSI),DESCRIPTION,"50,000"
architectural,7,"Craftsman""™ Series - High Batten 12""",0,2,weight_per_sq,WEIGHT PER SQ.,DESCRIPTION,124#
architectural,7,"Craftsman""™ Series - High Batten 12""",0,2,finish,FINISH*,DESCRIPTION,Galvalume® Plus &
architectural,7,"Craftsman""™ Series - High Batten 12""",0,2,price,PRICE,,✓
architectural,7,"Craftsman""™ Series - High Batten 12""",0,3,gauge,GAUGE,DESCRIPTION,24
architectural,7,"Craftsman""™ Series - High Batten 12""",0,3,coverage,COVERAGE,DESCRIPTION,"12"""
architectural,7,"Craftsman""™ Series - High Batten 12""",0,3,yield_psi,YIELD (PSI),DESCRIPTION,"50,000"
architectural,7,"Craftsman""™ Series - High Batten 12""",0,3,weight_per_sq,WEIGHT PER SQ.,DESCRIPTION,124#
architectural,7,"Craftsman""™ Series - High Batten 12""",0,3,finish,FINISH*,DESCRIPTION,Signature® 200
architectural,7,"Craftsman""™ Series - High Batten 12""",0,3,price,PRICE,,✓
architectural,7,"Craftsman""™ Series - High Batten 12""",0,4,gauge,GAUGE,DESCRIPTION,24
architectural,7,"Craftsman""™ Series - High Batten 12""",0,4,coverage,COVERAGE,DESCRIPTION,"12"""
architectural,7,"Craftsman""™ Series - High Batten 12""",0,4,yield_psi,YIELD (PSI),DESCRIPTION,"50,000"
architectural,7,"Craftsman""™ Series - High Batten 12""",0,4,weight_per_sq,WEIGHT PER SQ.,DESCRIPTION,124#
architectural,7,"Craftsman""™ Series - High Batten 12""",0,4,finish,FINISH*,DESCRIPTION,Signature® 300
architectural,7,"Craftsman""™ Series - High Batten 12""",0,4,price,PRICE,,✓
architectural,7,"Craftsman""™ Series - High Batten 12""",0,5,gauge,GAUGE,DESCRIPTION,24
architectural,7,"Craftsman""™ Series - High Batten 12""",0,5,coverage,COVERAGE,DESCRIPTION,"12"""
architectural,7,"Craftsman""™ Series - High Batten 12""",0,5,yield_psi,YIELD (PSI),DESCRIPTION,"50,000"
architectural,7,"Craftsman""™ Series - High Batten 12""",0,5,weight_per_sq,WEIGHT PER SQ.,DESCRIPTION,124#
architectural,7,"Craftsman""™ Series - High Batten 12""",0,5,finish,FINISH*,DESCRIPTION,"Signature"" 300 Metallic"
architectural,7,"Craftsman""™ Series - High Batten 12""",0,5,price,PRICE,,Please Inquire
architectural,7,"Craftsman""™ Series - High Batten 12""",0,6,gauge,GAUGE,DESCRIPTION,22
architectural,7,"Craftsman""™ Series - High Batten 12""",0,6,coverage,COVERAGE,DESCRIPTION,"12"""
architectural,7,"Craftsman""™ Series - High Batten 12""",0,6,yield_psi,YIELD (PSI),DESCRIPTION,"50,000"
architectural,7,"Craftsman""™ Series - High Batten 12""",0,6,weight_per_sq,WEIGHT PER SQ.,DESCRIPTION,157#
architectural,7,"Craftsman""™ Series - High Batten 12""",0,6,finish,FINISH*,DESCRIPTION,Galvalume® Plus &
architectural,7,"Craftsman""™ Series - High Batten 12""",0,6,price,PRICE,,Please Inquire
architectural,7,"Craftsman""™ Series - High Batten 12""",0,7,gauge,GAUGE,DESCRIPTION,22
architectural,7,"Craftsman""™ Series - High Batten 12""",0,7,coverage,COVERAGE,DESCRIPTION,"12"""
architectural,7,"Craftsman""™ Series - High Batten 12""",0,7,yield_psi,YIELD (PSI),DESCRIPTION,"50,000"
architectural,7,"Craftsman""™ Series - High Batten 12""",0,7,weight_per_sq,WEIGHT PER SQ.,DESCRIPTION,157#
architectural,7,"Craftsman""™ Series - High Batten 12""",0,7,finish,FINISH*,DESCRIPTION,Signature® 200
architectural,7,"Craftsman""™ Series - High Batten 12""",0,7,price,PRICE,,Please Inquire
architectural,7,"Craftsman""™ Series - High Batten 12""",0,8,gauge,GAUGE,DESCRIPTION,22
architectural,7,"Craftsman""™ Series - High Batten 12""",0,8,coverage,COVERAGE,DESCRIPTION,"12"""
architectural,7,"Craftsman""™ Series - High Batten 12""",0,8,yield_psi,YIELD (PSI),DESCRIPTION,"50,000"
architectural,7,"Craftsman""™ Series - High Batten 12""",0,8,weight_per_sq,WEIGHT PER SQ.,DESCRIPTION,157#
architectural,7,"Craftsman""™ Series - High Batten 12""",0,8,finish,FINISH*,DESCRIPTION,Signature® 300
architectural,7,"Craftsman""™ Series - High Batten 12""",0,8,price,PRICE,,Please Inquire
architectural,7,"Craftsman""™ Series - High Batten 12""",0,9,gauge,GAUGE,DESCRIPTION,22
architectural,7,"Craftsman""™ Series - High Batten 12""",0,9,coverage,COVERAGE,DESCRIPTION,12
architectural,7,"Craftsman""™ Series - High Batten 12""",0,9,yield_psi,YIELD (PSI),DESCRIPTION,"50,000"
architectural,7,"Craftsman""™ Series - High Batten 12""",0,9,weight_per_sq,WEIGHT PER SQ.,DESCRIPTION,157#
architectural,7,"Craftsman""™ Series - High Batten 12""",0,9,finish,FINISH*,DESCRIPTION,Signature® 300 Metallic
architectural,7,"Craftsman""™ Series - High Batten 12""",0,9,price,PRICE,,Please Inquire
architectural,8,"Craftsman"" Series - High Batten 16%""",0,0,gauge,GAUGE,DESCRIPTION,24
architectural,8,"Craftsman"" Series - High Batten 16%""",0,0,coverage,COVERAGE,DESCRIPTION,"16%"""
architectural,8,"Craftsman"" Series - High Batten 16%""",0,0,yield_psi,YIELD (PSI),DESCRIPTION,"50,000"
architectural,8,"Craftsman"" Series - High Batten 16%""",0,0,weight_per_sq,WEIGHT PER SQ.,DESCRIPTION,117#
architectural,8,"Craftsman"" Series - High Batten 16%""",0,0,finish,FINISH*,DESCRIPTION,Galvalume® Plus &
architectural,8,"Craftsman"" Series - High Batten 16%""",0,0,price,PRICE,,✓
architectural,8,"Craftsman"" Series - High Batten 16%""",0,1,gauge,GAUGE,DESCRIPTION,24
architectural,8,"Craftsman"" Series - High Batten 16%""",0,1,coverage,COVERAGE,DESCRIPTION,"16%"""
architectural,8,"Craftsman"" Series - High Batten 16%""",0,1,yield_psi,YIELD (PSI),DESCRIPTION,"50,000"
architectural,8,"Craftsman"" Series - High Batten 16%""",0,1,weight_per_sq,WEIGHT PER SQ.,DESCRIPTION,117#
architectural,8,"Craftsman"" Series - High Batten 16%""",0,1,finish,FINISH*,DESCRIPTION,Signature® 200
architectural,8,"Craftsman"" Series - High Batten 16%""",0,1,price,PRICE,,✓
architectural,8,"Craftsman"" Series - High Batten 16%""",0,2,gauge,GAUGE,DESCRIPTION,24
architectural,8,"Craftsman"" Series - High Batten 16%""",0,2,coverage,COVERAGE,DESCRIPTION,"16%"""
architectural,8,"Craftsman"" Series - High Batten 16%""",0,2,yield_psi,YIELD (PSI),DESCRIPTION,"50,000"
architectural,8,"Craftsman"" Series - High Batten 16%""",0,2,weight_per_sq,WEIGHT PER SQ.,DESCRIPTION,117#
architectural,8,"Craftsman"" Series - High Batten 16%""",0,2,finish,FINISH*,DESCRIPTION,Signature® 300
architectural,8,"Craftsman"" Series - High Batten 16%""",0,2,price,PRICE,,✓
architectural,8,"Craftsman"" Series - High Batten 16%""",0,3,gauge,GAUGE,DESCRIPTION,24
architectural,8,"Craftsman"" Series - High Batten 16%""",0,3,coverage,COVERAGE,DESCRIPTION,"16%"""
architectural,8,"Craftsman"" Series - High Batten 16%""",0,3,yield_psi,YIELD (PSI),DESCRIPTION,"50,000"
architectural,8,"Craftsman"" Series - High Batten 16%""",0,3,weight_per_sq,WEIGHT PER SQ.,DESCRIPTION,117#
architectural,8,"Craftsman"" Series - High Batten 16%""",0,3,finish,FINISH*,DESCRIPTION,Signature® 300 Metallic
architectural,8,"Craftsman"" Series - High Batten 16%""",0,3,price,PRICE,,Please Inquire
architectural,8,"Craftsman"" Series - High Batten 16%""",0,4,gauge,GAUGE,DESCRIPTION,22
architectural,8,"Craftsman"" Series - High Batten 16%""",0,4,coverage,COVERAGE,DESCRIPTION,"16%"""
architectural,8,"Craftsman"" Series - High Batten 16%""",0,4,yield_psi,YIELD (PSI),DESCRIPTION,"50,000"
architectural,8,"Craftsman"" Series - High Batten 16%""",0,4,weight_per_sq,WEIGHT PER SQ.,DESCRIPTION,148#
architectural,8,"Craftsman"" Series - High Batten 16%""",0,4,finish,FINISH*,DESCRIPTION,Galvalume® Plus &
architectural,8,"Craftsman"" Series - High Batten 16%""",0,4,price,PRICE,,Please Inquire
architectural,8,"Craftsman"" Series - High Batten 16%""",0,5,gauge,GAUGE,DESCRIPTION,22
architectural,8,"Craftsman"" Series - High Batten 16%""",0,5,coverage,COVERAGE,DESCRIPTION,"16%"""
architectural,8,"Craftsman"" Series - High Batten 16%""",0,5,yield_psi,YIELD (PSI),DESCRIPTION,"50,000"
architectural,8,"Craftsman"" Series - High Batten 16%""",0,5,weight_per_sq,WEIGHT PER SQ.,DESCRIPTION,148#
architectural,8,"Craftsman"" Series - High Batten 16%""",0,5,finish,FINISH*,DESCRIPTION,Signature® 200
architectural,8,"Craftsman"" Series - High Batten 16%""",0,5,price,PRICE,,Please Inquire
architectural,8,"Craftsman"" Series - High Batten 16%""",0,6,gauge,GAUGE,DESCRIPTION,22
architectural,8,"Craftsman"" Series - High Batten 16%""",0,6,coverage,COVERAGE,DESCRIPTION,"16%"""
architectural,8,"Craftsman"" Series - High Batten 16%""",0,6,yield_psi,YIELD (PSI),DESCRIPTION,"50,000"
architectural,8,"Craftsman"" Series - High Batten 16%""",0,6,weight_per_sq,WEIGHT PER SQ.,DESCRIPTION,148#
architectural,8,"Craftsman"" Series - High Batten 16%""",0,6,finish,FINISH*,DESCRIPTION,Signature® 300
architectural,8,"Craftsman"" Series - High Batten 16%""",0,6,price,PRICE,,Please Inquire
architectural,8,"Craftsman"" Series - High Batten 16%""",0,7,gauge,GAUGE,DESCRIPTION,22
architectural,8,"Craftsman"" Series - High Batten 16%""",0,7,coverage,COVERAGE,DESCRIPTION,"16%"""
architectural,8,"Craftsman"" Series - High Batten 16%""",0,7,yield_psi,YIELD (PSI),DESCRIPTION,"50,000"
architectural,8,"Craftsman"" Series - High Batten 16%""",0,7,weight_per_sq,WEIGHT PER SQ.,DESCRIPTION,148#
architectural,8,"Craftsman"" Series - High Batten 16%""",0,7,finish,FINISH*,DESCRIPTION,Signature® 300 Metallic
architectural,8,"Craftsman"" Series - High Batten 16%""",0,7,price,PRICE,,Please Inquire
architectural,9,Classic®,0,0,gauge,GAUGE,DESCRIPTION,24
architectural,9,Classic®,0,0,coverage,COVERAGE,DESCRIPTION,"16"""
architectural,9,Classic®,0,0,yield_psi,YIELD (PSI),DESCRIPTION,"50,000"
architectural,9,Classic®,0,0,weight_per_sq,WEIGHT PER SQ.,DESCRIPTION,140#
architectural,9,Classic®,0,0,finish,FINISH*,DESCRIPTION,Galvalume® Plus &
architectural,9,Classic®,0,0,price,PRICE,,✓
architectural,9,Classic®,0,1,gauge,GAUGE,DESCRIPTION,24
architectural,9,Classic®,0,1,coverage,COVERAGE,DESCRIPTION,"16"""
architectural,9,Classic®,0,1,yield_psi,YIELD (PSI),DESCRIPTION,"50,000"
architectural,9,Classic®,0,1,weight_per_sq,WEIGHT PER SQ.,DESCRIPTION,146#
architectural,9,Classic®,0,1,finish,FINISH*,DESCRIPTION,Signature® 200
architectural,9,Classic®,0,1,price,PRICE,,✓
architectural,9,Classic®,0,2,gauge,GAUGE,DESCRIPTION,24
architectural,9,Classic®,0,2,coverage,COVERAGE,DESCRIPTION,"16"""
architectural,9,Classic®,0,2,yield_psi,YIELD (PSI),DESCRIPTION,"50,000"
architectural,9,Classic®,0,2,weight_per_sq,WEIGHT PER SQ.,DESCRIPTION,146#
architectural,9,Classic®,0,2,finish,FINISH*,DESCRIPTION,Signature® 300
architectural,9,Classic®,0,2,price,PRICE,,✓
architectural,9,Classic®,0,3,gauge,GAUGE,DESCRIPTION,22
architectural,9,Classic®,0,3,coverage,COVERAGE,DESCRIPTION,"16"""
architectural,9,Classic®,0,3,yield_psi,YIELD (PSI),DESCRIPTION,"50,000"
architectural,9,Classic®,0,3,weight_per_sq,WEIGHT PER SQ.,DESCRIPTION,202#
architectural,9,Classic®,0,3,finish,FINISH*,DESCRIPTION,Galvalume® Plus &
architectural,9,Classic®,0,3,price,PRICE,,✓
architectural,9,Classic®,0,4,gauge,GAUGE,DESCRIPTION,22
architectural,9,Classic®,0,4,coverage,COVERAGE,DESCRIPTION,"16"""
architectural,9,Classic®,0,4,yield_psi,YIELD (PSI),DESCRIPTION,"50,000"
architectural,9,Classic®,0,4,weight_per_sq,WEIGHT PER SQ.,DESCRIPTION,202#
architectural,9,Classic®,0,4,finish,FINISH*,DESCRIPTION,Signature® 200
architectural,9,Classic®,0,4,price,PRICE,,✓
architectural,10,"ShadowRib™ 16""",0,0,gauge,GAUGE,DESCRIPTION,24
architectural,10,"ShadowRib™ 16""",0,0,coverage,COVERAGE,DESCRIPTION,"16"""
architectural,10,"ShadowRib™ 16""",0,0,yield_psi,YIELD (PSI),DESCRIPTION,"50,000"
architectural,10,"ShadowRib™ 16""",0,0,weight_per_sq,WEIGHT PER SQ.,DESCRIPTION,157#
architectural,10,"ShadowRib™ 16""",0,0,finish,FINISH*,DESCRIPTION,Galvalume® Plus &
architectural,10,"ShadowRib™ 16""",0,0,price,PRICE,,✓
architectural,10,"ShadowRib™ 16""",0,1,gauge,GAUGE,DESCRIPTION,24
architectural,10,"ShadowRib™ 16""",0,1,coverage,COVERAGE,DESCRIPTION,"16"""
architectural,10,"ShadowRib™ 16""",0,1,yield_psi,YIELD (PSI),DESCRIPTION,"50,000"
architectural,10,"ShadowRib™ 16""",0,1,weight_per_sq,WEIGHT PER SQ.,DESCRIPTION,157#
architectural,10,"ShadowRib™ 16""",0,1,finish,FINISH*,DESCRIPTION,Signature® 200
architectural,10,"ShadowRib™ 16""",0,1,price,PRICE,,✓
architectural,10,"ShadowRib™ 16""",0,2,gauge,GAUGE,DESCRIPTION,24
architectural,10,"ShadowRib™ 16""",0,2,coverage,COVERAGE,DESCRIPTION,"16"""
architectural,10,"ShadowRib™ 16""",0,2,yield_psi,YIELD (PSI),DESCRIPTION,"50,000"
architectural,10,"ShadowRib™ 16""",0,2,weight_per_sq,WEIGHT PER SQ.,DESCRIPTION,157#
architectural,10,"ShadowRib™ 16""",0,2,finish,FINISH*,DESCRIPTION,Signature® 300
architectural,10,"ShadowRib™ 16""",0,2,price,PRICE,,✓
architectural,10,"ShadowRib™ 16""",0,3,gauge,GAUGE,DESCRIPTION,24
architectural,10,"ShadowRib™ 16""",0,3,coverage,COVERAGE,DESCRIPTION,"16"""
architectural,10,"ShadowRib™ 16""",0,3,yield_psi,YIELD (PSI),DESCRIPTION,"50,000"
architectural,10,"ShadowRib™ 16""",0,3,weight_per_sq,WEIGHT PER SQ.,DESCRIPTION,157#
architectural,10,"ShadowRib™ 16""",0,3,finish,FINISH*,DESCRIPTION,Signature® 300 Metallic
architectural,10,"ShadowRib™ 16""",0,3,price,PRICE,,✓
architectural,10,"ShadowRib™ 16""",0,4,gauge,GAUGE,DESCRIPTION,22
architectural,10,"ShadowRib™ 16""",0,4,coverage,COVERAGE,DESCRIPTION,"16"""
architectural,10,"ShadowRib™ 16""",0,4,yield_psi,YIELD (PSI),DESCRIPTION,"50,000"
architectural,10,"ShadowRib™ 16""",0,4,weight_per_sq,WEIGHT PER SQ.,DESCRIPTION,200#
architectural,10,"ShadowRib™ 16""",0,4,finish,FINISH*,DESCRIPTION,Galvalume® Plus &
architectural,10,"ShadowRib™ 16""",0,4,price,PRICE,,Please Inquire
architectural,10,"ShadowRib™ 16""",0,5,gauge,GAUGE,DESCRIPTION,22
architectural,10,"ShadowRib™ 16""",0,5,coverage,COVERAGE,DESCRIPTION,"16"""
architectural,10,"ShadowRib™ 16""",0,5,yield_psi,YIELD (PSI),DESCRIPTION,"50,000"
architectural,10,"ShadowRib™ 16""",0,5,weight_per_sq,WEIGHT PER SQ.,DESCRIPTION,200#
architectural,10,"ShadowRib™ 16""",0,5,finish,FINISH*,DESCRIPTION,Signature® 200
architectural,10,"ShadowRib™ 16""",0,5,price,PRICE,,Please Inquire
architectural,10,"ShadowRib™ 16""",0,6,gauge,GAUGE,DESCRIPTION,22
architectural,10,"ShadowRib™ 16""",0,6,coverage,COVERAGE,DESCRIPTION,"16"""
architectural,10,"ShadowRib™ 16""",0,6,yield_psi,YIELD (PSI),DESCRIPTION,"50,000"
architectural,10,"ShadowRib™ 16""",0,6,weight_per_sq,WEIGHT PER SQ.,DESCRIPTION,200#
architectural,10,"ShadowRib™ 16""",0,6,finish,FINISH*,DESCRIPTION,Signature® 300
architectural,10,"ShadowRib™ 16""",0,6,price,PRICE,,Please Inquire
architectural,10,"ShadowRib™ 16""",0,7,gauge,GAUGE,DESCRIPTION,22
architectural,10,"ShadowRib™ 16""",0,7,coverage,COVERAGE,DESCRIPTION,"16"""
architectural,10,"ShadowRib™ 16""",0,7,yield_psi,YIELD (PSI),DESCRIPTION,"50,000"
architectural,10,"ShadowRib™ 16""",0,7,weight_per_sq,WEIGHT PER SQ.,DESCRIPTION,200#
architectural,10,"ShadowRib™ 16""",0,7,finish,FINISH*,DESCRIPTION,Signature® 300 Metallic
architectural,10,"ShadowRib™ 16""",0,7,price,PRICE,,Please Inquire
architectural,11,MasterLine 16®,0,0,gauge,GAUGE,DESCRIPTION,24
architectural,11,MasterLine 16®,0,0,coverage,COVERAGE,DESCRIPTION,"16"""
architectural,11,MasterLine 16®,0,0,yield_psi,YIELD (PSI),DESCRIPTION,"50,000"
architectural,11,MasterLine 16®,0,0,weight_per_sq,WEIGHT PER SQ.,DESCRIPTION,146#
architectural,11,MasterLine 16®,0,0,finish,FINISH*,DESCRIPTION,Galvalume® Plus &
architectural,11,MasterLine 16®,0,0,price,PRICE,,✓
architectural,11,MasterLine 16®,0,1,gauge,GAUGE,DESCRIPTION,24
architectural,11,MasterLine 16®,0,1,coverage,COVERAGE,DESCRIPTION,"16"""
architectural,11,MasterLine 16®,0,1,yield_psi,YIELD (PSI),DESCRIPTION,"50,000"
architectural,11,MasterLine 16®,0,1,weight_per_sq,WEIGHT PER SQ.,DESCRIPTION,146#
architectural,11,MasterLine 16®,0,1,finish,FINISH*,DESCRIPTION,Signature® 200
architectural,11,MasterLine 16®,0,1,price,PRICE,,✓
architectural,11,MasterLine 16®,0,2,gauge,GAUGE,DESCRIPTION,24
architectural,11,MasterLine 16®,0,2,coverage,COVERAGE,DESCRIPTION,"16"""
architectural,11,MasterLine 16®,0,2,yield_psi,YIELD (PSI),DESCRIPTION,"50,000"
architectural,11,MasterLine 16®,0,2,weight_per_sq,WEIGHT PER SQ.,DESCRIPTION,1460#
architectural,11,MasterLine 16®,0,2,finish,FINISH*,DESCRIPTION,Signature® 300
architectural,11,MasterLine 16®,0,2,price,PRICE,,✓
architectural,11,MasterLine 16®,0,3,gauge,GAUGE,DESCRIPTION,24
architectural,11,MasterLine 16®,0,3,coverage,COVERAGE,DESCRIPTION,"16"""
architectural,11,MasterLine 16®,0,3,yield_psi,YIELD (PSI),DESCRIPTION,"50,000"
architectural,11,MasterLine 16®,0,3,weight_per_sq,WEIGHT PER SQ.,DESCRIPTION,146#
architectural,11,MasterLine 16®,0,3,finish,FINISH*,DESCRIPTION,Signature® 300 Metallic
architectural,11,MasterLine 16®,0,3,price,PRICE,,✓
architectural,11,MasterLine 16®,0,4,gauge,GAUGE,DESCRIPTION,22
architectural,11,MasterLine 16®,0,4,coverage,COVERAGE,DESCRIPTION,"16"""
architectural,11,MasterLine 16®,0,4,yield_psi,YIELD (PSI),DESCRIPTION,"50,000"
architectural,11,MasterLine 16®,0,4,weight_per_sq,WEIGHT PER SQ.,DESCRIPTION,186#
architectural,11,MasterLine 16®,0,4,finish,FINISH*,DESCRIPTION,Galvalume® Plus &
architectural,11,MasterLine 16®,0,4,price,PRICE,,Please Inquire
architectural,11,MasterLine 16®,0,5,gauge,GAUGE,DESCRIPTION,22
architectural,11,MasterLine 16®,0,5,coverage,COVERAGE,DESCRIPTION,"16"""
architectural,11,MasterLine 16®,0,5,yield_psi,YIELD (PSI),DESCRIPTION,"50,000"
architectural,11,MasterLine 16®,0,5,weight_per_sq,WEIGHT PER SQ.,DESCRIPTION,186#
architectural,11,MasterLine 16®,0,5,finish,FINISH*,DESCRIPTION,Signature® 200
architectural,11,MasterLine 16®,0,5,price,PRICE,,Please Inquire
architectural,11,MasterLine 16®,0,6,gauge,GAUGE,DESCRIPTION,22
architectural,11,MasterLine 16®,0,6,coverage,COVERAGE,DESCRIPTION,"16"""
architectural,11,MasterLine 16®,0,6,yield_psi,YIELD (PSI),DESCRIPTION,"50,000"
architectural,11,MasterLine 16®,0,6,weight_per_sq,WEIGHT PER SQ.,DESCRIPTION,186#
architectural,11,MasterLine 16®,0,6,finish,FINISH*,DESCRIPTION,Signature® 300
architectural,11,MasterLine 16®,0,6,price,PRICE,,Please Inquire
architectural,11,MasterLine 16®,0,7,gauge,GAUGE,DESCRIPTION,22
architectural,11,MasterLine 16®,0,7,coverage,COVERAGE,DESCRIPTION,"16"""
architectural,11,MasterLine 16®,0,7,yield_psi,YIELD (PSI),DESCRIPTION,"50,000"
architectural,11,MasterLine 16®,0,7,weight_per_sq,WEIGHT PER SQ.,DESCRIPTION,186#
architectural,11,MasterLine 16®,0,7,finish,FINISH*,DESCRIPTION,Signature® 300 Metallic
architectural,11,MasterLine 16®,0,7,price,PRICE,,Please Inquire
architectural,12,"NuWall® 12""",0,0,gauge,GAUGE,DESCRIPTION,24
architectural,12,"NuWall® 12""",0,0,coverage,COVERAGE,DESCRIPTION,"12"""
architectural,12,"NuWall® 12""",0,0,yield_psi,YIELD (PSI),DESCRIPTION,"50,000"
architectural,12,"NuWall® 12""",0,0,weight_per_sq,WEIGHT PER SQ.,DESCRIPTION,179#
architectural,12,"NuWall® 12""",0,0,finish,FINISH*,DESCRIPTION,Galvalume® Plus &
architectural,12,"NuWall® 12""",0,0,price,PRICE,,✓
architectural,12,"NuWall® 12""",0,1,gauge,GAUGE,DESCRIPTION,24
architectural,12,"NuWall® 12""",0,1,coverage,COVERAGE,DESCRIPTION,"12"""
architectural,12,"NuWall® 12""",0,1,yield_psi,YIELD (PSI),DESCRIPTION,"50,000"
architectural,12,"NuWall® 12""",0,1,weight_per_sq,WEIGHT PER SQ.,DESCRIPTION,179#
architectural,12,"NuWall® 12""",0,1,finish,FINISH*,DESCRIPTION,Signature® 200
architectural,12,"NuWall® 12""",0,1,price,PRICE,,✓
architectural,12,"NuWall® 12""",0,2,gauge,GAUGE,DESCRIPTION,24
architectural,12,"NuWall® 12""",0,2,coverage,COVERAGE,DESCRIPTION,12
architectural,12,"NuWall® 12""",0,2,yield_psi,YIELD (PSI),DESCRIPTION,"50,000"
architectural,12,"NuWall® 12""",0,2,weight_per_sq,WEIGHT PER SQ.,DESCRIPTION,179#
architectural,12,"NuWall® 12""",0,2,finish,FINISH*,DESCRIPTION,Signature® 300
architectural,12,"NuWall® 12""",0,2,price,PRICE,,✓
architectural,12,"NuWall® 12""",0,3,gauge,GAUGE,DESCRIPTION,24
architectural,12,"NuWall® 12""",0,3,coverage,COVERAGE,DESCRIPTION,"42"""
architectural,12,"NuWall® 12""",0,3,yield_psi,YIELD (PSI),DESCRIPTION,"50,000"
architectural,12,"NuWall® 12""",0,3,weight_per_sq,WEIGHT PER SQ.,DESCRIPTION,179#
architectural,12,"NuWall® 12""",0,3,finish,FINISH*,DESCRIPTION,Signature® 300 Metallic
architectural,12,"NuWall® 12""",0,3,price,PRICE,,Please Inquire
architectural,12,"NuWall® 12""",0,4,gauge,GAUGE,DESCRIPTION,22
architectural,12,"NuWall® 12""",0,4,coverage,COVERAGE,DESCRIPTION,"12"""
architectural,12,"NuWall® 12""",0,4,yield_psi,YIELD (PSI),DESCRIPTION,"50,000"
architectural,12,"NuWall® 12""",0,4,weight_per_sq,WEIGHT PER SQ.,DESCRIPTION,227#
architectural,12,"NuWall® 12""",0,4,finish,FINISH*,DESCRIPTION,Galvalume® Plus &
architectural,12,"NuWall® 12""",0,4,price,PRICE,,Please Inquire
architectural,12,"NuWall® 12""",0,5,gauge,GAUGE,DESCRIPTION,22
architectural,12,"NuWall® 12""",0,5,coverage,COVERAGE,DESCRIPTION,"42"""
architectural,12,"NuWall® 12""",0,5,yield_psi,YIELD (PSI),DESCRIPTION,"50,000"
architectural,12,"NuWall® 12""",0,5,weight_per_sq,WEIGHT PER SQ.,DESCRIPTION,227#
architectural,12,"NuWall® 12""",0,5,finish,FINISH*,DESCRIPTION,Signature® 200
architectural,12,"NuWall® 12""",0,5,price,PRICE,,Please Inquire
architectural,12,"NuWall® 12""",0,6,gauge,GAUGE,DESCRIPTION,22
architectural,12,"NuWall® 12""",0,6,coverage,COVERAGE,DESCRIPTION,"12"""
architectural,12,"NuWall® 12""",0,6,yield_psi,YIELD (PSI),DESCRIPTION,"50,000"
architectural,12,"NuWall® 12""",0,6,weight_per_sq,WEIGHT PER SQ.,DESCRIPTION,227#
architectural,12,"NuWall® 12""",0,6,finish,FINISH*,DESCRIPTION,Signature® 300
architectural,12,"NuWall® 12""",0,6,price,PRICE,,Please Inquire
architectural,12,"NuWall® 12""",0,7,gauge,GAUGE,DESCRIPTION,22
architectural,12,"NuWall® 12""",0,7,coverage,COVERAGE,DESCRIPTION,12
architectural,12,"NuWall® 12""",0,7,yield_psi,YIELD (PSI),DESCRIPTION,"50,000"
architectural,12,"NuWall® 12""",0,7,weight_per_sq,WEIGHT PER SQ.,DESCRIPTION,227#
architectural,12,"NuWall® 12""",0,7,finish,FINISH*,DESCRIPTION,Signature® 300 Metallic
architectural,12,"NuWall® 12""",0,7,price,PRICE,,Please Inquire
architectural,13,"Designer"" Series 16"" - Fluted",0,0,gauge,GAUGE,DESCRIPTION,24
architectural,13,"Designer"" Series 16"" - Fluted",0,0,coverage,COVERAGE,DESCRIPTION,"16"""
architectural,13,"Designer"" Series 16"" - Fluted",0,0,yield_psi,YIELD (PSI),DESCRIPTION,"50,000"
architectural,13,"Designer"" Series 16"" - Fluted",0,0,weight_per_sq,WEIGHT PER SQ.,DESCRIPTION,140#
architectural,13,"Designer"" Series 16"" - Fluted",0,0,finish,FINISH*,DESCRIPTION,Galvalume® Plus &
architectural,13,"Designer"" Series 16"" - Fluted",0,0,price,PRICE,,✓
architectural,13,"Designer"" Series 16"" - Fluted",0,1,gauge,GAUGE,DESCRIPTION,24
architectural,13,"Designer"" Series 16"" - Fluted",0,1,coverage,COVERAGE,DESCRIPTION,"16"""
architectural,13,"Designer"" Series 16"" - Fluted",0,1,yield_psi,YIELD (PSI),DESCRIPTION,"50,000"
architectural,13,"Designer"" Series 16"" - Fluted",0,1,weight_per_sq,WEIGHT PER SQ.,DESCRIPTION,146#
architectural,13,"Designer"" Series 16"" - Fluted",0,1,finish,FINISH*,DESCRIPTION,Signature® 200
architectural,13,"Designer"" Series 16"" - Fluted",0,1,price,PRICE,,✓
architectural,13,"Designer"" Series 16"" - Fluted",0,2,gauge,GAUGE,DESCRIPTION,24
architectural,13,"Designer"" Series 16"" - Fluted",0,2,coverage,COVERAGE,DESCRIPTION,"16"""
architectural,13,"Designer"" Series 16"" - Fluted",0,2,yield_psi,YIELD (PSI),DESCRIPTION,"50,000"
architectural,13,"Designer"" Series 16"" - Fluted",0,2,weight_per_sq,WEIGHT PER SQ.,DESCRIPTION,146#
architectural,13,"Designer"" Series 16"" - Fluted",0,2,finish,FINISH*,DESCRIPTION,Signature® 300
architectural,13,"Designer"" Series 16"" - Fluted",0,2,price,PRICE,,✓
architectural,13,"Designer"" Series 16"" - Fluted",0,3,gauge,GAUGE,DESCRIPTION,24
architectural,13,"Designer"" Series 16"" - Fluted",0,3,coverage,COVERAGE,DESCRIPTION,"16"""
architectural,13,"Designer"" Series 16"" - Fluted",0,3,yield_psi,YIELD (PSI),DESCRIPTION,"50,000"
architectural,13,"Designer"" Series 16"" - Fluted",0,3,weight_per_sq,WEIGHT PER SQ.,DESCRIPTION,146#
architectural,13,"Designer"" Series 16"" - Fluted",0,3,finish,FINISH*,DESCRIPTION,Signature® 300 Metallic
architectural,13,"Designer"" Series 16"" - Fluted",0,3,price,PRICE,,Please Inquire
architectural,13,"Designer"" Series 16"" - Fluted",0,4,gauge,GAUGE,DESCRIPTION,22
architectural,13,"Designer"" Series 16"" - Fluted",0,4,coverage,COVERAGE,DESCRIPTION,"16"""
architectural,13,"Designer"" Series 16"" - Fluted",0,4,yield_psi,YIELD (PSI),DESCRIPTION,"50,000"
architectural,13,"Designer"" Series 16"" - Fluted",0,4,weight_per_sq,WEIGHT PER SQ.,DESCRIPTION,186#
architectural,13,"Designer"" Series 16"" - Fluted",0,4,finish,FINISH*,DESCRIPTION,Galvalume® Plus &
architectural,13,"Designer"" Series 16"" - Fluted",0,4,price,PRICE,,Please Inquire
architectural,13,"Designer"" Series 16"" - Fluted",0,5,gauge,GAUGE,DESCRIPTION,22
architectural,13,"Designer"" Series 16"" - Fluted",0,5,coverage,COVERAGE,DESCRIPTION,"16"""
architectural,13,"Designer"" Series 16"" - Fluted",0,5,yield_psi,YIELD (PSI),DESCRIPTION,"50,000"
architectural,13,"Designer"" Series 16"" - Fluted",0,5,weight_per_sq,WEIGHT PER SQ.,DESCRIPTION,1860#
architectural,13,"Designer"" Series 16"" - Fluted",0,5,finish,FINISH*,DESCRIPTION,Signature® 200
architectural,13,"Designer"" Series 16"" - Fluted",0,5,price,PRICE,,Please Inquire
architectural,13,"Designer"" Series 16"" - Fluted",0,6,gauge,GAUGE,DESCRIPTION,22
architectural,13,"Designer"" Series 16"" - Fluted",0,6,coverage,COVERAGE,DESCRIPTION,"16"""
architectural,13,"Designer"" Series 16"" - Fluted",0,6,yield_psi,YIELD (PSI),DESCRIPTION,"50,000"
architectural,13,"Designer"" Series 16"" - Fluted",0,6,weight_per_sq,WEIGHT PER SQ.,DESCRIPTION,186#
architectural,13,"Designer"" Series 16"" - Fluted",0,6,finish,FINISH*,DESCRIPTION,Signature® 300
architectural,13,"Designer"" Series 16"" - Fluted",0,6,price,PRICE,,Please Inquire
architectural,13,"Designer"" Series 16"" - Fluted",0,7,gauge,GAUGE,DESCRIPTION,22
architectural,13,"Designer"" Series 16"" - Fluted",0,7,coverage,COVERAGE,DESCRIPTION,"16"""
architectural,13,"Designer"" Series 16"" - Fluted",0,7,yield_psi,YIELD (PSI),DESCRIPTION,"50,000"
architectural,13,"Designer"" Series 16"" - Fluted",0,7,weight_per_sq,WEIGHT PER SQ.,DESCRIPTION,186#
architectural,13,"Designer"" Series 16"" - Fluted",0,7,finish,FINISH*,DESCRIPTION,Signature® 300 Metallic
architectural,13,"Designer"" Series 16"" - Fluted",0,7,price,PRICE,,Please Inquire
architectural,14,FW-120 Panel,0,0,gauge,GAUGE,DESCRIPTION,24
architectural,14,FW-120 Panel,0,0,coverage,COVERAGE,DESCRIPTION,"12"""
architectural,14,FW-120 Panel,0,0,yield_psi,YIELD (PSI),DESCRIPTION,"50,000"
architectural,14,FW-120 Panel,0,0,weight_per_sq,WEIGHT PER SQ.,DESCRIPTION,142#
architectural,14,FW-120 Panel,0,0,finish,FINISH*,DESCRIPTION,Signature® 300
architectural,14,FW-120 Panel,0,0,price,PRICE,,✓
architectural,14,FW-120 Panel,0,1,gauge,GAUGE,DESCRIPTION,22
architectural,14,FW-120 Panel,0,1,coverage,COVERAGE,DESCRIPTION,12
architectural,14,FW-120 Panel,0,1,yield_psi,YIELD (PSI),DESCRIPTION,"50,000"
architectural,14,FW-120 Panel,0,1,weight_per_sq,WEIGHT PER SQ.,DESCRIPTION,181#
architectural,14,FW-120 Panel,0,1,finish,FINISH*,DESCRIPTION,Signature® 300
architectural,14,FW-120 Panel,0,1,price,PRICE,,Please Inquire
architectural,14,FW-120 Panel,0,2,gauge,GAUGE,DESCRIPTION,20
architectural,14,FW-120 Panel,0,2,coverage,COVERAGE,DESCRIPTION,"12"""
architectural,14,FW-120 Panel,0,2,yield_psi,YIELD (PSI),DESCRIPTION,"50,000"
architectural,14,FW-120 Panel,0,2,weight_per_sq,WEIGHT PER SQ.,DESCRIPTION,220#
architectural,14,FW-120 Panel,0,2,finish,FINISH*,DESCRIPTION,Signature® 300
architectural,14,FW-120 Panel,0,2,price,PRICE,,Please Inquire
architectural,14,FW-120 Panel,0,3,gauge,GAUGE,DESCRIPTION,.024 Alum tt
architectural,14,FW-120 Panel,0,3,coverage,COVERAGE,DESCRIPTION,"12"""
architectural,14,FW-120 Panel,0,3,yield_psi,YIELD (PSI),DESCRIPTION,"18,000"
architectural,14,FW-120 Panel,0,3,weight_per_sq,WEIGHT PER SQ.,DESCRIPTION,48#
architectural,14,FW-120 Panel,0,3,finish,FINISH*,DESCRIPTION,Signature' 200 - Polar White Only
architectural,14,FW-120 Panel,0,3,price,PRICE,,✓
architectural,15,Artisan®,0,0,gauge,GAUGE,DESCRIPTION,26
architectural,15,Artisan®,0,0,coverage,COVERAGE,DESCRIPTION,"12"""
architectural,15,Artisan®,0,0,yield_psi,YIELD (PSI),DESCRIPTION,"50,000"
architectural,15,Artisan®,0,0,weight_per_sq,WEIGHT PER SQ.,DESCRIPTION,102#
architectural,15,Artisan®,0,0,finish,FINISH*,DESCRIPTION,Galvalume® Plus &
architectural,15,Artisan®,0,0,price,PRICE,,✓
architectural,15,Artisan®,0,1,gauge,GAUGE,DESCRIPTION,26
architectural,15,Artisan®,0,1,coverage,COVERAGE,DESCRIPTION,"12"""
architectural,15,Artisan®,0,1,yield_psi,YIELD (PSI),DESCRIPTION,"50,000"
architectural,15,Artisan®,0,1,weight_per_sq,WEIGHT PER SQ.,DESCRIPTION,102#
architectural,15,Artisan®,0,1,finish,FINISH*,DESCRIPTION,Signature® 200
architectural,15,Artisan®,0,1,price,PRICE,,✓
architectural,15,Artisan®,0,2,gauge,GAUGE,DESCRIPTION,24
architectural,15,Artisan®,0,2,coverage,COVERAGE,DESCRIPTION,"12"""
architectural,15,Artisan®,0,2,yield_psi,YIELD (PSI),DESCRIPTION,"50,000"
architectural,15,Artisan®,0,2,weight_per_sq,WEIGHT PER SQ.,DESCRIPTION,128#
architectural,15,Artisan®,0,2,finish,FINISH*,DESCRIPTION,Galvalume® Plus &
architectural,15,Artisan®,0,2,price,PRICE,,✓
architectural,15,Artisan®,0,3,gauge,GAUGE,DESCRIPTION,24
architectural,15,Artisan®,0,3,coverage,COVERAGE,DESCRIPTION,"42"""
architectural,15,Artisan®,0,3,yield_psi,YIELD (PSI),DESCRIPTION,"50,000"
architectural,15,Artisan®,0,3,weight_per_sq,WEIGHT PER SQ.,DESCRIPTION,128#
architectural,15,Artisan®,0,3,finish,FINISH*,DESCRIPTION,Signature® 200
architectural,15,Artisan®,0,3,price,PRICE,,✓
architectural,15,Artisan®,0,4,gauge,GAUGE,DESCRIPTION,24
architectural,15,Artisan®,0,4,coverage,COVERAGE,DESCRIPTION,"12"""
architectural,15,Artisan®,0,4,yield_psi,YIELD (PSI),DESCRIPTION,"50,000"
architectural,15,Artisan®,0,4,weight_per_sq,WEIGHT PER SQ.,DESCRIPTION,128#
architectural,15,Artisan®,0,4,finish,FINISH*,DESCRIPTION,Signature® 300
architectural,15,Artisan®,0,4,price,PRICE,,✓
architectural,15,Artisan®,0,5,gauge,GAUGE,DESCRIPTION,24
architectural,15,Artisan®,0,5,coverage,COVERAGE,DESCRIPTION,"42"""
architectural,15,Artisan®,0,5,yield_psi,YIELD (PSI),DESCRIPTION,"50,000"
architectural,15,Artisan®,0,5,weight_per_sq,WEIGHT PER SQ.,DESCRIPTION,128#
architectural,15,Artisan®,0,5,finish,FINISH*,DESCRIPTION,Signature® 300 Metallic
architectural,15,Artisan®,0,5,price,PRICE,,Please Inquire
architectural,15,Artisan®,0,6,gauge,GAUGE,DESCRIPTION,22
architectural,15,Artisan®,0,6,coverage,COVERAGE,DESCRIPTION,12
architectural,15,Artisan®,0,6,yield_psi,YIELD (PSI),DESCRIPTION,"50,000"
architectural,15,Artisan®,0,6,weight_per_sq,WEIGHT PER SQ.,DESCRIPTION,163#
architectural,15,Artisan®,0,6,finish,FINISH*,DESCRIPTION,Galvalume® Plus &
architectural,15,Artisan®,0,6,price,PRICE,,Please Inquire
architectural,15,Artisan®,0,7,gauge,GAUGE,DESCRIPTION,22
architectural,15,Artisan®,0,7,coverage,COVERAGE,DESCRIPTION,12
architectural,15,Artisan®,0,7,yield_psi,YIELD (PSI),DESCRIPTION,"50,000"
architectural,15,Artisan®,0,7,weight_per_sq,WEIGHT PER SQ.,DESCRIPTION,163#
architectural,15,Artisan®,0,7,finish,FINISH*,DESCRIPTION,Signature® 200
architectural,15,Artisan®,0,7,price,PRICE,,Please Inquire
architectural,15,Artisan®,0,8,gauge,GAUGE,DESCRIPTION,22
architectural,15,Artisan®,0,8,coverage,COVERAGE,DESCRIPTION,"12"""
architectural,15,Artisan®,0,8,yield_psi,YIELD (PSI),DESCRIPTION,"50,000"
architectural,15,Artisan®,0,8,weight_per_sq,WEIGHT PER SQ.,DESCRIPTION,163#
architectural,15,Artisan®,0,8,finish,FINISH*,DESCRIPTION,Signature® 300
architectural,15,Artisan®,0,8,price,PRICE,,Please Inquire
architectural,15,Artisan®,0,9,gauge,GAUGE,DESCRIPTION,22
architectural,15,Artisan®,0,9,coverage,COVERAGE,DESCRIPTION,"12"""
architectural,15,Artisan®,0,9,yield_psi,YIELD (PSI),DESCRIPTION,"50,000"
architectural,15,Artisan®,0,9,weight_per_sq,WEIGHT PER SQ.,DESCRIPTION,163#
architectural,15,Artisan®,0,9,finish,FINISH*,DESCRIPTION,Signature® 300 Metallic
architectural,15,Artisan®,0,9,price,PRICE,,Please Inquire
architectural,15,Artisan®,0,10,gauge,GAUGE,DESCRIPTION,.024 Alum tt
architectural,15,Artisan®,0,10,coverage,COVERAGE,DESCRIPTION,"42"""
architectural,15,Artisan®,0,10,yield_psi,YIELD (PSI),DESCRIPTION,"18,000"
architectural,15,Artisan®,0,10,weight_per_sq,WEIGHT PER SQ.,DESCRIPTION,48#
architectural,15,Artisan®,0,10,finish,FINISH*,DESCRIPTION,Signature® 200 - Polar White Only
architectural,15,Artisan®,0,10,price,PRICE,,✓
architectural,16,FlexLoc®,0,0,gauge,GAUGE,DESCRIPTION,24
architectural,16,FlexLoc®,0,0,coverage,COVERAGE,DESCRIPTION,"9 ¥2"""
architectural,16,FlexLoc®,0,0,yield_psi,YIELD (PSI),DESCRIPTION,"50,000"
architectural,16,FlexLoc®,0,0,weight_per_sq,WEIGHT PER SQ.,DESCRIPTION,121#
architectural,16,FlexLoc®,0,0,finish,FINISH*,DESCRIPTION,Galvalume® Plus &
architectural,16,FlexLoc®,0,0,price,PRICE,,✓
architectural,16,FlexLoc®,0,1,gauge,GAUGE,DESCRIPTION,24
architectural,16,FlexLoc®,0,1,coverage,COVERAGE,DESCRIPTION,ous
architectural,16,FlexLoc®,0,1,yield_psi,YIELD (PSI),DESCRIPTION,"50,000"
architectural,16,FlexLoc®,0,1,weight_per_sq,WEIGHT PER SQ.,DESCRIPTION,121#
architectural,16,FlexLoc®,0,1,finish,FINISH*,DESCRIPTION,Signature® 200
architectural,16,FlexLoc®,0,1,price,PRICE,,✓
architectural,16,FlexLoc®,0,2,gauge,GAUGE,DESCRIPTION,24
architectural,16,FlexLoc®,0,2,coverage,COVERAGE,DESCRIPTION,"9%"""
architectural,16,FlexLoc®,0,2,yield_psi,YIELD (PSI),DESCRIPTION,"50,000"
architectural,16,FlexLoc®,0,2,weight_per_sq,WEIGHT PER SQ.,DESCRIPTION,121#
architectural,16,FlexLoc®,0,2,finish,FINISH*,DESCRIPTION,Signature® 300
architectural,16,FlexLoc®,0,2,price,PRICE,,✓
architectural,16,FlexLoc®,0,3,gauge,GAUGE,DESCRIPTION,24
architectural,16,FlexLoc®,0,3,coverage,COVERAGE,DESCRIPTION,"9 ¥2"""
architectural,16,FlexLoc®,0,3,yield_psi,YIELD (PSI),DESCRIPTION,"50,000"
architectural,16,FlexLoc®,0,3,weight_per_sq,WEIGHT PER SQ.,DESCRIPTION,121#
architectural,16,FlexLoc®,0,3,finish,FINISH*,DESCRIPTION,Signature® 300 Metallic
architectural,16,FlexLoc®,0,3,price,PRICE,,Please Inquire
architectural,16,FlexLoc®,0,4,gauge,GAUGE,DESCRIPTION,024 Alum tt
architectural,16,FlexLoc®,0,4,coverage,COVERAGE,DESCRIPTION,"Oye"""
architectural,16,FlexLoc®,0,4,yield_psi,YIELD (PSI),DESCRIPTION,"18,000"
architectural,16,FlexLoc®,0,4,weight_per_sq,WEIGHT PER SQ.,DESCRIPTION,48#
architectural,16,FlexLoc®,0,4,finish,FINISH*,DESCRIPTION,Signature® 200 - Polar White Only
architectural,16,FlexLoc®,0,4,price,PRICE,,✓
architectural,17,QwikLok™,0,0,gauge,GAUGE,DESCRIPTION,24
architectural,17,QwikLok™,0,0,coverage,COVERAGE,DESCRIPTION,igs
architectural,17,QwikLok™,0,0,yield_psi,YIELD (PSI),DESCRIPTION,"50,000"
architectural,17,QwikLok™,0,0,weight_per_sq,WEIGHT PER SQ.,DESCRIPTION,173#
architectural,17,QwikLok™,0,0,finish,FINISH,DESCRIPTION,High Gloss White Only
architectural,17,QwikLok™,0,0,price,PRICE,,✓
architectural,17,QwikLok™,0,1,gauge,GAUGE,DESCRIPTION,.024 Alum tt
architectural,17,QwikLok™,0,1,coverage,COVERAGE,DESCRIPTION,"12"""
architectural,17,QwikLok™,0,1,yield_psi,YIELD (PSI),DESCRIPTION,"18,000"
architectural,17,QwikLok™,0,1,weight_per_sq,WEIGHT PER SQ.,DESCRIPTION,A8#
architectural,17,QwikLok™,0,1,finish,FINISH,DESCRIPTION,Signature® 200 - Polar White Only
architectural,17,QwikLok™,0,1,price,PRICE,,✓
architectural,18,Hat Section (HS-1),0,0,part,PART #,DESCRIPTION,HW-3100
architectural,18,Hat Section (HS-1),0,0,gauge,GAUGE,DESCRIPTION,22
architectural,18,Hat Section (HS-1),0,0,finish,FINISH,DESCRIPTION,Galvanized
architectural,18,Hat Section (HS-1),0,0,weight_each,WEIGHT EACH,DESCRIPTION,12.32#
architectural,18,Hat Section (HS-1),0,0,length,LENGTH,DESCRIPTION,"20'-0"""
architectural,18,Hat Section (HS-1),0,0,price,PRICE,,✓
architectural,18,Hat Section (HS-1),0,1,part,PART #,DESCRIPTION,HW-3105
architectural,18,Hat Section (HS-1),0,1,gauge,GAUGE,DESCRIPTION,16
architectural,18,Hat Section (HS-1),0,1,finish,FINISH,DESCRIPTION,Red Oxide
architectural,18,Hat Section (HS-1),0,1,weight_each,WEIGHT EACH,DESCRIPTION,24.60#
architectural,18,Hat Section (HS-1),0,1,length,LENGTH,DESCRIPTION,"20'-0"""
architectural,18,Hat Section (HS-1),0,1,price,PRICE,,✓
architectural,18,Hat Section (HS-1),0,2,part,PART #,DESCRIPTION,HW-3105
architectural,18,Hat Section (HS-1),0,2,gauge,GAUGE,DESCRIPTION,16
architectural,18,Hat Section (HS-1),0,2,finish,FINISH,DESCRIPTION,Galvanized
architectural,18,Hat Section (HS-1),0,2,weight_each,WEIGHT EACH,DESCRIPTION,24.60#
architectural,18,Hat Section (HS-1),0,2,length,LENGTH,DESCRIPTION,"20'-0"""
architectural,18,Hat Section (HS-1),0,2,price,PRICE,,✓
architectural,18,Channel Section (CS-1),1,0,part,PART #,DESCRIPTION,HW-3110
architectural,18,Channel Section (CS-1),1,0,gauge,GAUGE,DESCRIPTION,18
architectural,18,Channel Section (CS-1),1,0,finish,FINISH,DESCRIPTION,Galvanized
architectural,18,Channel Section (CS-1),1,0,weight_each,WEIGHT EACH,DESCRIPTION,15.05#
architectural,18,Channel Section (CS-1),1,0,length,LENGTH,DESCRIPTION,"20'-0"""
architectural,18,Channel Section (CS-1),1,0,price,PRICE,,✓
architectural,18,"1"" Sub-Girt (SG-1)",2,0,part,PART #,DESCRIPTION,HW-3120
architectural,18,"1"" Sub-Girt (SG-1)",2,0,gauge,GAUGE,DESCRIPTION,18
architectural,18,"1"" Sub-Girt (SG-1)",2,0,finish,FINISH,DESCRIPTION,Galvanized
architectural,18,"1"" Sub-Girt (SG-1)",2,0,weight_each,WEIGHT EACH,DESCRIPTION,17.59#
architectural,18,"1"" Sub-Girt (SG-1)",2,0,length,LENGTH,DESCRIPTION,"20'-0"""
architectural,18,"1"" Sub-Girt (SG-1)",2,0,price,PRICE,,✓
architectural,18,"1"" Sub-Girt (SG-1)",2,1,part,PART #,DESCRIPTION,HW-3121
architectural,18,"1"" Sub-Girt (SG-1)",2,1,gauge,GAUGE,DESCRIPTION,16
architectural,18,"1"" Sub-Girt (SG-1)",2,1,finish,FINISH,DESCRIPTION,Red Oxide
architectural,18,"1"" Sub-Girt (SG-1)",2,1,weight_each,WEIGHT EACH,DESCRIPTION,27. A0#
architectural,18,"1"" Sub-Girt (SG-1)",2,1,length,LENGTH,DESCRIPTION,"20'-0"""
architectural,18,"1"" Sub-Girt (SG-1)",2,1,price,PRICE,,✓
architectural,19,"Ya"" Sub-Girt (SG-2)",0,0,part,PART #,DESCRIPTION,HW-3130
architectural,19,"Ya"" Sub-Girt (SG-2)",0,0,gauge,GAUGE,DESCRIPTION,18
architectural,19,"Ya"" Sub-Girt (SG-2)",0,0,finish,FINISH,DESCRIPTION,Galvanized
architectural,19,"Ya"" Sub-Girt (SG-2)",0,0,weight_each,WEIGHT EACH,DESCRIPTION,10.56#
architectural,19,"Ya"" Sub-Girt (SG-2)",0,0,length,LENGTH,DESCRIPTION,"20'-0"""
architectural,19,"Ya"" Sub-Girt (SG-2)",0,0,price,PRICE,,✓
architectural,19,"Ya"" Sub-Girt (SG-2)",0,1,part,PART #,DESCRIPTION,HW-3131
architectural,19,"Ya"" Sub-Girt (SG-2)",0,1,gauge,GAUGE,DESCRIPTION,16
architectural,19,"Ya"" Sub-Girt (SG-2)",0,1,finish,FINISH,DESCRIPTION,Red Oxide
architectural,19,"Ya"" Sub-Girt (SG-2)",0,1,weight_each,WEIGHT EACH,DESCRIPTION,15.50#
architectural,19,"Ya"" Sub-Girt (SG-2)",0,1,length,LENGTH,DESCRIPTION,"20'-0"""
architectural,19,"Ya"" Sub-Girt (SG-2)",0,1,price,PRICE,,✓
architectural,19,Furring Zee,1,0,part,PART #,DESCRIPTION,HW-3020
architectural,19,Furring Zee,1,0,dim_a,"DIM ""A""",DESCRIPTION,"1%"""
architectural,19,Furring Zee,1,0,gauge,GAUGE,DESCRIPTION,22
architectural,19,Furring Zee,1,0,finish,FINISH,DESCRIPTION,Galvanized
architectural,19,Furring Zee,1,0,weight_each,WEIGHT EACH,DESCRIPTION,3.08#
architectural,19,Furring Zee,1,0,length,LENGTH,DESCRIPTION,"1 O'-0"""
architectural,19,Furring Zee,1,0,price,PRICE,,✓
architectural,19,Furring Zee,1,1,part,PART #,DESCRIPTION,HW-3021
architectural,19,Furring Zee,1,1,dim_a,"DIM ""A""",DESCRIPTION,"2%"""
architectural,19,Furring Zee,1,1,gauge,GAUGE,DESCRIPTION,22
architectural,19,Furring Zee,1,1,finish,FINISH,DESCRIPTION,Galvanized
architectural,19,Furring Zee,1,1,weight_each,WEIGHT EACH,DESCRIPTION,4.07#
architectural,19,Furring Zee,1,1,length,LENGTH,DESCRIPTION,"10'-0"""
architectural,19,Furring Zee,1,1,price,PRICE,,✓
architectural,19,Furring Zee,1,2,part,PART #,DESCRIPTION,HW-3022
architectural,19,Furring Zee,1,2,dim_a,"DIM ""A""",DESCRIPTION,"3%"""
architectural,19,Furring Zee,1,2,gauge,GAUGE,DESCRIPTION,18
architectural,19,Furring Zee,1,2,finish,FINISH,DESCRIPTION,Galvanized
architectural,19,Furring Zee,1,2,weight_each,WEIGHT EACH,DESCRIPTION,8.01#
architectural,19,Furring Zee,1,2,length,LENGTH,DESCRIPTION,"10'-0"""
architectural,19,Furring Zee,1,2,price,PRICE,,✓
architectural,19,Furring Zee,1,3,part,PART #,DESCRIPTION,HW-3023
architectural,19,Furring Zee,1,3,dim_a,"DIM ""A""",DESCRIPTION,"4%"""
architectural,19,Furring Zee,1,3,gauge,GAUGE,DESCRIPTION,18
architectural,19,Furring Zee,1,3,finish,FINISH,DESCRIPTION,Galvanized
architectural,19,Furring Zee,1,3,weight_each,WEIGHT EACH,DESCRIPTION,9.58#
architectural,19,Furring Zee,1,3,length,LENGTH,DESCRIPTION,"1 O'-0"""
architectural,19,Furring Zee,1,3,price,PRICE,,✓
architectural,19,Furring Zee,1,4,part,PART #,DESCRIPTION,HW-3024
architectural,19,Furring Zee,1,4,dim_a,"DIM ""A""",DESCRIPTION,"3%"""
architectural,19,Furring Zee,1,4,gauge,GAUGE,DESCRIPTION,16
architectural,19,Furring Zee,1,4,finish,FINISH,DESCRIPTION,Red Oxide
architectural,19,Furring Zee,1,4,weight_each,WEIGHT EACH,DESCRIPTION,11.69#
architectural,19,Furring Zee,1,4,length,LENGTH,DESCRIPTION,"10'-0"""
architectural,19,Furring Zee,1,4,price,PRICE,,✓
architectural,19,Furring Zee,1,5,part,PART #,DESCRIPTION,HW-3025
architectural,19,Furring Zee,1,5,dim_a,"DIM ""A""",DESCRIPTION,"4%"""
architectural,19,Furring Zee,1,5,gauge,GAUGE,DESCRIPTION,16
architectural,19,Furring Zee,1,5,finish,FINISH,DESCRIPTION,Red Oxide
architectural,19,Furring Zee,1,5,weight_each,WEIGHT EACH,DESCRIPTION,13.06#
architectural,19,Furring Zee,1,5,length,LENGTH,DESCRIPTION,"10'-0"""
architectural,19,Furring Zee,1,5,price,PRICE,,✓
architectural,20,Flat Sheet Selection Chart,0,0,column_1,,,Width
architectural,20,Flat Sheet Selection Chart,0,0,column_2,,,"40-7/8"""
architectural,20,Flat Sheet Selection Chart,0,0,column_3,,,"42-3/4"""
architectural,20,Flat Sheet Selection Chart,0,0,column_4,,,"48 - 3/8"""
architectural,20,Flat Sheet Selection Chart,0,1,column_1,,,Gauge
architectural,20,Flat Sheet Selection Chart,0,1,column_2,,,29 ga
architectural,20,Flat Sheet Selection Chart,0,1,column_3,,,26 ga
architectural,20,Flat Sheet Selection Chart,0,1,column_4,,,24 ga
architectural,20,Flat Sheet Selection Chart,0,2,column_1,,,Weight per LF
architectural,20,Flat Sheet Selection Chart,0,2,column_2,,,2.00#
architectural,20,Flat Sheet Selection Chart,0,2,column_3,,,3.32#
architectural,20,Flat Sheet Selection Chart,0,2,column_4,,,3.754
architectural,20,Flat Sheet Selection Chart,0,3,column_1,,,Signature® 200 (Polyester)
architectural,20,Flat Sheet Selection Chart,1,0,column_1,,,Polar White
architectural,20,Flat Sheet Selection Chart,1,1,column_1,,,Signature® 200
architectural,20,Flat Sheet Selection Chart,2,0,column_1,,,Wine Red
architectural,20,Flat Sheet Selection Chart,2,0,column_3,,,o
architectural,20,Flat Sheet Selection Chart,2,0,column_4,,,0
architectural,20,Flat Sheet Selection Chart,2,1,column_1,,,Signature® 300
architectural,20,Flat Sheet Selection Chart,3,0,column_1,,,Tundra
architectural,20,Flat Sheet Selection Chart,3,0,column_2,,,fj
architectural,20,Flat Sheet Selection Chart,3,0,column_3,,,o
architectural,20,Flat Sheet Selection Chart,3,1,column_1,,,Signature® 300 Metallic
architectural,20,Flat Sheet Selection Chart,4,0,column_1,,,Copper Metallic
architectural,20,Flat Sheet Selection Chart,4,0,column_2,,,fj
architectural,20,Flat Sheet Selection Chart,4,0,column_3,,,o
architectural,20,Flat Sheet Selection Chart,4,1,column_1,,,Unpainted
architectural,21,SB/HB Batten Cap,0,0,part,PART #,DESCRIPTION,FL-566
architectural,21,SB/HB Batten Cap,0,0,size,SIZE,DESCRIPTION,"q"" xX 34"""
architectural,21,SB/HB Batten Cap,0,0,length,LENGTH,DESCRIPTION,Specify
architectural,21,SB/HB Batten Cap,0,0,girth,GIRTH,DESCRIPTION,"2'he"""
architectural,21,SB/HB Batten Cap,0,0,weight_per_clf,"WEIGHT PER
CLF",DESCRIPTION,17#
architectural,21,SB/HB Batten Cap,0,0,galvalume_plus,"GALVALUME®
PLUS",PRICED PER 100 LINEAR FEET,✓
architectural,21,SB/HB Batten Cap,0,0,signature_200,"SIGNATURE®
200",PRICED PER 100 LINEAR FEET,✓
architectural,21,SB/HB Batten Cap,0,0,signature_300,"SIGNATURE®
300",PRICED PER 100 LINEAR FEET,✓
architectural,21,SB/HB Batten Cap,0,0,signature_300_metallic,"SIGNATURE®
300 METALLIC",PRICED PER 100 LINEAR FEET,✓
architectural,21,SB/HB Batten Cap Coupler,1,0,part,PART #,DESCRIPTION,FL-560
architectural,21,SB/HB Batten Cap Coupler,1,0,length,LENGTH,DESCRIPTION,"10'-0"""
architectural,21,SB/HB Batten Cap Coupler,1,0,girth,GIRTH,DESCRIPTION,"1%"""
architectural,21,SB/HB Batten Cap Coupler,1,0,weight_per_each,"WEIGHT PER
EACH",DESCRIPTION,1.53#
architectural,21,SB/HB Batten Cap Coupler,1,0,galvalume_plus,"GALVALUME®
PLUS",PRICED PER EACH,✓
architectural,21,SB/HB Batten Cap Coupler,1,0,signature_200,"SIGNATURE®
200",PRICED PER EACH,✓
architectural,21,SB/HB Batten Cap Coupler,1,0,signature_300,"SIGNATURE®
300",PRICED PER EACH,✓
architectural,21,SB/HB Batten Cap Coupler,1,0,signature_300_metallic,"SIGNATURE®
300 METALLIC",PRICED PER EACH,✓
architectural,21,HB Transition Filler,2,0,part,PART #,DESCRIPTION,FL-562
architectural,21,HB Transition Filler,2,0,length,LENGTH,DESCRIPTION,"10'-0"""
architectural,21,HB Transition Filler,2,0,girth,GIRTH,DESCRIPTION,"4"""
architectural,21,HB Transition Filler,2,0,weight_per_each,"WEIGHT PER
EACH",DESCRIPTION,3.25#
architectural,21,HB Transition Filler,2,0,galvalume_plus,"GALVALUME®
PLUS",PRICED PER EACH,✓
architectural,21,HB Transition Filler,2,0,signature_200,"SIGNATURE®
200",PRICED PER EACH,✓
architectural,21,HB Transition Filler,2,0,signature_300,"SIGNATURE®
300",PRICED PER EACH,✓
architectural,21,HB Transition Filler,2,0,signature_300_metallic,"SIGNATURE®
300 METALLIC",PRICED PER EACH,✓
architectural,22,LokSeam® Rib Cover,0,0,part,PART #,DESCRIPTION,FL-565
architectural,22,LokSeam® Rib Cover,0,0,length,LENGTH,DESCRIPTION,gn
architectural,22,LokSeam® Rib Cover,0,0,weight_per_each,"WEIGHT PER
EACH",DESCRIPTION,20#
architectural,22,LokSeam® Rib Cover,0,0,galvalume_plus,"GALVALUME®
PLUS®",PRICED PER EACH,✓
architectural,22,LokSeam® Rib Cover,0,0,signature_200,"SIGNATURE®
200",PRICED PER EACH,✓
architectural,22,LokSeam® Rib Cover,0,0,signature_300,"SIGNATURE®
300",PRICED PER EACH,✓
architectural,22,LokSeam® Rib Cover,0,0,signature_300_metallic,"SIGNATURE®
300 METALLIC",PRICED PER EACH,✓
architectural,22,MasterLine 16® Outside Closure - Metal,1,0,part,PART #,DESCRIPTION,HW-4067LH
architectural,22,MasterLine 16® Outside Closure - Metal,1,0,length,LENGTH,DESCRIPTION,"17"""
architectural,22,MasterLine 16® Outside Closure - Metal,1,0,weight_per_each,"WEIGHT PER
EACH",DESCRIPTION,254
architectural,22,MasterLine 16® Outside Closure - Metal,1,0,galvalume_plus,"GALVALUME®
PLUS",PRICED PER EACH,✓
architectural,22,MasterLine 16® Outside Closure - Metal,1,0,signature_200,"SIGNATURE®
200",PRICED PER EACH,✓
architectural,22,MasterLine 16® Outside Closure - Metal,1,0,signature_300,"SIGNATURE®
300",PRICED PER EACH,✓
architectural,22,MasterLine 16® Outside Closure - Metal,1,0,signature_300_metallic,"SIGNATURE®
300 METALLIC",PRICED PER EACH,✓
architectural,22,MasterLine 16® Outside Closure - Metal,1,1,part,PART #,DESCRIPTION,HW-4067RH
architectural,22,MasterLine 16® Outside Closure - Metal,1,1,length,LENGTH,DESCRIPTION,"17"""
architectural,22,MasterLine 16® Outside Closure - Metal,1,1,weight_per_each,"WEIGHT PER
EACH",DESCRIPTION,254
architectural,22,MasterLine 16® Outside Closure - Metal,1,1,galvalume_plus,"GALVALUME®
PLUS",PRICED PER EACH,✓
architectural,22,MasterLine 16® Outside Closure - Metal,1,1,signature_200,"SIGNATURE®
200",PRICED PER EACH,✓
architectural,22,MasterLine 16® Outside Closure - Metal,1,1,signature_300,"SIGNATURE®
300",PRICED PER EACH,✓
architectural,22,MasterLine 16® Outside Closure - Metal,1,1,signature_300_metallic,"SIGNATURE®
300 METALLIC",PRICED PER EACH,✓
architectural,22,LokSeam® Standard Clip,2,0,column_1,,,DESCRIPTION
architectural,22,LokSeam® Standard Clip,2,0,column_4,,,PRICED PER 100
architectural,22,LokSeam® Standard Clip,2,1,column_1,,,PART #
architectural,22,LokSeam® Standard Clip,2,1,column_2,,,FINISH
architectural,22,LokSeam® Standard Clip,2,1,column_3,,,WEIGHT PER 100
architectural,22,LokSeam® Standard Clip,2,1,column_4,,,PRICE
architectural,22,LokSeam® Standard Clip,2,2,column_1,,,HW-6200
architectural,22,LokSeam® Standard Clip,2,2,column_2,,,Galvanized
architectural,22,LokSeam® Standard Clip,2,2,column_3,,,8./5#
architectural,22,LokSeam® Standard Clip,2,2,column_4,,,v
architectural,23,LokSeam® UL90 Clip,0,0,column_1,,,DESCRIPTION
architectural,23,LokSeam® UL90 Clip,0,0,column_4,,,PRICED PER 100
architectural,23,LokSeam® UL90 Clip,0,1,column_1,,,PART #
architectural,23,LokSeam® UL90 Clip,0,1,column_2,,,FINISH
architectural,23,LokSeam® UL90 Clip,0,1,column_3,,,WEIGHT PER 100
architectural,23,LokSeam® UL90 Clip,0,1,column_4,,,PRICE
architectural,23,LokSeam® UL90 Clip,0,2,column_1,,,HW-6400
architectural,23,LokSeam® UL90 Clip,0,2,column_2,,,Galvanized
architectural,23,LokSeam® UL90 Clip,0,2,column_3,,,16.00#
architectural,23,LokSeam® UL90 Clip,0,2,column_4,,,v
architectural,23,FlexLoc® Clip,1,0,column_1,,,DESCRIPTION
architectural,23,FlexLoc® Clip,1,0,column_4,,,PRICED PER 100
architectural,23,FlexLoc® Clip,1,1,column_1,,,PART #
architectural,23,FlexLoc® Clip,1,1,column_2,,,FINISH
architectural,23,FlexLoc® Clip,1,1,column_3,,,WEIGHT PER 100
architectural,23,FlexLoc® Clip,1,1,column_4,,,PRICE
architectural,23,FlexLoc® Clip,1,2,column_1,,,HW-4900
architectural,23,FlexLoc® Clip,1,2,column_2,,,Galvalume® Plus
architectural,23,FlexLoc® Clip,1,2,column_3,,,1.07#
architectural,23,FlexLoc® Clip,1,2,column_4,,,v
architectural,23,SB Clip,2,0,column_1,,,DESCRIPTION
architectural,23,SB Clip,2,0,column_4,,,PRICED PER 100
architectural,23,SB Clip,2,1,column_1,,,PART #
architectural,23,SB Clip,2,1,column_2,,,FINISH
architectural,23,SB Clip,2,1,column_3,,,WEIGHT PER 100
architectural,23,SB Clip,2,1,column_4,,,PRICE
architectural,23,SB Clip,2,2,column_1,,,HW-4500
architectural,23,SB Clip,2,2,column_2,,,Galvalume® Plus
architectural,23,SB Clip,2,2,column_3,,,4.40#
architectural,23,SB Clip,2,2,column_4,,,v
architectural,24,HB Clip,0,0,column_1,,,DESCRIPTION
architectural,24,HB Clip,0,0,column_4,,,PRICED PER 100
architectural,24,HB Clip,0,1,column_1,,,PART #
architectural,24,HB Clip,0,1,column_2,,,FINISH
architectural,24,HB Clip,0,1,column_3,,,WEIGHT PER 100
architectural,24,HB Clip,0,1,column_4,,,PRICE
architectural,24,HB Clip,0,2,column_1,,,HW-4800
architectural,24,HB Clip,0,2,column_2,,,Galvalume® Plus
architectural,24,HB Clip,0,2,column_3,,,5.00#
architectural,24,HB Clip,0,2,column_4,,,v
architectural,24,Bearing Plate,1,0,column_1,,,DESCRIPTION
architectural,24,Bearing Plate,1,0,column_4,,,PRICED PER 100
architectural,24,Bearing Plate,1,1,column_1,,,PART #
architectural,24,Bearing Plate,1,1,column_2,,,GAUGE
architectural,24,Bearing Plate,1,1,column_3,,,WEIGHT PER 100
architectural,24,Bearing Plate,1,1,column_4,,,RED OXIDE
architectural,24,Bearing Plate,1,1,column_5,,,GALVANIZED
architectural,24,Bearing Plate,1,2,column_1,,,HW-7500
architectural,24,Bearing Plate,1,2,column_2,,,16
architectural,24,Bearing Plate,1,2,column_3,,,32.18#
architectural,24,Bearing Plate,1,2,column_4,,,v
architectural,24,Bearing Plate,1,2,column_5,,,v
architectural,25,"ShadowRrib"" Starter Angle",0,0,part,PART #,DESCRIPTION,HW-4650
architectural,25,"ShadowRrib"" Starter Angle",0,0,gauge,GAUGE,DESCRIPTION,18
architectural,25,"ShadowRrib"" Starter Angle",0,0,length,LENGTH,DESCRIPTION,"10'-O"""
architectural,25,"ShadowRrib"" Starter Angle",0,0,finish,FINISH,DESCRIPTION,Galvanized
architectural,25,"ShadowRrib"" Starter Angle",0,0,weight_per_each,WEIGHT PER EACH,DESCRIPTION,6.26#
architectural,25,"ShadowRrib"" Starter Angle",0,0,price,PRICE,,✓
architectural,25,ShadowRkib™ Clip,1,0,column_1,,,DESCRIPTION
architectural,25,ShadowRkib™ Clip,1,0,column_5,,,PRICED PER EACH
architectural,25,ShadowRkib™ Clip,1,1,column_1,,,PART #
architectural,25,ShadowRkib™ Clip,1,1,column_2,,,GAUGE
architectural,25,ShadowRkib™ Clip,1,1,column_3,,,FINISH
architectural,25,ShadowRkib™ Clip,1,1,column_4,,,WEIGHT PER 100
architectural,25,ShadowRkib™ Clip,1,1,column_5,,,PRICE
architectural,25,ShadowRkib™ Clip,1,2,column_1,,,HW-6602
architectural,25,ShadowRkib™ Clip,1,2,column_2,,,16
architectural,25,ShadowRkib™ Clip,1,2,column_3,,,Red Oxide
architectural,25,ShadowRkib™ Clip,1,2,column_4,,,35H
architectural,25,ShadowRkib™ Clip,1,2,column_5,,,v
architectural,25,Support Plate,2,0,part,PART #,DESCRIPTION,P-140
architectural,25,Support Plate,2,0,gauge,GAUGE,DESCRIPTION,14
architectural,25,Support Plate,2,0,length,LENGTH,DESCRIPTION,"10'-0"""
architectural,25,Support Plate,2,0,finish,FINISH,DESCRIPTION,Red Oxide
architectural,25,Support Plate,2,0,girth,GIRTH,DESCRIPTION,"23%"""
architectural,25,Support Plate,2,0,weight_each,WEIGHT EACH,DESCRIPTION,54.35#
architectural,25,Support Plate,2,0,price,PRICE,,✓
architectural,25,Support Plate,3,0,part,PART #,DESCRIPTION,P-141
architectural,25,Support Plate,3,0,gauge,GAUGE,DESCRIPTION,14
architectural,25,Support Plate,3,0,length,LENGTH,DESCRIPTION,"10'-0"""
architectural,25,Support Plate,3,0,finish,FINISH,DESCRIPTION,Red Oxide
architectural,25,Support Plate,3,0,girth,GIRTH,DESCRIPTION,"23%"""
architectural,25,Support Plate,3,0,weight_each,WEIGHT EACH,DESCRIPTION,54.35#
architectural,25,Support Plate,3,0,price,PRICE,,✓
architectural,26,MasterLine 16® Sheathing Support Angle,0,0,part,PART #,DESCRIPTION,HW-4651
architectural,26,MasterLine 16® Sheathing Support Angle,0,0,gauge,GAUGE,DESCRIPTION,18
architectural,26,MasterLine 16® Sheathing Support Angle,0,0,length,LENGTH,DESCRIPTION,"10'-O"""
architectural,26,MasterLine 16® Sheathing Support Angle,0,0,finish,FINISH,DESCRIPTION,Galvanized
architectural,26,MasterLine 16® Sheathing Support Angle,0,0,weight_each,WEIGHT EACH,DESCRIPTION,9.38#
architectural,26,MasterLine 16® Sheathing Support Angle,0,0,price,PRICE,,✓
architectural,26,MasterLine 16® Sheathing Support Angle,1,0,part,PART #,DESCRIPTION,HW-4652
architectural,26,MasterLine 16® Sheathing Support Angle,1,0,gauge,GAUGE,DESCRIPTION,18
architectural,26,MasterLine 16® Sheathing Support Angle,1,0,length,LENGTH,DESCRIPTION,"10'-O"""
architectural,26,MasterLine 16® Sheathing Support Angle,1,0,finish,FINISH,DESCRIPTION,Galvanized
architectural,26,MasterLine 16® Sheathing Support Angle,1,0,weight_each,WEIGHT EACH,DESCRIPTION,9.38#
architectural,26,MasterLine 16® Sheathing Support Angle,1,0,price,PRICE,,✓
architectural,26,Rake Support Floating,2,0,part,PART #,DESCRIPTION,HW-4680
architectural,26,Rake Support Floating,2,0,gauge,GAUGE,DESCRIPTION,14
architectural,26,Rake Support Floating,2,0,length,LENGTH,DESCRIPTION,"20'-0"""
architectural,26,Rake Support Floating,2,0,finish,FINISH,DESCRIPTION,Red Oxide
architectural,26,Rake Support Floating,2,0,weight_per_each,"WEIGHT PER
EACH",DESCRIPTION,18.77#
architectural,26,Rake Support Floating,2,0,red_oxide,RED OXIDE,PRICED PER EACH,✓
architectural,26,Rake Support Floating,2,0,galvanized,GALVANIZED,PRICED PER EACH,✓
architectural,27,Back-Up Plate Vertical Leg,0,0,part,PART #,DESCRIPTION,HW-7762
architectural,27,Back-Up Plate Vertical Leg,0,0,gauge,GAUGE,DESCRIPTION,16
architectural,27,Back-Up Plate Vertical Leg,0,0,width,WIDTH,DESCRIPTION,"18"""
architectural,27,Back-Up Plate Vertical Leg,0,0,weight_per_each,WEIGHT PER EACH,DESCRIPTION,2.28#
architectural,27,Back-Up Plate Vertical Leg,0,0,red_oxide,RED OXIDE,PRICED PER EACH,✓
architectural,27,Back-Up Plate Vertical Leg,0,0,galvanized,GALVANIZED,PRICED PER EACH,N/A
architectural,27,Back-Up Plate Vertical Leg,0,1,part,PART #,DESCRIPTION,HW-7766
architectural,27,Back-Up Plate Vertical Leg,0,1,gauge,GAUGE,DESCRIPTION,16
architectural,27,Back-Up Plate Vertical Leg,0,1,width,WIDTH,DESCRIPTION,"16"""
architectural,27,Back-Up Plate Vertical Leg,0,1,weight_per_each,WEIGHT PER EACH,DESCRIPTION,2.02#
architectural,27,Back-Up Plate Vertical Leg,0,1,red_oxide,RED OXIDE,PRICED PER EACH,✓
architectural,27,Back-Up Plate Vertical Leg,0,1,galvanized,GALVANIZED,PRICED PER EACH,✓
architectural,27,Back-Up Plate Vertical Leg,0,2,part,PART #,DESCRIPTION,HW-7764
architectural,27,Back-Up Plate Vertical Leg,0,2,gauge,GAUGE,DESCRIPTION,16
architectural,27,Back-Up Plate Vertical Leg,0,2,width,WIDTH,DESCRIPTION,"42"""
architectural,27,Back-Up Plate Vertical Leg,0,2,weight_per_each,WEIGHT PER EACH,DESCRIPTION,1.50#
architectural,27,Back-Up Plate Vertical Leg,0,2,red_oxide,RED OXIDE,PRICED PER EACH,✓
architectural,27,Back-Up Plate Vertical Leg,0,2,galvanized,GALVANIZED,PRICED PER EACH,✓
architectural,27,Tape Sealer - Triple Bead,1,0,part,PART #,DESCRIPTION,HW-502
architectural,27,Tape Sealer - Triple Bead,1,0,type,TYPE,DESCRIPTION,Butyl
architectural,27,Tape Sealer - Triple Bead,1,0,width,WIDTH,DESCRIPTION,"272"""
architectural,27,Tape Sealer - Triple Bead,1,0,thickness,THICKNESS,DESCRIPTION,"she"""
architectural,27,Tape Sealer - Triple Bead,1,0,length,LENGTH,DESCRIPTION,"20'-0"""
architectural,27,Tape Sealer - Triple Bead,1,0,carton_qty,CARTON QTY,DESCRIPTION,6
architectural,27,Tape Sealer - Triple Bead,1,0,gcarton_weight,"GCARTON
WEIGHT",DESCRIPTION,23.00#
architectural,27,Tape Sealer - Triple Bead,1,0,price,PRICE,,✓
architectural,27,Tape Sealer - Tri-Bead,2,0,part,PART #,DESCRIPTION,HW-504
architectural,27,Tape Sealer - Tri-Bead,2,0,type,TYPE,DESCRIPTION,Butyl
architectural,27,Tape Sealer - Tri-Bead,2,0,width,WIDTH,DESCRIPTION,"Ip"""
architectural,27,Tape Sealer - Tri-Bead,2,0,thickness,THICKNESS,DESCRIPTION,"Fhe"""
architectural,27,Tape Sealer - Tri-Bead,2,0,length,LENGTH,DESCRIPTION,"25'-0"""
architectural,27,Tape Sealer - Tri-Bead,2,0,carton_qty,CARTON QTY,DESCRIPTION,8
architectural,27,Tape Sealer - Tri-Bead,2,0,gcarton_weight,"GCARTON
WEIGHT",DESCRIPTION,20.00#
architectural,27,Tape Sealer - Tri-Bead,2,0,price,PRICE,,✓
architectural,28,Tube Sealant,0,0,part,PART #,DESCRIPTION,HW-548
architectural,28,Tube Sealant,0,0,type,TYPE,DESCRIPTION,Acrylic
architectural,28,Tube Sealant,0,0,color,COLOR,DESCRIPTION,White
architectural,28,Tube Sealant,0,0,tube_size,TUBE SIZE,DESCRIPTION,11 Ounce
architectural,28,Tube Sealant,0,0,tube_weight,TUBE WEIGHT,DESCRIPTION,SDF
architectural,28,Tube Sealant,0,0,price,PRICE,,✓
architectural,28,Tube Sealant,0,1,part,PART #,DESCRIPTION,HW-550
architectural,28,Tube Sealant,0,1,type,TYPE,DESCRIPTION,Acrylic
architectural,28,Tube Sealant,0,1,color,COLOR,DESCRIPTION,Gray
architectural,28,Tube Sealant,0,1,tube_size,TUBE SIZE,DESCRIPTION,11 Ounce
architectural,28,Tube Sealant,0,1,tube_weight,TUBE WEIGHT,DESCRIPTION,SSF
architectural,28,Tube Sealant,0,1,price,PRICE,,✓
architectural,28,Tube Sealant,0,2,part,PART #,DESCRIPTION,HW-540
architectural,28,Tube Sealant,0,2,type,TYPE,DESCRIPTION,Urethane
architectural,28,Tube Sealant,0,2,color,COLOR,DESCRIPTION,White
architectural,28,Tube Sealant,0,2,tube_size,TUBE SIZE,DESCRIPTION,11 Ounce
architectural,28,Tube Sealant,0,2,tube_weight,TUBE WEIGHT,DESCRIPTION,85#
architectural,28,Tube Sealant,0,2,price,PRICE,,✓
architectural,28,Tube Sealant,0,3,part,PART #,DESCRIPTION,HW-541
architectural,28,Tube Sealant,0,3,type,TYPE,DESCRIPTION,Urethane
architectural,28,Tube Sealant,0,3,color,COLOR,DESCRIPTION,Gray
architectural,28,Tube Sealant,0,3,tube_size,TUBE SIZE,DESCRIPTION,11 Ounce
architectural,28,Tube Sealant,0,3,tube_weight,TUBE WEIGHT,DESCRIPTION,85#
architectural,28,Tube Sealant,0,3,price,PRICE,,✓
architectural,28,Tube Sealant,0,4,part,PART #,DESCRIPTION,HW-542
architectural,28,Tube Sealant,0,4,type,TYPE,DESCRIPTION,Urethane
architectural,28,Tube Sealant,0,4,color,COLOR,DESCRIPTION,Bronze
architectural,28,Tube Sealant,0,4,tube_size,TUBE SIZE,DESCRIPTION,11 Ounce
architectural,28,Tube Sealant,0,4,tube_weight,TUBE WEIGHT,DESCRIPTION,85H
architectural,28,Tube Sealant,0,4,price,PRICE,,✓
architectural,28,Tube Sealant,0,5,part,PART #,DESCRIPTION,HW-544
architectural,28,Tube Sealant,0,5,type,TYPE,DESCRIPTION,Urethane
architectural,28,Tube Sealant,0,5,color,COLOR,DESCRIPTION,Almond
architectural,28,Tube Sealant,0,5,tube_size,TUBE SIZE,DESCRIPTION,11 Ounce
architectural,28,Tube Sealant,0,5,tube_weight,TUBE WEIGHT,DESCRIPTION,85#
architectural,28,Tube Sealant,0,5,price,PRICE,,✓
architectural,28,Tube Sealant,0,6,part,PART #,DESCRIPTION,HW-549
architectural,28,Tube Sealant,0,6,type,TYPE,DESCRIPTION,Non-Skinning Butyl
architectural,28,Tube Sealant,0,6,color,COLOR,DESCRIPTION,White
architectural,28,Tube Sealant,0,6,tube_size,TUBE SIZE,DESCRIPTION,10 Ounce
architectural,28,Tube Sealant,0,6,tube_weight,TUBE WEIGHT,DESCRIPTION,1.00#
architectural,28,Tube Sealant,0,6,price,PRICE,,✓
architectural,28,Metal Vent Material,1,0,part,PART #,DESCRIPTION,HW-525
architectural,28,Metal Vent Material,1,0,type,TYPE,DESCRIPTION,Metal
architectural,28,Metal Vent Material,1,0,width,WIDTH,DESCRIPTION,"4y"""
architectural,28,Metal Vent Material,1,0,gauge,GAUGE,DESCRIPTION,24
architectural,28,Metal Vent Material,1,0,length,LENGTH,DESCRIPTION,"g'-o"""
architectural,28,Metal Vent Material,1,0,weight_per_each,WEIGHT PER EACH,DESCRIPTION,4.25#
architectural,28,Metal Vent Material,1,0,price,PRICE,,✓
architectural,28,Reflective Insulation,2,0,part,PART #,DESCRIPTION,HW-3925
architectural,28,Reflective Insulation,2,0,type,TYPE,DESCRIPTION,SolarGuard
architectural,28,Reflective Insulation,2,0,width,WIDTH,DESCRIPTION,"A'-Q"""
architectural,28,Reflective Insulation,2,0,length,LENGTH,DESCRIPTION,"125'-0"""
architectural,28,Reflective Insulation,2,0,weight_per_roll,WEIGHT PER ROLL,DESCRIPTION,31.00#
architectural,28,Reflective Insulation,2,0,price,PRICE,,✓
architectural,28,Reflective Insulation,2,1,part,PART #,DESCRIPTION,HW-3926
architectural,28,Reflective Insulation,2,1,type,TYPE,DESCRIPTION,SolarGuard
architectural,28,Reflective Insulation,2,1,width,WIDTH,DESCRIPTION,"6'-0"""
architectural,28,Reflective Insulation,2,1,length,LENGTH,DESCRIPTION,"125'-0"""
architectural,28,Reflective Insulation,2,1,weight_per_roll,WEIGHT PER ROLL,DESCRIPTION,46.50#
architectural,28,Reflective Insulation,2,1,price,PRICE,,✓
architectural,29,Scrimless Aluminum Tape,0,0,column_1,,,DESCRIPTION
architectural,29,Scrimless Aluminum Tape,0,0,column_5,,,PRICED PER ROLL
architectural,29,Scrimless Aluminum Tape,0,1,column_1,,,PART #
architectural,29,Scrimless Aluminum Tape,0,1,column_2,,,WIDTH
architectural,29,Scrimless Aluminum Tape,0,1,column_3,,,LENGTH
architectural,29,Scrimless Aluminum Tape,0,1,column_4,,,WEIGHT PER ROLL
architectural,29,Scrimless Aluminum Tape,0,1,column_5,,,PRICE
architectural,29,Scrimless Aluminum Tape,0,2,column_1,,,HW-514
architectural,29,Scrimless Aluminum Tape,0,2,column_2,,,"3"""
architectural,29,Scrimless Aluminum Tape,0,2,column_3,,,"150'-0"""
architectural,29,Scrimless Aluminum Tape,0,2,column_4,,,1.50#
architectural,29,Scrimless Aluminum Tape,0,2,column_5,,,v
architectural,29,Classic® Series Closures - Outside,1,0,column_1,,,DESCRIPTION
architectural,29,Classic® Series Closures - Outside,1,0,column_4,,,PRICED PER EACH
architectural,29,Classic® Series Closures - Outside,1,1,column_1,,,PART #
architectural,29,Classic® Series Closures - Outside,1,1,column_2,,,PROFILE
architectural,29,Classic® Series Closures - Outside,1,1,column_3,,,WEIGHT PER EACH
architectural,29,Classic® Series Closures - Outside,1,1,column_4,,,PRICE
architectural,29,Classic® Series Closures - Outside,1,2,column_1,,,HW-408
architectural,29,Classic® Series Closures - Outside,1,2,column_2,,,P16
architectural,29,Classic® Series Closures - Outside,1,2,column_3,,,A6#
architectural,29,Classic® Series Closures - Outside,1,2,column_4,,,v
architectural,29,MasterLine 16® Closures - Outside,2,0,column_1,,,DESCRIPTION
architectural,29,MasterLine 16® Closures - Outside,2,0,column_4,,,PRICED PER EACH
architectural,29,MasterLine 16® Closures - Outside,2,1,column_1,,,PART #
architectural,29,MasterLine 16® Closures - Outside,2,1,column_2,,,PROFILE
architectural,29,MasterLine 16® Closures - Outside,2,1,column_3,,,WEIGHT EACH
architectural,29,MasterLine 16® Closures - Outside,2,1,column_4,,,PRICE
architectural,29,MasterLine 16® Closures - Outside,2,2,column_1,,,HW-433
architectural,29,MasterLine 16® Closures - Outside,2,2,column_2,,,MasterLine 16®
architectural,29,MasterLine 16® Closures - Outside,2,2,column_3,,,O4#
architectural,29,MasterLine 16® Closures - Outside,2,2,column_4,,,v
architectural,29,ShadowRib™ Closures - Inside,3,0,column_1,,,DESCRIPTION
architectural,29,ShadowRib™ Closures - Inside,3,0,column_4,,,PRICED PER EACH
architectural,29,ShadowRib™ Closures - Inside,3,1,column_1,,,PART #
architectural,29,ShadowRib™ Closures - Inside,3,1,column_2,,,PROFILE
architectural,29,ShadowRib™ Closures - Inside,3,1,column_3,,,WEIGHT PER EACH
architectural,29,ShadowRib™ Closures - Inside,3,1,column_4,,,PRICE
architectural,29,ShadowRib™ Closures - Inside,3,2,column_1,,,HW-410
architectural,29,ShadowRib™ Closures - Inside,3,2,column_2,,,ShadowkRib™
architectural,29,ShadowRib™ Closures - Inside,3,2,column_3,,,AH
architectural,29,ShadowRib™ Closures - Inside,3,2,column_4,,,v
architectural,29,"Shadowkib""™ Closures - Outside",4,0,column_1,,,DESCRIPTION
architectural,29,"Shadowkib""™ Closures - Outside",4,0,column_4,,,PRICED PER EACH
architectural,29,"Shadowkib""™ Closures - Outside",4,1,column_1,,,PART #
architectural,29,"Shadowkib""™ Closures - Outside",4,1,column_2,,,PROFILE
architectural,29,"Shadowkib""™ Closures - Outside",4,1,column_3,,,WEIGHT PER EACH
architectural,29,"Shadowkib""™ Closures - Outside",4,1,column_4,,,PRICE
architectural,29,"Shadowkib""™ Closures - Outside",4,2,column_1,,,HW-412
architectural,29,"Shadowkib""™ Closures - Outside",4,2,column_2,,,ShadowkRib™
architectural,29,"Shadowkib""™ Closures - Outside",4,2,column_3,,,10#
architectural,29,"Shadowkib""™ Closures - Outside",4,2,column_4,,,v
architectural,30,Miscellaneous Closures,0,0,column_1,,,DESCRIPTION
architectural,30,Miscellaneous Closures,0,0,column_4,,,PRICED PER EACH
architectural,30,Miscellaneous Closures,0,1,column_1,,,PART #
architectural,30,Miscellaneous Closures,0,1,column_2,,,PROFILE
architectural,30,Miscellaneous Closures,0,1,column_3,,,WEIGHT PER EACH
architectural,30,Miscellaneous Closures,0,1,column_4,,,PRICE
architectural,30,Miscellaneous Closures,0,2,column_1,,,HW-414
architectural,30,Miscellaneous Closures,0,2,column_2,,,"1%"" x 1"" x 48"""
architectural,30,Miscellaneous Closures,0,2,column_3,,,13#
architectural,30,Miscellaneous Closures,0,2,column_4,,,v
architectural,30,Miscellaneous Closures,0,3,column_1,,,HW-416
architectural,30,Miscellaneous Closures,0,3,column_2,,,"2"" x 1"" x 48"""
architectural,30,Miscellaneous Closures,0,3,column_3,,,.16#
architectural,30,Miscellaneous Closures,0,3,column_4,,,v
architectural,30,Miscellaneous Closures,0,4,column_1,,,HW-418
architectural,30,Miscellaneous Closures,0,4,column_2,,,"1%"" x 1"" x 48"""
architectural,30,Miscellaneous Closures,0,4,column_3,,,15#
architectural,30,Miscellaneous Closures,0,4,column_4,,,v
architectural,30,Miscellaneous Closures,0,5,column_1,,,HW-420
architectural,30,Miscellaneous Closures,0,5,column_2,,,"1""x 1"" x 48"""
architectural,30,Miscellaneous Closures,0,5,column_3,,,AO#
architectural,30,Miscellaneous Closures,0,5,column_4,,,v
architectural,30,Miscellaneous Closures,0,6,column_1,,,HW-422
architectural,30,Miscellaneous Closures,0,6,column_2,,,"1¥2"" x 1"" x 48"""
architectural,30,Miscellaneous Closures,0,6,column_3,,,134
architectural,30,Miscellaneous Closures,0,6,column_4,,,v
architectural,30,NuWall® Closures - Outside,1,0,column_1,,,DESCRIPTION
architectural,30,NuWall® Closures - Outside,1,0,column_4,,,PRICED PER EACH
architectural,30,NuWall® Closures - Outside,1,1,column_1,,,PART #
architectural,30,NuWall® Closures - Outside,1,1,column_2,,,PROFILE
architectural,30,NuWall® Closures - Outside,1,1,column_3,,,WEIGHT PER CARTON
architectural,30,NuWall® Closures - Outside,1,1,column_4,,,PRICE
architectural,30,NuWall® Closures - Outside,1,2,column_1,,,HW-424
architectural,30,NuWall® Closures - Outside,1,2,column_2,,,NuWall®
architectural,30,NuWall® Closures - Outside,1,2,column_3,,,10#
architectural,30,NuWall® Closures - Outside,1,2,column_4,,,v
architectural,30,"Designer"" Series 16"" Fluted Closure - Inside",2,0,column_1,,,DESCRIPTION
architectural,30,"Designer"" Series 16"" Fluted Closure - Inside",2,0,column_4,,,PRICED PER EACH
architectural,30,"Designer"" Series 16"" Fluted Closure - Inside",2,1,column_1,,,PART #
architectural,30,"Designer"" Series 16"" Fluted Closure - Inside",2,1,column_2,,,PROFILE
architectural,30,"Designer"" Series 16"" Fluted Closure - Inside",2,1,column_3,,,WEIGHT PER CARTON
architectural,30,"Designer"" Series 16"" Fluted Closure - Inside",2,1,column_4,,,PRICE
architectural,30,"Designer"" Series 16"" Fluted Closure - Inside",2,2,column_1,,,HW-4059
architectural,30,"Designer"" Series 16"" Fluted Closure - Inside",2,2,column_2,,,"Designer"" Series 16"" Fluted"
architectural,30,"Designer"" Series 16"" Fluted Closure - Inside",2,2,column_3,,,20#
architectural,30,"Designer"" Series 16"" Fluted Closure - Inside",2,2,column_4,,,v
architectural,30,"Designer"" Series 16"" Fluted Closure - Outside",3,0,column_1,,,DESCRIPTION
architectural,30,"Designer"" Series 16"" Fluted Closure - Outside",3,0,column_4,,,PRICED PER EACH
architectural,30,"Designer"" Series 16"" Fluted Closure - Outside",3,1,column_1,,,PART #
architectural,30,"Designer"" Series 16"" Fluted Closure - Outside",3,1,column_2,,,PROFILE
architectural,30,"Designer"" Series 16"" Fluted Closure - Outside",3,1,column_3,,,WEIGHT PER CARTON
architectural,30,"Designer"" Series 16"" Fluted Closure - Outside",3,1,column_4,,,PRICE
architectural,30,"Designer"" Series 16"" Fluted Closure - Outside",3,2,column_1,,,HW-4037
architectural,30,"Designer"" Series 16"" Fluted Closure - Outside",3,2,column_2,,,"Designer"" Series 16"" Fluted"
architectural,30,"Designer"" Series 16"" Fluted Closure - Outside",3,2,column_3,,,20#
architectural,30,"Designer"" Series 16"" Fluted Closure - Outside",3,2,column_4,,,v
architectural,30,"Designer™ Series 12"" Flat Closure - Inside",4,0,column_1,,,DESCRIPTION
architectural,30,"Designer™ Series 12"" Flat Closure - Inside",4,0,column_4,,,PRICED PER EACH
architectural,30,"Designer™ Series 12"" Flat Closure - Inside",4,1,column_1,,,PART #
architectural,30,"Designer™ Series 12"" Flat Closure - Inside",4,1,column_2,,,PROFILE
architectural,30,"Designer™ Series 12"" Flat Closure - Inside",4,1,column_3,,,WEIGHT PER CARTON
architectural,30,"Designer™ Series 12"" Flat Closure - Inside",4,1,column_4,,,PRICE
architectural,30,"Designer™ Series 12"" Flat Closure - Inside",4,2,column_1,,,HW-4058
architectural,30,"Designer™ Series 12"" Flat Closure - Inside",4,2,column_2,,,"Designer"" Series 12"" Flat"
architectural,30,"Designer™ Series 12"" Flat Closure - Inside",4,2,column_3,,,15H
architectural,30,"Designer™ Series 12"" Flat Closure - Inside",4,2,column_4,,,v
architectural,31,Panel Hemming Tool,0,0,column_1,,,DESCRIPTION
architectural,31,Panel Hemming Tool,0,0,column_4,,,PRICED PER EACH
architectural,31,Panel Hemming Tool,0,1,column_1,,,PART #
architectural,31,Panel Hemming Tool,0,1,column_2,,,PROFILE
architectural,31,Panel Hemming Tool,0,1,column_3,,,WEIGHT PER EACH
architectural,31,Panel Hemming Tool,0,1,column_4,,,PRICE
architectural,31,Panel Hemming Tool,0,2,column_1,,,HW-602
architectural,31,Panel Hemming Tool,0,2,column_2,,,"49"""
architectural,31,Panel Hemming Tool,0,2,column_3,,,4.254
architectural,31,Panel Hemming Tool,0,2,column_4,,,v
architectural,31,Touch Up Paint,1,0,part,PART #,DESCRIPTION,HW-304
architectural,31,Touch Up Paint,1,0,finish,FINISH,DESCRIPTION,Signature® 200
architectural,31,Touch Up Paint,1,0,size,SIZE,DESCRIPTION,2 Ounce
architectural,31,Touch Up Paint,1,0,color,COLOR,DESCRIPTION,See Color Chart
architectural,31,Touch Up Paint,1,0,weight_per_each,WEIGHT PER EACH,DESCRIPTION,OF
architectural,31,Touch Up Paint,1,0,price,PRICE,,✓
architectural,31,Touch Up Paint,1,1,part,PART #,DESCRIPTION,HW-305
architectural,31,Touch Up Paint,1,1,finish,FINISH,DESCRIPTION,Signature® 300
architectural,31,Touch Up Paint,1,1,size,SIZE,DESCRIPTION,2 Ounce
architectural,31,Touch Up Paint,1,1,color,COLOR,DESCRIPTION,See Color Chart
architectural,31,Touch Up Paint,1,1,weight_per_each,WEIGHT PER EACH,DESCRIPTION,50#
architectural,31,Touch Up Paint,1,1,price,PRICE,,✓
architectural,32,Closure Angle,0,0,part,PART #,DESCRIPTION,T-5005
architectural,32,Closure Angle,0,0,length,LENGTH,DESCRIPTION,iOZE
architectural,32,Closure Angle,0,0,girth,GIRTH,DESCRIPTION,"3"""
architectural,32,Closure Angle,0,0,type,TYPE,DESCRIPTION,Inside
architectural,32,Closure Angle,0,0,weight_per_each,"WEIGHT PER
EACH",DESCRIPTION,2.48#
architectural,32,Closure Angle,0,0,galvalume_plus,"GALVALUME®
PLUS",PRICED PER EACH,✓
architectural,32,Closure Angle,0,0,signature_200,"SIGNATURE®
200",PRICED PER EACH,✓
architectural,32,Closure Angle,0,0,signature_300,"SIGNATURE®
300",PRICED PER EACH,✓
architectural,32,Closure Angle,0,0,signature_300_metallic,"SIGNATURE®
300 METALLIC",PRICED PER EACH,✓
architectural,32,Closure Angle,0,1,part,PART #,DESCRIPTION,T-5006
architectural,32,Closure Angle,0,1,length,LENGTH,DESCRIPTION,iOze2E
architectural,32,Closure Angle,0,1,girth,GIRTH,DESCRIPTION,"3"""
architectural,32,Closure Angle,0,1,type,TYPE,DESCRIPTION,Outside
architectural,32,Closure Angle,0,1,weight_per_each,"WEIGHT PER
EACH",DESCRIPTION,2 48#
architectural,32,Closure Angle,0,1,galvalume_plus,"GALVALUME®
PLUS",PRICED PER EACH,✓
architectural,32,Closure Angle,0,1,signature_200,"SIGNATURE®
200",PRICED PER EACH,✓
architectural,32,Closure Angle,0,1,signature_300,"SIGNATURE®
300",PRICED PER EACH,✓
architectural,32,Closure Angle,0,1,signature_300_metallic,"SIGNATURE®
300 METALLIC",PRICED PER EACH,✓
architectural,32,Z Closure,1,0,part,PART #,DESCRIPTION,T-5011
architectural,32,Z Closure,1,0,dim_a,"DIM ""A""",DESCRIPTION,ile
architectural,32,Z Closure,1,0,length,LENGTH,DESCRIPTION,"10'-2"""
architectural,32,Z Closure,1,0,girth,GIRTH,DESCRIPTION,"3"""
architectural,32,Z Closure,1,0,weight_per_each,"WEIGHT PER
EACH",DESCRIPTION,2484
architectural,32,Z Closure,1,0,galvalume_plus,"GALVALUME®
PLUS",PRICED PER EACH,✓
architectural,32,Z Closure,1,0,signature_200,"SIGNATURE®
200",PRICED PER EACH,✓
architectural,32,Z Closure,1,0,signature_300,"SIGNATURE®
300",PRICED PER EACH,✓
architectural,32,Z Closure,1,0,signature_300_metallic,"SIGNATURE®
300 METALLIC",PRICED PER EACH,✓
architectural,32,Z Closure,1,1,part,PART #,DESCRIPTION,T-5012
architectural,32,Z Closure,1,1,dim_a,"DIM ""A""",DESCRIPTION,"1%"""
architectural,32,Z Closure,1,1,length,LENGTH,DESCRIPTION,"10'-2"""
architectural,32,Z Closure,1,1,girth,GIRTH,DESCRIPTION,"3%"""
architectural,32,Z Closure,1,1,weight_per_each,"WEIGHT PER
EACH",DESCRIPTION,2.594
architectural,32,Z Closure,1,1,galvalume_plus,"GALVALUME®
PLUS",PRICED PER EACH,✓
architectural,32,Z Closure,1,1,signature_200,"SIGNATURE®
200",PRICED PER EACH,✓
architectural,32,Z Closure,1,1,signature_300,"SIGNATURE®
300",PRICED PER EACH,✓
architectural,32,Z Closure,1,1,signature_300_metallic,"SIGNATURE®
300 METALLIC",PRICED PER EACH,✓
architectural,32,Z Closure,1,2,part,PART #,DESCRIPTION,T-5014
architectural,32,Z Closure,1,2,dim_a,"DIM ""A""",DESCRIPTION,"134"""
architectural,32,Z Closure,1,2,length,LENGTH,DESCRIPTION,"10'-2"""
architectural,32,Z Closure,1,2,girth,GIRTH,DESCRIPTION,"23 34"""
architectural,32,Z Closure,1,2,weight_per_each,"WEIGHT PER
EACH",DESCRIPTION,3.10#
architectural,32,Z Closure,1,2,galvalume_plus,"GALVALUME®
PLUS",PRICED PER EACH,✓
architectural,32,Z Closure,1,2,signature_200,"SIGNATURE®
200",PRICED PER EACH,✓
architectural,32,Z Closure,1,2,signature_300,"SIGNATURE®
300",PRICED PER EACH,✓
architectural,32,Z Closure,1,2,signature_300_metallic,"SIGNATURE®
300 METALLIC",PRICED PER EACH,✓
architectural,32,Z Closure,1,3,part,PART #,DESCRIPTION,T-5015
architectural,32,Z Closure,1,3,dim_a,"DIM ""A""",DESCRIPTION,ys
architectural,32,Z Closure,1,3,length,LENGTH,DESCRIPTION,"10'-2"""
architectural,32,Z Closure,1,3,girth,GIRTH,DESCRIPTION,"4"""
architectural,32,Z Closure,1,3,weight_per_each,"WEIGHT PER
EACH",DESCRIPTION,3.31#
architectural,32,Z Closure,1,3,galvalume_plus,"GALVALUME®
PLUS",PRICED PER EACH,✓
architectural,32,Z Closure,1,3,signature_200,"SIGNATURE®
200",PRICED PER EACH,✓
architectural,32,Z Closure,1,3,signature_300,"SIGNATURE®
300",PRICED PER EACH,✓
architectural,32,Z Closure,1,3,signature_300_metallic,"SIGNATURE®
300 METALLIC",PRICED PER EACH,✓
architectural,32,Z Closure,1,4,part,PART #,DESCRIPTION,T-5016
architectural,32,Z Closure,1,4,dim_a,"DIM ""A""",DESCRIPTION,"2%"""
architectural,32,Z Closure,1,4,length,LENGTH,DESCRIPTION,"10'-2"""
architectural,32,Z Closure,1,4,girth,GIRTH,DESCRIPTION,"4%"""
architectural,32,Z Closure,1,4,weight_per_each,"WEIGHT PER
EACH",DESCRIPTION,3.41#
architectural,32,Z Closure,1,4,galvalume_plus,"GALVALUME®
PLUS",PRICED PER EACH,✓
architectural,32,Z Closure,1,4,signature_200,"SIGNATURE®
200",PRICED PER EACH,✓
architectural,32,Z Closure,1,4,signature_300,"SIGNATURE®
300",PRICED PER EACH,✓
architectural,32,Z Closure,1,4,signature_300_metallic,"SIGNATURE®
300 METALLIC",PRICED PER EACH,✓
architectural,33,Z Closure With Cleat,0,0,part,PART #,DESCRIPTION,T-5021
architectural,33,Z Closure With Cleat,0,0,dim_ba,"DIM ""BA""",DESCRIPTION,"1%"""
architectural,33,Z Closure With Cleat,0,0,length,LENGTH,DESCRIPTION,"10'-2"""
architectural,33,Z Closure With Cleat,0,0,girth,GIRTH,DESCRIPTION,"3 56"""
architectural,33,Z Closure With Cleat,0,0,weight_per_each,"WEIGHT PER
EACH",DESCRIPTION,3.00#
architectural,33,Z Closure With Cleat,0,0,galvalume_plus,"GALVALUME®
PLUS",PRICED PER EACH,✓
architectural,33,Z Closure With Cleat,0,0,signature_200,"SIGNATURE®
200",PRICED PER EACH,✓
architectural,33,Z Closure With Cleat,0,0,signature_300,"SIGNATURE®
300",PRICED PER EACH,✓
architectural,33,Z Closure With Cleat,0,0,signature_300_metallic,"SIGNATURE®
300 METALLIC",PRICED PER EACH,✓
architectural,33,Z Closure With Cleat,0,1,part,PART #,DESCRIPTION,T-5022
architectural,33,Z Closure With Cleat,0,1,dim_ba,"DIM ""BA""",DESCRIPTION,"134"""
architectural,33,Z Closure With Cleat,0,1,length,LENGTH,DESCRIPTION,"10'-2"""
architectural,33,Z Closure With Cleat,0,1,girth,GIRTH,DESCRIPTION,"4%"""
architectural,33,Z Closure With Cleat,0,1,weight_per_each,"WEIGHT PER
EACH",DESCRIPTION,3.52#
architectural,33,Z Closure With Cleat,0,1,galvalume_plus,"GALVALUME®
PLUS",PRICED PER EACH,✓
architectural,33,Z Closure With Cleat,0,1,signature_200,"SIGNATURE®
200",PRICED PER EACH,✓
architectural,33,Z Closure With Cleat,0,1,signature_300,"SIGNATURE®
300",PRICED PER EACH,✓
architectural,33,Z Closure With Cleat,0,1,signature_300_metallic,"SIGNATURE®
300 METALLIC",PRICED PER EACH,✓
architectural,33,Z Closure With Cleat,0,2,part,PART #,DESCRIPTION,T-5023
architectural,33,Z Closure With Cleat,0,2,dim_ba,"DIM ""BA""",DESCRIPTION,ys
architectural,33,Z Closure With Cleat,0,2,length,LENGTH,DESCRIPTION,"10'-2"""
architectural,33,Z Closure With Cleat,0,2,girth,GIRTH,DESCRIPTION,"4 Y2"""
architectural,33,Z Closure With Cleat,0,2,weight_per_each,"WEIGHT PER
EACH",DESCRIPTION,3.72#
architectural,33,Z Closure With Cleat,0,2,galvalume_plus,"GALVALUME®
PLUS",PRICED PER EACH,✓
architectural,33,Z Closure With Cleat,0,2,signature_200,"SIGNATURE®
200",PRICED PER EACH,✓
architectural,33,Z Closure With Cleat,0,2,signature_300,"SIGNATURE®
300",PRICED PER EACH,✓
architectural,33,Z Closure With Cleat,0,2,signature_300_metallic,"SIGNATURE®
300 METALLIC",PRICED PER EACH,✓
architectural,33,Z Closure With Cleat,0,3,part,PART #,DESCRIPTION,T-5024
architectural,33,Z Closure With Cleat,0,3,dim_ba,"DIM ""BA""",DESCRIPTION,"2%"""
architectural,33,Z Closure With Cleat,0,3,length,LENGTH,DESCRIPTION,"10'-2"""
architectural,33,Z Closure With Cleat,0,3,girth,GIRTH,DESCRIPTION,"4 56"""
architectural,33,Z Closure With Cleat,0,3,weight_per_each,"WEIGHT PER
EACH",DESCRIPTION,3.83#
architectural,33,Z Closure With Cleat,0,3,galvalume_plus,"GALVALUME®
PLUS",PRICED PER EACH,✓
architectural,33,Z Closure With Cleat,0,3,signature_200,"SIGNATURE®
200",PRICED PER EACH,✓
architectural,33,Z Closure With Cleat,0,3,signature_300,"SIGNATURE®
300",PRICED PER EACH,✓
architectural,33,Z Closure With Cleat,0,3,signature_300_metallic,"SIGNATURE®
300 METALLIC",PRICED PER EACH,✓
architectural,33,C Closure,1,0,part,PART #,DESCRIPTION,T-5031
architectural,33,C Closure,1,0,dim_yn,"DIM ""yn""",DESCRIPTION,"1%"""
architectural,33,C Closure,1,0,length,LENGTH,DESCRIPTION,"10'-2"""
architectural,33,C Closure,1,0,girth,GIRTH,DESCRIPTION,"5%"""
architectural,33,C Closure,1,0,weight_per_each,"WEIGHT PER
EACH",DESCRIPTION,4.244
architectural,33,C Closure,1,0,galvalume_plus,"GALVALUME®
PLUS",PRICED PER EACH,✓
architectural,33,C Closure,1,0,signature_200,"SIGNATURE®
200",PRICED PER EACH,✓
architectural,33,C Closure,1,0,signature_300,"SIGNATURE®
300",PRICED PER EACH,✓
architectural,33,C Closure,1,0,signature_300_metallic,"SIGNATURE®
300 METALLIC",PRICED PER EACH,✓
architectural,33,C Closure,1,1,part,PART #,DESCRIPTION,T-5032
architectural,33,C Closure,1,1,dim_yn,"DIM ""yn""",DESCRIPTION,"134"""
architectural,33,C Closure,1,1,length,LENGTH,DESCRIPTION,"10'-2"""
architectural,33,C Closure,1,1,girth,GIRTH,DESCRIPTION,"5 34"""
architectural,33,C Closure,1,1,weight_per_each,"WEIGHT PER
EACH",DESCRIPTION,4.76#
architectural,33,C Closure,1,1,galvalume_plus,"GALVALUME®
PLUS",PRICED PER EACH,✓
architectural,33,C Closure,1,1,signature_200,"SIGNATURE®
200",PRICED PER EACH,✓
architectural,33,C Closure,1,1,signature_300,"SIGNATURE®
300",PRICED PER EACH,✓
architectural,33,C Closure,1,1,signature_300_metallic,"SIGNATURE®
300 METALLIC",PRICED PER EACH,✓
architectural,33,C Closure,1,2,part,PART #,DESCRIPTION,T-5033
architectural,33,C Closure,1,2,dim_yn,"DIM ""yn""",DESCRIPTION,Du
architectural,33,C Closure,1,2,length,LENGTH,DESCRIPTION,"10'-2"""
architectural,33,C Closure,1,2,girth,GIRTH,DESCRIPTION,"6"""
architectural,33,C Closure,1,2,weight_per_each,"WEIGHT PER
EACH",DESCRIPTION,4.96#
architectural,33,C Closure,1,2,galvalume_plus,"GALVALUME®
PLUS",PRICED PER EACH,✓
architectural,33,C Closure,1,2,signature_200,"SIGNATURE®
200",PRICED PER EACH,✓
architectural,33,C Closure,1,2,signature_300,"SIGNATURE®
300",PRICED PER EACH,✓
architectural,33,C Closure,1,2,signature_300_metallic,"SIGNATURE®
300 METALLIC",PRICED PER EACH,✓
architectural,33,C Closure,1,3,part,PART #,DESCRIPTION,T-5034
architectural,33,C Closure,1,3,dim_yn,"DIM ""yn""",DESCRIPTION,"2%"""
architectural,33,C Closure,1,3,length,LENGTH,DESCRIPTION,"10'-2"""
architectural,33,C Closure,1,3,girth,GIRTH,DESCRIPTION,"6%"""
architectural,33,C Closure,1,3,weight_per_each,"WEIGHT PER
EACH",DESCRIPTION,5.07#
architectural,33,C Closure,1,3,galvalume_plus,"GALVALUME®
PLUS",PRICED PER EACH,✓
architectural,33,C Closure,1,3,signature_200,"SIGNATURE®
200",PRICED PER EACH,✓
architectural,33,C Closure,1,3,signature_300,"SIGNATURE®
300",PRICED PER EACH,✓
architectural,33,C Closure,1,3,signature_300_metallic,"SIGNATURE®
300 METALLIC",PRICED PER EACH,✓
architectural,33,C Closure With Cleat,2,0,part,PART #,DESCRIPTION,T-5041
architectural,33,C Closure With Cleat,2,0,dim_bh,"DIM ""Bh""",DESCRIPTION,"1%"""
architectural,33,C Closure With Cleat,2,0,length,LENGTH,DESCRIPTION,"10'-2"""
architectural,33,C Closure With Cleat,2,0,girth,GIRTH,DESCRIPTION,"7 Ya"""
architectural,33,C Closure With Cleat,2,0,weight_per_each,"WEIGHT PER
EACH",DESCRIPTION,5.89#
architectural,33,C Closure With Cleat,2,0,galvalume_plus,"GALVALUME®
PLUS",PRICED PER EACH,✓
architectural,33,C Closure With Cleat,2,0,signature_200,"SIGNATURE®
200",PRICED PER EACH,✓
architectural,33,C Closure With Cleat,2,0,signature_300,"SIGNATURE®
300",PRICED PER EACH,✓
architectural,33,C Closure With Cleat,2,0,signature_300_metallic,"SIGNATURE®
300 METALLIC",PRICED PER EACH,✓
architectural,33,C Closure With Cleat,2,1,part,PART #,DESCRIPTION,T-5042
architectural,33,C Closure With Cleat,2,1,dim_bh,"DIM ""Bh""",DESCRIPTION,"134"""
architectural,33,C Closure With Cleat,2,1,length,LENGTH,DESCRIPTION,"10'-2"""
architectural,33,C Closure With Cleat,2,1,girth,GIRTH,DESCRIPTION,"7 3,"""
architectural,33,C Closure With Cleat,2,1,weight_per_each,"WEIGHT PER
EACH",DESCRIPTION,6.41#
architectural,33,C Closure With Cleat,2,1,galvalume_plus,"GALVALUME®
PLUS",PRICED PER EACH,✓
architectural,33,C Closure With Cleat,2,1,signature_200,"SIGNATURE®
200",PRICED PER EACH,✓
architectural,33,C Closure With Cleat,2,1,signature_300,"SIGNATURE®
300",PRICED PER EACH,✓
architectural,33,C Closure With Cleat,2,1,signature_300_metallic,"SIGNATURE®
300 METALLIC",PRICED PER EACH,✓
architectural,33,C Closure With Cleat,2,2,part,PART #,DESCRIPTION,T-5043
architectural,33,C Closure With Cleat,2,2,dim_bh,"DIM ""Bh""",DESCRIPTION,py
architectural,33,C Closure With Cleat,2,2,length,LENGTH,DESCRIPTION,"10'-2"""
architectural,33,C Closure With Cleat,2,2,girth,GIRTH,DESCRIPTION,gu
architectural,33,C Closure With Cleat,2,2,weight_per_each,"WEIGHT PER
EACH",DESCRIPTION,6.62#
architectural,33,C Closure With Cleat,2,2,galvalume_plus,"GALVALUME®
PLUS",PRICED PER EACH,✓
architectural,33,C Closure With Cleat,2,2,signature_200,"SIGNATURE®
200",PRICED PER EACH,✓
architectural,33,C Closure With Cleat,2,2,signature_300,"SIGNATURE®
300",PRICED PER EACH,✓
architectural,33,C Closure With Cleat,2,2,signature_300_metallic,"SIGNATURE®
300 METALLIC",PRICED PER EACH,✓
architectural,33,C Closure With Cleat,2,3,part,PART #,DESCRIPTION,T-5044
architectural,33,C Closure With Cleat,2,3,dim_bh,"DIM ""Bh""",DESCRIPTION,"2%"""
architectural,33,C Closure With Cleat,2,3,length,LENGTH,DESCRIPTION,"10'-2"""
architectural,33,C Closure With Cleat,2,3,girth,GIRTH,DESCRIPTION,"8 Ve"""
architectural,33,C Closure With Cleat,2,3,weight_per_each,"WEIGHT PER
EACH",DESCRIPTION,6.724
architectural,33,C Closure With Cleat,2,3,galvalume_plus,"GALVALUME®
PLUS",PRICED PER EACH,✓
architectural,33,C Closure With Cleat,2,3,signature_200,"SIGNATURE®
200",PRICED PER EACH,✓
architectural,33,C Closure With Cleat,2,3,signature_300,"SIGNATURE®
300",PRICED PER EACH,✓
architectural,33,C Closure With Cleat,2,3,signature_300_metallic,"SIGNATURE®
300 METALLIC",PRICED PER EACH,✓
architectural,34,Angle Trim,0,0,part,PART #,DESCRIPTION,T-5051
architectural,34,Angle Trim,0,0,length,LENGTH,DESCRIPTION,"10'-2"""
architectural,34,Angle Trim,0,0,girth,GIRTH,DESCRIPTION,WAL
architectural,34,Angle Trim,0,0,weight_per_each,"WEIGHT PER
EACH",DESCRIPTION,1.86#
architectural,34,Angle Trim,0,0,galvalume_plus,"GALVALUME®
PLUS",PRICED PER EACH,✓
architectural,34,Angle Trim,0,0,signature_200,"SIGNATURE®
200",PRICED PER EACH,✓
architectural,34,Angle Trim,0,0,signature_300,"SIGNATURE®
300",PRICED PER EACH,✓
architectural,34,Angle Trim,0,0,signature_300_metallic,"SIGNATURE®
300 METALLIC",PRICED PER EACH,✓
architectural,34,Angle Trim,1,0,part,PART #,DESCRIPTION,T-5053
architectural,34,Angle Trim,1,0,dim_br,"DIM ""BR""",DESCRIPTION,ile
architectural,34,Angle Trim,1,0,length,LENGTH,DESCRIPTION,"10'-2"""
architectural,34,Angle Trim,1,0,girth,GIRTH,DESCRIPTION,"2%"""
architectural,34,Angle Trim,1,0,weight_per_each,"WEIGHT PER
EACH",DESCRIPTION,2.07#
architectural,34,Angle Trim,1,0,galvalume_plus,"GALVALUME®
PLUS",PRICED PER EACH,✓
architectural,34,Angle Trim,1,0,signature_200,"SIGNATURE®
200",PRICED PER EACH,✓
architectural,34,Angle Trim,1,0,signature_300,"SIGNATURE®
300",PRICED PER EACH,✓
architectural,34,Angle Trim,1,0,signature_300_metallic,"SIGNATURE®
300 METALLIC",PRICED PER EACH,✓
architectural,34,Angle Trim,1,1,part,PART #,DESCRIPTION,T-5055
architectural,34,Angle Trim,1,1,dim_br,"DIM ""BR""",DESCRIPTION,"172"""
architectural,34,Angle Trim,1,1,length,LENGTH,DESCRIPTION,"10'-2"""
architectural,34,Angle Trim,1,1,girth,GIRTH,DESCRIPTION,"3"""
architectural,34,Angle Trim,1,1,weight_per_each,"WEIGHT PER
EACH",DESCRIPTION,2 A48#
architectural,34,Angle Trim,1,1,galvalume_plus,"GALVALUME®
PLUS",PRICED PER EACH,✓
architectural,34,Angle Trim,1,1,signature_200,"SIGNATURE®
200",PRICED PER EACH,✓
architectural,34,Angle Trim,1,1,signature_300,"SIGNATURE®
300",PRICED PER EACH,✓
architectural,34,Angle Trim,1,1,signature_300_metallic,"SIGNATURE®
300 METALLIC",PRICED PER EACH,✓
architectural,34,Cap Trim,2,0,part,PART #,DESCRIPTION,T-5061
architectural,34,Cap Trim,2,0,dim_br,"DIM ""BR""",DESCRIPTION,"1%"""
architectural,34,Cap Trim,2,0,length,LENGTH,DESCRIPTION,"10'-2"""
architectural,34,Cap Trim,2,0,girth,GIRTH,DESCRIPTION,"5 56"""
architectural,34,Cap Trim,2,0,weight_per_each,"WEIGHT PER
EACH",DESCRIPTION,4.6054
architectural,34,Cap Trim,2,0,galvalume_plus,"GALVALUME®
PLUS",PRICED PER EACH,✓
architectural,34,Cap Trim,2,0,signature_200,"SIGNATURE®
200",PRICED PER EACH,✓
architectural,34,Cap Trim,2,0,signature_300,"SIGNATURE®
300",PRICED PER EACH,✓
architectural,34,Cap Trim,2,0,signature_300_metallic,"SIGNATURE®
300 METALLIC",PRICED PER EACH,✓
architectural,34,Cap Trim,2,1,part,PART #,DESCRIPTION,T-5065
architectural,34,Cap Trim,2,1,dim_br,"DIM ""BR""",DESCRIPTION,"154"""
architectural,34,Cap Trim,2,1,length,LENGTH,DESCRIPTION,"10'-2"""
architectural,34,Cap Trim,2,1,girth,GIRTH,DESCRIPTION,"6%"""
architectural,34,Cap Trim,2,1,weight_per_each,"WEIGHT PER
EACH",DESCRIPTION,5.07#
architectural,34,Cap Trim,2,1,galvalume_plus,"GALVALUME®
PLUS",PRICED PER EACH,✓
architectural,34,Cap Trim,2,1,signature_200,"SIGNATURE®
200",PRICED PER EACH,✓
architectural,34,Cap Trim,2,1,signature_300,"SIGNATURE®
300",PRICED PER EACH,✓
architectural,34,Cap Trim,2,1,signature_300_metallic,"SIGNATURE®
300 METALLIC",PRICED PER EACH,✓
architectural,34,Cap Trim,2,2,part,PART #,DESCRIPTION,T-5062
architectural,34,Cap Trim,2,2,dim_br,"DIM ""BR""",DESCRIPTION,"134"""
architectural,34,Cap Trim,2,2,length,LENGTH,DESCRIPTION,"10'-2"""
architectural,34,Cap Trim,2,2,girth,GIRTH,DESCRIPTION,"6%"""
architectural,34,Cap Trim,2,2,weight_per_each,"WEIGHT PER
EACH",DESCRIPTION,5.17#
architectural,34,Cap Trim,2,2,galvalume_plus,"GALVALUME®
PLUS",PRICED PER EACH,✓
architectural,34,Cap Trim,2,2,signature_200,"SIGNATURE®
200",PRICED PER EACH,✓
architectural,34,Cap Trim,2,2,signature_300,"SIGNATURE®
300",PRICED PER EACH,✓
architectural,34,Cap Trim,2,2,signature_300_metallic,"SIGNATURE®
300 METALLIC",PRICED PER EACH,✓
architectural,34,Cap Trim,2,3,part,PART #,DESCRIPTION,T-5063
architectural,34,Cap Trim,2,3,dim_br,"DIM ""BR""",DESCRIPTION,ps
architectural,34,Cap Trim,2,3,length,LENGTH,DESCRIPTION,"10'-2"""
architectural,34,Cap Trim,2,3,girth,GIRTH,DESCRIPTION,"6 y2"""
architectural,34,Cap Trim,2,3,weight_per_each,"WEIGHT PER
EACH",DESCRIPTION,5.38#
architectural,34,Cap Trim,2,3,galvalume_plus,"GALVALUME®
PLUS",PRICED PER EACH,✓
architectural,34,Cap Trim,2,3,signature_200,"SIGNATURE®
200",PRICED PER EACH,✓
architectural,34,Cap Trim,2,3,signature_300,"SIGNATURE®
300",PRICED PER EACH,✓
architectural,34,Cap Trim,2,3,signature_300_metallic,"SIGNATURE®
300 METALLIC",PRICED PER EACH,✓
architectural,34,Cap Trim,2,4,part,PART #,DESCRIPTION,T-5064
architectural,34,Cap Trim,2,4,dim_br,"DIM ""BR""",DESCRIPTION,"2%"""
architectural,34,Cap Trim,2,4,length,LENGTH,DESCRIPTION,"10'-2"""
architectural,34,Cap Trim,2,4,girth,GIRTH,DESCRIPTION,"6 58"""
architectural,34,Cap Trim,2,4,weight_per_each,"WEIGHT PER
EACH",DESCRIPTION,5.48#
architectural,34,Cap Trim,2,4,galvalume_plus,"GALVALUME®
PLUS",PRICED PER EACH,✓
architectural,34,Cap Trim,2,4,signature_200,"SIGNATURE®
200",PRICED PER EACH,✓
architectural,34,Cap Trim,2,4,signature_300,"SIGNATURE®
300",PRICED PER EACH,✓
architectural,34,Cap Trim,2,4,signature_300_metallic,"SIGNATURE®
300 METALLIC",PRICED PER EACH,✓
architectural,35,Ridge/Hip Flash - Fixed,0,0,part,PART #,DESCRIPTION,T-5071
architectural,35,Ridge/Hip Flash - Fixed,0,0,dim_a,"DIM ""A""",DESCRIPTION,"4x2"""
architectural,35,Ridge/Hip Flash - Fixed,0,0,length,LENGTH,DESCRIPTION,"10'-2"""
architectural,35,Ridge/Hip Flash - Fixed,0,0,girth,GIRTH,DESCRIPTION,"10"""
architectural,35,Ridge/Hip Flash - Fixed,0,0,weight_per_each,"WEIGHT PER
EACH",DESCRIPTION,8.27#
architectural,35,Ridge/Hip Flash - Fixed,0,0,galvalume_plus,"GALVALUME®
PLUS",PRICED PER EACH,✓
architectural,35,Ridge/Hip Flash - Fixed,0,0,signature_200,"SIGNATURE®
200",PRICED PER EACH,✓
architectural,35,Ridge/Hip Flash - Fixed,0,0,signature_300,"SIGNATURE®
300",PRICED PER EACH,✓
architectural,35,Ridge/Hip Flash - Fixed,0,0,signature_300_metallic,"SIGNATURE®
300 METALLIC",PRICED PER EACH,✓
architectural,35,Ridge/Hip Flash - Fixed,0,1,part,PART #,DESCRIPTION,T-5072
architectural,35,Ridge/Hip Flash - Fixed,0,1,dim_a,"DIM ""A""",DESCRIPTION,"4y2"""
architectural,35,Ridge/Hip Flash - Fixed,0,1,length,LENGTH,DESCRIPTION,"20'-2"""
architectural,35,Ridge/Hip Flash - Fixed,0,1,girth,GIRTH,DESCRIPTION,"10"""
architectural,35,Ridge/Hip Flash - Fixed,0,1,weight_per_each,"WEIGHT PER
EACH",DESCRIPTION,16.41#
architectural,35,Ridge/Hip Flash - Fixed,0,1,galvalume_plus,"GALVALUME®
PLUS",PRICED PER EACH,✓
architectural,35,Ridge/Hip Flash - Fixed,0,1,signature_200,"SIGNATURE®
200",PRICED PER EACH,✓
architectural,35,Ridge/Hip Flash - Fixed,0,1,signature_300,"SIGNATURE®
300",PRICED PER EACH,✓
architectural,35,Ridge/Hip Flash - Fixed,0,1,signature_300_metallic,"SIGNATURE®
300 METALLIC",PRICED PER EACH,✓
architectural,35,Ridge/Hip Flash - Fixed,0,2,part,PART #,DESCRIPTION,T-5073
architectural,35,Ridge/Hip Flash - Fixed,0,2,dim_a,"DIM ""A""",DESCRIPTION,"5y2"""
architectural,35,Ridge/Hip Flash - Fixed,0,2,length,LENGTH,DESCRIPTION,"10'-2"""
architectural,35,Ridge/Hip Flash - Fixed,0,2,girth,GIRTH,DESCRIPTION,"12"""
architectural,35,Ridge/Hip Flash - Fixed,0,2,weight_per_each,"WEIGHT PER
EACH",DESCRIPTION,9.93#
architectural,35,Ridge/Hip Flash - Fixed,0,2,galvalume_plus,"GALVALUME®
PLUS",PRICED PER EACH,✓
architectural,35,Ridge/Hip Flash - Fixed,0,2,signature_200,"SIGNATURE®
200",PRICED PER EACH,✓
architectural,35,Ridge/Hip Flash - Fixed,0,2,signature_300,"SIGNATURE®
300",PRICED PER EACH,✓
architectural,35,Ridge/Hip Flash - Fixed,0,2,signature_300_metallic,"SIGNATURE®
300 METALLIC",PRICED PER EACH,✓
architectural,35,Ridge/Hip Flash - Fixed,0,3,part,PART #,DESCRIPTION,T-5074
architectural,35,Ridge/Hip Flash - Fixed,0,3,dim_a,"DIM ""A""",DESCRIPTION,"5y2"""
architectural,35,Ridge/Hip Flash - Fixed,0,3,length,LENGTH,DESCRIPTION,"20'-2"""
architectural,35,Ridge/Hip Flash - Fixed,0,3,girth,GIRTH,DESCRIPTION,"12"""
architectural,35,Ridge/Hip Flash - Fixed,0,3,weight_per_each,"WEIGHT PER
EACH",DESCRIPTION,19.09#
architectural,35,Ridge/Hip Flash - Fixed,0,3,galvalume_plus,"GALVALUME®
PLUS",PRICED PER EACH,✓
architectural,35,Ridge/Hip Flash - Fixed,0,3,signature_200,"SIGNATURE®
200",PRICED PER EACH,✓
architectural,35,Ridge/Hip Flash - Fixed,0,3,signature_300,"SIGNATURE®
300",PRICED PER EACH,✓
architectural,35,Ridge/Hip Flash - Fixed,0,3,signature_300_metallic,"SIGNATURE®
300 METALLIC",PRICED PER EACH,✓
architectural,35,Ridge/Hip Flash - Fixed,0,4,part,PART #,DESCRIPTION,T-5075
architectural,35,Ridge/Hip Flash - Fixed,0,4,dim_a,"DIM ""A""",DESCRIPTION,"6Yy2"""
architectural,35,Ridge/Hip Flash - Fixed,0,4,length,LENGTH,DESCRIPTION,"10'-2"""
architectural,35,Ridge/Hip Flash - Fixed,0,4,girth,GIRTH,DESCRIPTION,"14"""
architectural,35,Ridge/Hip Flash - Fixed,0,4,weight_per_each,"WEIGHT PER
EACH",DESCRIPTION,11.58#
architectural,35,Ridge/Hip Flash - Fixed,0,4,galvalume_plus,"GALVALUME®
PLUS",PRICED PER EACH,✓
architectural,35,Ridge/Hip Flash - Fixed,0,4,signature_200,"SIGNATURE®
200",PRICED PER EACH,✓
architectural,35,Ridge/Hip Flash - Fixed,0,4,signature_300,"SIGNATURE®
300",PRICED PER EACH,✓
architectural,35,Ridge/Hip Flash - Fixed,0,4,signature_300_metallic,"SIGNATURE®
300 METALLIC",PRICED PER EACH,✓
architectural,35,Ridge/Hip Flash - Fixed,0,5,part,PART #,DESCRIPTION,T-5076
architectural,35,Ridge/Hip Flash - Fixed,0,5,dim_a,"DIM ""A""",DESCRIPTION,"6Y2"""
architectural,35,Ridge/Hip Flash - Fixed,0,5,length,LENGTH,DESCRIPTION,"20'-2"""
architectural,35,Ridge/Hip Flash - Fixed,0,5,girth,GIRTH,DESCRIPTION,"14"""
architectural,35,Ridge/Hip Flash - Fixed,0,5,weight_per_each,"WEIGHT PER
EACH",DESCRIPTION,22.97#
architectural,35,Ridge/Hip Flash - Fixed,0,5,galvalume_plus,"GALVALUME®
PLUS",PRICED PER EACH,✓
architectural,35,Ridge/Hip Flash - Fixed,0,5,signature_200,"SIGNATURE®
200",PRICED PER EACH,✓
architectural,35,Ridge/Hip Flash - Fixed,0,5,signature_300,"SIGNATURE®
300",PRICED PER EACH,✓
architectural,35,Ridge/Hip Flash - Fixed,0,5,signature_300_metallic,"SIGNATURE®
300 METALLIC",PRICED PER EACH,✓
architectural,35,Ridge Flash - Floating,1,0,part,PART #,DESCRIPTION,T-5087
architectural,35,Ridge Flash - Floating,1,0,length,LENGTH,DESCRIPTION,"10'-2"""
architectural,35,Ridge Flash - Floating,1,0,girth,GIRTH,DESCRIPTION,"16%"""
architectural,35,Ridge Flash - Floating,1,0,weight_per_each,"WEIGHT PER
EACH",DESCRIPTION,13.65#
architectural,35,Ridge Flash - Floating,1,0,galvalume_plus,"GALVALUME®
PLUS",PRICED PER EACH,✓
architectural,35,Ridge Flash - Floating,1,0,signature_200,"SIGNATURE®
200",PRICED PER EACH,✓
architectural,35,Ridge Flash - Floating,1,0,signature_300,"SIGNATURE®
300",PRICED PER EACH,✓
architectural,35,Ridge Flash - Floating,1,0,signature_300_metallic,"SIGNATURE®
300 METALLIC",PRICED PER EACH,✓
architectural,35,Ridge Flash - Floating,1,1,part,PART #,DESCRIPTION,T-5088
architectural,35,Ridge Flash - Floating,1,1,length,LENGTH,DESCRIPTION,"20'-2"""
architectural,35,Ridge Flash - Floating,1,1,girth,GIRTH,DESCRIPTION,"16%"""
architectural,35,Ridge Flash - Floating,1,1,weight_per_each,"WEIGHT PER
EACH",DESCRIPTION,27. 08#
architectural,35,Ridge Flash - Floating,1,1,galvalume_plus,"GALVALUME®
PLUS",PRICED PER EACH,✓
architectural,35,Ridge Flash - Floating,1,1,signature_200,"SIGNATURE®
200",PRICED PER EACH,✓
architectural,35,Ridge Flash - Floating,1,1,signature_300,"SIGNATURE®
300",PRICED PER EACH,✓
architectural,35,Ridge Flash - Floating,1,1,signature_300_metallic,"SIGNATURE®
300 METALLIC",PRICED PER EACH,✓
architectural,35,Ridge Flash For Vent,2,0,part,PART #,DESCRIPTION,T-5089
architectural,35,Ridge Flash For Vent,2,0,length,LENGTH,DESCRIPTION,"10'-2"""
architectural,35,Ridge Flash For Vent,2,0,girth,GIRTH,DESCRIPTION,"2172"""
architectural,35,Ridge Flash For Vent,2,0,weight_per_each,"WEIGHT PER
EACH",DESCRIPTION,17.79#
architectural,35,Ridge Flash For Vent,2,0,galvalume_plus,"GALVALUME®
PLUS",PRICED PER EACH,✓
architectural,35,Ridge Flash For Vent,2,0,signature_200,"SIGNATURE®
200",PRICED PER EACH,✓
architectural,35,Ridge Flash For Vent,2,0,signature_300,"SIGNATURE®
300",PRICED PER EACH,✓
architectural,35,Ridge Flash For Vent,2,0,signature_300_metallic,"SIGNATURE®
300 METALLIC",PRICED PER EACH,✓
architectural,35,Ridge Flash For Vent,2,1,part,PART #,DESCRIPTION,T-5090
architectural,35,Ridge Flash For Vent,2,1,length,LENGTH,DESCRIPTION,"20'-2"""
architectural,35,Ridge Flash For Vent,2,1,girth,GIRTH,DESCRIPTION,"21%"""
architectural,35,Ridge Flash For Vent,2,1,weight_per_each,"WEIGHT PER
EACH",DESCRIPTION,35.28#
architectural,35,Ridge Flash For Vent,2,1,galvalume_plus,"GALVALUME®
PLUS",PRICED PER EACH,✓
architectural,35,Ridge Flash For Vent,2,1,signature_200,"SIGNATURE®
200",PRICED PER EACH,✓
architectural,35,Ridge Flash For Vent,2,1,signature_300,"SIGNATURE®
300",PRICED PER EACH,✓
architectural,35,Ridge Flash For Vent,2,1,signature_300_metallic,"SIGNATURE®
300 METALLIC",PRICED PER EACH,✓
architectural,36,Ridge Flash For Metal Vent,0,0,part,PART #,DESCRIPTION,FL-540
architectural,36,Ridge Flash For Metal Vent,0,0,length,LENGTH,DESCRIPTION,"10'-2"""
architectural,36,Ridge Flash For Metal Vent,0,0,girth,GIRTH,DESCRIPTION,"22%"""
architectural,36,Ridge Flash For Metal Vent,0,0,weight_per_each,"WEIGHT PER
EACH",DESCRIPTION,18.41#
architectural,36,Ridge Flash For Metal Vent,0,0,galvalume_plus,"GALVALUME®
PLUS",PRICED PER EACH,✓
architectural,36,Ridge Flash For Metal Vent,0,0,signature_200,"SIGNATURE®
200",PRICED PER EACH,✓
architectural,36,Ridge Flash For Metal Vent,0,0,signature_300,"SIGNATURE®
300",PRICED PER EACH,✓
architectural,36,Ridge Flash For Metal Vent,0,0,signature_300_metallic,"SIGNATURE®
300 METALLIC",PRICED PER EACH,✓
architectural,36,Ridge End Cap - Floating,1,0,part,PART #,DESCRIPTION,T-5100
architectural,36,Ridge End Cap - Floating,1,0,weight_per_each,WEIGHT PER EACH,DESCRIPTION,260#
architectural,36,Ridge End Cap - Floating,1,0,galvalume_plus,"GALVALUME®
PLUS",PRICED PER EACH,✓
architectural,36,Ridge End Cap - Floating,1,0,signature_200,"SIGNATURE®
200",PRICED PER EACH,✓
architectural,36,Ridge End Cap - Floating,1,0,signature_300,"SIGNATURE®
300",PRICED PER EACH,✓
architectural,36,Ridge End Cap - Floating,1,0,signature_300_metallic,"SIGNATURE®
300 METALLIC",PRICED PER EACH,✓
architectural,36,Ridge End Cap - Vent,2,0,part,PART #,DESCRIPTION,T-5101
architectural,36,Ridge End Cap - Vent,2,0,weight_per_each,WEIGHT PER EACH,DESCRIPTION,J1#
architectural,36,Ridge End Cap - Vent,2,0,galvalume_plus,"GALVALUME®
PLUS",PRICED PER EACH,✓
architectural,36,Ridge End Cap - Vent,2,0,signature_200,"SIGNATURE®
200",PRICED PER EACH,✓
architectural,36,Ridge End Cap - Vent,2,0,signature_300,"SIGNATURE®
300",PRICED PER EACH,✓
architectural,36,Ridge End Cap - Vent,2,0,signature_300_metallic,"SIGNATURE®
300 METALLIC",PRICED PER EACH,✓
architectural,37,Peak Cap,0,0,part,PART #,DESCRIPTION,T-5077
architectural,37,Peak Cap,0,0,dim_a,"DIM ""A""",DESCRIPTION,"4x2"""
architectural,37,Peak Cap,0,0,dim_b,"DIM ""B""",DESCRIPTION,"5"""
architectural,37,Peak Cap,0,0,length,LENGTH,DESCRIPTION,"10'-2"""
architectural,37,Peak Cap,0,0,girth,GIRTH,DESCRIPTION,"11%"""
architectural,37,Peak Cap,0,0,weight_per_each,"WEIGHT
PER EACH",DESCRIPTION,9.20#
architectural,37,Peak Cap,0,0,galvalume_plus,"GALVALUME®
PLUS",PRICED PER EACH,✓
architectural,37,Peak Cap,0,0,signature_200,"SIGNATURE®
200",PRICED PER EACH,✓
architectural,37,Peak Cap,0,0,signature_300,"SIGNATURE®
300",PRICED PER EACH,✓
architectural,37,Peak Cap,0,0,signature_300_metallic,"SIGNATURE®
300 METALLIC",PRICED PER EACH,✓
architectural,37,Peak Cap,0,1,part,PART #,DESCRIPTION,T-5078
architectural,37,Peak Cap,0,1,dim_a,"DIM ""A""",DESCRIPTION,"AY2"""
architectural,37,Peak Cap,0,1,dim_b,"DIM ""B""",DESCRIPTION,"5"""
architectural,37,Peak Cap,0,1,length,LENGTH,DESCRIPTION,"20'-2"""
architectural,37,Peak Cap,0,1,girth,GIRTH,DESCRIPTION,"11%"""
architectural,37,Peak Cap,0,1,weight_per_each,"WEIGHT
PER EACH",DESCRIPTION,18.260#
architectural,37,Peak Cap,0,1,galvalume_plus,"GALVALUME®
PLUS",PRICED PER EACH,✓
architectural,37,Peak Cap,0,1,signature_200,"SIGNATURE®
200",PRICED PER EACH,✓
architectural,37,Peak Cap,0,1,signature_300,"SIGNATURE®
300",PRICED PER EACH,✓
architectural,37,Peak Cap,0,1,signature_300_metallic,"SIGNATURE®
300 METALLIC",PRICED PER EACH,✓
architectural,37,Peak Cap,0,2,part,PART #,DESCRIPTION,T-5079
architectural,37,Peak Cap,0,2,dim_a,"DIM ""A""",DESCRIPTION,"5y2"""
architectural,37,Peak Cap,0,2,dim_b,"DIM ""B""",DESCRIPTION,"5"""
architectural,37,Peak Cap,0,2,length,LENGTH,DESCRIPTION,"10'-2"""
architectural,37,Peak Cap,0,2,girth,GIRTH,DESCRIPTION,"12%"""
architectural,37,Peak Cap,0,2,weight_per_each,"WEIGHT
PER EACH",DESCRIPTION,10.03#
architectural,37,Peak Cap,0,2,galvalume_plus,"GALVALUME®
PLUS",PRICED PER EACH,✓
architectural,37,Peak Cap,0,2,signature_200,"SIGNATURE®
200",PRICED PER EACH,✓
architectural,37,Peak Cap,0,2,signature_300,"SIGNATURE®
300",PRICED PER EACH,✓
architectural,37,Peak Cap,0,2,signature_300_metallic,"SIGNATURE®
300 METALLIC",PRICED PER EACH,✓
architectural,37,Peak Cap,0,3,part,PART #,DESCRIPTION,T-5080
architectural,37,Peak Cap,0,3,dim_a,"DIM ""A""",DESCRIPTION,"5y2"""
architectural,37,Peak Cap,0,3,dim_b,"DIM ""B""",DESCRIPTION,"5"""
architectural,37,Peak Cap,0,3,length,LENGTH,DESCRIPTION,"20'-2"""
architectural,37,Peak Cap,0,3,girth,GIRTH,DESCRIPTION,"12%"""
architectural,37,Peak Cap,0,3,weight_per_each,"WEIGHT
PER EACH",DESCRIPTION,19.90#
architectural,37,Peak Cap,0,3,galvalume_plus,"GALVALUME®
PLUS",PRICED PER EACH,✓
architectural,37,Peak Cap,0,3,signature_200,"SIGNATURE®
200",PRICED PER EACH,✓
architectural,37,Peak Cap,0,3,signature_300,"SIGNATURE®
300",PRICED PER EACH,✓
architectural,37,Peak Cap,0,3,signature_300_metallic,"SIGNATURE®
300 METALLIC",PRICED PER EACH,✓
architectural,37,Peak Cap,0,4,part,PART #,DESCRIPTION,T-5081
architectural,37,Peak Cap,0,4,dim_a,"DIM ""A""",DESCRIPTION,"Ay"""
architectural,37,Peak Cap,0,4,dim_b,"DIM ""B""",DESCRIPTION,4
architectural,37,Peak Cap,0,4,length,LENGTH,DESCRIPTION,"10'-2"""
architectural,37,Peak Cap,0,4,girth,GIRTH,DESCRIPTION,"10%"""
architectural,37,Peak Cap,0,4,weight_per_each,"WEIGHT
PER EACH",DESCRIPTION,8.384
architectural,37,Peak Cap,0,4,galvalume_plus,"GALVALUME®
PLUS",PRICED PER EACH,✓
architectural,37,Peak Cap,0,4,signature_200,"SIGNATURE®
200",PRICED PER EACH,✓
architectural,37,Peak Cap,0,4,signature_300,"SIGNATURE®
300",PRICED PER EACH,✓
architectural,37,Peak Cap,0,4,signature_300_metallic,"SIGNATURE®
300 METALLIC",PRICED PER EACH,✓
architectural,37,Peak Cap,0,5,part,PART #,DESCRIPTION,T-5082
architectural,37,Peak Cap,0,5,dim_a,"DIM ""A""",DESCRIPTION,"4y2"""
architectural,37,Peak Cap,0,5,dim_b,"DIM ""B""",DESCRIPTION,"4"""
architectural,37,Peak Cap,0,5,length,LENGTH,DESCRIPTION,"20'-2"""
architectural,37,Peak Cap,0,5,girth,GIRTH,DESCRIPTION,"10%"""
architectural,37,Peak Cap,0,5,weight_per_each,"WEIGHT
PER EACH",DESCRIPTION,16.01#
architectural,37,Peak Cap,0,5,galvalume_plus,"GALVALUME®
PLUS",PRICED PER EACH,✓
architectural,37,Peak Cap,0,5,signature_200,"SIGNATURE®
200",PRICED PER EACH,✓
architectural,37,Peak Cap,0,5,signature_300,"SIGNATURE®
300",PRICED PER EACH,✓
architectural,37,Peak Cap,0,5,signature_300_metallic,"SIGNATURE®
300 METALLIC",PRICED PER EACH,✓
architectural,37,Peak Cap,0,6,part,PART #,DESCRIPTION,T-5083
architectural,37,Peak Cap,0,6,dim_a,"DIM ""A""",DESCRIPTION,"5y2"""
architectural,37,Peak Cap,0,6,dim_b,"DIM ""B""",DESCRIPTION,"4"""
architectural,37,Peak Cap,0,6,length,LENGTH,DESCRIPTION,"10'-2"""
architectural,37,Peak Cap,0,6,girth,GIRTH,DESCRIPTION,"11%"""
architectural,37,Peak Cap,0,6,weight_per_each,"WEIGHT
PER EACH",DESCRIPTION,9.20#
architectural,37,Peak Cap,0,6,galvalume_plus,"GALVALUME®
PLUS",PRICED PER EACH,✓
architectural,37,Peak Cap,0,6,signature_200,"SIGNATURE®
200",PRICED PER EACH,✓
architectural,37,Peak Cap,0,6,signature_300,"SIGNATURE®
300",PRICED PER EACH,✓
architectural,37,Peak Cap,0,6,signature_300_metallic,"SIGNATURE®
300 METALLIC",PRICED PER EACH,✓
architectural,37,Peak Cap,0,7,part,PART #,DESCRIPTION,T-5084
architectural,37,Peak Cap,0,7,dim_a,"DIM ""A""",DESCRIPTION,"5y2"""
architectural,37,Peak Cap,0,7,dim_b,"DIM ""B""",DESCRIPTION,"4"""
architectural,37,Peak Cap,0,7,length,LENGTH,DESCRIPTION,"20'-2"""
architectural,37,Peak Cap,0,7,girth,GIRTH,DESCRIPTION,"11%"""
architectural,37,Peak Cap,0,7,weight_per_each,"WEIGHT
PER EACH",DESCRIPTION,18.26#
architectural,37,Peak Cap,0,7,galvalume_plus,"GALVALUME®
PLUS",PRICED PER EACH,✓
architectural,37,Peak Cap,0,7,signature_200,"SIGNATURE®
200",PRICED PER EACH,✓
architectural,37,Peak Cap,0,7,signature_300,"SIGNATURE®
300",PRICED PER EACH,✓
architectural,37,Peak Cap,0,7,signature_300_metallic,"SIGNATURE®
300 METALLIC",PRICED PER EACH,✓
architectural,37,Peak Cap,0,8,part,PART #,DESCRIPTION,T-5085
architectural,37,Peak Cap,0,8,dim_a,"DIM ""A""",DESCRIPTION,"10%"""
architectural,37,Peak Cap,0,8,dim_b,"DIM ""B""",DESCRIPTION,"5"""
architectural,37,Peak Cap,0,8,length,LENGTH,DESCRIPTION,"1Q0'-2"""
architectural,37,Peak Cap,0,8,girth,GIRTH,DESCRIPTION,"16%"""
architectural,37,Peak Cap,0,8,weight_per_each,"WEIGHT
PER EACH",DESCRIPTION,13.96#
architectural,37,Peak Cap,0,8,galvalume_plus,"GALVALUME®
PLUS",PRICED PER EACH,✓
architectural,37,Peak Cap,0,8,signature_200,"SIGNATURE®
200",PRICED PER EACH,✓
architectural,37,Peak Cap,0,8,signature_300,"SIGNATURE®
300",PRICED PER EACH,✓
architectural,37,Peak Cap,0,8,signature_300_metallic,"SIGNATURE®
300 METALLIC",PRICED PER EACH,✓
architectural,37,Peak Cap,0,9,part,PART #,DESCRIPTION,T-5086
architectural,37,Peak Cap,0,9,dim_a,"DIM ""A""",DESCRIPTION,"10%"""
architectural,37,Peak Cap,0,9,dim_b,"DIM ""B""",DESCRIPTION,"5"""
architectural,37,Peak Cap,0,9,length,LENGTH,DESCRIPTION,"20'-2"""
architectural,37,Peak Cap,0,9,girth,GIRTH,DESCRIPTION,"16%"""
architectural,37,Peak Cap,0,9,weight_per_each,"WEIGHT
PER EACH",DESCRIPTION,27.09#
architectural,37,Peak Cap,0,9,galvalume_plus,"GALVALUME®
PLUS",PRICED PER EACH,✓
architectural,37,Peak Cap,0,9,signature_200,"SIGNATURE®
200",PRICED PER EACH,✓
architectural,37,Peak Cap,0,9,signature_300,"SIGNATURE®
300",PRICED PER EACH,✓
architectural,37,Peak Cap,0,9,signature_300_metallic,"SIGNATURE®
300 METALLIC",PRICED PER EACH,✓
architectural,37,Valley Trim,2,0,column_1,,,ie
architectural,37,Valley Trim,2,0,column_2,,,"q4"""
architectural,37,Valley Trim,2,0,column_3,,,"10'-2"""
architectural,37,Valley Trim,2,0,column_4,,,"24"""
architectural,37,Valley Trim,2,0,column_5,,,19.85#
architectural,37,Valley Trim,2,0,column_6,,,v
architectural,37,Valley Trim,2,0,column_7,,,v
architectural,37,Valley Trim,2,0,column_8,,,v
architectural,37,Valley Trim,2,0,column_9,,,v
architectural,37,Valley Trim,2,1,column_1,,,"4"""
architectural,37,Valley Trim,2,1,column_2,,,"41"""
architectural,37,Valley Trim,2,1,column_3,,,"20'-2"""
architectural,37,Valley Trim,2,1,column_4,,,"24"""
architectural,37,Valley Trim,2,1,column_5,,,39.38#
architectural,37,Valley Trim,2,1,column_6,,,v
architectural,37,Valley Trim,2,1,column_7,,,v
architectural,37,Valley Trim,2,1,column_8,,,v
architectural,37,Valley Trim,2,1,column_9,,,v
architectural,37,Valley Trim,2,2,column_1,,,ps
architectural,37,Valley Trim,2,2,column_2,,,"q4"""
architectural,37,Valley Trim,2,2,column_3,,,"10'-2"""
architectural,37,Valley Trim,2,2,column_4,,,"26"""
architectural,37,Valley Trim,2,2,column_5,,,21.51#
architectural,37,Valley Trim,2,2,column_6,,,v
architectural,37,Valley Trim,2,2,column_7,,,v
architectural,37,Valley Trim,2,2,column_8,,,v
architectural,37,Valley Trim,2,2,column_9,,,v
architectural,37,Valley Trim,2,3,column_1,,,ps
architectural,37,Valley Trim,2,3,column_2,,,"141"""
architectural,37,Valley Trim,2,3,column_3,,,"20'-2"""
architectural,37,Valley Trim,2,3,column_4,,,"26"""
architectural,37,Valley Trim,2,3,column_5,,,42.66#
architectural,37,Valley Trim,2,3,column_6,,,v
architectural,37,Valley Trim,2,3,column_7,,,v
architectural,37,Valley Trim,2,3,column_8,,,v
architectural,37,Valley Trim,2,3,column_9,,,v
architectural,37,Valley Trim,3,0,d_valley,d Valley,,"4"""
architectural,37,Valley Trim,3,0,column_2,,,"23"""
architectural,37,Valley Trim,3,0,column_3,,,"10'-2"""
architectural,37,Valley Trim,3,0,column_4,,,"48"""
architectural,37,Valley Trim,3,0,column_5,,,39.71#
architectural,37,Valley Trim,3,0,column_6,,,v
architectural,37,Valley Trim,3,0,column_7,,,v
architectural,37,Valley Trim,3,0,column_8,,,v
architectural,37,Valley Trim,3,0,column_9,,,v
architectural,37,Valley Trim,3,1,d_valley,d Valley,,i
architectural,37,Valley Trim,3,1,column_2,,,"23"""
architectural,37,Valley Trim,3,1,column_3,,,"14'-0"""
architectural,37,Valley Trim,3,1,column_4,,,"48"""
architectural,37,Valley Trim,3,1,column_5,,,54.68#
architectural,37,Valley Trim,3,1,column_6,,,v
architectural,37,Valley Trim,3,1,column_7,,,v
architectural,37,Valley Trim,3,1,column_8,,,v
architectural,37,Valley Trim,3,1,column_9,,,v
architectural,37,Valley Trim,3,2,d_valley,d Valley,,ps
architectural,37,Valley Trim,3,2,column_2,,,"22"""
architectural,37,Valley Trim,3,2,column_3,,,"10'-2"""
architectural,37,Valley Trim,3,2,column_4,,,"48"""
architectural,37,Valley Trim,3,2,column_5,,,39.71#
architectural,37,Valley Trim,3,2,column_6,,,v
architectural,37,Valley Trim,3,2,column_7,,,v
architectural,37,Valley Trim,3,2,column_8,,,v
architectural,37,Valley Trim,3,2,column_9,,,v
architectural,37,Valley Trim,3,3,d_valley,d Valley,,"2"""
architectural,37,Valley Trim,3,3,column_2,,,"22"""
architectural,37,Valley Trim,3,3,column_3,,,"14'-0"""
architectural,37,Valley Trim,3,3,column_4,,,"48"""
architectural,37,Valley Trim,3,3,column_5,,,54.68#
architectural,37,Valley Trim,3,3,column_6,,,v
architectural,37,Valley Trim,3,3,column_7,,,v
architectural,37,Valley Trim,3,3,column_8,,,v
architectural,37,Valley Trim,3,3,column_9,,,v
architectural,38,Panel Starter,0,0,part,PART #,DESCRIPTION,T-5111
architectural,38,Panel Starter,0,0,length,LENGTH,DESCRIPTION,"10'-2"""
architectural,38,Panel Starter,0,0,girth,GIRTH,DESCRIPTION,"3"""
architectural,38,Panel Starter,0,0,weight_per_each,"WEIGHT PER
EACH",DESCRIPTION,2. A8#
architectural,38,Panel Starter,0,0,galvalume_plus,"GALVALUME®
PLUS",PRICED PER EACH,✓
architectural,38,Panel Starter,0,0,signature_200,"SIGNATURE®
200",PRICED PER EACH,✓
architectural,38,Panel Starter,0,0,signature_300,"SIGNATURE®
300",PRICED PER EACH,✓
architectural,38,Panel Starter,0,0,signature_300_metallic,"SIGNATURE®
300 METALLIC",PRICED PER EACH,✓
architectural,38,Continuous Cleat,1,0,column_1,,,DESCRIPTION
architectural,38,Continuous Cleat,1,0,column_5,,,PRICED PER EACH
architectural,38,Continuous Cleat,1,1,column_1,,,PART #
architectural,38,Continuous Cleat,1,1,column_2,,,LENGTH
architectural,38,Continuous Cleat,1,1,column_3,,,GIRTH
architectural,38,Continuous Cleat,1,1,column_4,,,WEIGHT PER EACH
architectural,38,Continuous Cleat,1,1,column_5,,,ASSORTED COLORS
architectural,38,Continuous Cleat,1,2,column_1,,,T-5121
architectural,38,Continuous Cleat,1,2,column_2,,,"10'-2"""
architectural,38,Continuous Cleat,1,2,column_3,,,"3"""
architectural,38,Continuous Cleat,1,2,column_4,,,2 48#
architectural,38,Continuous Cleat,1,2,column_5,,,v
architectural,38,Offset Cleat,2,0,column_1,,,DESCRIPTION
architectural,38,Offset Cleat,2,0,column_5,,,PRICED PER EACH
architectural,38,Offset Cleat,2,1,column_1,,,PART #
architectural,38,Offset Cleat,2,1,column_2,,,LENGTH
architectural,38,Offset Cleat,2,1,column_3,,,GIRTH
architectural,38,Offset Cleat,2,1,column_4,,,WEIGHT PER EACH
architectural,38,Offset Cleat,2,1,column_5,,,ASSORTED COLORS
architectural,38,Offset Cleat,2,2,column_1,,,T-5131
architectural,38,Offset Cleat,2,2,column_2,,,"1 Q'-2"""
architectural,38,Offset Cleat,2,2,column_3,,,"3%"""
architectural,38,Offset Cleat,2,2,column_4,,,2.90#
architectural,38,Offset Cleat,2,2,column_5,,,v
architectural,38,Perforated Vent Drip,3,0,column_1,,,DESCRIPTION
architectural,38,Perforated Vent Drip,3,0,column_5,,,PRICED PER EACH
architectural,38,Perforated Vent Drip,3,1,column_1,,,PART #
architectural,38,Perforated Vent Drip,3,1,column_2,,,LENGTH
architectural,38,Perforated Vent Drip,3,1,column_3,,,GIRTH
architectural,38,Perforated Vent Drip,3,1,column_4,,,WEIGHT PER EACH
architectural,38,Perforated Vent Drip,3,1,column_5,,,GALVALUME® PLUS
architectural,38,Perforated Vent Drip,3,2,column_1,,,FL-254
architectural,38,Perforated Vent Drip,3,2,column_2,,,"10'-2"""
architectural,38,Perforated Vent Drip,3,2,column_3,,,"634"""
architectural,38,Perforated Vent Drip,3,2,column_4,,,5.58#
architectural,38,Perforated Vent Drip,3,2,column_5,,,v
architectural,39,Eave Trim,0,0,part,PART #,DESCRIPTION,T-5141
architectural,39,Eave Trim,0,0,dim_ba,"DIM ""BA""",DESCRIPTION,"4"""
architectural,39,Eave Trim,0,0,length,LENGTH,DESCRIPTION,"10'-2"""
architectural,39,Eave Trim,0,0,girth,GIRTH,DESCRIPTION,8
architectural,39,Eave Trim,0,0,weight_per_each,"WEIGHT PER
EACH",DESCRIPTION,7.144
architectural,39,Eave Trim,0,0,galvalume_plus,"GALVALUME®
PLUS",PRICED PER EACH,✓
architectural,39,Eave Trim,0,0,signature_200,"SIGNATURE®
200",PRICED PER EACH,✓
architectural,39,Eave Trim,0,0,signature_300,"SIGNATURE®
300",PRICED PER EACH,✓
architectural,39,Eave Trim,0,0,signature_300_metallic,"SIGNATURE®
300 METALLIC",PRICED PER EACH,✓
architectural,39,Eave Trim,0,1,part,PART #,DESCRIPTION,T-5142
architectural,39,Eave Trim,0,1,dim_ba,"DIM ""BA""",DESCRIPTION,"4"""
architectural,39,Eave Trim,0,1,length,LENGTH,DESCRIPTION,"20'-2"""
architectural,39,Eave Trim,0,1,girth,GIRTH,DESCRIPTION,"256"""
architectural,39,Eave Trim,0,1,weight_per_each,"WEIGHT PER
EACH",DESCRIPTION,14.15#
architectural,39,Eave Trim,0,1,galvalume_plus,"GALVALUME®
PLUS",PRICED PER EACH,✓
architectural,39,Eave Trim,0,1,signature_200,"SIGNATURE®
200",PRICED PER EACH,✓
architectural,39,Eave Trim,0,1,signature_300,"SIGNATURE®
300",PRICED PER EACH,✓
architectural,39,Eave Trim,0,1,signature_300_metallic,"SIGNATURE®
300 METALLIC",PRICED PER EACH,✓
architectural,39,Eave Trim,0,2,part,PART #,DESCRIPTION,T-5143
architectural,39,Eave Trim,0,2,dim_ba,"DIM ""BA""",DESCRIPTION,"3"""
architectural,39,Eave Trim,0,2,length,LENGTH,DESCRIPTION,"10'-2"""
architectural,39,Eave Trim,0,2,girth,GIRTH,DESCRIPTION,"754"""
architectural,39,Eave Trim,0,2,weight_per_each,"WEIGHT PER
EACH",DESCRIPTION,6.31#
architectural,39,Eave Trim,0,2,galvalume_plus,"GALVALUME®
PLUS",PRICED PER EACH,✓
architectural,39,Eave Trim,0,2,signature_200,"SIGNATURE®
200",PRICED PER EACH,✓
architectural,39,Eave Trim,0,2,signature_300,"SIGNATURE®
300",PRICED PER EACH,✓
architectural,39,Eave Trim,0,2,signature_300_metallic,"SIGNATURE®
300 METALLIC",PRICED PER EACH,✓
architectural,39,Eave Trim,0,3,part,PART #,DESCRIPTION,T-5144
architectural,39,Eave Trim,0,3,dim_ba,"DIM ""BA""",DESCRIPTION,"3"""
architectural,39,Eave Trim,0,3,length,LENGTH,DESCRIPTION,"20'-2"""
architectural,39,Eave Trim,0,3,girth,GIRTH,DESCRIPTION,"754"""
architectural,39,Eave Trim,0,3,weight_per_each,"WEIGHT PER
EACH",DESCRIPTION,12.51#
architectural,39,Eave Trim,0,3,galvalume_plus,"GALVALUME®
PLUS",PRICED PER EACH,✓
architectural,39,Eave Trim,0,3,signature_200,"SIGNATURE®
200",PRICED PER EACH,✓
architectural,39,Eave Trim,0,3,signature_300,"SIGNATURE®
300",PRICED PER EACH,✓
architectural,39,Eave Trim,0,3,signature_300_metallic,"SIGNATURE®
300 METALLIC",PRICED PER EACH,✓
architectural,39,Eave with Extended Drip Edge,1,0,part,PART #,DESCRIPTION,T-5151
architectural,39,Eave with Extended Drip Edge,1,0,length,LENGTH,DESCRIPTION,"10'-2"""
architectural,39,Eave with Extended Drip Edge,1,0,girth,GIRTH,DESCRIPTION,"O56"""
architectural,39,Eave with Extended Drip Edge,1,0,weight_per_each,"WEIGHT PER
EACH",DESCRIPTION,7. I0#
architectural,39,Eave with Extended Drip Edge,1,0,galvalume_plus,"GALVALUME®
PLUS",PRICED PER EACH,✓
architectural,39,Eave with Extended Drip Edge,1,0,signature_200,"SIGNATURE®
200",PRICED PER EACH,✓
architectural,39,Eave with Extended Drip Edge,1,0,signature_300,"SIGNATURE®
300",PRICED PER EACH,✓
architectural,39,Eave with Extended Drip Edge,1,0,signature_300_metallic,"SIGNATURE®
300 METALLIC",PRICED PER EACH,✓
architectural,39,Eave with Extended Drip Edge,2,0,part,PART #,DESCRIPTION,T-5152A
architectural,39,Eave with Extended Drip Edge,2,0,length,LENGTH,DESCRIPTION,"10'-2"""
architectural,39,Eave with Extended Drip Edge,2,0,girth,GIRTH,DESCRIPTION,"5"""
architectural,39,Eave with Extended Drip Edge,2,0,weight_per_each,"WEIGHT PER
EACH",DESCRIPTION,4.144
architectural,39,Eave with Extended Drip Edge,2,0,galvalume_plus,"GALVALUME®
PLUS",PRICED PER EACH,✓
architectural,39,Eave with Extended Drip Edge,2,0,signature_200,"SIGNATURE®
200",PRICED PER EACH,✓
architectural,39,Eave with Extended Drip Edge,2,0,signature_300,"SIGNATURE®
300",PRICED PER EACH,✓
architectural,39,Eave with Extended Drip Edge,2,0,signature_300_metallic,"SIGNATURE®
300 METALLIC",PRICED PER EACH,✓
architectural,39,Eave with Extended Drip Edge,2,1,part,PART #,DESCRIPTION,T-5152B
architectural,39,Eave with Extended Drip Edge,2,1,length,LENGTH,DESCRIPTION,"10'-2"""
architectural,39,Eave with Extended Drip Edge,2,1,girth,GIRTH,DESCRIPTION,"53,4"""
architectural,39,Eave with Extended Drip Edge,2,1,weight_per_each,"WEIGHT PER
EACH",DESCRIPTION,4.A5#
architectural,39,Eave with Extended Drip Edge,2,1,galvalume_plus,"GALVALUME®
PLUS",PRICED PER EACH,✓
architectural,39,Eave with Extended Drip Edge,2,1,signature_200,"SIGNATURE®
200",PRICED PER EACH,✓
architectural,39,Eave with Extended Drip Edge,2,1,signature_300,"SIGNATURE®
300",PRICED PER EACH,✓
architectural,39,Eave with Extended Drip Edge,2,1,signature_300_metallic,"SIGNATURE®
300 METALLIC",PRICED PER EACH,✓
architectural,40,Eave to Fascia Transition,0,0,part,PART #,DESCRIPTION,T-5161
architectural,40,Eave to Fascia Transition,0,0,length,LENGTH,DESCRIPTION,"10'-2"""
architectural,40,Eave to Fascia Transition,0,0,girth,GIRTH,DESCRIPTION,"11"""
architectural,40,Eave to Fascia Transition,0,0,weight_per_each,"WEIGHT PER
EACH",DESCRIPTION,9.1 O#
architectural,40,Eave to Fascia Transition,0,0,galvalume_plus,"GALVALUME®
PLUS",PRICED PER EACH,✓
architectural,40,Eave to Fascia Transition,0,0,signature_200,"SIGNATURE®
200",PRICED PER EACH,✓
architectural,40,Eave to Fascia Transition,0,0,signature_300,"SIGNATURE®
300",PRICED PER EACH,✓
architectural,40,Eave to Fascia Transition,0,0,signature_300_metallic,"SIGNATURE®
300 METALLIC",PRICED PER EACH,✓
architectural,40,Eave to Fascia Transition,0,1,part,PART #,DESCRIPTION,T-5162
architectural,40,Eave to Fascia Transition,0,1,length,LENGTH,DESCRIPTION,"20'-2"""
architectural,40,Eave to Fascia Transition,0,1,girth,GIRTH,DESCRIPTION,"11"""
architectural,40,Eave to Fascia Transition,0,1,weight_per_each,"WEIGHT PER
EACH",DESCRIPTION,18.05#
architectural,40,Eave to Fascia Transition,0,1,galvalume_plus,"GALVALUME®
PLUS",PRICED PER EACH,✓
architectural,40,Eave to Fascia Transition,0,1,signature_200,"SIGNATURE®
200",PRICED PER EACH,✓
architectural,40,Eave to Fascia Transition,0,1,signature_300,"SIGNATURE®
300",PRICED PER EACH,✓
architectural,40,Eave to Fascia Transition,0,1,signature_300_metallic,"SIGNATURE®
300 METALLIC",PRICED PER EACH,✓
architectural,40,Roof to Fascia/Sill Sash,1,0,part,PART #,DESCRIPTION,T-5171
architectural,40,Roof to Fascia/Sill Sash,1,0,length,LENGTH,DESCRIPTION,"10'-2"""
architectural,40,Roof to Fascia/Sill Sash,1,0,girth,GIRTH,DESCRIPTION,"9"""
architectural,40,Roof to Fascia/Sill Sash,1,0,weight_per_each,"WEIGHT PER
EACH",DESCRIPTION,7 AS#
architectural,40,Roof to Fascia/Sill Sash,1,0,galvalume_plus,"GALVALUME®
PLUS",PRICED PER EACH,✓
architectural,40,Roof to Fascia/Sill Sash,1,0,signature_200,"SIGNATURE®
200",PRICED PER EACH,✓
architectural,40,Roof to Fascia/Sill Sash,1,0,signature_300,"SIGNATURE®
300",PRICED PER EACH,✓
architectural,40,Roof to Fascia/Sill Sash,1,0,signature_300_metallic,"SIGNATURE®
300 METALLIC",PRICED PER EACH,✓
architectural,40,Roof to Fascia/Sill Sash,1,1,part,PART #,DESCRIPTION,T-5172
architectural,40,Roof to Fascia/Sill Sash,1,1,length,LENGTH,DESCRIPTION,"20'-2"""
architectural,40,Roof to Fascia/Sill Sash,1,1,girth,GIRTH,DESCRIPTION,"9"""
architectural,40,Roof to Fascia/Sill Sash,1,1,weight_per_each,"WEIGHT PER
EACH",DESCRIPTION,14.77#
architectural,40,Roof to Fascia/Sill Sash,1,1,galvalume_plus,"GALVALUME®
PLUS",PRICED PER EACH,✓
architectural,40,Roof to Fascia/Sill Sash,1,1,signature_200,"SIGNATURE®
200",PRICED PER EACH,✓
architectural,40,Roof to Fascia/Sill Sash,1,1,signature_300,"SIGNATURE®
300",PRICED PER EACH,✓
architectural,40,Roof to Fascia/Sill Sash,1,1,signature_300_metallic,"SIGNATURE®
300 METALLIC",PRICED PER EACH,✓
architectural,40,Sill/Head Sash,2,0,part,PART #,DESCRIPTION,T-5181
architectural,40,Sill/Head Sash,2,0,dim_a,"DIM ""A""",DESCRIPTION,"1%"""
architectural,40,Sill/Head Sash,2,0,length,LENGTH,DESCRIPTION,"10'-2"""
architectural,40,Sill/Head Sash,2,0,girth,GIRTH,DESCRIPTION,Va
architectural,40,Sill/Head Sash,2,0,weight_per_each,"WEIGHT PER
EACH",DESCRIPTION,5./9#
architectural,40,Sill/Head Sash,2,0,galvalume_plus,"GALVALUME®
PLUS",PRICED PER EACH,✓
architectural,40,Sill/Head Sash,2,0,signature_200,"SIGNATURE®
200",PRICED PER EACH,✓
architectural,40,Sill/Head Sash,2,0,signature_300,"SIGNATURE®
300",PRICED PER EACH,✓
architectural,40,Sill/Head Sash,2,0,signature_300_metallic,"SIGNATURE®
300 METALLIC",PRICED PER EACH,✓
architectural,40,Sill/Head Sash,2,1,part,PART #,DESCRIPTION,T-5182
architectural,40,Sill/Head Sash,2,1,dim_a,"DIM ""A""",DESCRIPTION,"1%"""
architectural,40,Sill/Head Sash,2,1,length,LENGTH,DESCRIPTION,"20'-2"""
architectural,40,Sill/Head Sash,2,1,girth,GIRTH,DESCRIPTION,Via
architectural,40,Sill/Head Sash,2,1,weight_per_each,"WEIGHT PER
EACH",DESCRIPTION,11.49#
architectural,40,Sill/Head Sash,2,1,galvalume_plus,"GALVALUME®
PLUS",PRICED PER EACH,✓
architectural,40,Sill/Head Sash,2,1,signature_200,"SIGNATURE®
200",PRICED PER EACH,✓
architectural,40,Sill/Head Sash,2,1,signature_300,"SIGNATURE®
300",PRICED PER EACH,✓
architectural,40,Sill/Head Sash,2,1,signature_300_metallic,"SIGNATURE®
300 METALLIC",PRICED PER EACH,✓
architectural,40,Sill/Head Sash,2,2,part,PART #,DESCRIPTION,T-5183
architectural,40,Sill/Head Sash,2,2,dim_a,"DIM ""A""",DESCRIPTION,"2%"""
architectural,40,Sill/Head Sash,2,2,length,LENGTH,DESCRIPTION,"10'-2"""
architectural,40,Sill/Head Sash,2,2,girth,GIRTH,DESCRIPTION,"Q"""
architectural,40,Sill/Head Sash,2,2,weight_per_each,"WEIGHT PER
EACH",DESCRIPTION,7 AS#
architectural,40,Sill/Head Sash,2,2,galvalume_plus,"GALVALUME®
PLUS",PRICED PER EACH,✓
architectural,40,Sill/Head Sash,2,2,signature_200,"SIGNATURE®
200",PRICED PER EACH,✓
architectural,40,Sill/Head Sash,2,2,signature_300,"SIGNATURE®
300",PRICED PER EACH,✓
architectural,40,Sill/Head Sash,2,2,signature_300_metallic,"SIGNATURE®
300 METALLIC",PRICED PER EACH,✓
architectural,40,Sill/Head Sash,2,3,part,PART #,DESCRIPTION,T-5184
architectural,40,Sill/Head Sash,2,3,dim_a,"DIM ""A""",DESCRIPTION,AL
architectural,40,Sill/Head Sash,2,3,length,LENGTH,DESCRIPTION,"20'-2"""
architectural,40,Sill/Head Sash,2,3,girth,GIRTH,DESCRIPTION,"Qo"""
architectural,40,Sill/Head Sash,2,3,weight_per_each,"WEIGHT PER
EACH",DESCRIPTION,14.77#
architectural,40,Sill/Head Sash,2,3,galvalume_plus,"GALVALUME®
PLUS",PRICED PER EACH,✓
architectural,40,Sill/Head Sash,2,3,signature_200,"SIGNATURE®
200",PRICED PER EACH,✓
architectural,40,Sill/Head Sash,2,3,signature_300,"SIGNATURE®
300",PRICED PER EACH,✓
architectural,40,Sill/Head Sash,2,3,signature_300_metallic,"SIGNATURE®
300 METALLIC",PRICED PER EACH,✓
architectural,41,Sill with Soffit,0,0,part,PART #,DESCRIPTION,T-5191
architectural,41,Sill with Soffit,0,0,dim_a,"DIM ""A""",DESCRIPTION,"1%"""
architectural,41,Sill with Soffit,0,0,dim_b,"DIM ""B""",DESCRIPTION,"33,4"""
architectural,41,Sill with Soffit,0,0,length,LENGTH,DESCRIPTION,"10'-2"""
architectural,41,Sill with Soffit,0,0,girth,GIRTH,DESCRIPTION,"Qo"""
architectural,41,Sill with Soffit,0,0,weight_per_each,"WEIGHT
PER EACH",DESCRIPTION,7 AS#
architectural,41,Sill with Soffit,0,0,galvalume_plus,"GALVALUME®
PLUS",PRICED PER EACH,✓
architectural,41,Sill with Soffit,0,0,signature_200,"SIGNATURE®
200",PRICED PER EACH,✓
architectural,41,Sill with Soffit,0,0,signature_300,"SIGNATURE®
300",PRICED PER EACH,✓
architectural,41,Sill with Soffit,0,0,signature_300_metallic,"SIGNATURE®
300 METALLIC",PRICED PER EACH,✓
architectural,41,Sill with Soffit,0,1,part,PART #,DESCRIPTION,T-5193
architectural,41,Sill with Soffit,0,1,dim_a,"DIM ""A""",DESCRIPTION,"2%"""
architectural,41,Sill with Soffit,0,1,dim_b,"DIM ""B""",DESCRIPTION,"434"""
architectural,41,Sill with Soffit,0,1,length,LENGTH,DESCRIPTION,"10'-2"""
architectural,41,Sill with Soffit,0,1,girth,GIRTH,DESCRIPTION,"qq"""
architectural,41,Sill with Soffit,0,1,weight_per_each,"WEIGHT
PER EACH",DESCRIPTION,9.10#
architectural,41,Sill with Soffit,0,1,galvalume_plus,"GALVALUME®
PLUS",PRICED PER EACH,✓
architectural,41,Sill with Soffit,0,1,signature_200,"SIGNATURE®
200",PRICED PER EACH,✓
architectural,41,Sill with Soffit,0,1,signature_300,"SIGNATURE®
300",PRICED PER EACH,✓
architectural,41,Sill with Soffit,0,1,signature_300_metallic,"SIGNATURE®
300 METALLIC",PRICED PER EACH,✓
architectural,41,Box Sill with Soffit,1,0,part,PART #,DESCRIPTION,T-5201
architectural,41,Box Sill with Soffit,1,0,dim_a,"DIM ""A""",DESCRIPTION,"1%"""
architectural,41,Box Sill with Soffit,1,0,dim_b,"DIM ""B""",DESCRIPTION,"33,"""
architectural,41,Box Sill with Soffit,1,0,length,LENGTH,DESCRIPTION,"10'-2"""
architectural,41,Box Sill with Soffit,1,0,girth,GIRTH,DESCRIPTION,"41"""
architectural,41,Box Sill with Soffit,1,0,weight_per_each,"WEIGHT
PER EACH",DESCRIPTION,9.10#
architectural,41,Box Sill with Soffit,1,0,galvalume_plus,"GALVALUME®
PLUS",PRICED PER EACH,✓
architectural,41,Box Sill with Soffit,1,0,signature_200,"SIGNATURE®
200",PRICED PER EACH,✓
architectural,41,Box Sill with Soffit,1,0,signature_300,"SIGNATURE®
300",PRICED PER EACH,✓
architectural,41,Box Sill with Soffit,1,0,signature_300_metallic,"SIGNATURE®
300 METALLIC",PRICED PER EACH,✓
architectural,41,Box Sill with Soffit,1,1,part,PART #,DESCRIPTION,T-5202
architectural,41,Box Sill with Soffit,1,1,dim_a,"DIM ""A""",DESCRIPTION,"1%"""
architectural,41,Box Sill with Soffit,1,1,dim_b,"DIM ""B""",DESCRIPTION,"334"""
architectural,41,Box Sill with Soffit,1,1,length,LENGTH,DESCRIPTION,"20'-2"""
architectural,41,Box Sill with Soffit,1,1,girth,GIRTH,DESCRIPTION,"41"""
architectural,41,Box Sill with Soffit,1,1,weight_per_each,"WEIGHT
PER EACH",DESCRIPTION,18.05#
architectural,41,Box Sill with Soffit,1,1,galvalume_plus,"GALVALUME®
PLUS",PRICED PER EACH,✓
architectural,41,Box Sill with Soffit,1,1,signature_200,"SIGNATURE®
200",PRICED PER EACH,✓
architectural,41,Box Sill with Soffit,1,1,signature_300,"SIGNATURE®
300",PRICED PER EACH,✓
architectural,41,Box Sill with Soffit,1,1,signature_300_metallic,"SIGNATURE®
300 METALLIC",PRICED PER EACH,✓
architectural,41,Box Sill with Soffit,1,2,part,PART #,DESCRIPTION,T-5203
architectural,41,Box Sill with Soffit,1,2,dim_a,"DIM ""A""",DESCRIPTION,"2%"""
architectural,41,Box Sill with Soffit,1,2,dim_b,"DIM ""B""",DESCRIPTION,"434"""
architectural,41,Box Sill with Soffit,1,2,length,LENGTH,DESCRIPTION,"10'-2"""
architectural,41,Box Sill with Soffit,1,2,girth,GIRTH,DESCRIPTION,"43"""
architectural,41,Box Sill with Soffit,1,2,weight_per_each,"WEIGHT
PER EACH",DESCRIPTION,10.75#
architectural,41,Box Sill with Soffit,1,2,galvalume_plus,"GALVALUME®
PLUS",PRICED PER EACH,✓
architectural,41,Box Sill with Soffit,1,2,signature_200,"SIGNATURE®
200",PRICED PER EACH,✓
architectural,41,Box Sill with Soffit,1,2,signature_300,"SIGNATURE®
300",PRICED PER EACH,✓
architectural,41,Box Sill with Soffit,1,2,signature_300_metallic,"SIGNATURE®
300 METALLIC",PRICED PER EACH,✓
architectural,41,Box Sill with Soffit,1,3,part,PART #,DESCRIPTION,T-5204
architectural,41,Box Sill with Soffit,1,3,dim_a,"DIM ""A""",DESCRIPTION,"2%"""
architectural,41,Box Sill with Soffit,1,3,dim_b,"DIM ""B""",DESCRIPTION,"434"""
architectural,41,Box Sill with Soffit,1,3,length,LENGTH,DESCRIPTION,"20'-2"""
architectural,41,Box Sill with Soffit,1,3,girth,GIRTH,DESCRIPTION,"43"""
architectural,41,Box Sill with Soffit,1,3,weight_per_each,"WEIGHT
PER EACH",DESCRIPTION,21.334
architectural,41,Box Sill with Soffit,1,3,galvalume_plus,"GALVALUME®
PLUS",PRICED PER EACH,✓
architectural,41,Box Sill with Soffit,1,3,signature_200,"SIGNATURE®
200",PRICED PER EACH,✓
architectural,41,Box Sill with Soffit,1,3,signature_300,"SIGNATURE®
300",PRICED PER EACH,✓
architectural,41,Box Sill with Soffit,1,3,signature_300_metallic,"SIGNATURE®
300 METALLIC",PRICED PER EACH,✓
architectural,41,Parapet High Side Eave Flash - Fixed,2,0,part,PART #,DESCRIPTION,T-5211
architectural,41,Parapet High Side Eave Flash - Fixed,2,0,dim_a,"DIM ""A""",DESCRIPTION,"4x2"""
architectural,41,Parapet High Side Eave Flash - Fixed,2,0,length,LENGTH,DESCRIPTION,"10'-2"""
architectural,41,Parapet High Side Eave Flash - Fixed,2,0,girth,GIRTH,DESCRIPTION,"Q"""
architectural,41,Parapet High Side Eave Flash - Fixed,2,0,weight_per_each,"WEIGHT PER
EACH",DESCRIPTION,75#
architectural,41,Parapet High Side Eave Flash - Fixed,2,0,galvalume_plus,"GALVALUME®
PLUS",PRICED PER EACH,✓
architectural,41,Parapet High Side Eave Flash - Fixed,2,0,signature_200,"SIGNATURE®
200",PRICED PER EACH,✓
architectural,41,Parapet High Side Eave Flash - Fixed,2,0,signature_300,"SIGNATURE®
300",PRICED PER EACH,✓
architectural,41,Parapet High Side Eave Flash - Fixed,2,0,signature_300_metallic,"SIGNATURE®
300 METALLIC",PRICED PER EACH,✓
architectural,41,Parapet High Side Eave Flash - Fixed,2,1,part,PART #,DESCRIPTION,T-5212
architectural,41,Parapet High Side Eave Flash - Fixed,2,1,dim_a,"DIM ""A""",DESCRIPTION,"4x2"""
architectural,41,Parapet High Side Eave Flash - Fixed,2,1,length,LENGTH,DESCRIPTION,"20'-2"""
architectural,41,Parapet High Side Eave Flash - Fixed,2,1,girth,GIRTH,DESCRIPTION,"Qo"""
architectural,41,Parapet High Side Eave Flash - Fixed,2,1,weight_per_each,"WEIGHT PER
EACH",DESCRIPTION,14.77#
architectural,41,Parapet High Side Eave Flash - Fixed,2,1,galvalume_plus,"GALVALUME®
PLUS",PRICED PER EACH,✓
architectural,41,Parapet High Side Eave Flash - Fixed,2,1,signature_200,"SIGNATURE®
200",PRICED PER EACH,✓
architectural,41,Parapet High Side Eave Flash - Fixed,2,1,signature_300,"SIGNATURE®
300",PRICED PER EACH,✓
architectural,41,Parapet High Side Eave Flash - Fixed,2,1,signature_300_metallic,"SIGNATURE®
300 METALLIC",PRICED PER EACH,✓
architectural,41,Parapet High Side Eave Flash - Fixed,2,2,part,PART #,DESCRIPTION,T-5213
architectural,41,Parapet High Side Eave Flash - Fixed,2,2,dim_a,"DIM ""A""",DESCRIPTION,"5 V5"""
architectural,41,Parapet High Side Eave Flash - Fixed,2,2,length,LENGTH,DESCRIPTION,"10'-2"""
architectural,41,Parapet High Side Eave Flash - Fixed,2,2,girth,GIRTH,DESCRIPTION,"10"""
architectural,41,Parapet High Side Eave Flash - Fixed,2,2,weight_per_each,"WEIGHT PER
EACH",DESCRIPTION,8.27#
architectural,41,Parapet High Side Eave Flash - Fixed,2,2,galvalume_plus,"GALVALUME®
PLUS",PRICED PER EACH,✓
architectural,41,Parapet High Side Eave Flash - Fixed,2,2,signature_200,"SIGNATURE®
200",PRICED PER EACH,✓
architectural,41,Parapet High Side Eave Flash - Fixed,2,2,signature_300,"SIGNATURE®
300",PRICED PER EACH,✓
architectural,41,Parapet High Side Eave Flash - Fixed,2,2,signature_300_metallic,"SIGNATURE®
300 METALLIC",PRICED PER EACH,✓
architectural,41,Parapet High Side Eave Flash - Fixed,2,3,part,PART #,DESCRIPTION,T-5214
architectural,41,Parapet High Side Eave Flash - Fixed,2,3,dim_a,"DIM ""A""",DESCRIPTION,"5 V5"""
architectural,41,Parapet High Side Eave Flash - Fixed,2,3,length,LENGTH,DESCRIPTION,"20'-2"""
architectural,41,Parapet High Side Eave Flash - Fixed,2,3,girth,GIRTH,DESCRIPTION,"10"""
architectural,41,Parapet High Side Eave Flash - Fixed,2,3,weight_per_each,"WEIGHT PER
EACH",DESCRIPTION,16.41#
architectural,41,Parapet High Side Eave Flash - Fixed,2,3,galvalume_plus,"GALVALUME®
PLUS",PRICED PER EACH,✓
architectural,41,Parapet High Side Eave Flash - Fixed,2,3,signature_200,"SIGNATURE®
200",PRICED PER EACH,✓
architectural,41,Parapet High Side Eave Flash - Fixed,2,3,signature_300,"SIGNATURE®
300",PRICED PER EACH,✓
architectural,41,Parapet High Side Eave Flash - Fixed,2,3,signature_300_metallic,"SIGNATURE®
300 METALLIC",PRICED PER EACH,✓
architectural,42,Parapet High Side Eave Flash - Floating,0,0,part,PART #,DESCRIPTION,T-5215
architectural,42,Parapet High Side Eave Flash - Floating,0,0,length,LENGTH,DESCRIPTION,"10'-2"""
architectural,42,Parapet High Side Eave Flash - Floating,0,0,girth,GIRTH,DESCRIPTION,"13"""
architectural,42,Parapet High Side Eave Flash - Floating,0,0,weight_per_each,"WEIGHT PER
EACH",DESCRIPTION,10.75#
architectural,42,Parapet High Side Eave Flash - Floating,0,0,galvalume_plus,"GALVALUME®
PLUS",PRICED PER EACH,✓
architectural,42,Parapet High Side Eave Flash - Floating,0,0,signature_200,"SIGNATURE®
200",PRICED PER EACH,✓
architectural,42,Parapet High Side Eave Flash - Floating,0,0,signature_300,"SIGNATURE®
300",PRICED PER EACH,✓
architectural,42,Parapet High Side Eave Flash - Floating,0,0,signature_300_metallic,"SIGNATURE®
300 METALLIC",PRICED PER EACH,✓
architectural,42,Parapet High Side Eave Flash - Floating,0,1,part,PART #,DESCRIPTION,T-5216
architectural,42,Parapet High Side Eave Flash - Floating,0,1,length,LENGTH,DESCRIPTION,"20'-2"""
architectural,42,Parapet High Side Eave Flash - Floating,0,1,girth,GIRTH,DESCRIPTION,"43"""
architectural,42,Parapet High Side Eave Flash - Floating,0,1,weight_per_each,"WEIGHT PER
EACH",DESCRIPTION,21.334
architectural,42,Parapet High Side Eave Flash - Floating,0,1,galvalume_plus,"GALVALUME®
PLUS",PRICED PER EACH,✓
architectural,42,Parapet High Side Eave Flash - Floating,0,1,signature_200,"SIGNATURE®
200",PRICED PER EACH,✓
architectural,42,Parapet High Side Eave Flash - Floating,0,1,signature_300,"SIGNATURE®
300",PRICED PER EACH,✓
architectural,42,Parapet High Side Eave Flash - Floating,0,1,signature_300_metallic,"SIGNATURE®
300 METALLIC",PRICED PER EACH,✓
architectural,42,Parapet Rake Flash,1,0,part,PART #,DESCRIPTION,T-5217
architectural,42,Parapet Rake Flash,1,0,length,LENGTH,DESCRIPTION,"10'-2"""
architectural,42,Parapet Rake Flash,1,0,girth,GIRTH,DESCRIPTION,"O1A"""
architectural,42,Parapet Rake Flash,1,0,weight_per_each,"WEIGHT PER
EACH",DESCRIPTION,7.054
architectural,42,Parapet Rake Flash,1,0,galvalume_plus,"GALVALUME®
PLUS",PRICED PER EACH,✓
architectural,42,Parapet Rake Flash,1,0,signature_200,"SIGNATURE®
200",PRICED PER EACH,✓
architectural,42,Parapet Rake Flash,1,0,signature_300,"SIGNATURE®
300",PRICED PER EACH,✓
architectural,42,Parapet Rake Flash,1,0,signature_300_metallic,"SIGNATURE®
300 METALLIC",PRICED PER EACH,✓
architectural,42,Parapet Rake Flash,1,1,part,PART #,DESCRIPTION,T-5218
architectural,42,Parapet Rake Flash,1,1,length,LENGTH,DESCRIPTION,"20'-2"""
architectural,42,Parapet Rake Flash,1,1,girth,GIRTH,DESCRIPTION,"9%"""
architectural,42,Parapet Rake Flash,1,1,weight_per_each,"WEIGHT PER
EACH",DESCRIPTION,15.18#
architectural,42,Parapet Rake Flash,1,1,galvalume_plus,"GALVALUME®
PLUS",PRICED PER EACH,✓
architectural,42,Parapet Rake Flash,1,1,signature_200,"SIGNATURE®
200",PRICED PER EACH,✓
architectural,42,Parapet Rake Flash,1,1,signature_300,"SIGNATURE®
300",PRICED PER EACH,✓
architectural,42,Parapet Rake Flash,1,1,signature_300_metallic,"SIGNATURE®
300 METALLIC",PRICED PER EACH,✓
architectural,42,Parapet Rake Cleat,2,0,part,PART #,DESCRIPTION,T-5219
architectural,42,Parapet Rake Cleat,2,0,length,LENGTH,DESCRIPTION,"10'-2"""
architectural,42,Parapet Rake Cleat,2,0,girth,GIRTH,DESCRIPTION,"2%"""
architectural,42,Parapet Rake Cleat,2,0,weight_per_each,"WEIGHT PER
EACH",DESCRIPTION,2.07#
architectural,42,Parapet Rake Cleat,2,0,galvalume_plus,"GALVALUME®
PLUS",PRICED PER EACH,✓
architectural,42,Parapet Rake Cleat,2,0,signature_200,"SIGNATURE®
200",PRICED PER EACH,✓
architectural,42,Parapet Rake Cleat,2,0,signature_300,"SIGNATURE®
300",PRICED PER EACH,✓
architectural,42,Parapet Rake Cleat,2,0,signature_300_metallic,"SIGNATURE®
300 METALLIC",PRICED PER EACH,✓
architectural,43,Counterflash,0,0,part,PART #,DESCRIPTION,T-5225
architectural,43,Counterflash,0,0,length,LENGTH,DESCRIPTION,"10'-2"""
architectural,43,Counterflash,0,0,girth,GIRTH,DESCRIPTION,"Ay"""
architectural,43,Counterflash,0,0,weight_per_each,"WEIGHT PER
EACH",DESCRIPTION,3.724
architectural,43,Counterflash,0,0,galvalume_plus,"GALVALUME®
PLUS",PRICED PER EACH,✓
architectural,43,Counterflash,0,0,signature_200,"SIGNATURE®
200",PRICED PER EACH,✓
architectural,43,Counterflash,0,0,signature_300,"SIGNATURE®
300",PRICED PER EACH,✓
architectural,43,Counterflash,0,0,signature_300_metallic,"SIGNATURE®
300 METALLIC",PRICED PER EACH,✓
architectural,43,Counterflash,0,1,part,PART #,DESCRIPTION,T-5226
architectural,43,Counterflash,0,1,length,LENGTH,DESCRIPTION,"1 4'-0"""
architectural,43,Counterflash,0,1,girth,GIRTH,DESCRIPTION,"AY2"""
architectural,43,Counterflash,0,1,weight_per_each,"WEIGHT PER
EACH",DESCRIPTION,7 38#
architectural,43,Counterflash,0,1,galvalume_plus,"GALVALUME®
PLUS",PRICED PER EACH,✓
architectural,43,Counterflash,0,1,signature_200,"SIGNATURE®
200",PRICED PER EACH,✓
architectural,43,Counterflash,0,1,signature_300,"SIGNATURE®
300",PRICED PER EACH,✓
architectural,43,Counterflash,0,1,signature_300_metallic,"SIGNATURE®
300 METALLIC",PRICED PER EACH,✓
architectural,43,Alternate Counterflash,1,0,part,PART #,DESCRIPTION,T-5221
architectural,43,Alternate Counterflash,1,0,length,LENGTH,DESCRIPTION,"10'-2"""
architectural,43,Alternate Counterflash,1,0,girth,GIRTH,DESCRIPTION,"A4Y2"""
architectural,43,Alternate Counterflash,1,0,weight_per_each,"WEIGHT PER
EACH",DESCRIPTION,3.724
architectural,43,Alternate Counterflash,1,0,galvalume_plus,"GALVALUME®
PLUS",PRICED PER EACH,✓
architectural,43,Alternate Counterflash,1,0,signature_200,"SIGNATURE®
200",PRICED PER EACH,✓
architectural,43,Alternate Counterflash,1,0,signature_300,"SIGNATURE®
300",PRICED PER EACH,✓
architectural,43,Alternate Counterflash,1,0,signature_300_metallic,"SIGNATURE®
300 METALLIC",PRICED PER EACH,✓
architectural,43,Alternate Counterflash,1,1,part,PART #,DESCRIPTION,T-5222
architectural,43,Alternate Counterflash,1,1,length,LENGTH,DESCRIPTION,"14'-0"""
architectural,43,Alternate Counterflash,1,1,girth,GIRTH,DESCRIPTION,"Ay"""
architectural,43,Alternate Counterflash,1,1,weight_per_each,"WEIGHT PER
EACH",DESCRIPTION,7 384
architectural,43,Alternate Counterflash,1,1,galvalume_plus,"GALVALUME®
PLUS",PRICED PER EACH,✓
architectural,43,Alternate Counterflash,1,1,signature_200,"SIGNATURE®
200",PRICED PER EACH,✓
architectural,43,Alternate Counterflash,1,1,signature_300,"SIGNATURE®
300",PRICED PER EACH,✓
architectural,43,Alternate Counterflash,1,1,signature_300_metallic,"SIGNATURE®
300 METALLIC",PRICED PER EACH,✓
architectural,43,Box Rake,2,0,part,PART #,DESCRIPTION,T-5231
architectural,43,Box Rake,2,0,dim_ph,"DIM ""ph""",DESCRIPTION,"4"""
architectural,43,Box Rake,2,0,dim_b,"DIM ""B""",DESCRIPTION,"3"""
architectural,43,Box Rake,2,0,length,LENGTH,DESCRIPTION,"10'-2"""
architectural,43,Box Rake,2,0,girth,GIRTH,DESCRIPTION,"854"""
architectural,43,Box Rake,2,0,weight_per_each,"WEIGHT
PER EACH",DESCRIPTION,7144
architectural,43,Box Rake,2,0,galvalume_plus,"GALVALUME®
PLUS",PRICED PER EACH,✓
architectural,43,Box Rake,2,0,signature_200,"SIGNATURE®
200",PRICED PER EACH,✓
architectural,43,Box Rake,2,0,signature_300,"SIGNATURE®
300",PRICED PER EACH,✓
architectural,43,Box Rake,2,0,signature_300_metallic,"SIGNATURE®
300 METALLIC",PRICED PER EACH,✓
architectural,43,Box Rake,2,1,part,PART #,DESCRIPTION,T-5232
architectural,43,Box Rake,2,1,dim_ph,"DIM ""ph""",DESCRIPTION,"4"""
architectural,43,Box Rake,2,1,dim_b,"DIM ""B""",DESCRIPTION,"3"""
architectural,43,Box Rake,2,1,length,LENGTH,DESCRIPTION,"20'-2"""
architectural,43,Box Rake,2,1,girth,GIRTH,DESCRIPTION,"B54"""
architectural,43,Box Rake,2,1,weight_per_each,"WEIGHT
PER EACH",DESCRIPTION,14.15#
architectural,43,Box Rake,2,1,galvalume_plus,"GALVALUME®
PLUS",PRICED PER EACH,✓
architectural,43,Box Rake,2,1,signature_200,"SIGNATURE®
200",PRICED PER EACH,✓
architectural,43,Box Rake,2,1,signature_300,"SIGNATURE®
300",PRICED PER EACH,✓
architectural,43,Box Rake,2,1,signature_300_metallic,"SIGNATURE®
300 METALLIC",PRICED PER EACH,✓
architectural,43,Box Rake,2,2,part,PART #,DESCRIPTION,T-5233
architectural,43,Box Rake,2,2,dim_ph,"DIM ""ph""",DESCRIPTION,"5"""
architectural,43,Box Rake,2,2,dim_b,"DIM ""B""",DESCRIPTION,"3"""
architectural,43,Box Rake,2,2,length,LENGTH,DESCRIPTION,"10'-2"""
architectural,43,Box Rake,2,2,girth,GIRTH,DESCRIPTION,"954"""
architectural,43,Box Rake,2,2,weight_per_each,"WEIGHT
PER EACH",DESCRIPTION,7.904
architectural,43,Box Rake,2,2,galvalume_plus,"GALVALUME®
PLUS",PRICED PER EACH,✓
architectural,43,Box Rake,2,2,signature_200,"SIGNATURE®
200",PRICED PER EACH,✓
architectural,43,Box Rake,2,2,signature_300,"SIGNATURE®
300",PRICED PER EACH,✓
architectural,43,Box Rake,2,2,signature_300_metallic,"SIGNATURE®
300 METALLIC",PRICED PER EACH,✓
architectural,43,Box Rake,2,3,part,PART #,DESCRIPTION,T-5234
architectural,43,Box Rake,2,3,dim_ph,"DIM ""ph""",DESCRIPTION,"5"""
architectural,43,Box Rake,2,3,dim_b,"DIM ""B""",DESCRIPTION,"3"""
architectural,43,Box Rake,2,3,length,LENGTH,DESCRIPTION,"20'-2"""
architectural,43,Box Rake,2,3,girth,GIRTH,DESCRIPTION,"95g"""
architectural,43,Box Rake,2,3,weight_per_each,"WEIGHT
PER EACH",DESCRIPTION,15.79#
architectural,43,Box Rake,2,3,galvalume_plus,"GALVALUME®
PLUS",PRICED PER EACH,✓
architectural,43,Box Rake,2,3,signature_200,"SIGNATURE®
200",PRICED PER EACH,✓
architectural,43,Box Rake,2,3,signature_300,"SIGNATURE®
300",PRICED PER EACH,✓
architectural,43,Box Rake,2,3,signature_300_metallic,"SIGNATURE®
300 METALLIC",PRICED PER EACH,✓
architectural,43,Box Rake,2,4,part,PART #,DESCRIPTION,T-5235
architectural,43,Box Rake,2,4,dim_ph,"DIM ""ph""",DESCRIPTION,"5"""
architectural,43,Box Rake,2,4,dim_b,"DIM ""B""",DESCRIPTION,"4"""
architectural,43,Box Rake,2,4,length,LENGTH,DESCRIPTION,"10'-2"""
architectural,43,Box Rake,2,4,girth,GIRTH,DESCRIPTION,"10%"""
architectural,43,Box Rake,2,4,weight_per_each,"WEIGHT
PER EACH",DESCRIPTION,8.79#
architectural,43,Box Rake,2,4,galvalume_plus,"GALVALUME®
PLUS",PRICED PER EACH,✓
architectural,43,Box Rake,2,4,signature_200,"SIGNATURE®
200",PRICED PER EACH,✓
architectural,43,Box Rake,2,4,signature_300,"SIGNATURE®
300",PRICED PER EACH,✓
architectural,43,Box Rake,2,4,signature_300_metallic,"SIGNATURE®
300 METALLIC",PRICED PER EACH,✓
architectural,43,Box Rake,2,5,part,PART #,DESCRIPTION,T-5236
architectural,43,Box Rake,2,5,dim_ph,"DIM ""ph""",DESCRIPTION,"5"""
architectural,43,Box Rake,2,5,dim_b,"DIM ""B""",DESCRIPTION,"4"""
architectural,43,Box Rake,2,5,length,LENGTH,DESCRIPTION,"20'-2"""
architectural,43,Box Rake,2,5,girth,GIRTH,DESCRIPTION,"10%"""
architectural,43,Box Rake,2,5,weight_per_each,"WEIGHT
PER EACH",DESCRIPTION,17.434
architectural,43,Box Rake,2,5,galvalume_plus,"GALVALUME®
PLUS",PRICED PER EACH,✓
architectural,43,Box Rake,2,5,signature_200,"SIGNATURE®
200",PRICED PER EACH,✓
architectural,43,Box Rake,2,5,signature_300,"SIGNATURE®
300",PRICED PER EACH,✓
architectural,43,Box Rake,2,5,signature_300_metallic,"SIGNATURE®
300 METALLIC",PRICED PER EACH,✓
architectural,43,Box Rake,2,6,part,PART #,DESCRIPTION,T-5237
architectural,43,Box Rake,2,6,dim_ph,"DIM ""ph""",DESCRIPTION,"5"""
architectural,43,Box Rake,2,6,dim_b,"DIM ""B""",DESCRIPTION,"5"""
architectural,43,Box Rake,2,6,length,LENGTH,DESCRIPTION,"10'-2"""
architectural,43,Box Rake,2,6,girth,GIRTH,DESCRIPTION,"11%"""
architectural,43,Box Rake,2,6,weight_per_each,"WEIGHT
PER EACH",DESCRIPTION,9.62#
architectural,43,Box Rake,2,6,galvalume_plus,"GALVALUME®
PLUS",PRICED PER EACH,✓
architectural,43,Box Rake,2,6,signature_200,"SIGNATURE®
200",PRICED PER EACH,✓
architectural,43,Box Rake,2,6,signature_300,"SIGNATURE®
300",PRICED PER EACH,✓
architectural,43,Box Rake,2,6,signature_300_metallic,"SIGNATURE®
300 METALLIC",PRICED PER EACH,✓
architectural,43,Box Rake,2,7,part,PART #,DESCRIPTION,T-5238
architectural,43,Box Rake,2,7,dim_ph,"DIM ""ph""",DESCRIPTION,"5"""
architectural,43,Box Rake,2,7,dim_b,"DIM ""B""",DESCRIPTION,"5"""
architectural,43,Box Rake,2,7,length,LENGTH,DESCRIPTION,"20'-2"""
architectural,43,Box Rake,2,7,girth,GIRTH,DESCRIPTION,"11%"""
architectural,43,Box Rake,2,7,weight_per_each,"WEIGHT
PER EACH",DESCRIPTION,19.08#
architectural,43,Box Rake,2,7,galvalume_plus,"GALVALUME®
PLUS",PRICED PER EACH,✓
architectural,43,Box Rake,2,7,signature_200,"SIGNATURE®
200",PRICED PER EACH,✓
architectural,43,Box Rake,2,7,signature_300,"SIGNATURE®
300",PRICED PER EACH,✓
architectural,43,Box Rake,2,7,signature_300_metallic,"SIGNATURE®
300 METALLIC",PRICED PER EACH,✓
architectural,44,Rake Slide,0,0,part,PART #,DESCRIPTION,T-5240
architectural,44,Rake Slide,0,0,length,LENGTH,DESCRIPTION,"10'-2"""
architectural,44,Rake Slide,0,0,girth,GIRTH,DESCRIPTION,"234"""
architectural,44,Rake Slide,0,0,weight_per_each,"WEIGHT PER
EACH",DESCRIPTION,2.2/7#
architectural,44,Rake Slide,0,0,galvalume_plus,"GALVALUME®
PLUS",PRICED PER EACH,✓
architectural,44,Rake Slide,0,0,signature_200,"SIGNATURE®
200",PRICED PER EACH,✓
architectural,44,Rake Slide,0,0,signature_300,"SIGNATURE®
300",PRICED PER EACH,✓
architectural,44,Rake Slide,0,0,signature_300_metallic,"SIGNATURE®
300 METALLIC",PRICED PER EACH,✓
architectural,44,Inside Corner,1,0,part,PART #,DESCRIPTION,T-5251
architectural,44,Inside Corner,1,0,length,LENGTH,DESCRIPTION,"10'-2"""
architectural,44,Inside Corner,1,0,girth,GIRTH,DESCRIPTION,gn
architectural,44,Inside Corner,1,0,weight_per_each,"WEIGHT PER
EACH",DESCRIPTION,6.62#
architectural,44,Inside Corner,1,0,galvalume_plus,"GALVALUME®
PLUS",PRICED PER EACH,✓
architectural,44,Inside Corner,1,0,signature_200,"SIGNATURE®
200",PRICED PER EACH,✓
architectural,44,Inside Corner,1,0,signature_300,"SIGNATURE®
300",PRICED PER EACH,✓
architectural,44,Inside Corner,1,0,signature_300_metallic,"SIGNATURE®
300 METALLIC",PRICED PER EACH,✓
architectural,44,Inside Corner,1,1,part,PART #,DESCRIPTION,T-5252
architectural,44,Inside Corner,1,1,length,LENGTH,DESCRIPTION,"20'-2"""
architectural,44,Inside Corner,1,1,girth,GIRTH,DESCRIPTION,"gn"""
architectural,44,Inside Corner,1,1,weight_per_each,"WEIGHT PER
EACH",DESCRIPTION,13.10#
architectural,44,Inside Corner,1,1,galvalume_plus,"GALVALUME®
PLUS",PRICED PER EACH,✓
architectural,44,Inside Corner,1,1,signature_200,"SIGNATURE®
200",PRICED PER EACH,✓
architectural,44,Inside Corner,1,1,signature_300,"SIGNATURE®
300",PRICED PER EACH,✓
architectural,44,Inside Corner,1,1,signature_300_metallic,"SIGNATURE®
300 METALLIC",PRICED PER EACH,✓
architectural,44,Outside Corner,2,0,part,PART #,DESCRIPTION,T-5241
architectural,44,Outside Corner,2,0,length,LENGTH,DESCRIPTION,"10'-2"""
architectural,44,Outside Corner,2,0,girth,GIRTH,DESCRIPTION,"gn"""
architectural,44,Outside Corner,2,0,weight_per_each,"WEIGHT PER
EACH",DESCRIPTION,6.62#
architectural,44,Outside Corner,2,0,galvalume_plus,"GALVALUME®
PLUS",PRICED PER EACH,✓
architectural,44,Outside Corner,2,0,signature_200,"SIGNATURE®
200",PRICED PER EACH,✓
architectural,44,Outside Corner,2,0,signature_300,"SIGNATURE®
300",PRICED PER EACH,✓
architectural,44,Outside Corner,2,0,signature_300_metallic,"SIGNATURE®
300 METALLIC",PRICED PER EACH,✓
architectural,44,Outside Corner,2,1,part,PART #,DESCRIPTION,T-5242
architectural,44,Outside Corner,2,1,length,LENGTH,DESCRIPTION,"20'-2"""
architectural,44,Outside Corner,2,1,girth,GIRTH,DESCRIPTION,gn
architectural,44,Outside Corner,2,1,weight_per_each,"WEIGHT PER
EACH",DESCRIPTION,13.13#
architectural,44,Outside Corner,2,1,galvalume_plus,"GALVALUME®
PLUS",PRICED PER EACH,✓
architectural,44,Outside Corner,2,1,signature_200,"SIGNATURE®
200",PRICED PER EACH,✓
architectural,44,Outside Corner,2,1,signature_300,"SIGNATURE®
300",PRICED PER EACH,✓
architectural,44,Outside Corner,2,1,signature_300_metallic,"SIGNATURE®
300 METALLIC",PRICED PER EACH,✓
architectural,45,Box Gutter,0,0,part,PART #,DESCRIPTION,T-5261
architectural,45,Box Gutter,0,0,length,LENGTH,DESCRIPTION,"10'-2"""
architectural,45,Box Gutter,0,0,girth,GIRTH,DESCRIPTION,"24"""
architectural,45,Box Gutter,0,0,weight_per_each,"WEIGHT PER
EACH",DESCRIPTION,19.85#
architectural,45,Box Gutter,0,0,galvalume_plus,"GALVALUME®
PLUS",PRICED PER EACH,✓
architectural,45,Box Gutter,0,0,signature_200,"SIGNATURE®
200",PRICED PER EACH,✓
architectural,45,Box Gutter,0,0,signature_300,"SIGNATURE®
300",PRICED PER EACH,✓
architectural,45,Box Gutter,0,0,signature_300_metallic,"SIGNATURE®
300 METALLIC",PRICED PER EACH,✓
architectural,45,Box Gutter,0,1,part,PART #,DESCRIPTION,T-5262
architectural,45,Box Gutter,0,1,length,LENGTH,DESCRIPTION,"20'-2"""
architectural,45,Box Gutter,0,1,girth,GIRTH,DESCRIPTION,"24"""
architectural,45,Box Gutter,0,1,weight_per_each,"WEIGHT PER
EACH",DESCRIPTION,39.38#
architectural,45,Box Gutter,0,1,galvalume_plus,"GALVALUME®
PLUS",PRICED PER EACH,✓
architectural,45,Box Gutter,0,1,signature_200,"SIGNATURE®
200",PRICED PER EACH,✓
architectural,45,Box Gutter,0,1,signature_300,"SIGNATURE®
300",PRICED PER EACH,✓
architectural,45,Box Gutter,0,1,signature_300_metallic,"SIGNATURE®
300 METALLIC",PRICED PER EACH,✓
architectural,45,Box Gutter with Drip Edge,1,0,part,PART #,DESCRIPTION,T-5271
architectural,45,Box Gutter with Drip Edge,1,0,length,LENGTH,DESCRIPTION,"10'-2"""
architectural,45,Box Gutter with Drip Edge,1,0,girth,GIRTH,DESCRIPTION,"27"""
architectural,45,Box Gutter with Drip Edge,1,0,weight_per_each,"WEIGHT PER
EACH",DESCRIPTION,22.344
architectural,45,Box Gutter with Drip Edge,1,0,galvalume_plus,"GALVALUME®
PLUS",PRICED PER EACH,✓
architectural,45,Box Gutter with Drip Edge,1,0,signature_200,"SIGNATURE®
200",PRICED PER EACH,✓
architectural,45,Box Gutter with Drip Edge,1,0,signature_300,"SIGNATURE®
300",PRICED PER EACH,✓
architectural,45,Box Gutter with Drip Edge,1,0,signature_300_metallic,"SIGNATURE®
300 METALLIC",PRICED PER EACH,✓
architectural,45,Gutter Strap,2,0,part,PART #,DESCRIPTION,T-5281
architectural,45,Gutter Strap,2,0,length,LENGTH,DESCRIPTION,"10"""
architectural,45,Gutter Strap,2,0,girth,GIRTH,DESCRIPTION,"2"""
architectural,45,Gutter Strap,2,0,weight_per_each,"WEIGHT PER
EACH",DESCRIPTION,144
architectural,45,Gutter Strap,2,0,galvalume_plus,"GALVALUME®
PLUS",PRICED PER EACH,✓
architectural,45,Gutter Strap,2,0,signature_200,"SIGNATURE®
200",PRICED PER EACH,✓
architectural,45,Gutter Strap,2,0,signature_300,"SIGNATURE®
300",PRICED PER EACH,✓
architectural,45,Gutter Strap,2,0,signature_300_metallic,"SIGNATURE®
300 METALLIC",PRICED PER EACH,✓
architectural,46,Gutter Ends - Left or Right,0,0,part,PART #,DESCRIPTION,T-5291
architectural,46,Gutter Ends - Left or Right,0,0,weight_per_each,WEIGHT PER EACH,DESCRIPTION,31#
architectural,46,Gutter Ends - Left or Right,0,0,galvalume_plus,"GALVALUME®
PLUS",PRICED PER EACH,✓
architectural,46,Gutter Ends - Left or Right,0,0,signature_200,"SIGNATURE®
200",PRICED PER EACH,✓
architectural,46,Gutter Ends - Left or Right,0,0,signature_300,"SIGNATURE®
300",PRICED PER EACH,✓
architectural,46,Gutter Ends - Left or Right,0,0,signature_300_metallic,"SIGNATURE®
300 METALLIC",PRICED PER EACH,✓
architectural,46,Downspout,1,0,part,PART #,DESCRIPTION,T-5311
architectural,46,Downspout,1,0,length,LENGTH,DESCRIPTION,"10'-2"""
architectural,46,Downspout,1,0,girth,GIRTH,DESCRIPTION,"16%"""
architectural,46,Downspout,1,0,weight_per_each,"WEIGHT PER
EACH",DESCRIPTION,13.96#
architectural,46,Downspout,1,0,galvalume_plus,"GALVALUME®
PLUS",PRICED PER EACH,✓
architectural,46,Downspout,1,0,signature_200,"SIGNATURE®
200",PRICED PER EACH,✓
architectural,46,Downspout,1,0,signature_300,"SIGNATURE®
300",PRICED PER EACH,✓
architectural,46,Downspout,1,0,signature_300_metallic,"SIGNATURE®
300 METALLIC",PRICED PER EACH,✓
architectural,46,Downspout,1,1,part,PART #,DESCRIPTION,T-5312
architectural,46,Downspout,1,1,length,LENGTH,DESCRIPTION,"12'-O"""
architectural,46,Downspout,1,1,girth,GIRTH,DESCRIPTION,"16%"""
architectural,46,Downspout,1,1,weight_per_each,"WEIGHT PER
EACH",DESCRIPTION,16.48#
architectural,46,Downspout,1,1,galvalume_plus,"GALVALUME®
PLUS",PRICED PER EACH,✓
architectural,46,Downspout,1,1,signature_200,"SIGNATURE®
200",PRICED PER EACH,✓
architectural,46,Downspout,1,1,signature_300,"SIGNATURE®
300",PRICED PER EACH,✓
architectural,46,Downspout,1,1,signature_300_metallic,"SIGNATURE®
300 METALLIC",PRICED PER EACH,✓
architectural,46,Downspout,1,2,part,PART #,DESCRIPTION,T-5313
architectural,46,Downspout,1,2,length,LENGTH,DESCRIPTION,"14'-0"""
architectural,46,Downspout,1,2,girth,GIRTH,DESCRIPTION,"16%"""
architectural,46,Downspout,1,2,weight_per_each,"WEIGHT PER
EACH",DESCRIPTION,19.224
architectural,46,Downspout,1,2,galvalume_plus,"GALVALUME®
PLUS",PRICED PER EACH,✓
architectural,46,Downspout,1,2,signature_200,"SIGNATURE®
200",PRICED PER EACH,✓
architectural,46,Downspout,1,2,signature_300,"SIGNATURE®
300",PRICED PER EACH,✓
architectural,46,Downspout,1,2,signature_300_metallic,"SIGNATURE®
300 METALLIC",PRICED PER EACH,✓
architectural,46,Downspout,1,3,part,PART #,DESCRIPTION,T-5315
architectural,46,Downspout,1,3,length,LENGTH,DESCRIPTION,"16'-0"""
architectural,46,Downspout,1,3,girth,GIRTH,DESCRIPTION,"16%"""
architectural,46,Downspout,1,3,weight_per_each,"WEIGHT PER
EACH",DESCRIPTION,21.97#
architectural,46,Downspout,1,3,galvalume_plus,"GALVALUME®
PLUS",PRICED PER EACH,✓
architectural,46,Downspout,1,3,signature_200,"SIGNATURE®
200",PRICED PER EACH,✓
architectural,46,Downspout,1,3,signature_300,"SIGNATURE®
300",PRICED PER EACH,✓
architectural,46,Downspout,1,3,signature_300_metallic,"SIGNATURE®
300 METALLIC",PRICED PER EACH,✓
architectural,46,Downspout,1,4,part,PART #,DESCRIPTION,T-5314
architectural,46,Downspout,1,4,length,LENGTH,DESCRIPTION,"20'-2"""
architectural,46,Downspout,1,4,girth,GIRTH,DESCRIPTION,"16%"""
architectural,46,Downspout,1,4,weight_per_each,"WEIGHT PER
EACH",DESCRIPTION,27.69#
architectural,46,Downspout,1,4,galvalume_plus,"GALVALUME®
PLUS",PRICED PER EACH,✓
architectural,46,Downspout,1,4,signature_200,"SIGNATURE®
200",PRICED PER EACH,✓
architectural,46,Downspout,1,4,signature_300,"SIGNATURE®
300",PRICED PER EACH,✓
architectural,46,Downspout,1,4,signature_300_metallic,"SIGNATURE®
300 METALLIC",PRICED PER EACH,✓
architectural,46,Downspout with 45° Kickout,2,0,part,PART #,DESCRIPTION,T-5321
architectural,46,Downspout with 45° Kickout,2,0,length,LENGTH,DESCRIPTION,"10'-2"""
architectural,46,Downspout with 45° Kickout,2,0,girth,GIRTH,DESCRIPTION,"1634"""
architectural,46,Downspout with 45° Kickout,2,0,weight_per_each,"WEIGHT PER
EACH",DESCRIPTION,13.86#
architectural,46,Downspout with 45° Kickout,2,0,galvalume_plus,"GALVALUME®
PLUS",PRICED PER EACH,✓
architectural,46,Downspout with 45° Kickout,2,0,signature_200,"SIGNATURE®
200",PRICED PER EACH,✓
architectural,46,Downspout with 45° Kickout,2,0,signature_300,"SIGNATURE®
300",PRICED PER EACH,✓
architectural,46,Downspout with 45° Kickout,2,0,signature_300_metallic,"SIGNATURE®
300 METALLIC",PRICED PER EACH,✓
architectural,46,Downspout with 45° Kickout,2,1,part,PART #,DESCRIPTION,T-5322
architectural,46,Downspout with 45° Kickout,2,1,length,LENGTH,DESCRIPTION,"12'-O"""
architectural,46,Downspout with 45° Kickout,2,1,girth,GIRTH,DESCRIPTION,"1634"""
architectural,46,Downspout with 45° Kickout,2,1,weight_per_each,"WEIGHT PER
EACH",DESCRIPTION,16.46#
architectural,46,Downspout with 45° Kickout,2,1,galvalume_plus,"GALVALUME®
PLUS",PRICED PER EACH,✓
architectural,46,Downspout with 45° Kickout,2,1,signature_200,"SIGNATURE®
200",PRICED PER EACH,✓
architectural,46,Downspout with 45° Kickout,2,1,signature_300,"SIGNATURE®
300",PRICED PER EACH,✓
architectural,46,Downspout with 45° Kickout,2,1,signature_300_metallic,"SIGNATURE®
300 METALLIC",PRICED PER EACH,✓
architectural,46,Downspout with 45° Kickout,2,2,part,PART #,DESCRIPTION,T-5323
architectural,46,Downspout with 45° Kickout,2,2,length,LENGTH,DESCRIPTION,"14'-0"""
architectural,46,Downspout with 45° Kickout,2,2,girth,GIRTH,DESCRIPTION,"1634"""
architectural,46,Downspout with 45° Kickout,2,2,weight_per_each,"WEIGHT PER
EACH",DESCRIPTION,19.21#
architectural,46,Downspout with 45° Kickout,2,2,galvalume_plus,"GALVALUME®
PLUS",PRICED PER EACH,✓
architectural,46,Downspout with 45° Kickout,2,2,signature_200,"SIGNATURE®
200",PRICED PER EACH,✓
architectural,46,Downspout with 45° Kickout,2,2,signature_300,"SIGNATURE®
300",PRICED PER EACH,✓
architectural,46,Downspout with 45° Kickout,2,2,signature_300_metallic,"SIGNATURE®
300 METALLIC",PRICED PER EACH,✓
architectural,46,Downspout with 45° Kickout,2,3,part,PART #,DESCRIPTION,T-5325
architectural,46,Downspout with 45° Kickout,2,3,length,LENGTH,DESCRIPTION,"16'-0"""
architectural,46,Downspout with 45° Kickout,2,3,girth,GIRTH,DESCRIPTION,"1634"""
architectural,46,Downspout with 45° Kickout,2,3,weight_per_each,"WEIGHT PER
EACH",DESCRIPTION,21.95#
architectural,46,Downspout with 45° Kickout,2,3,galvalume_plus,"GALVALUME®
PLUS",PRICED PER EACH,✓
architectural,46,Downspout with 45° Kickout,2,3,signature_200,"SIGNATURE®
200",PRICED PER EACH,✓
architectural,46,Downspout with 45° Kickout,2,3,signature_300,"SIGNATURE®
300",PRICED PER EACH,✓
architectural,46,Downspout with 45° Kickout,2,3,signature_300_metallic,"SIGNATURE®
300 METALLIC",PRICED PER EACH,✓
architectural,46,Downspout with 45° Kickout,2,4,part,PART #,DESCRIPTION,T-5324
architectural,46,Downspout with 45° Kickout,2,4,length,LENGTH,DESCRIPTION,"20'-2"""
architectural,46,Downspout with 45° Kickout,2,4,girth,GIRTH,DESCRIPTION,167
architectural,46,Downspout with 45° Kickout,2,4,weight_per_each,"WEIGHT PER
EACH",DESCRIPTION,27.69#
architectural,46,Downspout with 45° Kickout,2,4,galvalume_plus,"GALVALUME®
PLUS",PRICED PER EACH,✓
architectural,46,Downspout with 45° Kickout,2,4,signature_200,"SIGNATURE®
200",PRICED PER EACH,✓
architectural,46,Downspout with 45° Kickout,2,4,signature_300,"SIGNATURE®
300",PRICED PER EACH,✓
architectural,46,Downspout with 45° Kickout,2,4,signature_300_metallic,"SIGNATURE®
300 METALLIC",PRICED PER EACH,✓
architectural,47,Downspout Strap,0,0,part,PART #,DESCRIPTION,T-5301
architectural,47,Downspout Strap,0,0,length,LENGTH,DESCRIPTION,ik
architectural,47,Downspout Strap,0,0,girth,GIRTH,DESCRIPTION,"10"""
architectural,47,Downspout Strap,0,0,weight_per_each,"WEIGHT PER
EACH",DESCRIPTION,O7#
architectural,47,Downspout Strap,0,0,galvalume_plus,"GALVALUME®
PLUS",PRICED PER EACH,✓
architectural,47,Downspout Strap,0,0,signature_200,"SIGNATURE®
200",PRICED PER EACH,✓
architectural,47,Downspout Strap,0,0,signature_300,"SIGNATURE®
300",PRICED PER EACH,✓
architectural,47,Downspout Strap,0,0,signature_300_metallic,"SIGNATURE®
300 METALLIC",PRICED PER EACH,✓
architectural,47,Coping,1,0,part,PART #,DESCRIPTION,T-5331
architectural,47,Coping,1,0,dim_a,"DIM ""A""",DESCRIPTION,"10"""
architectural,47,Coping,1,0,length,LENGTH,DESCRIPTION,"10'-2"""
architectural,47,Coping,1,0,girth,GIRTH,DESCRIPTION,"18%"""
architectural,47,Coping,1,0,weight_per_each,"WEIGHT PER
EACH",DESCRIPTION,14.99#
architectural,47,Coping,1,0,galvalume_plus,"GALVALUME®
PLUS",PRICED PER EACH,✓
architectural,47,Coping,1,0,signature_200,"SIGNATURE®
200",PRICED PER EACH,✓
architectural,47,Coping,1,0,signature_300,"SIGNATURE®
300",PRICED PER EACH,✓
architectural,47,Coping,1,0,signature_300_metallic,"SIGNATURE®
300 METALLIC",PRICED PER EACH,✓
architectural,47,Coping,1,1,part,PART #,DESCRIPTION,T-5332
architectural,47,Coping,1,1,dim_a,"DIM ""A""",DESCRIPTION,"10"""
architectural,47,Coping,1,1,length,LENGTH,DESCRIPTION,"20'-2"""
architectural,47,Coping,1,1,girth,GIRTH,DESCRIPTION,"18%"""
architectural,47,Coping,1,1,weight_per_each,"WEIGHT PER
EACH",DESCRIPTION,29.744
architectural,47,Coping,1,1,galvalume_plus,"GALVALUME®
PLUS",PRICED PER EACH,✓
architectural,47,Coping,1,1,signature_200,"SIGNATURE®
200",PRICED PER EACH,✓
architectural,47,Coping,1,1,signature_300,"SIGNATURE®
300",PRICED PER EACH,✓
architectural,47,Coping,1,1,signature_300_metallic,"SIGNATURE®
300 METALLIC",PRICED PER EACH,✓
architectural,47,Coping,1,2,part,PART #,DESCRIPTION,T-5333
architectural,47,Coping,1,2,dim_a,"DIM ""A""",DESCRIPTION,"14"""
architectural,47,Coping,1,2,length,LENGTH,DESCRIPTION,"10'-2"""
architectural,47,Coping,1,2,girth,GIRTH,DESCRIPTION,"2278"""
architectural,47,Coping,1,2,weight_per_each,"WEIGHT PER
EACH",DESCRIPTION,18.30#
architectural,47,Coping,1,2,galvalume_plus,"GALVALUME®
PLUS",PRICED PER EACH,✓
architectural,47,Coping,1,2,signature_200,"SIGNATURE®
200",PRICED PER EACH,✓
architectural,47,Coping,1,2,signature_300,"SIGNATURE®
300",PRICED PER EACH,✓
architectural,47,Coping,1,2,signature_300_metallic,"SIGNATURE®
300 METALLIC",PRICED PER EACH,✓
architectural,47,Coping,1,3,part,PART #,DESCRIPTION,T-5334
architectural,47,Coping,1,3,dim_a,"DIM ""A""",DESCRIPTION,"14"""
architectural,47,Coping,1,3,length,LENGTH,DESCRIPTION,"20'-2"""
architectural,47,Coping,1,3,girth,GIRTH,DESCRIPTION,"22%"""
architectural,47,Coping,1,3,weight_per_each,"WEIGHT PER
EACH",DESCRIPTION,36.31#
architectural,47,Coping,1,3,galvalume_plus,"GALVALUME®
PLUS",PRICED PER EACH,✓
architectural,47,Coping,1,3,signature_200,"SIGNATURE®
200",PRICED PER EACH,✓
architectural,47,Coping,1,3,signature_300,"SIGNATURE®
300",PRICED PER EACH,✓
architectural,47,Coping,1,3,signature_300_metallic,"SIGNATURE®
300 METALLIC",PRICED PER EACH,✓
architectural,47,Hem-Lock Coping,2,0,part,PART #,DESCRIPTION,T-5341
architectural,47,Hem-Lock Coping,2,0,dim_ba,"DIM ""BA""",DESCRIPTION,"10"""
architectural,47,Hem-Lock Coping,2,0,length,LENGTH,DESCRIPTION,"10'-2"""
architectural,47,Hem-Lock Coping,2,0,girth,GIRTH,DESCRIPTION,"19%"""
architectural,47,Hem-Lock Coping,2,0,weight_per_each,"WEIGHT PER
EACH",DESCRIPTION,15.934
architectural,47,Hem-Lock Coping,2,0,galvalume_plus,"GALVALUME®
PLUS",PRICED PER EACH,✓
architectural,47,Hem-Lock Coping,2,0,signature_200,"SIGNATURE®
200",PRICED PER EACH,✓
architectural,47,Hem-Lock Coping,2,0,signature_300,"SIGNATURE®
300",PRICED PER EACH,✓
architectural,47,Hem-Lock Coping,2,0,signature_300_metallic,"SIGNATURE®
300 METALLIC",PRICED PER EACH,✓
architectural,47,Hem-Lock Coping,2,1,part,PART #,DESCRIPTION,T-5342
architectural,47,Hem-Lock Coping,2,1,dim_ba,"DIM ""BA""",DESCRIPTION,"10"""
architectural,47,Hem-Lock Coping,2,1,length,LENGTH,DESCRIPTION,"20'-2"""
architectural,47,Hem-Lock Coping,2,1,girth,GIRTH,DESCRIPTION,"19%"""
architectural,47,Hem-Lock Coping,2,1,weight_per_each,"WEIGHT PER
EACH",DESCRIPTION,31.59#
architectural,47,Hem-Lock Coping,2,1,galvalume_plus,"GALVALUME®
PLUS",PRICED PER EACH,✓
architectural,47,Hem-Lock Coping,2,1,signature_200,"SIGNATURE®
200",PRICED PER EACH,✓
architectural,47,Hem-Lock Coping,2,1,signature_300,"SIGNATURE®
300",PRICED PER EACH,✓
architectural,47,Hem-Lock Coping,2,1,signature_300_metallic,"SIGNATURE®
300 METALLIC",PRICED PER EACH,✓
architectural,47,Hem-Lock Coping,2,2,part,PART #,DESCRIPTION,T-5343
architectural,47,Hem-Lock Coping,2,2,dim_ba,"DIM ""BA""",DESCRIPTION,"14"""
architectural,47,Hem-Lock Coping,2,2,length,LENGTH,DESCRIPTION,"10'-2"""
architectural,47,Hem-Lock Coping,2,2,girth,GIRTH,DESCRIPTION,"23%"""
architectural,47,Hem-Lock Coping,2,2,weight_per_each,"WEIGHT PER
EACH",DESCRIPTION,19.24#
architectural,47,Hem-Lock Coping,2,2,galvalume_plus,"GALVALUME®
PLUS",PRICED PER EACH,✓
architectural,47,Hem-Lock Coping,2,2,signature_200,"SIGNATURE®
200",PRICED PER EACH,✓
architectural,47,Hem-Lock Coping,2,2,signature_300,"SIGNATURE®
300",PRICED PER EACH,✓
architectural,47,Hem-Lock Coping,2,2,signature_300_metallic,"SIGNATURE®
300 METALLIC",PRICED PER EACH,✓
architectural,47,Hem-Lock Coping,2,3,part,PART #,DESCRIPTION,T-5344
architectural,47,Hem-Lock Coping,2,3,dim_ba,"DIM ""BA""",DESCRIPTION,"14"""
architectural,47,Hem-Lock Coping,2,3,length,LENGTH,DESCRIPTION,"20'-2"""
architectural,47,Hem-Lock Coping,2,3,girth,GIRTH,DESCRIPTION,"23%"""
architectural,47,Hem-Lock Coping,2,3,weight_per_each,"WEIGHT PER
EACH",DESCRIPTION,37. 98#
architectural,47,Hem-Lock Coping,2,3,galvalume_plus,"GALVALUME®
PLUS",PRICED PER EACH,✓
architectural,47,Hem-Lock Coping,2,3,signature_200,"SIGNATURE®
200",PRICED PER EACH,✓
architectural,47,Hem-Lock Coping,2,3,signature_300,"SIGNATURE®
300",PRICED PER EACH,✓
architectural,47,Hem-Lock Coping,2,3,signature_300_metallic,"SIGNATURE®
300 METALLIC",PRICED PER EACH,✓
architectural,48,Gravel Guard,0,0,part,PART #,DESCRIPTION,T-5351
architectural,48,Gravel Guard,0,0,length,LENGTH,DESCRIPTION,"10'-2"""
architectural,48,Gravel Guard,0,0,girth,GIRTH,DESCRIPTION,"11%"""
architectural,48,Gravel Guard,0,0,weight_per_each,"WEIGHT PER
EACH",DESCRIPTION,9.204
architectural,48,Gravel Guard,0,0,galvalume_plus,"GALVALUME®
PLUS",PRICED PER EACH,✓
architectural,48,Gravel Guard,0,0,signature_200,"SIGNATURE®
200",PRICED PER EACH,✓
architectural,48,Gravel Guard,0,0,signature_300,"SIGNATURE®
300",PRICED PER EACH,✓
architectural,48,Gravel Guard,0,0,signature_300_metallic,"SIGNATURE®
300 METALLIC",PRICED PER EACH,✓
architectural,48,Gravel Guard,0,1,part,PART #,DESCRIPTION,T-5352
architectural,48,Gravel Guard,0,1,length,LENGTH,DESCRIPTION,"20'-2"""
architectural,48,Gravel Guard,0,1,girth,GIRTH,DESCRIPTION,"11%"""
architectural,48,Gravel Guard,0,1,weight_per_each,"WEIGHT PER
EACH",DESCRIPTION,18.260#
architectural,48,Gravel Guard,0,1,galvalume_plus,"GALVALUME®
PLUS",PRICED PER EACH,✓
architectural,48,Gravel Guard,0,1,signature_200,"SIGNATURE®
200",PRICED PER EACH,✓
architectural,48,Gravel Guard,0,1,signature_300,"SIGNATURE®
300",PRICED PER EACH,✓
architectural,48,Gravel Guard,0,1,signature_300_metallic,"SIGNATURE®
300 METALLIC",PRICED PER EACH,✓
architectural,48,Splice Trim,1,0,part,PART #,DESCRIPTION,T-5361
architectural,48,Splice Trim,1,0,dim_ba,"DIM ""BA""",DESCRIPTION,"1%"""
architectural,48,Splice Trim,1,0,length,LENGTH,DESCRIPTION,"10'-2"""
architectural,48,Splice Trim,1,0,girth,GIRTH,DESCRIPTION,"8 36"""
architectural,48,Splice Trim,1,0,weight_per_each,"WEIGHT PER
EACH",DESCRIPTION,6.93#
architectural,48,Splice Trim,1,0,galvalume_plus,"GALVALUME®
PLUS",PRICED PER EACH,✓
architectural,48,Splice Trim,1,0,signature_200,"SIGNATURE®
200",PRICED PER EACH,✓
architectural,48,Splice Trim,1,0,signature_300,"SIGNATURE®
300",PRICED PER EACH,✓
architectural,48,Splice Trim,1,0,signature_300_metallic,"SIGNATURE®
300 METALLIC",PRICED PER EACH,✓
architectural,48,Splice Trim,1,1,part,PART #,DESCRIPTION,T-5365
architectural,48,Splice Trim,1,1,dim_ba,"DIM ""BA""",DESCRIPTION,"154"""
architectural,48,Splice Trim,1,1,length,LENGTH,DESCRIPTION,"10'-2"""
architectural,48,Splice Trim,1,1,girth,GIRTH,DESCRIPTION,"8 2"""
architectural,48,Splice Trim,1,1,weight_per_each,"WEIGHT PER
EACH",DESCRIPTION,7 344
architectural,48,Splice Trim,1,1,galvalume_plus,"GALVALUME®
PLUS",PRICED PER EACH,✓
architectural,48,Splice Trim,1,1,signature_200,"SIGNATURE®
200",PRICED PER EACH,✓
architectural,48,Splice Trim,1,1,signature_300,"SIGNATURE®
300",PRICED PER EACH,✓
architectural,48,Splice Trim,1,1,signature_300_metallic,"SIGNATURE®
300 METALLIC",PRICED PER EACH,✓
architectural,48,Splice Trim,1,2,part,PART #,DESCRIPTION,T-5362
architectural,48,Splice Trim,1,2,dim_ba,"DIM ""BA""",DESCRIPTION,"134"""
architectural,48,Splice Trim,1,2,length,LENGTH,DESCRIPTION,"10'-2"""
architectural,48,Splice Trim,1,2,girth,GIRTH,DESCRIPTION,"Qo"""
architectural,48,Splice Trim,1,2,weight_per_each,"WEIGHT PER
EACH",DESCRIPTION,7 AS#
architectural,48,Splice Trim,1,2,galvalume_plus,"GALVALUME®
PLUS",PRICED PER EACH,✓
architectural,48,Splice Trim,1,2,signature_200,"SIGNATURE®
200",PRICED PER EACH,✓
architectural,48,Splice Trim,1,2,signature_300,"SIGNATURE®
300",PRICED PER EACH,✓
architectural,48,Splice Trim,1,2,signature_300_metallic,"SIGNATURE®
300 METALLIC",PRICED PER EACH,✓
architectural,48,Splice Trim,1,3,part,PART #,DESCRIPTION,T-5363
architectural,48,Splice Trim,1,3,dim_ba,"DIM ""BA""",DESCRIPTION,ps
architectural,48,Splice Trim,1,3,length,LENGTH,DESCRIPTION,"10'-2"""
architectural,48,Splice Trim,1,3,girth,GIRTH,DESCRIPTION,"9%"""
architectural,48,Splice Trim,1,3,weight_per_each,"WEIGHT PER
EACH",DESCRIPTION,7 65#
architectural,48,Splice Trim,1,3,galvalume_plus,"GALVALUME®
PLUS",PRICED PER EACH,✓
architectural,48,Splice Trim,1,3,signature_200,"SIGNATURE®
200",PRICED PER EACH,✓
architectural,48,Splice Trim,1,3,signature_300,"SIGNATURE®
300",PRICED PER EACH,✓
architectural,48,Splice Trim,1,3,signature_300_metallic,"SIGNATURE®
300 METALLIC",PRICED PER EACH,✓
architectural,48,Splice Trim,1,4,part,PART #,DESCRIPTION,T-5364
architectural,48,Splice Trim,1,4,dim_ba,"DIM ""BA""",DESCRIPTION,"2 Ve"""
architectural,48,Splice Trim,1,4,length,LENGTH,DESCRIPTION,"10'-2"""
architectural,48,Splice Trim,1,4,girth,GIRTH,DESCRIPTION,"9 3g"""
architectural,48,Splice Trim,1,4,weight_per_each,"WEIGHT PER
EACH",DESCRIPTION,7.7 0#
architectural,48,Splice Trim,1,4,galvalume_plus,"GALVALUME®
PLUS",PRICED PER EACH,✓
architectural,48,Splice Trim,1,4,signature_200,"SIGNATURE®
200",PRICED PER EACH,✓
architectural,48,Splice Trim,1,4,signature_300,"SIGNATURE®
300",PRICED PER EACH,✓
architectural,48,Splice Trim,1,4,signature_300_metallic,"SIGNATURE®
300 METALLIC",PRICED PER EACH,✓
architectural,48,Alternate Splice Trim,2,0,part,PART #,DESCRIPTION,T-5371
architectural,48,Alternate Splice Trim,2,0,length,LENGTH,DESCRIPTION,"10'-2"""
architectural,48,Alternate Splice Trim,2,0,girth,GIRTH,DESCRIPTION,"3%"""
architectural,48,Alternate Splice Trim,2,0,weight_per_each,"WEIGHT PER
EACH",DESCRIPTION,2.90#
architectural,48,Alternate Splice Trim,2,0,galvalume_plus,"GALVALUME®
PLUS",PRICED PER EACH,✓
architectural,48,Alternate Splice Trim,2,0,signature_200,"SIGNATURE®
200",PRICED PER EACH,✓
architectural,48,Alternate Splice Trim,2,0,signature_300,"SIGNATURE®
300",PRICED PER EACH,✓
architectural,48,Alternate Splice Trim,2,0,signature_300_metallic,"SIGNATURE®
300 METALLIC",PRICED PER EACH,✓
architectural,49,Termination Trim,0,0,part,PART #,DESCRIPTION,T-5391
architectural,49,Termination Trim,0,0,dim_ba,"DIM ""BA""",DESCRIPTION,iu
architectural,49,Termination Trim,0,0,length,LENGTH,DESCRIPTION,"10'-2"""
architectural,49,Termination Trim,0,0,girth,GIRTH,DESCRIPTION,"74"""
architectural,49,Termination Trim,0,0,weight_per_each,"WEIGHT PER
EACH",DESCRIPTION,6.00#
architectural,49,Termination Trim,0,0,galvalume_plus,"GALVALUME®
PLUS",PRICED PER EACH,✓
architectural,49,Termination Trim,0,0,signature_200,"SIGNATURE®
200",PRICED PER EACH,✓
architectural,49,Termination Trim,0,0,signature_300,"SIGNATURE®
300",PRICED PER EACH,✓
architectural,49,Termination Trim,0,0,signature_300_metallic,"SIGNATURE®
300 METALLIC",PRICED PER EACH,✓
architectural,49,Termination Trim,0,1,part,PART #,DESCRIPTION,T-5392
architectural,49,Termination Trim,0,1,dim_ba,"DIM ""BA""",DESCRIPTION,"1%"""
architectural,49,Termination Trim,0,1,length,LENGTH,DESCRIPTION,"10'-2"""
architectural,49,Termination Trim,0,1,girth,GIRTH,DESCRIPTION,"734"""
architectural,49,Termination Trim,0,1,weight_per_each,"WEIGHT PER
EACH",DESCRIPTION,6.41#
architectural,49,Termination Trim,0,1,galvalume_plus,"GALVALUME®
PLUS",PRICED PER EACH,✓
architectural,49,Termination Trim,0,1,signature_200,"SIGNATURE®
200",PRICED PER EACH,✓
architectural,49,Termination Trim,0,1,signature_300,"SIGNATURE®
300",PRICED PER EACH,✓
architectural,49,Termination Trim,0,1,signature_300_metallic,"SIGNATURE®
300 METALLIC",PRICED PER EACH,✓
architectural,49,Termination Trim,0,2,part,PART #,DESCRIPTION,T-5393
architectural,49,Termination Trim,0,2,dim_ba,"DIM ""BA""",DESCRIPTION,"1 54"""
architectural,49,Termination Trim,0,2,length,LENGTH,DESCRIPTION,"10'-2"""
architectural,49,Termination Trim,0,2,girth,GIRTH,DESCRIPTION,7
architectural,49,Termination Trim,0,2,weight_per_each,"WEIGHT PER
EACH",DESCRIPTION,6.51#
architectural,49,Termination Trim,0,2,galvalume_plus,"GALVALUME®
PLUS",PRICED PER EACH,✓
architectural,49,Termination Trim,0,2,signature_200,"SIGNATURE®
200",PRICED PER EACH,✓
architectural,49,Termination Trim,0,2,signature_300,"SIGNATURE®
300",PRICED PER EACH,✓
architectural,49,Termination Trim,0,2,signature_300_metallic,"SIGNATURE®
300 METALLIC",PRICED PER EACH,✓
architectural,49,Termination Trim,0,3,part,PART #,DESCRIPTION,T-5394
architectural,49,Termination Trim,0,3,dim_ba,"DIM ""BA""",DESCRIPTION,"2 Y2"""
architectural,49,Termination Trim,0,3,length,LENGTH,DESCRIPTION,"10'-2"""
architectural,49,Termination Trim,0,3,girth,GIRTH,DESCRIPTION,"834"""
architectural,49,Termination Trim,0,3,weight_per_each,"WEIGHT PER
EACH",DESCRIPTION,7244
architectural,49,Termination Trim,0,3,galvalume_plus,"GALVALUME®
PLUS",PRICED PER EACH,✓
architectural,49,Termination Trim,0,3,signature_200,"SIGNATURE®
200",PRICED PER EACH,✓
architectural,49,Termination Trim,0,3,signature_300,"SIGNATURE®
300",PRICED PER EACH,✓
architectural,49,Termination Trim,0,3,signature_300_metallic,"SIGNATURE®
300 METALLIC",PRICED PER EACH,✓
architectural,49,Termination Trim,0,4,part,PART #,DESCRIPTION,T-5395
architectural,49,Termination Trim,0,4,dim_ba,"DIM ""BA""",DESCRIPTION,"3"""
architectural,49,Termination Trim,0,4,length,LENGTH,DESCRIPTION,"10'-2"""
architectural,49,Termination Trim,0,4,girth,GIRTH,DESCRIPTION,"9,"
architectural,49,Termination Trim,0,4,weight_per_each,"WEIGHT PER
EACH",DESCRIPTION,7054
architectural,49,Termination Trim,0,4,galvalume_plus,"GALVALUME®
PLUS",PRICED PER EACH,✓
architectural,49,Termination Trim,0,4,signature_200,"SIGNATURE®
200",PRICED PER EACH,✓
architectural,49,Termination Trim,0,4,signature_300,"SIGNATURE®
300",PRICED PER EACH,✓
architectural,49,Termination Trim,0,4,signature_300_metallic,"SIGNATURE®
300 METALLIC",PRICED PER EACH,✓
architectural,49,MasterLine 16® Head Trim,1,0,part,PART #,DESCRIPTION,T-5511
architectural,49,MasterLine 16® Head Trim,1,0,length,LENGTH,DESCRIPTION,"3'-6"""
architectural,49,MasterLine 16® Head Trim,1,0,girth,GIRTH,DESCRIPTION,"6%"""
architectural,49,MasterLine 16® Head Trim,1,0,weight_each,WEIGHT EACH,DESCRIPTION,1.744
architectural,49,MasterLine 16® Head Trim,1,0,galvalume_plus,"GALVALUME®
PLUS",PRICED PER EACH,✓
architectural,49,MasterLine 16® Head Trim,1,0,signature_200,"SIGNATURE®
200",PRICED PER EACH,✓
architectural,49,MasterLine 16® Head Trim,1,0,signature_300,"SIGNATURE®
300",PRICED PER EACH,✓
architectural,49,MasterLine 16® Head Trim,1,0,signature_300_metallic,"SIGNATURE®
300 METALLIC",PRICED PER EACH,✓
architectural,49,MasterLine 16® Head Trim,1,1,part,PART #,DESCRIPTION,T-5513
architectural,49,MasterLine 16® Head Trim,1,1,length,LENGTH,DESCRIPTION,"10'-4"""
architectural,49,MasterLine 16® Head Trim,1,1,girth,GIRTH,DESCRIPTION,"6%"""
architectural,49,MasterLine 16® Head Trim,1,1,weight_each,WEIGHT EACH,DESCRIPTION,5.15#
architectural,49,MasterLine 16® Head Trim,1,1,galvalume_plus,"GALVALUME®
PLUS",PRICED PER EACH,✓
architectural,49,MasterLine 16® Head Trim,1,1,signature_200,"SIGNATURE®
200",PRICED PER EACH,✓
architectural,49,MasterLine 16® Head Trim,1,1,signature_300,"SIGNATURE®
300",PRICED PER EACH,✓
architectural,49,MasterLine 16® Head Trim,1,1,signature_300_metallic,"SIGNATURE®
300 METALLIC",PRICED PER EACH,✓
architectural,49,MasterLine 16® Head Trim,1,2,part,PART #,DESCRIPTION,T-5515
architectural,49,MasterLine 16® Head Trim,1,2,length,LENGTH,DESCRIPTION,"{4'-4"""
architectural,49,MasterLine 16® Head Trim,1,2,girth,GIRTH,DESCRIPTION,"6%"""
architectural,49,MasterLine 16® Head Trim,1,2,weight_each,WEIGHT EACH,DESCRIPTION,7144
architectural,49,MasterLine 16® Head Trim,1,2,galvalume_plus,"GALVALUME®
PLUS",PRICED PER EACH,✓
architectural,49,MasterLine 16® Head Trim,1,2,signature_200,"SIGNATURE®
200",PRICED PER EACH,✓
architectural,49,MasterLine 16® Head Trim,1,2,signature_300,"SIGNATURE®
300",PRICED PER EACH,✓
architectural,49,MasterLine 16® Head Trim,1,2,signature_300_metallic,"SIGNATURE®
300 METALLIC",PRICED PER EACH,✓
architectural,49,MasterLine 16® Jamb/Sill Case,2,0,part,PART #,DESCRIPTION,T-5517
architectural,49,MasterLine 16® Jamb/Sill Case,2,0,length,LENGTH,DESCRIPTION,"10'-2"""
architectural,49,MasterLine 16® Jamb/Sill Case,2,0,girth,GIRTH,DESCRIPTION,"6"""
architectural,49,MasterLine 16® Jamb/Sill Case,2,0,weight_each,WEIGHT EACH,DESCRIPTION,4.96#
architectural,49,MasterLine 16® Jamb/Sill Case,2,0,galvalume_plus,"GALVALUME®
PLUS",PRICED PER EACH,✓
architectural,49,MasterLine 16® Jamb/Sill Case,2,0,signature_200,"SIGNATURE®
200",PRICED PER EACH,✓
architectural,49,MasterLine 16® Jamb/Sill Case,2,0,signature_300,"SIGNATURE®
300",PRICED PER EACH,✓
architectural,49,MasterLine 16® Jamb/Sill Case,2,0,signature_300_metallic,"SIGNATURE®
300 METALLIC",PRICED PER EACH,✓
architectural,50,MasterLine 16® Door Jamb Cleat,0,0,part,PART #,DESCRIPTION,T-5540
architectural,50,MasterLine 16® Door Jamb Cleat,0,0,length,LENGTH,DESCRIPTION,"10'-2"""
architectural,50,MasterLine 16® Door Jamb Cleat,0,0,girth,GIRTH,DESCRIPTION,"3"""
architectural,50,MasterLine 16® Door Jamb Cleat,0,0,weight_each,WEIGHT EACH,DESCRIPTION,2484
architectural,50,MasterLine 16® Door Jamb Cleat,0,0,galvalume_plus,"GALVALUME®
PLUS",PRICED PER EACH,✓
architectural,50,MasterLine 16® Door Jamb Cleat,0,0,signature_200,"SIGNATURE®
200",PRICED PER EACH,✓
architectural,50,MasterLine 16® Door Jamb Cleat,0,0,signature_300,"SIGNATURE®
300",PRICED PER EACH,✓
architectural,50,MasterLine 16® Door Jamb Cleat,0,0,signature_300_metallic,"SIGNATURE®
300 METALLIC",PRICED PER EACH,✓
architectural,50,MasterLine 16® Two Piece Jamb Trim,1,0,part,PART #,DESCRIPTION,T-5541
architectural,50,MasterLine 16® Two Piece Jamb Trim,1,0,dim_a,"DIM ""A""",DESCRIPTION,"1%"""
architectural,50,MasterLine 16® Two Piece Jamb Trim,1,0,sheathing_thickness,"SHEATHING
THICKNESS,",DESCRIPTION,2
architectural,50,MasterLine 16® Two Piece Jamb Trim,1,0,length,LENGTH,DESCRIPTION,"10'-2"""
architectural,50,MasterLine 16® Two Piece Jamb Trim,1,0,girth,GIRTH,DESCRIPTION,"47%"""
architectural,50,MasterLine 16® Two Piece Jamb Trim,1,0,weight_each,"WEIGHT
EACH",DESCRIPTION,4.03#
architectural,50,MasterLine 16® Two Piece Jamb Trim,1,0,galvalume_plus,"GALVALUME®
PLUS",PRICED PER EACH,✓
architectural,50,MasterLine 16® Two Piece Jamb Trim,1,0,signature_200,"SIGNATURE®
200",PRICED PER EACH,✓
architectural,50,MasterLine 16® Two Piece Jamb Trim,1,0,signature_300,"SIGNATURE®
300",PRICED PER EACH,✓
architectural,50,MasterLine 16® Two Piece Jamb Trim,1,0,signature_300_metallic,"SIGNATURE®
300 METALLIC",PRICED PER EACH,✓
architectural,50,MasterLine 16® Two Piece Jamb Trim,1,1,part,PART #,DESCRIPTION,T-5542
architectural,50,MasterLine 16® Two Piece Jamb Trim,1,1,dim_a,"DIM ""A""",DESCRIPTION,"4 34"""
architectural,50,MasterLine 16® Two Piece Jamb Trim,1,1,sheathing_thickness,"SHEATHING
THICKNESS,",DESCRIPTION,"34"""
architectural,50,MasterLine 16® Two Piece Jamb Trim,1,1,length,LENGTH,DESCRIPTION,"10'-2"""
architectural,50,MasterLine 16® Two Piece Jamb Trim,1,1,girth,GIRTH,DESCRIPTION,"5%"""
architectural,50,MasterLine 16® Two Piece Jamb Trim,1,1,weight_each,"WEIGHT
EACH",DESCRIPTION,4.244
architectural,50,MasterLine 16® Two Piece Jamb Trim,1,1,galvalume_plus,"GALVALUME®
PLUS",PRICED PER EACH,✓
architectural,50,MasterLine 16® Two Piece Jamb Trim,1,1,signature_200,"SIGNATURE®
200",PRICED PER EACH,✓
architectural,50,MasterLine 16® Two Piece Jamb Trim,1,1,signature_300,"SIGNATURE®
300",PRICED PER EACH,✓
architectural,50,MasterLine 16® Two Piece Jamb Trim,1,1,signature_300_metallic,"SIGNATURE®
300 METALLIC",PRICED PER EACH,✓
architectural,50,MasterLine 16® Two Piece Jamb Trim,1,2,part,PART #,DESCRIPTION,T-5543
architectural,50,MasterLine 16® Two Piece Jamb Trim,1,2,dim_a,"DIM ""A""",DESCRIPTION,ys
architectural,50,MasterLine 16® Two Piece Jamb Trim,1,2,sheathing_thickness,"SHEATHING
THICKNESS,",DESCRIPTION,4
architectural,50,MasterLine 16® Two Piece Jamb Trim,1,2,length,LENGTH,DESCRIPTION,"10'-2"""
architectural,50,MasterLine 16® Two Piece Jamb Trim,1,2,girth,GIRTH,DESCRIPTION,"5 36"""
architectural,50,MasterLine 16® Two Piece Jamb Trim,1,2,weight_each,"WEIGHT
EACH",DESCRIPTION,4.45#
architectural,50,MasterLine 16® Two Piece Jamb Trim,1,2,galvalume_plus,"GALVALUME®
PLUS",PRICED PER EACH,✓
architectural,50,MasterLine 16® Two Piece Jamb Trim,1,2,signature_200,"SIGNATURE®
200",PRICED PER EACH,✓
architectural,50,MasterLine 16® Two Piece Jamb Trim,1,2,signature_300,"SIGNATURE®
300",PRICED PER EACH,✓
architectural,50,MasterLine 16® Two Piece Jamb Trim,1,2,signature_300_metallic,"SIGNATURE®
300 METALLIC",PRICED PER EACH,✓
architectural,50,MasterLine 16® Two Piece Jamb Trim,1,3,part,PART #,DESCRIPTION,T-5544
architectural,50,MasterLine 16® Two Piece Jamb Trim,1,3,dim_a,"DIM ""A""",DESCRIPTION,"2 Y2"""
architectural,50,MasterLine 16® Two Piece Jamb Trim,1,3,sheathing_thickness,"SHEATHING
THICKNESS,",DESCRIPTION,"172"""
architectural,50,MasterLine 16® Two Piece Jamb Trim,1,3,length,LENGTH,DESCRIPTION,"10'-2"""
architectural,50,MasterLine 16® Two Piece Jamb Trim,1,3,girth,GIRTH,DESCRIPTION,"5 7p"""
architectural,50,MasterLine 16® Two Piece Jamb Trim,1,3,weight_each,"WEIGHT
EACH",DESCRIPTION,4.86#
architectural,50,MasterLine 16® Two Piece Jamb Trim,1,3,galvalume_plus,"GALVALUME®
PLUS",PRICED PER EACH,✓
architectural,50,MasterLine 16® Two Piece Jamb Trim,1,3,signature_200,"SIGNATURE®
200",PRICED PER EACH,✓
architectural,50,MasterLine 16® Two Piece Jamb Trim,1,3,signature_300,"SIGNATURE®
300",PRICED PER EACH,✓
architectural,50,MasterLine 16® Two Piece Jamb Trim,1,3,signature_300_metallic,"SIGNATURE®
300 METALLIC",PRICED PER EACH,✓
architectural,50,MasterLine 16® Two Piece Jamb Trim,1,4,part,PART #,DESCRIPTION,T-5545
architectural,50,MasterLine 16® Two Piece Jamb Trim,1,4,dim_a,"DIM ""A""",DESCRIPTION,"3"""
architectural,50,MasterLine 16® Two Piece Jamb Trim,1,4,sheathing_thickness,"SHEATHING
THICKNESS,",DESCRIPTION,"2"""
architectural,50,MasterLine 16® Two Piece Jamb Trim,1,4,length,LENGTH,DESCRIPTION,"10'-2"""
architectural,50,MasterLine 16® Two Piece Jamb Trim,1,4,girth,GIRTH,DESCRIPTION,"634"""
architectural,50,MasterLine 16® Two Piece Jamb Trim,1,4,weight_each,"WEIGHT
EACH",DESCRIPTION,5.27#
architectural,50,MasterLine 16® Two Piece Jamb Trim,1,4,galvalume_plus,"GALVALUME®
PLUS",PRICED PER EACH,✓
architectural,50,MasterLine 16® Two Piece Jamb Trim,1,4,signature_200,"SIGNATURE®
200",PRICED PER EACH,✓
architectural,50,MasterLine 16® Two Piece Jamb Trim,1,4,signature_300,"SIGNATURE®
300",PRICED PER EACH,✓
architectural,50,MasterLine 16® Two Piece Jamb Trim,1,4,signature_300_metallic,"SIGNATURE®
300 METALLIC",PRICED PER EACH,✓
architectural,50,MasterLine 16® Base Trim,2,0,part,PART #,DESCRIPTION,T-5534
architectural,50,MasterLine 16® Base Trim,2,0,dim_a,"DIM ""A""",DESCRIPTION,"1 Vg"""
architectural,50,MasterLine 16® Base Trim,2,0,length,LENGTH,DESCRIPTION,"10'-2"""
architectural,50,MasterLine 16® Base Trim,2,0,girth,GIRTH,DESCRIPTION,"434"""
architectural,50,MasterLine 16® Base Trim,2,0,weight_per_each,"WEIGHT PER
EACH",DESCRIPTION,3.93#
architectural,50,MasterLine 16® Base Trim,2,0,galvalume_plus,"GALVALUME®
PLUS",PRICED PER EACH,✓
architectural,50,MasterLine 16® Base Trim,2,0,signature_200,"SIGNATURE®
200",PRICED PER EACH,✓
architectural,50,MasterLine 16® Base Trim,2,0,signature_300,"SIGNATURE®
300",PRICED PER EACH,✓
architectural,50,MasterLine 16® Base Trim,2,0,signature_300_metallic,"SIGNATURE®
300 METALLIC",PRICED PER EACH,✓
architectural,51,MasterLine 16® Panel Cleat,0,0,part,PART #,DESCRIPTION,T-5530
architectural,51,MasterLine 16® Panel Cleat,0,0,length,LENGTH,DESCRIPTION,"10'-2"""
architectural,51,MasterLine 16® Panel Cleat,0,0,girth,GIRTH,DESCRIPTION,"3 ""he"""
architectural,51,MasterLine 16® Panel Cleat,0,0,weight_each,WEIGHT EACH,DESCRIPTION,2.53#
architectural,51,MasterLine 16® Panel Cleat,0,0,galvalume_plus,"GALVALUME®
PLUS",PRICED PER EACH,✓
architectural,51,MasterLine 16® Panel Cleat,0,0,signature_200,"SIGNATURE®
200",PRICED PER EACH,✓
architectural,51,MasterLine 16® Panel Cleat,0,0,signature_300,"SIGNATURE®
300",PRICED PER EACH,✓
architectural,51,MasterLine 16® Panel Cleat,0,0,signature_300_metallic,"SIGNATURE®
300 METALLIC",PRICED PER EACH,✓
architectural,51,MasterLine 16® Outside Corner,1,0,part,PART #,DESCRIPTION,T-5505
architectural,51,MasterLine 16® Outside Corner,1,0,length,LENGTH,DESCRIPTION,"10'-2"""
architectural,51,MasterLine 16® Outside Corner,1,0,girth,GIRTH,DESCRIPTION,"7"""
architectural,51,MasterLine 16® Outside Corner,1,0,weight_each,WEIGHT EACH,DESCRIPTION,5./9#
architectural,51,MasterLine 16® Outside Corner,1,0,galvalume_plus,"GALVALUME®
PLUS",PRICED PER EACH,✓
architectural,51,MasterLine 16® Outside Corner,1,0,signature_200,"SIGNATURE®
200",PRICED PER EACH,✓
architectural,51,MasterLine 16® Outside Corner,1,0,signature_300,"SIGNATURE®
300",PRICED PER EACH,✓
architectural,51,MasterLine 16® Outside Corner,1,0,signature_300_metallic,"SIGNATURE®
300 METALLIC",PRICED PER EACH,✓
architectural,51,MasterLine 16® Outside Corner,1,1,part,PART #,DESCRIPTION,T-5506
architectural,51,MasterLine 16® Outside Corner,1,1,length,LENGTH,DESCRIPTION,"20'-2"""
architectural,51,MasterLine 16® Outside Corner,1,1,girth,GIRTH,DESCRIPTION,"7"""
architectural,51,MasterLine 16® Outside Corner,1,1,weight_each,WEIGHT EACH,DESCRIPTION,11.49#
architectural,51,MasterLine 16® Outside Corner,1,1,galvalume_plus,"GALVALUME®
PLUS",PRICED PER EACH,✓
architectural,51,MasterLine 16® Outside Corner,1,1,signature_200,"SIGNATURE®
200",PRICED PER EACH,✓
architectural,51,MasterLine 16® Outside Corner,1,1,signature_300,"SIGNATURE®
300",PRICED PER EACH,✓
architectural,51,MasterLine 16® Outside Corner,1,1,signature_300_metallic,"SIGNATURE®
300 METALLIC",PRICED PER EACH,✓
architectural,51,MasterLine 16® Inside Corner,2,0,part,PART #,DESCRIPTION,T-5507
architectural,51,MasterLine 16® Inside Corner,2,0,length,LENGTH,DESCRIPTION,"10'-2"""
architectural,51,MasterLine 16® Inside Corner,2,0,girth,GIRTH,DESCRIPTION,"7"""
architectural,51,MasterLine 16® Inside Corner,2,0,weight_each,WEIGHT EACH,DESCRIPTION,5./9#
architectural,51,MasterLine 16® Inside Corner,2,0,galvalume_plus,"GALVALUME®
PLUS",PRICED PER EACH,✓
architectural,51,MasterLine 16® Inside Corner,2,0,signature_200,"SIGNATURE®
200",PRICED PER EACH,✓
architectural,51,MasterLine 16® Inside Corner,2,0,signature_300,"SIGNATURE®
300",PRICED PER EACH,✓
architectural,51,MasterLine 16® Inside Corner,2,0,signature_300_metallic,"SIGNATURE®
300 METALLIC",PRICED PER EACH,✓
architectural,51,MasterLine 16® Inside Corner,2,1,part,PART #,DESCRIPTION,T-5508
architectural,51,MasterLine 16® Inside Corner,2,1,length,LENGTH,DESCRIPTION,"20'-2"""
architectural,51,MasterLine 16® Inside Corner,2,1,girth,GIRTH,DESCRIPTION,"7"""
architectural,51,MasterLine 16® Inside Corner,2,1,weight_each,WEIGHT EACH,DESCRIPTION,11.49#
architectural,51,MasterLine 16® Inside Corner,2,1,galvalume_plus,"GALVALUME®
PLUS",PRICED PER EACH,✓
architectural,51,MasterLine 16® Inside Corner,2,1,signature_200,"SIGNATURE®
200",PRICED PER EACH,✓
architectural,51,MasterLine 16® Inside Corner,2,1,signature_300,"SIGNATURE®
300",PRICED PER EACH,✓
architectural,51,MasterLine 16® Inside Corner,2,1,signature_300_metallic,"SIGNATURE®
300 METALLIC",PRICED PER EACH,✓
architectural,52,MasterLine 16® Support Zee,0,0,part,PART #,DESCRIPTION,T-5526
architectural,52,MasterLine 16® Support Zee,0,0,length,LENGTH,DESCRIPTION,"10'-2"""
architectural,52,MasterLine 16® Support Zee,0,0,girth,GIRTH,DESCRIPTION,"234"""
architectural,52,MasterLine 16® Support Zee,0,0,weight_each,WEIGHT EACH,DESCRIPTION,2.2/#
architectural,52,MasterLine 16® Support Zee,0,0,galvalume_plus,"GALVALUME®
PLUS",PRICED PER EACH,✓
architectural,52,MasterLine 16® Support Zee,0,0,signature_200,"SIGNATURE®
200",PRICED PER EACH,✓
architectural,52,MasterLine 16® Support Zee,0,0,signature_300,"SIGNATURE®
300",PRICED PER EACH,✓
architectural,52,MasterLine 16® Support Zee,0,0,signature_300_metallic,"SIGNATURE®
300 METALLIC",PRICED PER EACH,✓
architectural,52,MasterLine 16® Cee Closure,1,0,part,PART #,DESCRIPTION,T-5510
architectural,52,MasterLine 16® Cee Closure,1,0,length,LENGTH,DESCRIPTION,"10'-2"""
architectural,52,MasterLine 16® Cee Closure,1,0,girth,GIRTH,DESCRIPTION,"5y2"""
architectural,52,MasterLine 16® Cee Closure,1,0,weight_each,WEIGHT EACH,DESCRIPTION,4.55#
architectural,52,MasterLine 16® Cee Closure,1,0,galvalume_plus,"GALVALUME®
PLUS",PRICED PER EACH,✓
architectural,52,MasterLine 16® Cee Closure,1,0,signature_200,"SIGNATURE®
200",PRICED PER EACH,✓
architectural,52,MasterLine 16® Cee Closure,1,0,signature_300,"SIGNATURE®
300",PRICED PER EACH,✓
architectural,52,MasterLine 16® Cee Closure,1,0,signature_300_metallic,"SIGNATURE®
300 METALLIC",PRICED PER EACH,✓
architectural,52,MasterLine 16® Flat Splice Trim,2,0,part,PART #,DESCRIPTION,T-5520
architectural,52,MasterLine 16® Flat Splice Trim,2,0,length,LENGTH,DESCRIPTION,"10'-2"""
architectural,52,MasterLine 16® Flat Splice Trim,2,0,girth,GIRTH,DESCRIPTION,"5"""
architectural,52,MasterLine 16® Flat Splice Trim,2,0,weight_each,WEIGHT EACH,DESCRIPTION,4.144
architectural,52,MasterLine 16® Flat Splice Trim,2,0,galvalume_plus,"GALVALUME®
PLUS",PRICED PER EACH,✓
architectural,52,MasterLine 16® Flat Splice Trim,2,0,signature_200,"SIGNATURE®
200",PRICED PER EACH,✓
architectural,52,MasterLine 16® Flat Splice Trim,2,0,signature_300,"SIGNATURE®
300",PRICED PER EACH,✓
architectural,52,MasterLine 16® Flat Splice Trim,2,0,signature_300_metallic,"SIGNATURE®
300 METALLIC",PRICED PER EACH,✓
architectural,52,MasterLine 16® Flat Splice Trim,2,1,part,PART #,DESCRIPTION,T-5521
architectural,52,MasterLine 16® Flat Splice Trim,2,1,length,LENGTH,DESCRIPTION,"14'-0"""
architectural,52,MasterLine 16® Flat Splice Trim,2,1,girth,GIRTH,DESCRIPTION,"5"""
architectural,52,MasterLine 16® Flat Splice Trim,2,1,weight_each,WEIGHT EACH,DESCRIPTION,5./0#
architectural,52,MasterLine 16® Flat Splice Trim,2,1,galvalume_plus,"GALVALUME®
PLUS",PRICED PER EACH,✓
architectural,52,MasterLine 16® Flat Splice Trim,2,1,signature_200,"SIGNATURE®
200",PRICED PER EACH,✓
architectural,52,MasterLine 16® Flat Splice Trim,2,1,signature_300,"SIGNATURE®
300",PRICED PER EACH,✓
architectural,52,MasterLine 16® Flat Splice Trim,2,1,signature_300_metallic,"SIGNATURE®
300 METALLIC",PRICED PER EACH,✓
architectural,52,MasterLine 16® Reveal Splice Trim,3,0,part,PART #,DESCRIPTION,T-5523
architectural,52,MasterLine 16® Reveal Splice Trim,3,0,length,LENGTH,DESCRIPTION,"10'-2"""
architectural,52,MasterLine 16® Reveal Splice Trim,3,0,girth,GIRTH,DESCRIPTION,"7Y2"""
architectural,52,MasterLine 16® Reveal Splice Trim,3,0,weight_each,WEIGHT EACH,DESCRIPTION,O.41#
architectural,52,MasterLine 16® Reveal Splice Trim,3,0,galvalume_plus,"GALVALUME®
PLUS",PRICED PER EACH,✓
architectural,52,MasterLine 16® Reveal Splice Trim,3,0,signature_200,"SIGNATURE®
200",PRICED PER EACH,✓
architectural,52,MasterLine 16® Reveal Splice Trim,3,0,signature_300,"SIGNATURE®
300",PRICED PER EACH,✓
architectural,52,MasterLine 16® Reveal Splice Trim,3,0,signature_300_metallic,"SIGNATURE®
300 METALLIC",PRICED PER EACH,✓
architectural,52,MasterLine 16® Reveal Splice Trim,3,1,part,PART #,DESCRIPTION,T-5524
architectural,52,MasterLine 16® Reveal Splice Trim,3,1,length,LENGTH,DESCRIPTION,"14'-0"""
architectural,52,MasterLine 16® Reveal Splice Trim,3,1,girth,GIRTH,DESCRIPTION,"7Y2"""
architectural,52,MasterLine 16® Reveal Splice Trim,3,1,weight_each,WEIGHT EACH,DESCRIPTION,8.83#
architectural,52,MasterLine 16® Reveal Splice Trim,3,1,galvalume_plus,"GALVALUME®
PLUS",PRICED PER EACH,✓
architectural,52,MasterLine 16® Reveal Splice Trim,3,1,signature_200,"SIGNATURE®
200",PRICED PER EACH,✓
architectural,52,MasterLine 16® Reveal Splice Trim,3,1,signature_300,"SIGNATURE®
300",PRICED PER EACH,✓
architectural,52,MasterLine 16® Reveal Splice Trim,3,1,signature_300_metallic,"SIGNATURE®
300 METALLIC",PRICED PER EACH,✓
architectural,53,"ShadowkRib""™ Base Trim",0,0,part,PART #,DESCRIPTION,T-6011
architectural,53,"ShadowkRib""™ Base Trim",0,0,length,LENGTH,DESCRIPTION,"10'-2"""
architectural,53,"ShadowkRib""™ Base Trim",0,0,girth,GIRTH,DESCRIPTION,"7 V4"""
architectural,53,"ShadowkRib""™ Base Trim",0,0,weight_per_each,"WEIGHT PER
EACH",DESCRIPTION,6.00#
architectural,53,"ShadowkRib""™ Base Trim",0,0,galvalume_plus,"GALVALUME®
PLUS",PRICED PER EACH,✓
architectural,53,"ShadowkRib""™ Base Trim",0,0,signature_200,"SIGNATURE®
200",PRICED PER EACH,✓
architectural,53,"ShadowkRib""™ Base Trim",0,0,signature_300,"SIGNATURE®
300",PRICED PER EACH,✓
architectural,53,"ShadowkRib""™ Base Trim",0,0,signature_300_metallic,"SIGNATURE®
300 METALLIC",PRICED PER EACH,✓
architectural,53,"ShadowkRib""™ Base Trim",0,1,part,PART #,DESCRIPTION,T-6012
architectural,53,"ShadowkRib""™ Base Trim",0,1,length,LENGTH,DESCRIPTION,"20'-2"""
architectural,53,"ShadowkRib""™ Base Trim",0,1,girth,GIRTH,DESCRIPTION,"7 Va"""
architectural,53,"ShadowkRib""™ Base Trim",0,1,weight_per_each,"WEIGHT PER
EACH",DESCRIPTION,11.90#
architectural,53,"ShadowkRib""™ Base Trim",0,1,galvalume_plus,"GALVALUME®
PLUS",PRICED PER EACH,✓
architectural,53,"ShadowkRib""™ Base Trim",0,1,signature_200,"SIGNATURE®
200",PRICED PER EACH,✓
architectural,53,"ShadowkRib""™ Base Trim",0,1,signature_300,"SIGNATURE®
300",PRICED PER EACH,✓
architectural,53,"ShadowkRib""™ Base Trim",0,1,signature_300_metallic,"SIGNATURE®
300 METALLIC",PRICED PER EACH,✓
architectural,53,ShadowRib™ Head Trim,1,0,part,PART #,DESCRIPTION,T-6083
architectural,53,ShadowRib™ Head Trim,1,0,length,LENGTH,DESCRIPTION,"10'-2"""
architectural,53,ShadowRib™ Head Trim,1,0,girth,GIRTH,DESCRIPTION,"7 7p"""
architectural,53,ShadowRib™ Head Trim,1,0,weight_per_each,"WEIGHT PER
EACH",DESCRIPTION,6.51#
architectural,53,ShadowRib™ Head Trim,1,0,galvalume_plus,"GALVALUME®
PLUS",PRICED PER EACH,✓
architectural,53,ShadowRib™ Head Trim,1,0,signature_200,"SIGNATURE®
200",PRICED PER EACH,✓
architectural,53,ShadowRib™ Head Trim,1,0,signature_300,"SIGNATURE®
300",PRICED PER EACH,✓
architectural,53,ShadowRib™ Head Trim,1,0,signature_300_metallic,"SIGNATURE®
300 METALLIC",PRICED PER EACH,✓
architectural,53,ShadowRib™ Head Trim,1,1,part,PART #,DESCRIPTION,T-6084
architectural,53,ShadowRib™ Head Trim,1,1,length,LENGTH,DESCRIPTION,"20'-2"""
architectural,53,ShadowRib™ Head Trim,1,1,girth,GIRTH,DESCRIPTION,"7%"""
architectural,53,ShadowRib™ Head Trim,1,1,weight_per_each,"WEIGHT PER
EACH",DESCRIPTION,12.92#
architectural,53,ShadowRib™ Head Trim,1,1,galvalume_plus,"GALVALUME®
PLUS",PRICED PER EACH,✓
architectural,53,ShadowRib™ Head Trim,1,1,signature_200,"SIGNATURE®
200",PRICED PER EACH,✓
architectural,53,ShadowRib™ Head Trim,1,1,signature_300,"SIGNATURE®
300",PRICED PER EACH,✓
architectural,53,ShadowRib™ Head Trim,1,1,signature_300_metallic,"SIGNATURE®
300 METALLIC",PRICED PER EACH,✓
architectural,53,ShadowkRib™ Head Trim - Alternate,2,0,part,PART #,DESCRIPTION,T-6081
architectural,53,ShadowkRib™ Head Trim - Alternate,2,0,length,LENGTH,DESCRIPTION,"10'-2"""
architectural,53,ShadowkRib™ Head Trim - Alternate,2,0,girth,GIRTH,DESCRIPTION,"1134"""
architectural,53,ShadowkRib™ Head Trim - Alternate,2,0,weight_per_each,"WEIGHT PER
EACH",DESCRIPTION,9.7 2#
architectural,53,ShadowkRib™ Head Trim - Alternate,2,0,galvalume_plus,"GALVALUME®
PLUS",PRICED PER EACH,✓
architectural,53,ShadowkRib™ Head Trim - Alternate,2,0,signature_200,"SIGNATURE®
200",PRICED PER EACH,✓
architectural,53,ShadowkRib™ Head Trim - Alternate,2,0,signature_300,"SIGNATURE®
300",PRICED PER EACH,✓
architectural,53,ShadowkRib™ Head Trim - Alternate,2,0,signature_300_metallic,"SIGNATURE®
300 METALLIC",PRICED PER EACH,✓
architectural,53,ShadowkRib™ Head Trim - Alternate,2,1,part,PART #,DESCRIPTION,T-6082
architectural,53,ShadowkRib™ Head Trim - Alternate,2,1,length,LENGTH,DESCRIPTION,"20'-2"""
architectural,53,ShadowkRib™ Head Trim - Alternate,2,1,girth,GIRTH,DESCRIPTION,"1134"""
architectural,53,ShadowkRib™ Head Trim - Alternate,2,1,weight_per_each,"WEIGHT PER
EACH",DESCRIPTION,19.28#
architectural,53,ShadowkRib™ Head Trim - Alternate,2,1,galvalume_plus,"GALVALUME®
PLUS",PRICED PER EACH,✓
architectural,53,ShadowkRib™ Head Trim - Alternate,2,1,signature_200,"SIGNATURE®
200",PRICED PER EACH,✓
architectural,53,ShadowkRib™ Head Trim - Alternate,2,1,signature_300,"SIGNATURE®
300",PRICED PER EACH,✓
architectural,53,ShadowkRib™ Head Trim - Alternate,2,1,signature_300_metallic,"SIGNATURE®
300 METALLIC",PRICED PER EACH,✓
architectural,54,Shadowkib™ Splice Trim,0,0,part,PART #,DESCRIPTION,T-6121
architectural,54,Shadowkib™ Splice Trim,0,0,length,LENGTH,DESCRIPTION,"10'-2"""
architectural,54,Shadowkib™ Splice Trim,0,0,girth,GIRTH,DESCRIPTION,"gn"""
architectural,54,Shadowkib™ Splice Trim,0,0,weight_per_each,"WEIGHT PER
EACH",DESCRIPTION,6.62#
architectural,54,Shadowkib™ Splice Trim,0,0,galvalume_plus,"GALVALUME®
PLUS",PRICED PER EACH,✓
architectural,54,Shadowkib™ Splice Trim,0,0,signature_200,"SIGNATURE®
200",PRICED PER EACH,✓
architectural,54,Shadowkib™ Splice Trim,0,0,signature_300,"SIGNATURE®
300",PRICED PER EACH,✓
architectural,54,Shadowkib™ Splice Trim,0,0,signature_300_metallic,"SIGNATURE®
300 METALLIC",PRICED PER EACH,✓
architectural,54,Shadowkib™ Splice Trim,0,1,part,PART #,DESCRIPTION,T-6122
architectural,54,Shadowkib™ Splice Trim,0,1,length,LENGTH,DESCRIPTION,"20'-2"""
architectural,54,Shadowkib™ Splice Trim,0,1,girth,GIRTH,DESCRIPTION,"gn"""
architectural,54,Shadowkib™ Splice Trim,0,1,weight_per_each,"WEIGHT PER
EACH",DESCRIPTION,13.13#
architectural,54,Shadowkib™ Splice Trim,0,1,galvalume_plus,"GALVALUME®
PLUS",PRICED PER EACH,✓
architectural,54,Shadowkib™ Splice Trim,0,1,signature_200,"SIGNATURE®
200",PRICED PER EACH,✓
architectural,54,Shadowkib™ Splice Trim,0,1,signature_300,"SIGNATURE®
300",PRICED PER EACH,✓
architectural,54,Shadowkib™ Splice Trim,0,1,signature_300_metallic,"SIGNATURE®
300 METALLIC",PRICED PER EACH,✓
architectural,54,ShadowRib™ Outside Corner,1,0,part,PART #,DESCRIPTION,T-6023
architectural,54,ShadowRib™ Outside Corner,1,0,length,LENGTH,DESCRIPTION,"10'-2"""
architectural,54,ShadowRib™ Outside Corner,1,0,girth,GIRTH,DESCRIPTION,"9"""
architectural,54,ShadowRib™ Outside Corner,1,0,weight_per_each,"WEIGHT PER
EACH",DESCRIPTION,7 AS#
architectural,54,ShadowRib™ Outside Corner,1,0,galvalume_plus,"GALVALUME®
PLUS",PRICED PER EACH,✓
architectural,54,ShadowRib™ Outside Corner,1,0,signature_200,"SIGNATURE®
200",PRICED PER EACH,✓
architectural,54,ShadowRib™ Outside Corner,1,0,signature_300,"SIGNATURE®
300",PRICED PER EACH,✓
architectural,54,ShadowRib™ Outside Corner,1,0,signature_300_metallic,"SIGNATURE®
300 METALLIC",PRICED PER EACH,✓
architectural,54,ShadowRib™ Outside Corner,1,1,part,PART #,DESCRIPTION,T-6024
architectural,54,ShadowRib™ Outside Corner,1,1,length,LENGTH,DESCRIPTION,"20'-2"""
architectural,54,ShadowRib™ Outside Corner,1,1,girth,GIRTH,DESCRIPTION,"9"""
architectural,54,ShadowRib™ Outside Corner,1,1,weight_per_each,"WEIGHT PER
EACH",DESCRIPTION,14.77#
architectural,54,ShadowRib™ Outside Corner,1,1,galvalume_plus,"GALVALUME®
PLUS",PRICED PER EACH,✓
architectural,54,ShadowRib™ Outside Corner,1,1,signature_200,"SIGNATURE®
200",PRICED PER EACH,✓
architectural,54,ShadowRib™ Outside Corner,1,1,signature_300,"SIGNATURE®
300",PRICED PER EACH,✓
architectural,54,ShadowRib™ Outside Corner,1,1,signature_300_metallic,"SIGNATURE®
300 METALLIC",PRICED PER EACH,✓
architectural,54,ShadowRib™ Inside Corner,2,0,part,PART #,DESCRIPTION,T-6053
architectural,54,ShadowRib™ Inside Corner,2,0,length,LENGTH,DESCRIPTION,"10'-2"""
architectural,54,ShadowRib™ Inside Corner,2,0,girth,GIRTH,DESCRIPTION,"9"""
architectural,54,ShadowRib™ Inside Corner,2,0,weight_per_each,"WEIGHT PER
EACH",DESCRIPTION,7 A5#
architectural,54,ShadowRib™ Inside Corner,2,0,galvalume_plus,"GALVALUME®
PLUS",PRICED PER EACH,✓
architectural,54,ShadowRib™ Inside Corner,2,0,signature_200,"SIGNATURE®
200",PRICED PER EACH,✓
architectural,54,ShadowRib™ Inside Corner,2,0,signature_300,"SIGNATURE®
300",PRICED PER EACH,✓
architectural,54,ShadowRib™ Inside Corner,2,0,signature_300_metallic,"SIGNATURE®
300 METALLIC",PRICED PER EACH,✓
architectural,54,ShadowRib™ Inside Corner,2,1,part,PART #,DESCRIPTION,T-6054
architectural,54,ShadowRib™ Inside Corner,2,1,length,LENGTH,DESCRIPTION,"20'-2"""
architectural,54,ShadowRib™ Inside Corner,2,1,girth,GIRTH,DESCRIPTION,"9"""
architectural,54,ShadowRib™ Inside Corner,2,1,weight_per_each,"WEIGHT PER
EACH",DESCRIPTION,14.77#
architectural,54,ShadowRib™ Inside Corner,2,1,galvalume_plus,"GALVALUME®
PLUS",PRICED PER EACH,✓
architectural,54,ShadowRib™ Inside Corner,2,1,signature_200,"SIGNATURE®
200",PRICED PER EACH,✓
architectural,54,ShadowRib™ Inside Corner,2,1,signature_300,"SIGNATURE®
300",PRICED PER EACH,✓
architectural,54,ShadowRib™ Inside Corner,2,1,signature_300_metallic,"SIGNATURE®
300 METALLIC",PRICED PER EACH,✓
architectural,55,"ShadowRib""™ Rake Trim",0,0,part,PART #,DESCRIPTION,T-6111
architectural,55,"ShadowRib""™ Rake Trim",0,0,length,LENGTH,DESCRIPTION,"10'-2"""
architectural,55,"ShadowRib""™ Rake Trim",0,0,girth,GIRTH,DESCRIPTION,"22"""
architectural,55,"ShadowRib""™ Rake Trim",0,0,weight_per_each,"WEIGHT PER
EACH",DESCRIPTION,18.20#
architectural,55,"ShadowRib""™ Rake Trim",0,0,galvalume_plus,"GALVALUME®
PLUS",PRICED PER EACH,✓
architectural,55,"ShadowRib""™ Rake Trim",0,0,signature_200,"SIGNATURE®
200",PRICED PER EACH,✓
architectural,55,"ShadowRib""™ Rake Trim",0,0,signature_300,"SIGNATURE®
300",PRICED PER EACH,✓
architectural,55,"ShadowRib""™ Rake Trim",0,0,signature_300_metallic,"SIGNATURE®
300 METALLIC",PRICED PER EACH,✓
architectural,55,"ShadowRib""™ Rake Trim",0,1,part,PART #,DESCRIPTION,T-6112
architectural,55,"ShadowRib""™ Rake Trim",0,1,length,LENGTH,DESCRIPTION,"20'-2"""
architectural,55,"ShadowRib""™ Rake Trim",0,1,girth,GIRTH,DESCRIPTION,"22"""
architectural,55,"ShadowRib""™ Rake Trim",0,1,weight_per_each,"WEIGHT PER
EACH",DESCRIPTION,36.10#
architectural,55,"ShadowRib""™ Rake Trim",0,1,galvalume_plus,"GALVALUME®
PLUS",PRICED PER EACH,✓
architectural,55,"ShadowRib""™ Rake Trim",0,1,signature_200,"SIGNATURE®
200",PRICED PER EACH,✓
architectural,55,"ShadowRib""™ Rake Trim",0,1,signature_300,"SIGNATURE®
300",PRICED PER EACH,✓
architectural,55,"ShadowRib""™ Rake Trim",0,1,signature_300_metallic,"SIGNATURE®
300 METALLIC",PRICED PER EACH,✓
architectural,55,ShadowRib™ Rake Trim,1,0,part,PART #,DESCRIPTION,T-6101
architectural,55,ShadowRib™ Rake Trim,1,0,length,LENGTH,DESCRIPTION,"10'-2"""
architectural,55,ShadowRib™ Rake Trim,1,0,girth,GIRTH,DESCRIPTION,"21"""
architectural,55,ShadowRib™ Rake Trim,1,0,weight_per_each,"WEIGHT PER
EACH",DESCRIPTION,17.37#
architectural,55,ShadowRib™ Rake Trim,1,0,galvalume_plus,"GALVALUME®
PLUS",PRICED PER EACH,✓
architectural,55,ShadowRib™ Rake Trim,1,0,signature_200,"SIGNATURE®
200",PRICED PER EACH,✓
architectural,55,ShadowRib™ Rake Trim,1,0,signature_300,"SIGNATURE®
300",PRICED PER EACH,✓
architectural,55,ShadowRib™ Rake Trim,1,0,signature_300_metallic,"SIGNATURE®
300 METALLIC",PRICED PER EACH,✓
architectural,55,ShadowRib™ Rake Trim,1,1,part,PART #,DESCRIPTION,T-6102
architectural,55,ShadowRib™ Rake Trim,1,1,length,LENGTH,DESCRIPTION,"20'-2"""
architectural,55,ShadowRib™ Rake Trim,1,1,girth,GIRTH,DESCRIPTION,"21"""
architectural,55,ShadowRib™ Rake Trim,1,1,weight_per_each,"WEIGHT PER
EACH",DESCRIPTION,34.460#
architectural,55,ShadowRib™ Rake Trim,1,1,galvalume_plus,"GALVALUME®
PLUS",PRICED PER EACH,✓
architectural,55,ShadowRib™ Rake Trim,1,1,signature_200,"SIGNATURE®
200",PRICED PER EACH,✓
architectural,55,ShadowRib™ Rake Trim,1,1,signature_300,"SIGNATURE®
300",PRICED PER EACH,✓
architectural,55,ShadowRib™ Rake Trim,1,1,signature_300_metallic,"SIGNATURE®
300 METALLIC",PRICED PER EACH,✓
architectural,55,ShadowRkib™ Zee Cap,2,0,part,PART #,DESCRIPTION,T-6133
architectural,55,ShadowRkib™ Zee Cap,2,0,length,LENGTH,DESCRIPTION,"10'-2"""
architectural,55,ShadowRkib™ Zee Cap,2,0,girth,GIRTH,DESCRIPTION,"53,"""
architectural,55,ShadowRkib™ Zee Cap,2,0,weight_per_each,"WEIGHT PER
EACH",DESCRIPTION,4.A5#
architectural,55,ShadowRkib™ Zee Cap,2,0,galvalume_plus,"GALVALUME®
PLUS",PRICED PER EACH,✓
architectural,55,ShadowRkib™ Zee Cap,2,0,signature_200,"SIGNATURE®
200",PRICED PER EACH,✓
architectural,55,ShadowRkib™ Zee Cap,2,0,signature_300,"SIGNATURE®
300",PRICED PER EACH,✓
architectural,55,ShadowRkib™ Zee Cap,2,0,signature_300_metallic,"SIGNATURE®
300 METALLIC",PRICED PER EACH,✓
architectural,55,ShadowRkib™ Zee Cap,2,1,part,PART #,DESCRIPTION,T-6134
architectural,55,ShadowRkib™ Zee Cap,2,1,length,LENGTH,DESCRIPTION,"20'-2"""
architectural,55,ShadowRkib™ Zee Cap,2,1,girth,GIRTH,DESCRIPTION,"534"""
architectural,55,ShadowRkib™ Zee Cap,2,1,weight_per_each,"WEIGHT PER
EACH",DESCRIPTION,8.82#
architectural,55,ShadowRkib™ Zee Cap,2,1,galvalume_plus,"GALVALUME®
PLUS",PRICED PER EACH,✓
architectural,55,ShadowRkib™ Zee Cap,2,1,signature_200,"SIGNATURE®
200",PRICED PER EACH,✓
architectural,55,ShadowRkib™ Zee Cap,2,1,signature_300,"SIGNATURE®
300",PRICED PER EACH,✓
architectural,55,ShadowRkib™ Zee Cap,2,1,signature_300_metallic,"SIGNATURE®
300 METALLIC",PRICED PER EACH,✓
architectural,56,"ShadowRkib"" Furring Zee",0,0,part,PART #,DESCRIPTION,T-6131
architectural,56,"ShadowRkib"" Furring Zee",0,0,dim_war,DIM war,DESCRIPTION,"| yo"""
architectural,56,"ShadowRkib"" Furring Zee",0,0,length,LENGTH,DESCRIPTION,"10'-2"""
architectural,56,"ShadowRkib"" Furring Zee",0,0,girth,GIRTH,DESCRIPTION,"3%"""
architectural,56,"ShadowRkib"" Furring Zee",0,0,weight_per_each,"WEIGHT PER
EACH",DESCRIPTION,2.69#
architectural,56,"ShadowRkib"" Furring Zee",0,0,galvalume_plus,"GALVALUME®
PLUS",PRICED PER EACH,✓
architectural,56,"ShadowRkib"" Furring Zee",0,0,signature_200,"SIGNATURE®
200",PRICED PER EACH,✓
architectural,56,"ShadowRkib"" Furring Zee",0,0,signature_300,"SIGNATURE®
300",PRICED PER EACH,✓
architectural,56,"ShadowRkib"" Furring Zee",0,0,signature_300_metallic,"SIGNATURE®
300 METALLIC",PRICED PER EACH,✓
architectural,56,"ShadowRkib"" Furring Zee",0,1,part,PART #,DESCRIPTION,T-6132
architectural,56,"ShadowRkib"" Furring Zee",0,1,dim_war,DIM war,DESCRIPTION,"3"""
architectural,56,"ShadowRkib"" Furring Zee",0,1,length,LENGTH,DESCRIPTION,"10'-2"""
architectural,56,"ShadowRkib"" Furring Zee",0,1,girth,GIRTH,DESCRIPTION,"434"""
architectural,56,"ShadowRkib"" Furring Zee",0,1,weight_per_each,"WEIGHT PER
EACH",DESCRIPTION,3.93#
architectural,56,"ShadowRkib"" Furring Zee",0,1,galvalume_plus,"GALVALUME®
PLUS",PRICED PER EACH,✓
architectural,56,"ShadowRkib"" Furring Zee",0,1,signature_200,"SIGNATURE®
200",PRICED PER EACH,✓
architectural,56,"ShadowRkib"" Furring Zee",0,1,signature_300,"SIGNATURE®
300",PRICED PER EACH,✓
architectural,56,"ShadowRkib"" Furring Zee",0,1,signature_300_metallic,"SIGNATURE®
300 METALLIC",PRICED PER EACH,✓
architectural,56,Shadowkrib™ Panel Cap,1,0,part,PART #,DESCRIPTION,T-6061
architectural,56,Shadowkrib™ Panel Cap,1,0,length,LENGTH,DESCRIPTION,"10'-2"""
architectural,56,Shadowkrib™ Panel Cap,1,0,girth,GIRTH,DESCRIPTION,"7%"""
architectural,56,Shadowkrib™ Panel Cap,1,0,weight_per_each,"WEIGHT PER
EACH",DESCRIPTION,5.89#
architectural,56,Shadowkrib™ Panel Cap,1,0,galvalume_plus,"GALVALUME®
PLUS",PRICED PER EACH,✓
architectural,56,Shadowkrib™ Panel Cap,1,0,signature_200,"SIGNATURE®
200",PRICED PER EACH,✓
architectural,56,Shadowkrib™ Panel Cap,1,0,signature_300,"SIGNATURE®
300",PRICED PER EACH,✓
architectural,56,Shadowkrib™ Panel Cap,1,0,signature_300_metallic,"SIGNATURE®
300 METALLIC",PRICED PER EACH,✓
architectural,56,Shadowkrib™ Panel Cap,1,1,part,PART #,DESCRIPTION,T-6062
architectural,56,Shadowkrib™ Panel Cap,1,1,length,LENGTH,DESCRIPTION,"20'-2"""
architectural,56,Shadowkrib™ Panel Cap,1,1,girth,GIRTH,DESCRIPTION,"7%"""
architectural,56,Shadowkrib™ Panel Cap,1,1,weight_per_each,"WEIGHT PER
EACH",DESCRIPTION,11.69#
architectural,56,Shadowkrib™ Panel Cap,1,1,galvalume_plus,"GALVALUME®
PLUS",PRICED PER EACH,✓
architectural,56,Shadowkrib™ Panel Cap,1,1,signature_200,"SIGNATURE®
200",PRICED PER EACH,✓
architectural,56,Shadowkrib™ Panel Cap,1,1,signature_300,"SIGNATURE®
300",PRICED PER EACH,✓
architectural,56,Shadowkrib™ Panel Cap,1,1,signature_300_metallic,"SIGNATURE®
300 METALLIC",PRICED PER EACH,✓
architectural,56,ShadowRib™ Cap/jamb Trim,2,0,part,PART #,DESCRIPTION,T-6071
architectural,56,ShadowRib™ Cap/jamb Trim,2,0,dim_ba,"DIM ""BA""",DESCRIPTION,"3%"""
architectural,56,ShadowRib™ Cap/jamb Trim,2,0,length,LENGTH,DESCRIPTION,"10'-2"""
architectural,56,ShadowRib™ Cap/jamb Trim,2,0,girth,GIRTH,DESCRIPTION,"8%"""
architectural,56,ShadowRib™ Cap/jamb Trim,2,0,weight_per_each,"WEIGHT PER
EACH",DESCRIPTION,6.72#
architectural,56,ShadowRib™ Cap/jamb Trim,2,0,galvalume_plus,"GALVALUME®
PLUS",PRICED PER EACH,✓
architectural,56,ShadowRib™ Cap/jamb Trim,2,0,signature_200,"SIGNATURE®
200",PRICED PER EACH,✓
architectural,56,ShadowRib™ Cap/jamb Trim,2,0,signature_300,"SIGNATURE®
300",PRICED PER EACH,✓
architectural,56,ShadowRib™ Cap/jamb Trim,2,0,signature_300_metallic,"SIGNATURE®
300 METALLIC",PRICED PER EACH,✓
architectural,56,ShadowRib™ Cap/jamb Trim,2,1,part,PART #,DESCRIPTION,T-6072
architectural,56,ShadowRib™ Cap/jamb Trim,2,1,dim_ba,"DIM ""BA""",DESCRIPTION,"3%"""
architectural,56,ShadowRib™ Cap/jamb Trim,2,1,length,LENGTH,DESCRIPTION,"20'-2"""
architectural,56,ShadowRib™ Cap/jamb Trim,2,1,girth,GIRTH,DESCRIPTION,"8%"""
architectural,56,ShadowRib™ Cap/jamb Trim,2,1,weight_per_each,"WEIGHT PER
EACH",DESCRIPTION,13.33#
architectural,56,ShadowRib™ Cap/jamb Trim,2,1,galvalume_plus,"GALVALUME®
PLUS",PRICED PER EACH,✓
architectural,56,ShadowRib™ Cap/jamb Trim,2,1,signature_200,"SIGNATURE®
200",PRICED PER EACH,✓
architectural,56,ShadowRib™ Cap/jamb Trim,2,1,signature_300,"SIGNATURE®
300",PRICED PER EACH,✓
architectural,56,ShadowRib™ Cap/jamb Trim,2,1,signature_300_metallic,"SIGNATURE®
300 METALLIC",PRICED PER EACH,✓
architectural,56,ShadowRib™ Cap/jamb Trim,2,2,part,PART #,DESCRIPTION,T-6073
architectural,56,ShadowRib™ Cap/jamb Trim,2,2,dim_ba,"DIM ""BA""",DESCRIPTION,"1%"""
architectural,56,ShadowRib™ Cap/jamb Trim,2,2,length,LENGTH,DESCRIPTION,"10'-2"""
architectural,56,ShadowRib™ Cap/jamb Trim,2,2,girth,GIRTH,DESCRIPTION,"6%"""
architectural,56,ShadowRib™ Cap/jamb Trim,2,2,weight_per_each,"WEIGHT PER
EACH",DESCRIPTION,5.38#
architectural,56,ShadowRib™ Cap/jamb Trim,2,2,galvalume_plus,"GALVALUME®
PLUS",PRICED PER EACH,✓
architectural,56,ShadowRib™ Cap/jamb Trim,2,2,signature_200,"SIGNATURE®
200",PRICED PER EACH,✓
architectural,56,ShadowRib™ Cap/jamb Trim,2,2,signature_300,"SIGNATURE®
300",PRICED PER EACH,✓
architectural,56,ShadowRib™ Cap/jamb Trim,2,2,signature_300_metallic,"SIGNATURE®
300 METALLIC",PRICED PER EACH,✓
architectural,56,ShadowRib™ Cap/jamb Trim,2,3,part,PART #,DESCRIPTION,T-6074
architectural,56,ShadowRib™ Cap/jamb Trim,2,3,dim_ba,"DIM ""BA""",DESCRIPTION,"1%"""
architectural,56,ShadowRib™ Cap/jamb Trim,2,3,length,LENGTH,DESCRIPTION,"20'-2"""
architectural,56,ShadowRib™ Cap/jamb Trim,2,3,girth,GIRTH,DESCRIPTION,"6y2"""
architectural,56,ShadowRib™ Cap/jamb Trim,2,3,weight_per_each,"WEIGHT PER
EACH",DESCRIPTION,10.67#
architectural,56,ShadowRib™ Cap/jamb Trim,2,3,galvalume_plus,"GALVALUME®
PLUS",PRICED PER EACH,✓
architectural,56,ShadowRib™ Cap/jamb Trim,2,3,signature_200,"SIGNATURE®
200",PRICED PER EACH,✓
architectural,56,ShadowRib™ Cap/jamb Trim,2,3,signature_300,"SIGNATURE®
300",PRICED PER EACH,✓
architectural,56,ShadowRib™ Cap/jamb Trim,2,3,signature_300_metallic,"SIGNATURE®
300 METALLIC",PRICED PER EACH,✓
architectural,57,NuWall® New Construction Base Trim,0,0,part,PART #,DESCRIPTION,T-6210
architectural,57,NuWall® New Construction Base Trim,0,0,length,LENGTH,DESCRIPTION,"10'-2"""
architectural,57,NuWall® New Construction Base Trim,0,0,girth,GIRTH,DESCRIPTION,"67"""
architectural,57,NuWall® New Construction Base Trim,0,0,weight_per_each,"WEIGHT PER
EACH",DESCRIPTION,5.694
architectural,57,NuWall® New Construction Base Trim,0,0,galvalume_plus,"GALVALUME®
PLUS",PRICED PER EACH,✓
architectural,57,NuWall® New Construction Base Trim,0,0,signature_200,"SIGNATURE®
200",PRICED PER EACH,✓
architectural,57,NuWall® New Construction Base Trim,0,0,signature_300,"SIGNATURE®
300",PRICED PER EACH,✓
architectural,57,NuWall® New Construction Base Trim,0,0,signature_300_metallic,"SIGNATURE®
300 METALLIC",PRICED PER EACH,✓
architectural,57,NuWall® New Construction Base Trim,0,1,part,PART #,DESCRIPTION,T-6212
architectural,57,NuWall® New Construction Base Trim,0,1,length,LENGTH,DESCRIPTION,"20'-2"""
architectural,57,NuWall® New Construction Base Trim,0,1,girth,GIRTH,DESCRIPTION,"6%"""
architectural,57,NuWall® New Construction Base Trim,0,1,weight_per_each,"WEIGHT PER
EACH",DESCRIPTION,11.28#
architectural,57,NuWall® New Construction Base Trim,0,1,galvalume_plus,"GALVALUME®
PLUS",PRICED PER EACH,✓
architectural,57,NuWall® New Construction Base Trim,0,1,signature_200,"SIGNATURE®
200",PRICED PER EACH,✓
architectural,57,NuWall® New Construction Base Trim,0,1,signature_300,"SIGNATURE®
300",PRICED PER EACH,✓
architectural,57,NuWall® New Construction Base Trim,0,1,signature_300_metallic,"SIGNATURE®
300 METALLIC",PRICED PER EACH,✓
architectural,57,NuWall® Retrofit Base Trim,1,0,part,PART #,DESCRIPTION,T-6214
architectural,57,NuWall® Retrofit Base Trim,1,0,length,LENGTH,DESCRIPTION,"10'-2"""
architectural,57,NuWall® Retrofit Base Trim,1,0,girth,GIRTH,DESCRIPTION,"7 Ya"""
architectural,57,NuWall® Retrofit Base Trim,1,0,weight_per_each,"WEIGHT PER
EACH",DESCRIPTION,6.00#
architectural,57,NuWall® Retrofit Base Trim,1,0,galvalume_plus,"GALVALUME®
PLUS",PRICED PER EACH,✓
architectural,57,NuWall® Retrofit Base Trim,1,0,signature_200,"SIGNATURE®
200",PRICED PER EACH,✓
architectural,57,NuWall® Retrofit Base Trim,1,0,signature_300,"SIGNATURE®
300",PRICED PER EACH,✓
architectural,57,NuWall® Retrofit Base Trim,1,0,signature_300_metallic,"SIGNATURE®
300 METALLIC",PRICED PER EACH,✓
architectural,57,NuWall® Retrofit Base Trim,1,1,part,PART #,DESCRIPTION,T-6216
architectural,57,NuWall® Retrofit Base Trim,1,1,length,LENGTH,DESCRIPTION,"20'-2"""
architectural,57,NuWall® Retrofit Base Trim,1,1,girth,GIRTH,DESCRIPTION,"7 Va"""
architectural,57,NuWall® Retrofit Base Trim,1,1,weight_per_each,"WEIGHT PER
EACH",DESCRIPTION,11.90#
architectural,57,NuWall® Retrofit Base Trim,1,1,galvalume_plus,"GALVALUME®
PLUS",PRICED PER EACH,✓
architectural,57,NuWall® Retrofit Base Trim,1,1,signature_200,"SIGNATURE®
200",PRICED PER EACH,✓
architectural,57,NuWall® Retrofit Base Trim,1,1,signature_300,"SIGNATURE®
300",PRICED PER EACH,✓
architectural,57,NuWall® Retrofit Base Trim,1,1,signature_300_metallic,"SIGNATURE®
300 METALLIC",PRICED PER EACH,✓
architectural,57,NuWall® Wall Cap,2,0,part,PART #,DESCRIPTION,T-6218
architectural,57,NuWall® Wall Cap,2,0,length,LENGTH,DESCRIPTION,"10'-2"""
architectural,57,NuWall® Wall Cap,2,0,girth,GIRTH,DESCRIPTION,"7%"""
architectural,57,NuWall® Wall Cap,2,0,weight_per_each,"WEIGHT PER
EACH",DESCRIPTION,5.89#
architectural,57,NuWall® Wall Cap,2,0,galvalume_plus,"GALVALUME®
PLUS",PRICED PER EACH,✓
architectural,57,NuWall® Wall Cap,2,0,signature_200,"SIGNATURE®
200",PRICED PER EACH,✓
architectural,57,NuWall® Wall Cap,2,0,signature_300,"SIGNATURE®
300",PRICED PER EACH,✓
architectural,57,NuWall® Wall Cap,2,0,signature_300_metallic,"SIGNATURE®
300 METALLIC",PRICED PER EACH,✓
architectural,57,NuWall® Wall Cap,2,1,part,PART #,DESCRIPTION,T-6220
architectural,57,NuWall® Wall Cap,2,1,length,LENGTH,DESCRIPTION,"20'-2"""
architectural,57,NuWall® Wall Cap,2,1,girth,GIRTH,DESCRIPTION,"7%"""
architectural,57,NuWall® Wall Cap,2,1,weight_per_each,"WEIGHT PER
EACH",DESCRIPTION,11.69#
architectural,57,NuWall® Wall Cap,2,1,galvalume_plus,"GALVALUME®
PLUS",PRICED PER EACH,✓
architectural,57,NuWall® Wall Cap,2,1,signature_200,"SIGNATURE®
200",PRICED PER EACH,✓
architectural,57,NuWall® Wall Cap,2,1,signature_300,"SIGNATURE®
300",PRICED PER EACH,✓
architectural,57,NuWall® Wall Cap,2,1,signature_300_metallic,"SIGNATURE®
300 METALLIC",PRICED PER EACH,✓
architectural,58,NuWall® New Construction Head/Jamb Trim,0,0,part,PART #,DESCRIPTION,T-6222
architectural,58,NuWall® New Construction Head/Jamb Trim,0,0,length,LENGTH,DESCRIPTION,"10'-6"""
architectural,58,NuWall® New Construction Head/Jamb Trim,0,0,girth,GIRTH,DESCRIPTION,"7 Ve"""
architectural,58,NuWall® New Construction Head/Jamb Trim,0,0,weight_per_each,"WEIGHT PER
EACH",DESCRIPTION,6.09#
architectural,58,NuWall® New Construction Head/Jamb Trim,0,0,galvalume_plus,"GALVALUME®
PLUS",PRICED PER EACH,✓
architectural,58,NuWall® New Construction Head/Jamb Trim,0,0,signature_200,"SIGNATURE®
200",PRICED PER EACH,✓
architectural,58,NuWall® New Construction Head/Jamb Trim,0,0,signature_300,"SIGNATURE®
300",PRICED PER EACH,✓
architectural,58,NuWall® New Construction Head/Jamb Trim,0,0,signature_300_metallic,"SIGNATURE®
300 METALLIC",PRICED PER EACH,✓
architectural,58,NuWall® New Construction Head/Jamb Trim,0,1,part,PART #,DESCRIPTION,T-6224
architectural,58,NuWall® New Construction Head/Jamb Trim,0,1,length,LENGTH,DESCRIPTION,"14'-6"""
architectural,58,NuWall® New Construction Head/Jamb Trim,0,1,girth,GIRTH,DESCRIPTION,"7 VQ"""
architectural,58,NuWall® New Construction Head/Jamb Trim,0,1,weight_per_each,"WEIGHT PER
EACH",DESCRIPTION,8.41#
architectural,58,NuWall® New Construction Head/Jamb Trim,0,1,galvalume_plus,"GALVALUME®
PLUS",PRICED PER EACH,✓
architectural,58,NuWall® New Construction Head/Jamb Trim,0,1,signature_200,"SIGNATURE®
200",PRICED PER EACH,✓
architectural,58,NuWall® New Construction Head/Jamb Trim,0,1,signature_300,"SIGNATURE®
300",PRICED PER EACH,✓
architectural,58,NuWall® New Construction Head/Jamb Trim,0,1,signature_300_metallic,"SIGNATURE®
300 METALLIC",PRICED PER EACH,✓
architectural,58,NuWall® New Construction Head/Jamb Trim,0,2,part,PART #,DESCRIPTION,T-6226
architectural,58,NuWall® New Construction Head/Jamb Trim,0,2,length,LENGTH,DESCRIPTION,"16'-6"""
architectural,58,NuWall® New Construction Head/Jamb Trim,0,2,girth,GIRTH,DESCRIPTION,"7%"""
architectural,58,NuWall® New Construction Head/Jamb Trim,0,2,weight_per_each,"WEIGHT PER
EACH",DESCRIPTION,9.57#
architectural,58,NuWall® New Construction Head/Jamb Trim,0,2,galvalume_plus,"GALVALUME®
PLUS",PRICED PER EACH,✓
architectural,58,NuWall® New Construction Head/Jamb Trim,0,2,signature_200,"SIGNATURE®
200",PRICED PER EACH,✓
architectural,58,NuWall® New Construction Head/Jamb Trim,0,2,signature_300,"SIGNATURE®
300",PRICED PER EACH,✓
architectural,58,NuWall® New Construction Head/Jamb Trim,0,2,signature_300_metallic,"SIGNATURE®
300 METALLIC",PRICED PER EACH,✓
architectural,58,NuWall® Retrofit Head/Jamb Trim,1,0,part,PART #,DESCRIPTION,T-6228
architectural,58,NuWall® Retrofit Head/Jamb Trim,1,0,length,LENGTH,DESCRIPTION,"10'-6"""
architectural,58,NuWall® Retrofit Head/Jamb Trim,1,0,girth,GIRTH,DESCRIPTION,"5%"""
architectural,58,NuWall® Retrofit Head/Jamb Trim,1,0,weight_per_each,"WEIGHT PER
EACH",DESCRIPTION,4.384
architectural,58,NuWall® Retrofit Head/Jamb Trim,1,0,galvalume_plus,"GALVALUME®
PLUS",PRICED PER EACH,✓
architectural,58,NuWall® Retrofit Head/Jamb Trim,1,0,signature_200,"SIGNATURE®
200",PRICED PER EACH,✓
architectural,58,NuWall® Retrofit Head/Jamb Trim,1,0,signature_300,"SIGNATURE®
300",PRICED PER EACH,✓
architectural,58,NuWall® Retrofit Head/Jamb Trim,1,0,signature_300_metallic,"SIGNATURE®
300 METALLIC",PRICED PER EACH,✓
architectural,58,NuWall® Retrofit Head/Jamb Trim,1,1,part,PART #,DESCRIPTION,T-6230
architectural,58,NuWall® Retrofit Head/Jamb Trim,1,1,length,LENGTH,DESCRIPTION,"14'-6"""
architectural,58,NuWall® Retrofit Head/Jamb Trim,1,1,girth,GIRTH,DESCRIPTION,"5 Ve"""
architectural,58,NuWall® Retrofit Head/Jamb Trim,1,1,weight_per_each,"WEIGHT PER
EACH",DESCRIPTION,6.05#
architectural,58,NuWall® Retrofit Head/Jamb Trim,1,1,galvalume_plus,"GALVALUME®
PLUS",PRICED PER EACH,✓
architectural,58,NuWall® Retrofit Head/Jamb Trim,1,1,signature_200,"SIGNATURE®
200",PRICED PER EACH,✓
architectural,58,NuWall® Retrofit Head/Jamb Trim,1,1,signature_300,"SIGNATURE®
300",PRICED PER EACH,✓
architectural,58,NuWall® Retrofit Head/Jamb Trim,1,1,signature_300_metallic,"SIGNATURE®
300 METALLIC",PRICED PER EACH,✓
architectural,58,NuWall® Retrofit Head/Jamb Trim,1,2,part,PART #,DESCRIPTION,T-6232
architectural,58,NuWall® Retrofit Head/Jamb Trim,1,2,length,LENGTH,DESCRIPTION,"16'-6"""
architectural,58,NuWall® Retrofit Head/Jamb Trim,1,2,girth,GIRTH,DESCRIPTION,"5 Ve"""
architectural,58,NuWall® Retrofit Head/Jamb Trim,1,2,weight_per_each,"WEIGHT PER
EACH",DESCRIPTION,6.88#
architectural,58,NuWall® Retrofit Head/Jamb Trim,1,2,galvalume_plus,"GALVALUME®
PLUS",PRICED PER EACH,✓
architectural,58,NuWall® Retrofit Head/Jamb Trim,1,2,signature_200,"SIGNATURE®
200",PRICED PER EACH,✓
architectural,58,NuWall® Retrofit Head/Jamb Trim,1,2,signature_300,"SIGNATURE®
300",PRICED PER EACH,✓
architectural,58,NuWall® Retrofit Head/Jamb Trim,1,2,signature_300_metallic,"SIGNATURE®
300 METALLIC",PRICED PER EACH,✓
architectural,58,NuWall® New Construction Head Trim,2,0,part,PART #,DESCRIPTION,T-6234
architectural,58,NuWall® New Construction Head Trim,2,0,length,LENGTH,DESCRIPTION,"3'-6"""
architectural,58,NuWall® New Construction Head Trim,2,0,girth,GIRTH,DESCRIPTION,"8%"""
architectural,58,NuWall® New Construction Head Trim,2,0,weight_per_each,"WEIGHT PER
EACH",DESCRIPTION,2.31#
architectural,58,NuWall® New Construction Head Trim,2,0,galvalume_plus,"GALVALUME®
PLUS",PRICED PER EACH,✓
architectural,58,NuWall® New Construction Head Trim,2,0,signature_200,"SIGNATURE®
200",PRICED PER EACH,✓
architectural,58,NuWall® New Construction Head Trim,2,0,signature_300,"SIGNATURE®
300",PRICED PER EACH,✓
architectural,58,NuWall® New Construction Head Trim,2,0,signature_300_metallic,"SIGNATURE®
300 METALLIC",PRICED PER EACH,✓
architectural,58,NuWall® New Construction Head Trim,2,1,part,PART #,DESCRIPTION,T-6236
architectural,58,NuWall® New Construction Head Trim,2,1,length,LENGTH,DESCRIPTION,"10'-6"""
architectural,58,NuWall® New Construction Head Trim,2,1,girth,GIRTH,DESCRIPTION,"8%"""
architectural,58,NuWall® New Construction Head Trim,2,1,weight_per_each,"WEIGHT PER
EACH",DESCRIPTION,6.94#
architectural,58,NuWall® New Construction Head Trim,2,1,galvalume_plus,"GALVALUME®
PLUS",PRICED PER EACH,✓
architectural,58,NuWall® New Construction Head Trim,2,1,signature_200,"SIGNATURE®
200",PRICED PER EACH,✓
architectural,58,NuWall® New Construction Head Trim,2,1,signature_300,"SIGNATURE®
300",PRICED PER EACH,✓
architectural,58,NuWall® New Construction Head Trim,2,1,signature_300_metallic,"SIGNATURE®
300 METALLIC",PRICED PER EACH,✓
architectural,58,NuWall® New Construction Head Trim,2,2,part,PART #,DESCRIPTION,T-6238
architectural,58,NuWall® New Construction Head Trim,2,2,length,LENGTH,DESCRIPTION,"14'-6"""
architectural,58,NuWall® New Construction Head Trim,2,2,girth,GIRTH,DESCRIPTION,"8%"""
architectural,58,NuWall® New Construction Head Trim,2,2,weight_per_each,"WEIGHT PER
EACH",DESCRIPTION,9.59#
architectural,58,NuWall® New Construction Head Trim,2,2,galvalume_plus,"GALVALUME®
PLUS",PRICED PER EACH,✓
architectural,58,NuWall® New Construction Head Trim,2,2,signature_200,"SIGNATURE®
200",PRICED PER EACH,✓
architectural,58,NuWall® New Construction Head Trim,2,2,signature_300,"SIGNATURE®
300",PRICED PER EACH,✓
architectural,58,NuWall® New Construction Head Trim,2,2,signature_300_metallic,"SIGNATURE®
300 METALLIC",PRICED PER EACH,✓
architectural,58,NuWall® New Construction Head Trim,2,3,part,PART #,DESCRIPTION,T-6240
architectural,58,NuWall® New Construction Head Trim,2,3,length,LENGTH,DESCRIPTION,"16'-4"""
architectural,58,NuWall® New Construction Head Trim,2,3,girth,GIRTH,DESCRIPTION,"8%"""
architectural,58,NuWall® New Construction Head Trim,2,3,weight_per_each,"WEIGHT PER
EACH",DESCRIPTION,10.80#
architectural,58,NuWall® New Construction Head Trim,2,3,galvalume_plus,"GALVALUME®
PLUS",PRICED PER EACH,✓
architectural,58,NuWall® New Construction Head Trim,2,3,signature_200,"SIGNATURE®
200",PRICED PER EACH,✓
architectural,58,NuWall® New Construction Head Trim,2,3,signature_300,"SIGNATURE®
300",PRICED PER EACH,✓
architectural,58,NuWall® New Construction Head Trim,2,3,signature_300_metallic,"SIGNATURE®
300 METALLIC",PRICED PER EACH,✓
architectural,59,NuWall® Spacer Angle,0,0,column_1,,,DESCRIPTION
architectural,59,NuWall® Spacer Angle,0,0,column_5,,,PRICED PER EACH
architectural,59,NuWall® Spacer Angle,0,1,column_1,,,PART #
architectural,59,NuWall® Spacer Angle,0,1,column_2,,,LENGTH
architectural,59,NuWall® Spacer Angle,0,1,column_3,,,GIRTH
architectural,59,NuWall® Spacer Angle,0,1,column_4,,,WEIGHT PER EACH
architectural,59,NuWall® Spacer Angle,0,1,column_5,,,GALVALUME PLUS®
architectural,59,NuWall® Spacer Angle,0,2,column_1,,,T-6242
architectural,59,NuWall® Spacer Angle,0,2,column_2,,,"10'-2"""
architectural,59,NuWall® Spacer Angle,0,2,column_3,,,"2%"""
architectural,59,NuWall® Spacer Angle,0,2,column_4,,,1.86#
architectural,59,NuWall® Spacer Angle,0,2,column_5,,,v
architectural,59,NuWall® Downspout with 45° Offset,1,0,part,PART #,DESCRIPTION,T-6250
architectural,59,NuWall® Downspout with 45° Offset,1,0,length,LENGTH,DESCRIPTION,gn
architectural,59,NuWall® Downspout with 45° Offset,1,0,girth,GIRTH,DESCRIPTION,"1634"""
architectural,59,NuWall® Downspout with 45° Offset,1,0,weight_per_each,"WEIGHT PER
EACH",DESCRIPTION,1.40#
architectural,59,NuWall® Downspout with 45° Offset,1,0,galvalume_plus,"GALVALUME®
PLUS",PRICED PER EACH,✓
architectural,59,NuWall® Downspout with 45° Offset,1,0,signature_200,"SIGNATURE®
200",PRICED PER EACH,✓
architectural,59,NuWall® Downspout with 45° Offset,1,0,signature_300,"SIGNATURE®
300",PRICED PER EACH,✓
architectural,59,NuWall® Downspout with 45° Offset,1,0,signature_300_metallic,"SIGNATURE®
300 METALLIC",PRICED PER EACH,✓
architectural,59,NuWall® Spacer Zee,2,0,part,PART #,DESCRIPTION,T-6246
architectural,59,NuWall® Spacer Zee,2,0,length,LENGTH,DESCRIPTION,"10'-2"""
architectural,59,NuWall® Spacer Zee,2,0,girth,GIRTH,DESCRIPTION,"2 ya"""
architectural,59,NuWall® Spacer Zee,2,0,weight_per_each,"WEIGHT PER
EACH",DESCRIPTION,2.07#
architectural,59,NuWall® Spacer Zee,2,0,galvalume_plus,"GALVALUME®
PLUS",PRICED PER EACH,✓
architectural,59,NuWall® Spacer Zee,2,0,signature_200,"SIGNATURE®
200",PRICED PER EACH,✓
architectural,59,NuWall® Spacer Zee,2,0,signature_300,"SIGNATURE®
300",PRICED PER EACH,✓
architectural,59,NuWall® Spacer Zee,2,0,signature_300_metallic,"SIGNATURE®
300 METALLIC",PRICED PER EACH,✓
architectural,60,"Designer"" Series Head/Jamb Cleat",0,0,part,PART #,DESCRIPTION,T-6301
architectural,60,"Designer"" Series Head/Jamb Cleat",0,0,length,LENGTH,DESCRIPTION,"10'-2"""
architectural,60,"Designer"" Series Head/Jamb Cleat",0,0,girth,GIRTH,DESCRIPTION,"6%"""
architectural,60,"Designer"" Series Head/Jamb Cleat",0,0,weight_per_each,"WEIGHT PER
EACH",DESCRIPTION,5.17#
architectural,60,"Designer"" Series Head/Jamb Cleat",0,0,galvalume_plus,"GALVALUME®
PLUS",PRICED PER EACH,✓
architectural,60,"Designer"" Series Head/Jamb Cleat",0,0,signature_200,"SIGNATURE®
200",PRICED PER EACH,✓
architectural,60,"Designer"" Series Head/Jamb Cleat",0,0,signature_300,"SIGNATURE®
300",PRICED PER EACH,✓
architectural,60,"Designer"" Series Head/Jamb Cleat",0,0,signature_300_metallic,"SIGNATURE®
300 METALLIC",PRICED PER EACH,✓
architectural,60,Designer™ Series Two Piece Jamb Trim,1,0,part,PART #,DESCRIPTION,T-6303
architectural,60,Designer™ Series Two Piece Jamb Trim,1,0,length,LENGTH,DESCRIPTION,"10'-2"""
architectural,60,Designer™ Series Two Piece Jamb Trim,1,0,girth,GIRTH,DESCRIPTION,"6"""
architectural,60,Designer™ Series Two Piece Jamb Trim,1,0,weight_per_each,"WEIGHT PER
EACH",DESCRIPTION,4.96#
architectural,60,Designer™ Series Two Piece Jamb Trim,1,0,galvalume_plus,"GALVALUME®
PLUS",PRICED PER EACH,✓
architectural,60,Designer™ Series Two Piece Jamb Trim,1,0,signature_200,"SIGNATURE®
200",PRICED PER EACH,✓
architectural,60,Designer™ Series Two Piece Jamb Trim,1,0,signature_300,"SIGNATURE®
300",PRICED PER EACH,✓
architectural,60,Designer™ Series Two Piece Jamb Trim,1,0,signature_300_metallic,"SIGNATURE®
300 METALLIC",PRICED PER EACH,✓
architectural,60,Designer™ Series Two Piece Head Trim,2,0,part,PART #,DESCRIPTION,T-6305
architectural,60,Designer™ Series Two Piece Head Trim,2,0,length,LENGTH,DESCRIPTION,"10'-2"""
architectural,60,Designer™ Series Two Piece Head Trim,2,0,girth,GIRTH,DESCRIPTION,"63%"""
architectural,60,Designer™ Series Two Piece Head Trim,2,0,weight_per_each,"WEIGHT PER
EACH",DESCRIPTION,5.27#
architectural,60,Designer™ Series Two Piece Head Trim,2,0,galvalume_plus,"GALVALUME®
PLUS",PRICED PER EACH,✓
architectural,60,Designer™ Series Two Piece Head Trim,2,0,signature_200,"SIGNATURE®
200",PRICED PER EACH,✓
architectural,60,Designer™ Series Two Piece Head Trim,2,0,signature_300,"SIGNATURE®
300",PRICED PER EACH,✓
architectural,60,Designer™ Series Two Piece Head Trim,2,0,signature_300_metallic,"SIGNATURE®
300 METALLIC",PRICED PER EACH,✓
architectural,61,"Designer"" Series Base Trim",0,0,part,PART #,DESCRIPTION,T-6307
architectural,61,"Designer"" Series Base Trim",0,0,length,LENGTH,DESCRIPTION,"10'-2"""
architectural,61,"Designer"" Series Base Trim",0,0,girth,GIRTH,DESCRIPTION,"63%"""
architectural,61,"Designer"" Series Base Trim",0,0,weight_per_each,"WEIGHT PER
EACH",DESCRIPTION,5.27#
architectural,61,"Designer"" Series Base Trim",0,0,galvalume_plus,"GALVALUME®
PLUS",PRICED PER EACH,✓
architectural,61,"Designer"" Series Base Trim",0,0,signature_200,"SIGNATURE®
200",PRICED PER EACH,✓
architectural,61,"Designer"" Series Base Trim",0,0,signature_300,"SIGNATURE®
300",PRICED PER EACH,✓
architectural,61,"Designer"" Series Base Trim",0,0,signature_300_metallic,"SIGNATURE®
300 METALLIC",PRICED PER EACH,✓
architectural,61,Designer™ Series Support Zee,1,0,column_1,,,DESCRIPTION
architectural,61,Designer™ Series Support Zee,1,0,column_5,,,PRICED PER EACH
architectural,61,Designer™ Series Support Zee,1,1,column_1,,,PART #
architectural,61,Designer™ Series Support Zee,1,1,column_2,,,LENGTH
architectural,61,Designer™ Series Support Zee,1,1,column_3,,,GIRTH
architectural,61,Designer™ Series Support Zee,1,1,column_4,,,WEIGHT PER EACH
architectural,61,Designer™ Series Support Zee,1,1,column_5,,,GALVALUME® PLUS
architectural,61,Designer™ Series Support Zee,1,2,column_1,,,T-6309
architectural,61,Designer™ Series Support Zee,1,2,column_2,,,iOzey
architectural,61,Designer™ Series Support Zee,1,2,column_3,,,"3 36"""
architectural,61,Designer™ Series Support Zee,1,2,column_4,,,2./9#
architectural,61,Designer™ Series Support Zee,1,2,column_5,,,v
architectural,62,FlexLoc® Panel Splice Trim,0,0,part,PART #,DESCRIPTION,HW-1200A
architectural,62,FlexLoc® Panel Splice Trim,0,0,length,LENGTH,DESCRIPTION,"10'2"""
architectural,62,FlexLoc® Panel Splice Trim,0,0,girth,GIRTH,DESCRIPTION,"23 13/46"""
architectural,62,FlexLoc® Panel Splice Trim,0,0,weight_per_each,"WEIGHT PER
EACH",DESCRIPTION,3.01#
architectural,62,FlexLoc® Panel Splice Trim,0,0,galvalume_plus,"GALVALUME®
PLUS",PRICED PER EACH,✓
architectural,62,FlexLoc® Panel Splice Trim,0,0,signature_200,"SIGNATURE®
200",PRICED PER EACH,✓
architectural,62,FlexLoc® Panel Splice Trim,0,0,signature_300,"SIGNATURE®
300",PRICED PER EACH,✓
architectural,62,FlexLoc® Panel Splice Trim,0,0,signature_300_metallic,"SIGNATURE®
300 METALLIC",PRICED PER EACH,✓
architectural,62,FlexLoc® Panel Splice Trim,0,1,part,PART #,DESCRIPTION,HW-1200B
architectural,62,FlexLoc® Panel Splice Trim,0,1,length,LENGTH,DESCRIPTION,"10'2"""
architectural,62,FlexLoc® Panel Splice Trim,0,1,girth,GIRTH,DESCRIPTION,"3"""
architectural,62,FlexLoc® Panel Splice Trim,0,1,weight_per_each,"WEIGHT PER
EACH",DESCRIPTION,2.37#
architectural,62,FlexLoc® Panel Splice Trim,0,1,galvalume_plus,"GALVALUME®
PLUS",PRICED PER EACH,✓
architectural,62,FlexLoc® Panel Splice Trim,0,1,signature_200,"SIGNATURE®
200",PRICED PER EACH,✓
architectural,62,FlexLoc® Panel Splice Trim,0,1,signature_300,"SIGNATURE®
300",PRICED PER EACH,✓
architectural,62,FlexLoc® Panel Splice Trim,0,1,signature_300_metallic,"SIGNATURE®
300 METALLIC",PRICED PER EACH,✓
architectural,62,FlexLoc® Rake Termination Trim,1,0,part,PART #,DESCRIPTION,HW-1202
architectural,62,FlexLoc® Rake Termination Trim,1,0,length,LENGTH,DESCRIPTION,"10'-2"""
architectural,62,FlexLoc® Rake Termination Trim,1,0,girth,GIRTH,DESCRIPTION,"6°16"""
architectural,62,FlexLoc® Rake Termination Trim,1,0,weight_per_each,"WEIGHT PER
EACH",DESCRIPTION,5.38#
architectural,62,FlexLoc® Rake Termination Trim,1,0,galvalume_plus,"GALVALUME®
PLUS",PRICED PER EACH,✓
architectural,62,FlexLoc® Rake Termination Trim,1,0,signature_200,"SIGNATURE®
200",PRICED PER EACH,✓
architectural,62,FlexLoc® Rake Termination Trim,1,0,signature_300,"SIGNATURE®
300",PRICED PER EACH,✓
architectural,62,FlexLoc® Rake Termination Trim,1,0,signature_300_metallic,"SIGNATURE®
300 METALLIC",PRICED PER EACH,✓
architectural,62,FlexLoc® Curved Rake Trim,2,0,part,PART #,DESCRIPTION,HW-1204
architectural,62,FlexLoc® Curved Rake Trim,2,0,length,LENGTH,DESCRIPTION,"10'-2"""
architectural,62,FlexLoc® Curved Rake Trim,2,0,weight_per_each,"WEIGHT PER
EACH",DESCRIPTION,6.25#
architectural,62,FlexLoc® Curved Rake Trim,2,0,galvalume_plus,"GALVALUME®
PLUS",PRICED PER EACH,Please Inquire
architectural,62,FlexLoc® Curved Rake Trim,2,0,signature_200,"SIGNATURE®
200",PRICED PER EACH,Please Inquire
architectural,62,FlexLoc® Curved Rake Trim,2,0,signature_300,"SIGNATURE®
300",PRICED PER EACH,Please Inquire
architectural,62,FlexLoc® Curved Rake Trim,2,0,signature_300_metallic,"SIGNATURE®
300 METALLIC",PRICED PER EACH,Please Inquire
architectural,62,FlexLoc® Panel Starter Trim,3,0,part,PART #,DESCRIPTION,HW-1206
architectural,62,FlexLoc® Panel Starter Trim,3,0,length,LENGTH,DESCRIPTION,"10'-2"""
architectural,62,FlexLoc® Panel Starter Trim,3,0,girth,GIRTH,DESCRIPTION,"4 rhe"""
architectural,62,FlexLoc® Panel Starter Trim,3,0,weight_per_each,"WEIGHT PER
EACH",DESCRIPTION,3.57#
architectural,62,FlexLoc® Panel Starter Trim,3,0,galvalume_plus,"GALVALUME®
PLUS",PRICED PER EACH,✓
architectural,62,FlexLoc® Panel Starter Trim,3,0,signature_200,"SIGNATURE®
200",PRICED PER EACH,✓
architectural,62,FlexLoc® Panel Starter Trim,3,0,signature_300,"SIGNATURE®
300",PRICED PER EACH,✓
architectural,62,FlexLoc® Panel Starter Trim,3,0,signature_300_metallic,"SIGNATURE®
300 METALLIC",PRICED PER EACH,✓
architectural,63,FW-120 Panel Extended Eave Trim,0,0,part,PART #,DESCRIPTION,T-5401
architectural,63,FW-120 Panel Extended Eave Trim,0,0,length,LENGTH,DESCRIPTION,"10'-2"""
architectural,63,FW-120 Panel Extended Eave Trim,0,0,girth,GIRTH,DESCRIPTION,"12%"""
architectural,63,FW-120 Panel Extended Eave Trim,0,0,weight_per_each,"WEIGHT PER
EACH",DESCRIPTION,10.03#
architectural,63,FW-120 Panel Extended Eave Trim,0,0,galvalume_plus,"GALVALUME®
PLUS",PRICED PER EACH,✓
architectural,63,FW-120 Panel Extended Eave Trim,0,0,signature_200,"SIGNATURE®
200",PRICED PER EACH,✓
architectural,63,FW-120 Panel Extended Eave Trim,0,0,signature_300,"SIGNATURE®
300",PRICED PER EACH,✓
architectural,63,FW-120 Panel Extended Eave Trim,0,0,signature_300_metallic,"SIGNATURE®
300 METALLIC",PRICED PER EACH,✓
architectural,63,FW-120 Panel Extended Eave Trim,0,1,part,PART #,DESCRIPTION,T-5402
architectural,63,FW-120 Panel Extended Eave Trim,0,1,length,LENGTH,DESCRIPTION,"20'-2"""
architectural,63,FW-120 Panel Extended Eave Trim,0,1,girth,GIRTH,DESCRIPTION,"12%"""
architectural,63,FW-120 Panel Extended Eave Trim,0,1,weight_per_each,"WEIGHT PER
EACH",DESCRIPTION,19.90#
architectural,63,FW-120 Panel Extended Eave Trim,0,1,galvalume_plus,"GALVALUME®
PLUS",PRICED PER EACH,✓
architectural,63,FW-120 Panel Extended Eave Trim,0,1,signature_200,"SIGNATURE®
200",PRICED PER EACH,✓
architectural,63,FW-120 Panel Extended Eave Trim,0,1,signature_300,"SIGNATURE®
300",PRICED PER EACH,✓
architectural,63,FW-120 Panel Extended Eave Trim,0,1,signature_300_metallic,"SIGNATURE®
300 METALLIC",PRICED PER EACH,✓
architectural,63,FW-120 Panel Sill Trim,1,0,part,PART #,DESCRIPTION,T-5405
architectural,63,FW-120 Panel Sill Trim,1,0,length,LENGTH,DESCRIPTION,"10'-2"""
architectural,63,FW-120 Panel Sill Trim,1,0,girth,GIRTH,DESCRIPTION,"9%"""
architectural,63,FW-120 Panel Sill Trim,1,0,weight_per_each,"WEIGHT PER
EACH",DESCRIPTION,7.054
architectural,63,FW-120 Panel Sill Trim,1,0,galvalume_plus,"GALVALUME®
PLUS",PRICED PER EACH,✓
architectural,63,FW-120 Panel Sill Trim,1,0,signature_200,"SIGNATURE®
200",PRICED PER EACH,✓
architectural,63,FW-120 Panel Sill Trim,1,0,signature_300,"SIGNATURE®
300",PRICED PER EACH,✓
architectural,63,FW-120 Panel Sill Trim,1,0,signature_300_metallic,"SIGNATURE®
300 METALLIC",PRICED PER EACH,✓
architectural,63,FW-120 Panel Sill Trim,1,1,part,PART #,DESCRIPTION,T-5406
architectural,63,FW-120 Panel Sill Trim,1,1,length,LENGTH,DESCRIPTION,"20'-2"""
architectural,63,FW-120 Panel Sill Trim,1,1,girth,GIRTH,DESCRIPTION,"9%"""
architectural,63,FW-120 Panel Sill Trim,1,1,weight_per_each,"WEIGHT PER
EACH",DESCRIPTION,15.18#
architectural,63,FW-120 Panel Sill Trim,1,1,galvalume_plus,"GALVALUME®
PLUS",PRICED PER EACH,✓
architectural,63,FW-120 Panel Sill Trim,1,1,signature_200,"SIGNATURE®
200",PRICED PER EACH,✓
architectural,63,FW-120 Panel Sill Trim,1,1,signature_300,"SIGNATURE®
300",PRICED PER EACH,✓
architectural,63,FW-120 Panel Sill Trim,1,1,signature_300_metallic,"SIGNATURE®
300 METALLIC",PRICED PER EACH,✓
architectural,63,FW-120 Panel Wall Splice Trim,2,0,part,PART #,DESCRIPTION,T-5411
architectural,63,FW-120 Panel Wall Splice Trim,2,0,length,LENGTH,DESCRIPTION,"10'-2"""
architectural,63,FW-120 Panel Wall Splice Trim,2,0,girth,GIRTH,DESCRIPTION,"7 34"""
architectural,63,FW-120 Panel Wall Splice Trim,2,0,weight_per_each,"WEIGHT PER
EACH",DESCRIPTION,O.41#
architectural,63,FW-120 Panel Wall Splice Trim,2,0,galvalume_plus,"GALVALUME®
PLUS",PRICED PER EACH,✓
architectural,63,FW-120 Panel Wall Splice Trim,2,0,signature_200,"SIGNATURE®
200",PRICED PER EACH,✓
architectural,63,FW-120 Panel Wall Splice Trim,2,0,signature_300,"SIGNATURE®
300",PRICED PER EACH,✓
architectural,63,FW-120 Panel Wall Splice Trim,2,0,signature_300_metallic,"SIGNATURE®
300 METALLIC",PRICED PER EACH,✓
architectural,63,FW-120 Panel Wall Splice Trim,2,1,part,PART #,DESCRIPTION,T-5412
architectural,63,FW-120 Panel Wall Splice Trim,2,1,length,LENGTH,DESCRIPTION,"20'-2"""
architectural,63,FW-120 Panel Wall Splice Trim,2,1,girth,GIRTH,DESCRIPTION,"73,"""
architectural,63,FW-120 Panel Wall Splice Trim,2,1,weight_per_each,"WEIGHT PER
EACH",DESCRIPTION,12.72#
architectural,63,FW-120 Panel Wall Splice Trim,2,1,galvalume_plus,"GALVALUME®
PLUS",PRICED PER EACH,✓
architectural,63,FW-120 Panel Wall Splice Trim,2,1,signature_200,"SIGNATURE®
200",PRICED PER EACH,✓
architectural,63,FW-120 Panel Wall Splice Trim,2,1,signature_300,"SIGNATURE®
300",PRICED PER EACH,✓
architectural,63,FW-120 Panel Wall Splice Trim,2,1,signature_300_metallic,"SIGNATURE®
300 METALLIC",PRICED PER EACH,✓
architectural,64,FW-120 Panel Base Trim without Sheeting Notch,0,0,part,PART #,DESCRIPTION,T-5415
architectural,64,FW-120 Panel Base Trim without Sheeting Notch,0,0,length,LENGTH,DESCRIPTION,"10'-2"""
architectural,64,FW-120 Panel Base Trim without Sheeting Notch,0,0,girth,GIRTH,DESCRIPTION,"9 34"""
architectural,64,FW-120 Panel Base Trim without Sheeting Notch,0,0,weight_per_each,"WEIGHT PER
EACH",DESCRIPTION,7.104
architectural,64,FW-120 Panel Base Trim without Sheeting Notch,0,0,galvalume_plus,"GALVALUME®
PLUS",PRICED PER EACH,✓
architectural,64,FW-120 Panel Base Trim without Sheeting Notch,0,0,signature_200,"SIGNATURE®
200",PRICED PER EACH,✓
architectural,64,FW-120 Panel Base Trim without Sheeting Notch,0,0,signature_300,"SIGNATURE®
300",PRICED PER EACH,✓
architectural,64,FW-120 Panel Base Trim without Sheeting Notch,0,0,signature_300_metallic,"SIGNATURE®
300 METALLIC",PRICED PER EACH,✓
architectural,64,FW-120 Panel Base Trim without Sheeting Notch,0,1,part,PART #,DESCRIPTION,T-5416
architectural,64,FW-120 Panel Base Trim without Sheeting Notch,0,1,length,LENGTH,DESCRIPTION,"20'-2"""
architectural,64,FW-120 Panel Base Trim without Sheeting Notch,0,1,girth,GIRTH,DESCRIPTION,"9 34"""
architectural,64,FW-120 Panel Base Trim without Sheeting Notch,0,1,weight_per_each,"WEIGHT PER
EACH",DESCRIPTION,15.38#
architectural,64,FW-120 Panel Base Trim without Sheeting Notch,0,1,galvalume_plus,"GALVALUME®
PLUS",PRICED PER EACH,✓
architectural,64,FW-120 Panel Base Trim without Sheeting Notch,0,1,signature_200,"SIGNATURE®
200",PRICED PER EACH,✓
architectural,64,FW-120 Panel Base Trim without Sheeting Notch,0,1,signature_300,"SIGNATURE®
300",PRICED PER EACH,✓
architectural,64,FW-120 Panel Base Trim without Sheeting Notch,0,1,signature_300_metallic,"SIGNATURE®
300 METALLIC",PRICED PER EACH,✓
architectural,64,FW-120 Panel Masonry Inside Corner,1,0,part,PART #,DESCRIPTION,T-5421
architectural,64,FW-120 Panel Masonry Inside Corner,1,0,length,LENGTH,DESCRIPTION,"10'-2"""
architectural,64,FW-120 Panel Masonry Inside Corner,1,0,girth,GIRTH,DESCRIPTION,"7 5p"""
architectural,64,FW-120 Panel Masonry Inside Corner,1,0,weight_per_each,"WEIGHT PER
EACH",DESCRIPTION,6.31#
architectural,64,FW-120 Panel Masonry Inside Corner,1,0,galvalume_plus,"GALVALUME®
PLUS",PRICED PER EACH,✓
architectural,64,FW-120 Panel Masonry Inside Corner,1,0,signature_200,"SIGNATURE®
200",PRICED PER EACH,✓
architectural,64,FW-120 Panel Masonry Inside Corner,1,0,signature_300,"SIGNATURE®
300",PRICED PER EACH,✓
architectural,64,FW-120 Panel Masonry Inside Corner,1,0,signature_300_metallic,"SIGNATURE®
300 METALLIC",PRICED PER EACH,✓
architectural,64,FW-120 Panel Masonry Inside Corner,1,1,part,PART #,DESCRIPTION,T-5422
architectural,64,FW-120 Panel Masonry Inside Corner,1,1,length,LENGTH,DESCRIPTION,"20'-2"""
architectural,64,FW-120 Panel Masonry Inside Corner,1,1,girth,GIRTH,DESCRIPTION,"7 5K"""
architectural,64,FW-120 Panel Masonry Inside Corner,1,1,weight_per_each,"WEIGHT PER
EACH",DESCRIPTION,12.51#
architectural,64,FW-120 Panel Masonry Inside Corner,1,1,galvalume_plus,"GALVALUME®
PLUS",PRICED PER EACH,✓
architectural,64,FW-120 Panel Masonry Inside Corner,1,1,signature_200,"SIGNATURE®
200",PRICED PER EACH,✓
architectural,64,FW-120 Panel Masonry Inside Corner,1,1,signature_300,"SIGNATURE®
300",PRICED PER EACH,✓
architectural,64,FW-120 Panel Masonry Inside Corner,1,1,signature_300_metallic,"SIGNATURE®
300 METALLIC",PRICED PER EACH,✓
