catalog,page,section,table,row,column,column_label,column_group,value
ssr,3,"o"" Sa 2"" 3"" 4"" 5"" 6"" zn"" 8"" 9"" 10"" n""",0,0,column_1,,,1 FT.
ssr,3,"o"" Sa 2"" 3"" 4"" 5"" 6"" zn"" 8"" 9"" 10"" n""",0,0,o,"o""",,2.00
ssr,3,"o"" Sa 2"" 3"" 4"" 5"" 6"" zn"" 8"" 9"" 10"" n""",0,0,column,"""",,2.17
ssr,3,"o"" Sa 2"" 3"" 4"" 5"" 6"" zn"" 8"" 9"" 10"" n""",0,0,column_4,,,2.33
ssr,3,"o"" Sa 2"" 3"" 4"" 5"" 6"" zn"" 8"" 9"" 10"" n""",0,0,3,"3""",,2.50
ssr,3,"o"" Sa 2"" 3"" 4"" 5"" 6"" zn"" 8"" 9"" 10"" n""",0,0,4,"4""",,2.66
ssr,3,"o"" Sa 2"" 3"" 4"" 5"" 6"" zn"" 8"" 9"" 10"" n""",0,0,5,"5""",,2.83
ssr,3,"o"" Sa 2"" 3"" 4"" 5"" 6"" zn"" 8"" 9"" 10"" n""",0,0,6,"6""",,3.00
ssr,3,"o"" Sa 2"" 3"" 4"" 5"" 6"" zn"" 8"" 9"" 10"" n""",0,0,column_9,,,3.16
ssr,3,"o"" Sa 2"" 3"" 4"" 5"" 6"" zn"" 8"" 9"" 10"" n""",0,0,8,"8""",,3.33
ssr,3,"o"" Sa 2"" 3"" 4"" 5"" 6"" zn"" 8"" 9"" 10"" n""",0,0,9,"9""",,3.49
ssr,3,"o"" Sa 2"" 3"" 4"" 5"" 6"" zn"" 8"" 9"" 10"" n""",0,0,10,"10""",,3.66
ssr,3,"o"" Sa 2"" 3"" 4"" 5"" 6"" zn"" 8"" 9"" 10"" n""",0,0,n,"n""",,3.83
ssr,3,"o"" Sa 2"" 3"" 4"" 5"" 6"" zn"" 8"" 9"" 10"" n""",0,1,column_1,,,2 FT.
ssr,3,"o"" Sa 2"" 3"" 4"" 5"" 6"" zn"" 8"" 9"" 10"" n""",0,1,o,"o""",,4.00
ssr,3,"o"" Sa 2"" 3"" 4"" 5"" 6"" zn"" 8"" 9"" 10"" n""",0,1,column,"""",,4.17
ssr,3,"o"" Sa 2"" 3"" 4"" 5"" 6"" zn"" 8"" 9"" 10"" n""",0,1,column_4,,,4.33
ssr,3,"o"" Sa 2"" 3"" 4"" 5"" 6"" zn"" 8"" 9"" 10"" n""",0,1,3,"3""",,4.50
ssr,3,"o"" Sa 2"" 3"" 4"" 5"" 6"" zn"" 8"" 9"" 10"" n""",0,1,4,"4""",,4.66
ssr,3,"o"" Sa 2"" 3"" 4"" 5"" 6"" zn"" 8"" 9"" 10"" n""",0,1,5,"5""",,4.83
ssr,3,"o"" Sa 2"" 3"" 4"" 5"" 6"" zn"" 8"" 9"" 10"" n""",0,1,6,"6""",,5.00
ssr,3,"o"" Sa 2"" 3"" 4"" 5"" 6"" zn"" 8"" 9"" 10"" n""",0,1,column_9,,,5.16
ssr,3,"o"" Sa 2"" 3"" 4"" 5"" 6"" zn"" 8"" 9"" 10"" n""",0,1,8,"8""",,5.33
ssr,3,"o"" Sa 2"" 3"" 4"" 5"" 6"" zn"" 8"" 9"" 10"" n""",0,1,9,"9""",,5.49
ssr,3,"o"" Sa 2"" 3"" 4"" 5"" 6"" zn"" 8"" 9"" 10"" n""",0,1,10,"10""",,5.66
ssr,3,"o"" Sa 2"" 3"" 4"" 5"" 6"" zn"" 8"" 9"" 10"" n""",0,1,n,"n""",,5.83
ssr,3,"o"" Sa 2"" 3"" 4"" 5"" 6"" zn"" 8"" 9"" 10"" n""",0,2,column_1,,,3 FT.
ssr,3,"o"" Sa 2"" 3"" 4"" 5"" 6"" zn"" 8"" 9"" 10"" n""",0,2,o,"o""",,6.00
ssr,3,"o"" Sa 2"" 3"" 4"" 5"" 6"" zn"" 8"" 9"" 10"" n""",0,2,column,"""",,6.17
ssr,3,"o"" Sa 2"" 3"" 4"" 5"" 6"" zn"" 8"" 9"" 10"" n""",0,2,column_4,,,6.33
ssr,3,"o"" Sa 2"" 3"" 4"" 5"" 6"" zn"" 8"" 9"" 10"" n""",0,2,3,"3""",,6.50
ssr,3,"o"" Sa 2"" 3"" 4"" 5"" 6"" zn"" 8"" 9"" 10"" n""",0,2,4,"4""",,6.66
ssr,3,"o"" Sa 2"" 3"" 4"" 5"" 6"" zn"" 8"" 9"" 10"" n""",0,2,5,"5""",,6.83
ssr,3,"o"" Sa 2"" 3"" 4"" 5"" 6"" zn"" 8"" 9"" 10"" n""",0,2,6,"6""",,7.00
ssr,3,"o"" Sa 2"" 3"" 4"" 5"" 6"" zn"" 8"" 9"" 10"" n""",0,2,column_9,,,7.16
ssr,3,"o"" Sa 2"" 3"" 4"" 5"" 6"" zn"" 8"" 9"" 10"" n""",0,2,8,"8""",,7.33
ssr,3,"o"" Sa 2"" 3"" 4"" 5"" 6"" zn"" 8"" 9"" 10"" n""",0,2,9,"9""",,7.49
ssr,3,"o"" Sa 2"" 3"" 4"" 5"" 6"" zn"" 8"" 9"" 10"" n""",0,2,10,"10""",,7.66
ssr,3,"o"" Sa 2"" 3"" 4"" 5"" 6"" zn"" 8"" 9"" 10"" n""",0,2,n,"n""",,7.83
ssr,3,"o"" Sa 2"" 3"" 4"" 5"" 6"" zn"" 8"" 9"" 10"" n""",0,3,column_1,,,4 FT.
ssr,3,"o"" Sa 2"" 3"" 4"" 5"" 6"" zn"" 8"" 9"" 10"" n""",0,3,o,"o""",,8.00
ssr,3,"o"" Sa 2"" 3"" 4"" 5"" 6"" zn"" 8"" 9"" 10"" n""",0,3,column,"""",,8.17
ssr,3,"o"" Sa 2"" 3"" 4"" 5"" 6"" zn"" 8"" 9"" 10"" n""",0,3,column_4,,,8.33
ssr,3,"o"" Sa 2"" 3"" 4"" 5"" 6"" zn"" 8"" 9"" 10"" n""",0,3,3,"3""",,8.50
ssr,3,"o"" Sa 2"" 3"" 4"" 5"" 6"" zn"" 8"" 9"" 10"" n""",0,3,4,"4""",,8.66
ssr,3,"o"" Sa 2"" 3"" 4"" 5"" 6"" zn"" 8"" 9"" 10"" n""",0,3,5,"5""",,8.83
ssr,3,"o"" Sa 2"" 3"" 4"" 5"" 6"" zn"" 8"" 9"" 10"" n""",0,3,6,"6""",,9.00
ssr,3,"o"" Sa 2"" 3"" 4"" 5"" 6"" zn"" 8"" 9"" 10"" n""",0,3,column_9,,,9.16
ssr,3,"o"" Sa 2"" 3"" 4"" 5"" 6"" zn"" 8"" 9"" 10"" n""",0,3,8,"8""",,9.33
ssr,3,"o"" Sa 2"" 3"" 4"" 5"" 6"" zn"" 8"" 9"" 10"" n""",0,3,9,"9""",,9.49
ssr,3,"o"" Sa 2"" 3"" 4"" 5"" 6"" zn"" 8"" 9"" 10"" n""",0,3,10,"10""",,9.66
ssr,3,"o"" Sa 2"" 3"" 4"" 5"" 6"" zn"" 8"" 9"" 10"" n""",0,3,n,"n""",,9.83
ssr,3,"o"" Sa 2"" 3"" 4"" 5"" 6"" zn"" 8"" 9"" 10"" n""",0,4,column_1,,,5 FT.
ssr,3,"o"" Sa 2"" 3"" 4"" 5"" 6"" zn"" 8"" 9"" 10"" n""",0,4,o,"o""",,10.00
ssr,3,"o"" Sa 2"" 3"" 4"" 5"" 6"" zn"" 8"" 9"" 10"" n""",0,4,column,"""",,10.17
ssr,3,"o"" Sa 2"" 3"" 4"" 5"" 6"" zn"" 8"" 9"" 10"" n""",0,4,column_4,,,10.33
ssr,3,"o"" Sa 2"" 3"" 4"" 5"" 6"" zn"" 8"" 9"" 10"" n""",0,4,3,"3""",,10.50
ssr,3,"o"" Sa 2"" 3"" 4"" 5"" 6"" zn"" 8"" 9"" 10"" n""",0,4,4,"4""",,10.66
ssr,3,"o"" Sa 2"" 3"" 4"" 5"" 6"" zn"" 8"" 9"" 10"" n""",0,4,5,"5""",,10.83
ssr,3,"o"" Sa 2"" 3"" 4"" 5"" 6"" zn"" 8"" 9"" 10"" n""",0,4,6,"6""",,11.00
ssr,3,"o"" Sa 2"" 3"" 4"" 5"" 6"" zn"" 8"" 9"" 10"" n""",0,4,column_9,,,11.16
ssr,3,"o"" Sa 2"" 3"" 4"" 5"" 6"" zn"" 8"" 9"" 10"" n""",0,4,8,"8""",,11.33
ssr,3,"o"" Sa 2"" 3"" 4"" 5"" 6"" zn"" 8"" 9"" 10"" n""",0,4,9,"9""",,11.49
ssr,3,"o"" Sa 2"" 3"" 4"" 5"" 6"" zn"" 8"" 9"" 10"" n""",0,4,10,"10""",,11.66
ssr,3,"o"" Sa 2"" 3"" 4"" 5"" 6"" zn"" 8"" 9"" 10"" n""",0,4,n,"n""",,11.83
ssr,3,"o"" Sa 2"" 3"" 4"" 5"" 6"" zn"" 8"" 9"" 10"" n""",0,5,column_1,,,6 FT.
ssr,3,"o"" Sa 2"" 3"" 4"" 5"" 6"" zn"" 8"" 9"" 10"" n""",0,5,o,"o""",,12.00
ssr,3,"o"" Sa 2"" 3"" 4"" 5"" 6"" zn"" 8"" 9"" 10"" n""",0,5,column,"""",,12.17
ssr,3,"o"" Sa 2"" 3"" 4"" 5"" 6"" zn"" 8"" 9"" 10"" n""",0,5,column_4,,,12.33
ssr,3,"o"" Sa 2"" 3"" 4"" 5"" 6"" zn"" 8"" 9"" 10"" n""",0,5,3,"3""",,12.50
ssr,3,"o"" Sa 2"" 3"" 4"" 5"" 6"" zn"" 8"" 9"" 10"" n""",0,5,4,"4""",,12.66
ssr,3,"o"" Sa 2"" 3"" 4"" 5"" 6"" zn"" 8"" 9"" 10"" n""",0,5,5,"5""",,12.83
ssr,3,"o"" Sa 2"" 3"" 4"" 5"" 6"" zn"" 8"" 9"" 10"" n""",0,5,6,"6""",,13.00
ssr,3,"o"" Sa 2"" 3"" 4"" 5"" 6"" zn"" 8"" 9"" 10"" n""",0,5,column_9,,,13.16
ssr,3,"o"" Sa 2"" 3"" 4"" 5"" 6"" zn"" 8"" 9"" 10"" n""",0,5,8,"8""",,13.33
ssr,3,"o"" Sa 2"" 3"" 4"" 5"" 6"" zn"" 8"" 9"" 10"" n""",0,5,9,"9""",,13.49
ssr,3,"o"" Sa 2"" 3"" 4"" 5"" 6"" zn"" 8"" 9"" 10"" n""",0,5,10,"10""",,13.66
ssr,3,"o"" Sa 2"" 3"" 4"" 5"" 6"" zn"" 8"" 9"" 10"" n""",0,5,n,"n""",,13.83
ssr,3,"o"" Sa 2"" 3"" 4"" 5"" 6"" zn"" 8"" 9"" 10"" n""",0,6,column_1,,,7 FT.
ssr,3,"o"" Sa 2"" 3"" 4"" 5"" 6"" zn"" 8"" 9"" 10"" n""",0,6,o,"o""",,14.00
ssr,3,"o"" Sa 2"" 3"" 4"" 5"" 6"" zn"" 8"" 9"" 10"" n""",0,6,column,"""",,14.17
ssr,3,"o"" Sa 2"" 3"" 4"" 5"" 6"" zn"" 8"" 9"" 10"" n""",0,6,column_4,,,14.33
ssr,3,"o"" Sa 2"" 3"" 4"" 5"" 6"" zn"" 8"" 9"" 10"" n""",0,6,3,"3""",,14.50
ssr,3,"o"" Sa 2"" 3"" 4"" 5"" 6"" zn"" 8"" 9"" 10"" n""",0,6,4,"4""",,14.66
ssr,3,"o"" Sa 2"" 3"" 4"" 5"" 6"" zn"" 8"" 9"" 10"" n""",0,6,5,"5""",,14.83
ssr,3,"o"" Sa 2"" 3"" 4"" 5"" 6"" zn"" 8"" 9"" 10"" n""",0,6,6,"6""",,15.00
ssr,3,"o"" Sa 2"" 3"" 4"" 5"" 6"" zn"" 8"" 9"" 10"" n""",0,6,column_9,,,15.16
ssr,3,"o"" Sa 2"" 3"" 4"" 5"" 6"" zn"" 8"" 9"" 10"" n""",0,6,8,"8""",,15.33
ssr,3,"o"" Sa 2"" 3"" 4"" 5"" 6"" zn"" 8"" 9"" 10"" n""",0,6,9,"9""",,15.49
ssr,3,"o"" Sa 2"" 3"" 4"" 5"" 6"" zn"" 8"" 9"" 10"" n""",0,6,10,"10""",,15.66
ssr,3,"o"" Sa 2"" 3"" 4"" 5"" 6"" zn"" 8"" 9"" 10"" n""",0,6,n,"n""",,15.83
ssr,3,"o"" Sa 2"" 3"" 4"" 5"" 6"" zn"" 8"" 9"" 10"" n""",0,7,column_1,,,8 FT.
ssr,3,"o"" Sa 2"" 3"" 4"" 5"" 6"" zn"" 8"" 9"" 10"" n""",0,7,o,"o""",,16.00
ssr,3,"o"" Sa 2"" 3"" 4"" 5"" 6"" zn"" 8"" 9"" 10"" n""",0,7,column,"""",,16.17
ssr,3,"o"" Sa 2"" 3"" 4"" 5"" 6"" zn"" 8"" 9"" 10"" n""",0,7,column_4,,,16.33
ssr,3,"o"" Sa 2"" 3"" 4"" 5"" 6"" zn"" 8"" 9"" 10"" n""",0,7,3,"3""",,16.50
ssr,3,"o"" Sa 2"" 3"" 4"" 5"" 6"" zn"" 8"" 9"" 10"" n""",0,7,4,"4""",,16.66
ssr,3,"o"" Sa 2"" 3"" 4"" 5"" 6"" zn"" 8"" 9"" 10"" n""",0,7,5,"5""",,16.83
ssr,3,"o"" Sa 2"" 3"" 4"" 5"" 6"" zn"" 8"" 9"" 10"" n""",0,7,6,"6""",,17.00
ssr,3,"o"" Sa 2"" 3"" 4"" 5"" 6"" zn"" 8"" 9"" 10"" n""",0,7,column_9,,,17.16
ssr,3,"o"" Sa 2"" 3"" 4"" 5"" 6"" zn"" 8"" 9"" 10"" n""",0,7,8,"8""",,17.33
ssr,3,"o"" Sa 2"" 3"" 4"" 5"" 6"" zn"" 8"" 9"" 10"" n""",0,7,9,"9""",,17.49
ssr,3,"o"" Sa 2"" 3"" 4"" 5"" 6"" zn"" 8"" 9"" 10"" n""",0,7,10,"10""",,17.66
ssr,3,"o"" Sa 2"" 3"" 4"" 5"" 6"" zn"" 8"" 9"" 10"" n""",0,7,n,"n""",,17.83
ssr,3,"o"" Sa 2"" 3"" 4"" 5"" 6"" zn"" 8"" 9"" 10"" n""",0,8,column_1,,,9 FT.
ssr,3,"o"" Sa 2"" 3"" 4"" 5"" 6"" zn"" 8"" 9"" 10"" n""",0,8,o,"o""",,18.00
ssr,3,"o"" Sa 2"" 3"" 4"" 5"" 6"" zn"" 8"" 9"" 10"" n""",0,8,column,"""",,18.17
ssr,3,"o"" Sa 2"" 3"" 4"" 5"" 6"" zn"" 8"" 9"" 10"" n""",0,8,column_4,,,18.33
ssr,3,"o"" Sa 2"" 3"" 4"" 5"" 6"" zn"" 8"" 9"" 10"" n""",0,8,3,"3""",,18.50
ssr,3,"o"" Sa 2"" 3"" 4"" 5"" 6"" zn"" 8"" 9"" 10"" n""",0,8,4,"4""",,18.66
ssr,3,"o"" Sa 2"" 3"" 4"" 5"" 6"" zn"" 8"" 9"" 10"" n""",0,8,5,"5""",,18.83
ssr,3,"o"" Sa 2"" 3"" 4"" 5"" 6"" zn"" 8"" 9"" 10"" n""",0,8,6,"6""",,19.00
ssr,3,"o"" Sa 2"" 3"" 4"" 5"" 6"" zn"" 8"" 9"" 10"" n""",0,8,column_9,,,19.16
ssr,3,"o"" Sa 2"" 3"" 4"" 5"" 6"" zn"" 8"" 9"" 10"" n""",0,8,8,"8""",,19.33
ssr,3,"o"" Sa 2"" 3"" 4"" 5"" 6"" zn"" 8"" 9"" 10"" n""",0,8,9,"9""",,19.49
ssr,3,"o"" Sa 2"" 3"" 4"" 5"" 6"" zn"" 8"" 9"" 10"" n""",0,8,10,"10""",,19.66
ssr,3,"o"" Sa 2"" 3"" 4"" 5"" 6"" zn"" 8"" 9"" 10"" n""",0,8,n,"n""",,19.83
ssr,3,"o"" Sa 2"" 3"" 4"" 5"" 6"" zn"" 8"" 9"" 10"" n""",0,9,column_1,,,10 FT.
ssr,3,"o"" Sa 2"" 3"" 4"" 5"" 6"" zn"" 8"" 9"" 10"" n""",0,9,o,"o""",,20.00
ssr,3,"o"" Sa 2"" 3"" 4"" 5"" 6"" zn"" 8"" 9"" 10"" n""",0,9,column,"""",,20.17
ssr,3,"o"" Sa 2"" 3"" 4"" 5"" 6"" zn"" 8"" 9"" 10"" n""",0,9,column_4,,,20.33
ssr,3,"o"" Sa 2"" 3"" 4"" 5"" 6"" zn"" 8"" 9"" 10"" n""",0,9,3,"3""",,20.50
ssr,3,"o"" Sa 2"" 3"" 4"" 5"" 6"" zn"" 8"" 9"" 10"" n""",0,9,4,"4""",,20.66
ssr,3,"o"" Sa 2"" 3"" 4"" 5"" 6"" zn"" 8"" 9"" 10"" n""",0,9,5,"5""",,20.83
ssr,3,"o"" Sa 2"" 3"" 4"" 5"" 6"" zn"" 8"" 9"" 10"" n""",0,9,6,"6""",,21.00
ssr,3,"o"" Sa 2"" 3"" 4"" 5"" 6"" zn"" 8"" 9"" 10"" n""",0,9,column_9,,,21.16
ssr,3,"o"" Sa 2"" 3"" 4"" 5"" 6"" zn"" 8"" 9"" 10"" n""",0,9,8,"8""",,21.33
ssr,3,"o"" Sa 2"" 3"" 4"" 5"" 6"" zn"" 8"" 9"" 10"" n""",0,9,9,"9""",,21.49
ssr,3,"o"" Sa 2"" 3"" 4"" 5"" 6"" zn"" 8"" 9"" 10"" n""",0,9,10,"10""",,21.66
ssr,3,"o"" Sa 2"" 3"" 4"" 5"" 6"" zn"" 8"" 9"" 10"" n""",0,9,n,"n""",,21.83
ssr,3,"o"" Sa 2"" 3"" 4"" 5"" 6"" zn"" 8"" 9"" 10"" n""",0,10,column_1,,,11 FT.
ssr,3,"o"" Sa 2"" 3"" 4"" 5"" 6"" zn"" 8"" 9"" 10"" n""",0,10,o,"o""",,22.00
ssr,3,"o"" Sa 2"" 3"" 4"" 5"" 6"" zn"" 8"" 9"" 10"" n""",0,10,column,"""",,22.17
ssr,3,"o"" Sa 2"" 3"" 4"" 5"" 6"" zn"" 8"" 9"" 10"" n""",0,10,column_4,,,22.33
ssr,3,"o"" Sa 2"" 3"" 4"" 5"" 6"" zn"" 8"" 9"" 10"" n""",0,10,3,"3""",,22.50
ssr,3,"o"" Sa 2"" 3"" 4"" 5"" 6"" zn"" 8"" 9"" 10"" n""",0,10,4,"4""",,22.66
ssr,3,"o"" Sa 2"" 3"" 4"" 5"" 6"" zn"" 8"" 9"" 10"" n""",0,10,5,"5""",,22.83
ssr,3,"o"" Sa 2"" 3"" 4"" 5"" 6"" zn"" 8"" 9"" 10"" n""",0,10,6,"6""",,23.00
ssr,3,"o"" Sa 2"" 3"" 4"" 5"" 6"" zn"" 8"" 9"" 10"" n""",0,10,column_9,,,23.16
ssr,3,"o"" Sa 2"" 3"" 4"" 5"" 6"" zn"" 8"" 9"" 10"" n""",0,10,8,"8""",,23.33
ssr,3,"o"" Sa 2"" 3"" 4"" 5"" 6"" zn"" 8"" 9"" 10"" n""",0,10,9,"9""",,23.49
ssr,3,"o"" Sa 2"" 3"" 4"" 5"" 6"" zn"" 8"" 9"" 10"" n""",0,10,10,"10""",,23.66
ssr,3,"o"" Sa 2"" 3"" 4"" 5"" 6"" zn"" 8"" 9"" 10"" n""",0,10,n,"n""",,23.83
ssr,3,"o"" Sa 2"" 3"" 4"" 5"" 6"" zn"" 8"" 9"" 10"" n""",0,11,column_1,,,12 FT.
ssr,3,"o"" Sa 2"" 3"" 4"" 5"" 6"" zn"" 8"" 9"" 10"" n""",0,11,o,"o""",,24.00
ssr,3,"o"" Sa 2"" 3"" 4"" 5"" 6"" zn"" 8"" 9"" 10"" n""",0,11,column,"""",,24.17
ssr,3,"o"" Sa 2"" 3"" 4"" 5"" 6"" zn"" 8"" 9"" 10"" n""",0,11,column_4,,,24.33
ssr,3,"o"" Sa 2"" 3"" 4"" 5"" 6"" zn"" 8"" 9"" 10"" n""",0,11,3,"3""",,24.50
ssr,3,"o"" Sa 2"" 3"" 4"" 5"" 6"" zn"" 8"" 9"" 10"" n""",0,11,4,"4""",,24.66
ssr,3,"o"" Sa 2"" 3"" 4"" 5"" 6"" zn"" 8"" 9"" 10"" n""",0,11,5,"5""",,24.83
ssr,3,"o"" Sa 2"" 3"" 4"" 5"" 6"" zn"" 8"" 9"" 10"" n""",0,11,6,"6""",,25.00
ssr,3,"o"" Sa 2"" 3"" 4"" 5"" 6"" zn"" 8"" 9"" 10"" n""",0,11,column_9,,,25.16
ssr,3,"o"" Sa 2"" 3"" 4"" 5"" 6"" zn"" 8"" 9"" 10"" n""",0,11,8,"8""",,25.33
ssr,3,"o"" Sa 2"" 3"" 4"" 5"" 6"" zn"" 8"" 9"" 10"" n""",0,11,9,"9""",,25.49
ssr,3,"o"" Sa 2"" 3"" 4"" 5"" 6"" zn"" 8"" 9"" 10"" n""",0,11,10,"10""",,25.66
ssr,3,"o"" Sa 2"" 3"" 4"" 5"" 6"" zn"" 8"" 9"" 10"" n""",0,11,n,"n""",,25.83
ssr,3,"o"" Sa 2"" 3"" 4"" 5"" 6"" zn"" 8"" 9"" 10"" n""",0,12,column_1,,,13 FT.
ssr,3,"o"" Sa 2"" 3"" 4"" 5"" 6"" zn"" 8"" 9"" 10"" n""",0,12,o,"o""",,26.00
ssr,3,"o"" Sa 2"" 3"" 4"" 5"" 6"" zn"" 8"" 9"" 10"" n""",0,12,column,"""",,26.17
ssr,3,"o"" Sa 2"" 3"" 4"" 5"" 6"" zn"" 8"" 9"" 10"" n""",0,12,column_4,,,26.33
ssr,3,"o"" Sa 2"" 3"" 4"" 5"" 6"" zn"" 8"" 9"" 10"" n""",0,12,3,"3""",,26.50
ssr,3,"o"" Sa 2"" 3"" 4"" 5"" 6"" zn"" 8"" 9"" 10"" n""",0,12,4,"4""",,26.66
ssr,3,"o"" Sa 2"" 3"" 4"" 5"" 6"" zn"" 8"" 9"" 10"" n""",0,12,5,"5""",,26.83
ssr,3,"o"" Sa 2"" 3"" 4"" 5"" 6"" zn"" 8"" 9"" 10"" n""",0,12,6,"6""",,27.00
ssr,3,"o"" Sa 2"" 3"" 4"" 5"" 6"" zn"" 8"" 9"" 10"" n""",0,12,column_9,,,27.16
ssr,3,"o"" Sa 2"" 3"" 4"" 5"" 6"" zn"" 8"" 9"" 10"" n""",0,12,8,"8""",,27.33
ssr,3,"o"" Sa 2"" 3"" 4"" 5"" 6"" zn"" 8"" 9"" 10"" n""",0,12,9,"9""",,27.49
ssr,3,"o"" Sa 2"" 3"" 4"" 5"" 6"" zn"" 8"" 9"" 10"" n""",0,12,10,"10""",,27.66
ssr,3,"o"" Sa 2"" 3"" 4"" 5"" 6"" zn"" 8"" 9"" 10"" n""",0,12,n,"n""",,27.83
ssr,3,"o"" Sa 2"" 3"" 4"" 5"" 6"" zn"" 8"" 9"" 10"" n""",0,13,column_1,,,14 FT.
ssr,3,"o"" Sa 2"" 3"" 4"" 5"" 6"" zn"" 8"" 9"" 10"" n""",0,13,o,"o""",,28.00
ssr,3,"o"" Sa 2"" 3"" 4"" 5"" 6"" zn"" 8"" 9"" 10"" n""",0,13,column,"""",,28.17
ssr,3,"o"" Sa 2"" 3"" 4"" 5"" 6"" zn"" 8"" 9"" 10"" n""",0,13,column_4,,,28.33
ssr,3,"o"" Sa 2"" 3"" 4"" 5"" 6"" zn"" 8"" 9"" 10"" n""",0,13,3,"3""",,28.50
ssr,3,"o"" Sa 2"" 3"" 4"" 5"" 6"" zn"" 8"" 9"" 10"" n""",0,13,4,"4""",,28.66
ssr,3,"o"" Sa 2"" 3"" 4"" 5"" 6"" zn"" 8"" 9"" 10"" n""",0,13,5,"5""",,28.83
ssr,3,"o"" Sa 2"" 3"" 4"" 5"" 6"" zn"" 8"" 9"" 10"" n""",0,13,6,"6""",,29.00
ssr,3,"o"" Sa 2"" 3"" 4"" 5"" 6"" zn"" 8"" 9"" 10"" n""",0,13,column_9,,,29.16
ssr,3,"o"" Sa 2"" 3"" 4"" 5"" 6"" zn"" 8"" 9"" 10"" n""",0,13,8,"8""",,29.33
ssr,3,"o"" Sa 2"" 3"" 4"" 5"" 6"" zn"" 8"" 9"" 10"" n""",0,13,9,"9""",,29.49
ssr,3,"o"" Sa 2"" 3"" 4"" 5"" 6"" zn"" 8"" 9"" 10"" n""",0,13,10,"10""",,29.66
ssr,3,"o"" Sa 2"" 3"" 4"" 5"" 6"" zn"" 8"" 9"" 10"" n""",0,13,n,"n""",,29.83
ssr,3,"o"" Sa 2"" 3"" 4"" 5"" 6"" zn"" 8"" 9"" 10"" n""",0,14,column_1,,,15 FT.
ssr,3,"o"" Sa 2"" 3"" 4"" 5"" 6"" zn"" 8"" 9"" 10"" n""",0,14,o,"o""",,30.00
ssr,3,"o"" Sa 2"" 3"" 4"" 5"" 6"" zn"" 8"" 9"" 10"" n""",0,14,column,"""",,30.17
ssr,3,"o"" Sa 2"" 3"" 4"" 5"" 6"" zn"" 8"" 9"" 10"" n""",0,14,column_4,,,30.33
ssr,3,"o"" Sa 2"" 3"" 4"" 5"" 6"" zn"" 8"" 9"" 10"" n""",0,14,3,"3""",,30.50
ssr,3,"o"" Sa 2"" 3"" 4"" 5"" 6"" zn"" 8"" 9"" 10"" n""",0,14,4,"4""",,30.66
ssr,3,"o"" Sa 2"" 3"" 4"" 5"" 6"" zn"" 8"" 9"" 10"" n""",0,14,5,"5""",,30.83
ssr,3,"o"" Sa 2"" 3"" 4"" 5"" 6"" zn"" 8"" 9"" 10"" n""",0,14,6,"6""",,31.00
ssr,3,"o"" Sa 2"" 3"" 4"" 5"" 6"" zn"" 8"" 9"" 10"" n""",0,14,column_9,,,31.16
ssr,3,"o"" Sa 2"" 3"" 4"" 5"" 6"" zn"" 8"" 9"" 10"" n""",0,14,8,"8""",,31.33
ssr,3,"o"" Sa 2"" 3"" 4"" 5"" 6"" zn"" 8"" 9"" 10"" n""",0,14,9,"9""",,31.49
ssr,3,"o"" Sa 2"" 3"" 4"" 5"" 6"" zn"" 8"" 9"" 10"" n""",0,14,10,"10""",,31.66
ssr,3,"o"" Sa 2"" 3"" 4"" 5"" 6"" zn"" 8"" 9"" 10"" n""",0,14,n,"n""",,31.83
ssr,3,"o"" Sa 2"" 3"" 4"" 5"" 6"" zn"" 8"" 9"" 10"" n""",0,15,column_1,,,16 FT.
ssr,3,"o"" Sa 2"" 3"" 4"" 5"" 6"" zn"" 8"" 9"" 10"" n""",0,15,o,"o""",,32.00
ssr,3,"o"" Sa 2"" 3"" 4"" 5"" 6"" zn"" 8"" 9"" 10"" n""",0,15,column,"""",,32.17
ssr,3,"o"" Sa 2"" 3"" 4"" 5"" 6"" zn"" 8"" 9"" 10"" n""",0,15,column_4,,,32.33
ssr,3,"o"" Sa 2"" 3"" 4"" 5"" 6"" zn"" 8"" 9"" 10"" n""",0,15,3,"3""",,32.50
ssr,3,"o"" Sa 2"" 3"" 4"" 5"" 6"" zn"" 8"" 9"" 10"" n""",0,15,4,"4""",,32.66
ssr,3,"o"" Sa 2"" 3"" 4"" 5"" 6"" zn"" 8"" 9"" 10"" n""",0,15,5,"5""",,32.83
ssr,3,"o"" Sa 2"" 3"" 4"" 5"" 6"" zn"" 8"" 9"" 10"" n""",0,15,6,"6""",,33.00
ssr,3,"o"" Sa 2"" 3"" 4"" 5"" 6"" zn"" 8"" 9"" 10"" n""",0,15,column_9,,,33.16
ssr,3,"o"" Sa 2"" 3"" 4"" 5"" 6"" zn"" 8"" 9"" 10"" n""",0,15,8,"8""",,33.33
ssr,3,"o"" Sa 2"" 3"" 4"" 5"" 6"" zn"" 8"" 9"" 10"" n""",0,15,9,"9""",,33.49
ssr,3,"o"" Sa 2"" 3"" 4"" 5"" 6"" zn"" 8"" 9"" 10"" n""",0,15,10,"10""",,33.66
ssr,3,"o"" Sa 2"" 3"" 4"" 5"" 6"" zn"" 8"" 9"" 10"" n""",0,15,n,"n""",,33.83
ssr,3,"o"" Sa 2"" 3"" 4"" 5"" 6"" zn"" 8"" 9"" 10"" n""",0,16,column_1,,,17 FT.
ssr,3,"o"" Sa 2"" 3"" 4"" 5"" 6"" zn"" 8"" 9"" 10"" n""",0,16,o,"o""",,34.00
ssr,3,"o"" Sa 2"" 3"" 4"" 5"" 6"" zn"" 8"" 9"" 10"" n""",0,16,column,"""",,34.17
ssr,3,"o"" Sa 2"" 3"" 4"" 5"" 6"" zn"" 8"" 9"" 10"" n""",0,16,column_4,,,34.33
ssr,3,"o"" Sa 2"" 3"" 4"" 5"" 6"" zn"" 8"" 9"" 10"" n""",0,16,3,"3""",,34.50
ssr,3,"o"" Sa 2"" 3"" 4"" 5"" 6"" zn"" 8"" 9"" 10"" n""",0,16,4,"4""",,34.66
ssr,3,"o"" Sa 2"" 3"" 4"" 5"" 6"" zn"" 8"" 9"" 10"" n""",0,16,5,"5""",,34.83
ssr,3,"o"" Sa 2"" 3"" 4"" 5"" 6"" zn"" 8"" 9"" 10"" n""",0,16,6,"6""",,35.00
ssr,3,"o"" Sa 2"" 3"" 4"" 5"" 6"" zn"" 8"" 9"" 10"" n""",0,16,column_9,,,35.16
ssr,3,"o"" Sa 2"" 3"" 4"" 5"" 6"" zn"" 8"" 9"" 10"" n""",0,16,8,"8""",,35.33
ssr,3,"o"" Sa 2"" 3"" 4"" 5"" 6"" zn"" 8"" 9"" 10"" n""",0,16,9,"9""",,35.49
ssr,3,"o"" Sa 2"" 3"" 4"" 5"" 6"" zn"" 8"" 9"" 10"" n""",0,16,10,"10""",,35.66
ssr,3,"o"" Sa 2"" 3"" 4"" 5"" 6"" zn"" 8"" 9"" 10"" n""",0,16,n,"n""",,35.83
ssr,3,"o"" Sa 2"" 3"" 4"" 5"" 6"" zn"" 8"" 9"" 10"" n""",0,17,column_1,,,18 FT.
ssr,3,"o"" Sa 2"" 3"" 4"" 5"" 6"" zn"" 8"" 9"" 10"" n""",0,17,o,"o""",,36.00
ssr,3,"o"" Sa 2"" 3"" 4"" 5"" 6"" zn"" 8"" 9"" 10"" n""",0,17,column,"""",,36.17
ssr,3,"o"" Sa 2"" 3"" 4"" 5"" 6"" zn"" 8"" 9"" 10"" n""",0,17,column_4,,,36.33
ssr,3,"o"" Sa 2"" 3"" 4"" 5"" 6"" zn"" 8"" 9"" 10"" n""",0,17,3,"3""",,36.50
ssr,3,"o"" Sa 2"" 3"" 4"" 5"" 6"" zn"" 8"" 9"" 10"" n""",0,17,4,"4""",,36.66
ssr,3,"o"" Sa 2"" 3"" 4"" 5"" 6"" zn"" 8"" 9"" 10"" n""",0,17,5,"5""",,36.83
ssr,3,"o"" Sa 2"" 3"" 4"" 5"" 6"" zn"" 8"" 9"" 10"" n""",0,17,6,"6""",,37.00
ssr,3,"o"" Sa 2"" 3"" 4"" 5"" 6"" zn"" 8"" 9"" 10"" n""",0,17,column_9,,,37.16
ssr,3,"o"" Sa 2"" 3"" 4"" 5"" 6"" zn"" 8"" 9"" 10"" n""",0,17,8,"8""",,37.33
ssr,3,"o"" Sa 2"" 3"" 4"" 5"" 6"" zn"" 8"" 9"" 10"" n""",0,17,9,"9""",,37.49
ssr,3,"o"" Sa 2"" 3"" 4"" 5"" 6"" zn"" 8"" 9"" 10"" n""",0,17,10,"10""",,37.66
ssr,3,"o"" Sa 2"" 3"" 4"" 5"" 6"" zn"" 8"" 9"" 10"" n""",0,17,n,"n""",,37.83
ssr,3,"o"" Sa 2"" 3"" 4"" 5"" 6"" zn"" 8"" 9"" 10"" n""",0,18,column_1,,,19 FT.
ssr,3,"o"" Sa 2"" 3"" 4"" 5"" 6"" zn"" 8"" 9"" 10"" n""",0,18,o,"o""",,38.00
ssr,3,"o"" Sa 2"" 3"" 4"" 5"" 6"" zn"" 8"" 9"" 10"" n""",0,18,column,"""",,38.17
ssr,3,"o"" Sa 2"" 3"" 4"" 5"" 6"" zn"" 8"" 9"" 10"" n""",0,18,column_4,,,38.33
ssr,3,"o"" Sa 2"" 3"" 4"" 5"" 6"" zn"" 8"" 9"" 10"" n""",0,18,3,"3""",,38.50
ssr,3,"o"" Sa 2"" 3"" 4"" 5"" 6"" zn"" 8"" 9"" 10"" n""",0,18,4,"4""",,38.66
ssr,3,"o"" Sa 2"" 3"" 4"" 5"" 6"" zn"" 8"" 9"" 10"" n""",0,18,5,"5""",,38.83
ssr,3,"o"" Sa 2"" 3"" 4"" 5"" 6"" zn"" 8"" 9"" 10"" n""",0,18,6,"6""",,39.00
ssr,3,"o"" Sa 2"" 3"" 4"" 5"" 6"" zn"" 8"" 9"" 10"" n""",0,18,column_9,,,39.16
ssr,3,"o"" Sa 2"" 3"" 4"" 5"" 6"" zn"" 8"" 9"" 10"" n""",0,18,8,"8""",,39.33
ssr,3,"o"" Sa 2"" 3"" 4"" 5"" 6"" zn"" 8"" 9"" 10"" n""",0,18,9,"9""",,39.49
ssr,3,"o"" Sa 2"" 3"" 4"" 5"" 6"" zn"" 8"" 9"" 10"" n""",0,18,10,"10""",,39.66
ssr,3,"o"" Sa 2"" 3"" 4"" 5"" 6"" zn"" 8"" 9"" 10"" n""",0,18,n,"n""",,39.83
ssr,3,"o"" Sa 2"" 3"" 4"" 5"" 6"" zn"" 8"" 9"" 10"" n""",0,19,column_1,,,20 FT.
ssr,3,"o"" Sa 2"" 3"" 4"" 5"" 6"" zn"" 8"" 9"" 10"" n""",0,19,o,"o""",,40.00
ssr,3,"o"" Sa 2"" 3"" 4"" 5"" 6"" zn"" 8"" 9"" 10"" n""",0,19,column,"""",,40.17
ssr,3,"o"" Sa 2"" 3"" 4"" 5"" 6"" zn"" 8"" 9"" 10"" n""",0,19,column_4,,,40.33
ssr,3,"o"" Sa 2"" 3"" 4"" 5"" 6"" zn"" 8"" 9"" 10"" n""",0,19,3,"3""",,40.50
ssr,3,"o"" Sa 2"" 3"" 4"" 5"" 6"" zn"" 8"" 9"" 10"" n""",0,19,4,"4""",,40.66
ssr,3,"o"" Sa 2"" 3"" 4"" 5"" 6"" zn"" 8"" 9"" 10"" n""",0,19,5,"5""",,40.83
ssr,3,"o"" Sa 2"" 3"" 4"" 5"" 6"" zn"" 8"" 9"" 10"" n""",0,19,6,"6""",,41.00
ssr,3,"o"" Sa 2"" 3"" 4"" 5"" 6"" zn"" 8"" 9"" 10"" n""",0,19,column_9,,,41.16
ssr,3,"o"" Sa 2"" 3"" 4"" 5"" 6"" zn"" 8"" 9"" 10"" n""",0,19,8,"8""",,41.33
ssr,3,"o"" Sa 2"" 3"" 4"" 5"" 6"" zn"" 8"" 9"" 10"" n""",0,19,9,"9""",,41.49
ssr,3,"o"" Sa 2"" 3"" 4"" 5"" 6"" zn"" 8"" 9"" 10"" n""",0,19,10,"10""",,41.66
ssr,3,"o"" Sa 2"" 3"" 4"" 5"" 6"" zn"" 8"" 9"" 10"" n""",0,19,n,"n""",,41.83
ssr,3,"o"" Sa 2"" 3"" 4"" 5"" 6"" zn"" 8"" 9"" 10"" n""",0,20,column_1,,,21 FT.
ssr,3,"o"" Sa 2"" 3"" 4"" 5"" 6"" zn"" 8"" 9"" 10"" n""",0,20,o,"o""",,42.00
ssr,3,"o"" Sa 2"" 3"" 4"" 5"" 6"" zn"" 8"" 9"" 10"" n""",0,20,column,"""",,42.17
ssr,3,"o"" Sa 2"" 3"" 4"" 5"" 6"" zn"" 8"" 9"" 10"" n""",0,20,column_4,,,42.33
ssr,3,"o"" Sa 2"" 3"" 4"" 5"" 6"" zn"" 8"" 9"" 10"" n""",0,20,3,"3""",,42.50
ssr,3,"o"" Sa 2"" 3"" 4"" 5"" 6"" zn"" 8"" 9"" 10"" n""",0,20,4,"4""",,42.66
ssr,3,"o"" Sa 2"" 3"" 4"" 5"" 6"" zn"" 8"" 9"" 10"" n""",0,20,5,"5""",,42.83
ssr,3,"o"" Sa 2"" 3"" 4"" 5"" 6"" zn"" 8"" 9"" 10"" n""",0,20,6,"6""",,43.00
ssr,3,"o"" Sa 2"" 3"" 4"" 5"" 6"" zn"" 8"" 9"" 10"" n""",0,20,column_9,,,43.16
ssr,3,"o"" Sa 2"" 3"" 4"" 5"" 6"" zn"" 8"" 9"" 10"" n""",0,20,8,"8""",,43.33
ssr,3,"o"" Sa 2"" 3"" 4"" 5"" 6"" zn"" 8"" 9"" 10"" n""",0,20,9,"9""",,43.49
ssr,3,"o"" Sa 2"" 3"" 4"" 5"" 6"" zn"" 8"" 9"" 10"" n""",0,20,10,"10""",,43.66
ssr,3,"o"" Sa 2"" 3"" 4"" 5"" 6"" zn"" 8"" 9"" 10"" n""",0,20,n,"n""",,43.83
ssr,3,"o"" Sa 2"" 3"" 4"" 5"" 6"" zn"" 8"" 9"" 10"" n""",0,21,column_1,,,22 FT.
ssr,3,"o"" Sa 2"" 3"" 4"" 5"" 6"" zn"" 8"" 9"" 10"" n""",0,21,o,"o""",,44.00
ssr,3,"o"" Sa 2"" 3"" 4"" 5"" 6"" zn"" 8"" 9"" 10"" n""",0,21,column,"""",,44.17
ssr,3,"o"" Sa 2"" 3"" 4"" 5"" 6"" zn"" 8"" 9"" 10"" n""",0,21,column_4,,,44.33
ssr,3,"o"" Sa 2"" 3"" 4"" 5"" 6"" zn"" 8"" 9"" 10"" n""",0,21,3,"3""",,44.50
ssr,3,"o"" Sa 2"" 3"" 4"" 5"" 6"" zn"" 8"" 9"" 10"" n""",0,21,4,"4""",,44.66
ssr,3,"o"" Sa 2"" 3"" 4"" 5"" 6"" zn"" 8"" 9"" 10"" n""",0,21,5,"5""",,44.83
ssr,3,"o"" Sa 2"" 3"" 4"" 5"" 6"" zn"" 8"" 9"" 10"" n""",0,21,6,"6""",,45.00
ssr,3,"o"" Sa 2"" 3"" 4"" 5"" 6"" zn"" 8"" 9"" 10"" n""",0,21,column_9,,,45.16
ssr,3,"o"" Sa 2"" 3"" 4"" 5"" 6"" zn"" 8"" 9"" 10"" n""",0,21,8,"8""",,45.33
ssr,3,"o"" Sa 2"" 3"" 4"" 5"" 6"" zn"" 8"" 9"" 10"" n""",0,21,9,"9""",,45.49
ssr,3,"o"" Sa 2"" 3"" 4"" 5"" 6"" zn"" 8"" 9"" 10"" n""",0,21,10,"10""",,45.66
ssr,3,"o"" Sa 2"" 3"" 4"" 5"" 6"" zn"" 8"" 9"" 10"" n""",0,21,n,"n""",,45.83
ssr,3,"o"" Sa 2"" 3"" 4"" 5"" 6"" zn"" 8"" 9"" 10"" n""",0,22,column_1,,,23 FT.
ssr,3,"o"" Sa 2"" 3"" 4"" 5"" 6"" zn"" 8"" 9"" 10"" n""",0,22,o,"o""",,46.00
ssr,3,"o"" Sa 2"" 3"" 4"" 5"" 6"" zn"" 8"" 9"" 10"" n""",0,22,column,"""",,46.17
ssr,3,"o"" Sa 2"" 3"" 4"" 5"" 6"" zn"" 8"" 9"" 10"" n""",0,22,column_4,,,46.33
ssr,3,"o"" Sa 2"" 3"" 4"" 5"" 6"" zn"" 8"" 9"" 10"" n""",0,22,3,"3""",,46.50
ssr,3,"o"" Sa 2"" 3"" 4"" 5"" 6"" zn"" 8"" 9"" 10"" n""",0,22,4,"4""",,46.66
ssr,3,"o"" Sa 2"" 3"" 4"" 5"" 6"" zn"" 8"" 9"" 10"" n""",0,22,5,"5""",,46.83
ssr,3,"o"" Sa 2"" 3"" 4"" 5"" 6"" zn"" 8"" 9"" 10"" n""",0,22,6,"6""",,47.00
ssr,3,"o"" Sa 2"" 3"" 4"" 5"" 6"" zn"" 8"" 9"" 10"" n""",0,22,column_9,,,47.16
ssr,3,"o"" Sa 2"" 3"" 4"" 5"" 6"" zn"" 8"" 9"" 10"" n""",0,22,8,"8""",,47.33
ssr,3,"o"" Sa 2"" 3"" 4"" 5"" 6"" zn"" 8"" 9"" 10"" n""",0,22,9,"9""",,47.49
ssr,3,"o"" Sa 2"" 3"" 4"" 5"" 6"" zn"" 8"" 9"" 10"" n""",0,22,10,"10""",,47.66
ssr,3,"o"" Sa 2"" 3"" 4"" 5"" 6"" zn"" 8"" 9"" 10"" n""",0,22,n,"n""",,47.83
ssr,3,"o"" Sa 2"" 3"" 4"" 5"" 6"" zn"" 8"" 9"" 10"" n""",0,23,column_1,,,24 FT.
ssr,3,"o"" Sa 2"" 3"" 4"" 5"" 6"" zn"" 8"" 9"" 10"" n""",0,23,o,"o""",,48.00
ssr,3,"o"" Sa 2"" 3"" 4"" 5"" 6"" zn"" 8"" 9"" 10"" n""",0,23,column,"""",,48.17
ssr,3,"o"" Sa 2"" 3"" 4"" 5"" 6"" zn"" 8"" 9"" 10"" n""",0,23,column_4,,,48.33
ssr,3,"o"" Sa 2"" 3"" 4"" 5"" 6"" zn"" 8"" 9"" 10"" n""",0,23,3,"3""",,48.50
ssr,3,"o"" Sa 2"" 3"" 4"" 5"" 6"" zn"" 8"" 9"" 10"" n""",0,23,4,"4""",,48.66
ssr,3,"o"" Sa 2"" 3"" 4"" 5"" 6"" zn"" 8"" 9"" 10"" n""",0,23,5,"5""",,48.83
ssr,3,"o"" Sa 2"" 3"" 4"" 5"" 6"" zn"" 8"" 9"" 10"" n""",0,23,6,"6""",,49.00
ssr,3,"o"" Sa 2"" 3"" 4"" 5"" 6"" zn"" 8"" 9"" 10"" n""",0,23,column_9,,,49.16
ssr,3,"o"" Sa 2"" 3"" 4"" 5"" 6"" zn"" 8"" 9"" 10"" n""",0,23,8,"8""",,49.33
ssr,3,"o"" Sa 2"" 3"" 4"" 5"" 6"" zn"" 8"" 9"" 10"" n""",0,23,9,"9""",,49.49
ssr,3,"o"" Sa 2"" 3"" 4"" 5"" 6"" zn"" 8"" 9"" 10"" n""",0,23,10,"10""",,49.66
ssr,3,"o"" Sa 2"" 3"" 4"" 5"" 6"" zn"" 8"" 9"" 10"" n""",0,23,n,"n""",,49.83
ssr,3,"o"" Sa 2"" 3"" 4"" 5"" 6"" zn"" 8"" 9"" 10"" n""",0,24,column_1,,,25 FT.
ssr,3,"o"" Sa 2"" 3"" 4"" 5"" 6"" zn"" 8"" 9"" 10"" n""",0,24,o,"o""",,50.00
ssr,3,"o"" Sa 2"" 3"" 4"" 5"" 6"" zn"" 8"" 9"" 10"" n""",0,24,column,"""",,50.17
ssr,3,"o"" Sa 2"" 3"" 4"" 5"" 6"" zn"" 8"" 9"" 10"" n""",0,24,column_4,,,50.33
ssr,3,"o"" Sa 2"" 3"" 4"" 5"" 6"" zn"" 8"" 9"" 10"" n""",0,24,3,"3""",,50.50
ssr,3,"o"" Sa 2"" 3"" 4"" 5"" 6"" zn"" 8"" 9"" 10"" n""",0,24,4,"4""",,50.66
ssr,3,"o"" Sa 2"" 3"" 4"" 5"" 6"" zn"" 8"" 9"" 10"" n""",0,24,5,"5""",,50.83
ssr,3,"o"" Sa 2"" 3"" 4"" 5"" 6"" zn"" 8"" 9"" 10"" n""",0,24,6,"6""",,51.00
ssr,3,"o"" Sa 2"" 3"" 4"" 5"" 6"" zn"" 8"" 9"" 10"" n""",0,24,column_9,,,51.16
ssr,3,"o"" Sa 2"" 3"" 4"" 5"" 6"" zn"" 8"" 9"" 10"" n""",0,24,8,"8""",,51.33
ssr,3,"o"" Sa 2"" 3"" 4"" 5"" 6"" zn"" 8"" 9"" 10"" n""",0,24,9,"9""",,51.49
ssr,3,"o"" Sa 2"" 3"" 4"" 5"" 6"" zn"" 8"" 9"" 10"" n""",0,24,10,"10""",,51.66
ssr,3,"o"" Sa 2"" 3"" 4"" 5"" 6"" zn"" 8"" 9"" 10"" n""",0,24,n,"n""",,51.83
ssr,3,"o"" Sa 2"" 3"" 4"" 5"" 6"" zn"" 8"" 9"" 10"" n""",0,25,column_1,,,26 FT.
ssr,3,"o"" Sa 2"" 3"" 4"" 5"" 6"" zn"" 8"" 9"" 10"" n""",0,25,o,"o""",,52.00
ssr,3,"o"" Sa 2"" 3"" 4"" 5"" 6"" zn"" 8"" 9"" 10"" n""",0,25,column,"""",,52.17
ssr,3,"o"" Sa 2"" 3"" 4"" 5"" 6"" zn"" 8"" 9"" 10"" n""",0,25,column_4,,,52.33
ssr,3,"o"" Sa 2"" 3"" 4"" 5"" 6"" zn"" 8"" 9"" 10"" n""",0,25,3,"3""",,52.50
ssr,3,"o"" Sa 2"" 3"" 4"" 5"" 6"" zn"" 8"" 9"" 10"" n""",0,25,4,"4""",,52.66
ssr,3,"o"" Sa 2"" 3"" 4"" 5"" 6"" zn"" 8"" 9"" 10"" n""",0,25,5,"5""",,52.83
ssr,3,"o"" Sa 2"" 3"" 4"" 5"" 6"" zn"" 8"" 9"" 10"" n""",0,25,6,"6""",,53.00
ssr,3,"o"" Sa 2"" 3"" 4"" 5"" 6"" zn"" 8"" 9"" 10"" n""",0,25,column_9,,,53.16
ssr,3,"o"" Sa 2"" 3"" 4"" 5"" 6"" zn"" 8"" 9"" 10"" n""",0,25,8,"8""",,53.33
ssr,3,"o"" Sa 2"" 3"" 4"" 5"" 6"" zn"" 8"" 9"" 10"" n""",0,25,9,"9""",,53.49
ssr,3,"o"" Sa 2"" 3"" 4"" 5"" 6"" zn"" 8"" 9"" 10"" n""",0,25,10,"10""",,53.66
ssr,3,"o"" Sa 2"" 3"" 4"" 5"" 6"" zn"" 8"" 9"" 10"" n""",0,25,n,"n""",,53.83
ssr,3,"o"" Sa 2"" 3"" 4"" 5"" 6"" zn"" 8"" 9"" 10"" n""",0,26,column_1,,,27 FT.
ssr,3,"o"" Sa 2"" 3"" 4"" 5"" 6"" zn"" 8"" 9"" 10"" n""",0,26,o,"o""",,54.00
ssr,3,"o"" Sa 2"" 3"" 4"" 5"" 6"" zn"" 8"" 9"" 10"" n""",0,26,column,"""",,54.17
ssr,3,"o"" Sa 2"" 3"" 4"" 5"" 6"" zn"" 8"" 9"" 10"" n""",0,26,column_4,,,54.33
ssr,3,"o"" Sa 2"" 3"" 4"" 5"" 6"" zn"" 8"" 9"" 10"" n""",0,26,3,"3""",,54.50
ssr,3,"o"" Sa 2"" 3"" 4"" 5"" 6"" zn"" 8"" 9"" 10"" n""",0,26,4,"4""",,54.66
ssr,3,"o"" Sa 2"" 3"" 4"" 5"" 6"" zn"" 8"" 9"" 10"" n""",0,26,5,"5""",,54.83
ssr,3,"o"" Sa 2"" 3"" 4"" 5"" 6"" zn"" 8"" 9"" 10"" n""",0,26,6,"6""",,55.00
ssr,3,"o"" Sa 2"" 3"" 4"" 5"" 6"" zn"" 8"" 9"" 10"" n""",0,26,column_9,,,55.16
ssr,3,"o"" Sa 2"" 3"" 4"" 5"" 6"" zn"" 8"" 9"" 10"" n""",0,26,8,"8""",,55.33
ssr,3,"o"" Sa 2"" 3"" 4"" 5"" 6"" zn"" 8"" 9"" 10"" n""",0,26,9,"9""",,55.49
ssr,3,"o"" Sa 2"" 3"" 4"" 5"" 6"" zn"" 8"" 9"" 10"" n""",0,26,10,"10""",,55.66
ssr,3,"o"" Sa 2"" 3"" 4"" 5"" 6"" zn"" 8"" 9"" 10"" n""",0,26,n,"n""",,55.83
ssr,3,"o"" Sa 2"" 3"" 4"" 5"" 6"" zn"" 8"" 9"" 10"" n""",0,27,column_1,,,28 FT.
ssr,3,"o"" Sa 2"" 3"" 4"" 5"" 6"" zn"" 8"" 9"" 10"" n""",0,27,o,"o""",,56.00
ssr,3,"o"" Sa 2"" 3"" 4"" 5"" 6"" zn"" 8"" 9"" 10"" n""",0,27,column,"""",,56.17
ssr,3,"o"" Sa 2"" 3"" 4"" 5"" 6"" zn"" 8"" 9"" 10"" n""",0,27,column_4,,,56.33
ssr,3,"o"" Sa 2"" 3"" 4"" 5"" 6"" zn"" 8"" 9"" 10"" n""",0,27,3,"3""",,56.50
ssr,3,"o"" Sa 2"" 3"" 4"" 5"" 6"" zn"" 8"" 9"" 10"" n""",0,27,4,"4""",,56.66
ssr,3,"o"" Sa 2"" 3"" 4"" 5"" 6"" zn"" 8"" 9"" 10"" n""",0,27,5,"5""",,56.83
ssr,3,"o"" Sa 2"" 3"" 4"" 5"" 6"" zn"" 8"" 9"" 10"" n""",0,27,6,"6""",,57.00
ssr,3,"o"" Sa 2"" 3"" 4"" 5"" 6"" zn"" 8"" 9"" 10"" n""",0,27,column_9,,,57.16
ssr,3,"o"" Sa 2"" 3"" 4"" 5"" 6"" zn"" 8"" 9"" 10"" n""",0,27,8,"8""",,57.33
ssr,3,"o"" Sa 2"" 3"" 4"" 5"" 6"" zn"" 8"" 9"" 10"" n""",0,27,9,"9""",,57.49
ssr,3,"o"" Sa 2"" 3"" 4"" 5"" 6"" zn"" 8"" 9"" 10"" n""",0,27,10,"10""",,57.66
ssr,3,"o"" Sa 2"" 3"" 4"" 5"" 6"" zn"" 8"" 9"" 10"" n""",0,27,n,"n""",,57.83
ssr,3,"o"" Sa 2"" 3"" 4"" 5"" 6"" zn"" 8"" 9"" 10"" n""",0,28,column_1,,,29 FT.
ssr,3,"o"" Sa 2"" 3"" 4"" 5"" 6"" zn"" 8"" 9"" 10"" n""",0,28,o,"o""",,58.00
ssr,3,"o"" Sa 2"" 3"" 4"" 5"" 6"" zn"" 8"" 9"" 10"" n""",0,28,column,"""",,58.17
ssr,3,"o"" Sa 2"" 3"" 4"" 5"" 6"" zn"" 8"" 9"" 10"" n""",0,28,column_4,,,58.33
ssr,3,"o"" Sa 2"" 3"" 4"" 5"" 6"" zn"" 8"" 9"" 10"" n""",0,28,3,"3""",,58.50
ssr,3,"o"" Sa 2"" 3"" 4"" 5"" 6"" zn"" 8"" 9"" 10"" n""",0,28,4,"4""",,58.66
ssr,3,"o"" Sa 2"" 3"" 4"" 5"" 6"" zn"" 8"" 9"" 10"" n""",0,28,5,"5""",,58.83
ssr,3,"o"" Sa 2"" 3"" 4"" 5"" 6"" zn"" 8"" 9"" 10"" n""",0,28,6,"6""",,59.00
ssr,3,"o"" Sa 2"" 3"" 4"" 5"" 6"" zn"" 8"" 9"" 10"" n""",0,28,column_9,,,59.16
ssr,3,"o"" Sa 2"" 3"" 4"" 5"" 6"" zn"" 8"" 9"" 10"" n""",0,28,8,"8""",,59.33
ssr,3,"o"" Sa 2"" 3"" 4"" 5"" 6"" zn"" 8"" 9"" 10"" n""",0,28,9,"9""",,59.49
ssr,3,"o"" Sa 2"" 3"" 4"" 5"" 6"" zn"" 8"" 9"" 10"" n""",0,28,10,"10""",,59.66
ssr,3,"o"" Sa 2"" 3"" 4"" 5"" 6"" zn"" 8"" 9"" 10"" n""",0,28,n,"n""",,59.83
ssr,3,"o"" Sa 2"" 3"" 4"" 5"" 6"" zn"" 8"" 9"" 10"" n""",0,29,column_1,,,30 FT.
ssr,3,"o"" Sa 2"" 3"" 4"" 5"" 6"" zn"" 8"" 9"" 10"" n""",0,29,o,"o""",,60.00
ssr,3,"o"" Sa 2"" 3"" 4"" 5"" 6"" zn"" 8"" 9"" 10"" n""",0,29,column,"""",,60.17
ssr,3,"o"" Sa 2"" 3"" 4"" 5"" 6"" zn"" 8"" 9"" 10"" n""",0,29,column_4,,,60.33
ssr,3,"o"" Sa 2"" 3"" 4"" 5"" 6"" zn"" 8"" 9"" 10"" n""",0,29,3,"3""",,60.50
ssr,3,"o"" Sa 2"" 3"" 4"" 5"" 6"" zn"" 8"" 9"" 10"" n""",0,29,4,"4""",,60.66
ssr,3,"o"" Sa 2"" 3"" 4"" 5"" 6"" zn"" 8"" 9"" 10"" n""",0,29,5,"5""",,60.83
ssr,3,"o"" Sa 2"" 3"" 4"" 5"" 6"" zn"" 8"" 9"" 10"" n""",0,29,6,"6""",,61.00
ssr,3,"o"" Sa 2"" 3"" 4"" 5"" 6"" zn"" 8"" 9"" 10"" n""",0,29,column_9,,,61.16
ssr,3,"o"" Sa 2"" 3"" 4"" 5"" 6"" zn"" 8"" 9"" 10"" n""",0,29,8,"8""",,61.33
ssr,3,"o"" Sa 2"" 3"" 4"" 5"" 6"" zn"" 8"" 9"" 10"" n""",0,29,9,"9""",,61.49
ssr,3,"o"" Sa 2"" 3"" 4"" 5"" 6"" zn"" 8"" 9"" 10"" n""",0,29,10,"10""",,61.66
ssr,3,"o"" Sa 2"" 3"" 4"" 5"" 6"" zn"" 8"" 9"" 10"" n""",0,29,n,"n""",,61.83
ssr,3,"o"" Sa 2"" 3"" 4"" 5"" 6"" zn"" 8"" 9"" 10"" n""",0,30,column_1,,,31 FT.
ssr,3,"o"" Sa 2"" 3"" 4"" 5"" 6"" zn"" 8"" 9"" 10"" n""",0,30,o,"o""",,62.00
ssr,3,"o"" Sa 2"" 3"" 4"" 5"" 6"" zn"" 8"" 9"" 10"" n""",0,30,column,"""",,62.17
ssr,3,"o"" Sa 2"" 3"" 4"" 5"" 6"" zn"" 8"" 9"" 10"" n""",0,30,column_4,,,62.33
ssr,3,"o"" Sa 2"" 3"" 4"" 5"" 6"" zn"" 8"" 9"" 10"" n""",0,30,3,"3""",,62.50
ssr,3,"o"" Sa 2"" 3"" 4"" 5"" 6"" zn"" 8"" 9"" 10"" n""",0,30,4,"4""",,62.66
ssr,3,"o"" Sa 2"" 3"" 4"" 5"" 6"" zn"" 8"" 9"" 10"" n""",0,30,5,"5""",,62.83
ssr,3,"o"" Sa 2"" 3"" 4"" 5"" 6"" zn"" 8"" 9"" 10"" n""",0,30,6,"6""",,63.00
ssr,3,"o"" Sa 2"" 3"" 4"" 5"" 6"" zn"" 8"" 9"" 10"" n""",0,30,column_9,,,63.16
ssr,3,"o"" Sa 2"" 3"" 4"" 5"" 6"" zn"" 8"" 9"" 10"" n""",0,30,8,"8""",,63.33
ssr,3,"o"" Sa 2"" 3"" 4"" 5"" 6"" zn"" 8"" 9"" 10"" n""",0,30,9,"9""",,63.49
ssr,3,"o"" Sa 2"" 3"" 4"" 5"" 6"" zn"" 8"" 9"" 10"" n""",0,30,10,"10""",,63.66
ssr,3,"o"" Sa 2"" 3"" 4"" 5"" 6"" zn"" 8"" 9"" 10"" n""",0,30,n,"n""",,63.83
ssr,3,"o"" Sa 2"" 3"" 4"" 5"" 6"" zn"" 8"" 9"" 10"" n""",0,31,column_1,,,32 FT.
ssr,3,"o"" Sa 2"" 3"" 4"" 5"" 6"" zn"" 8"" 9"" 10"" n""",0,31,o,"o""",,64.00
ssr,3,"o"" Sa 2"" 3"" 4"" 5"" 6"" zn"" 8"" 9"" 10"" n""",0,31,column,"""",,64.17
ssr,3,"o"" Sa 2"" 3"" 4"" 5"" 6"" zn"" 8"" 9"" 10"" n""",0,31,column_4,,,64.33
ssr,3,"o"" Sa 2"" 3"" 4"" 5"" 6"" zn"" 8"" 9"" 10"" n""",0,31,3,"3""",,64.50
ssr,3,"o"" Sa 2"" 3"" 4"" 5"" 6"" zn"" 8"" 9"" 10"" n""",0,31,4,"4""",,64.66
ssr,3,"o"" Sa 2"" 3"" 4"" 5"" 6"" zn"" 8"" 9"" 10"" n""",0,31,5,"5""",,64.83
ssr,3,"o"" Sa 2"" 3"" 4"" 5"" 6"" zn"" 8"" 9"" 10"" n""",0,31,6,"6""",,65.00
ssr,3,"o"" Sa 2"" 3"" 4"" 5"" 6"" zn"" 8"" 9"" 10"" n""",0,31,column_9,,,65.16
ssr,3,"o"" Sa 2"" 3"" 4"" 5"" 6"" zn"" 8"" 9"" 10"" n""",0,31,8,"8""",,65.33
ssr,3,"o"" Sa 2"" 3"" 4"" 5"" 6"" zn"" 8"" 9"" 10"" n""",0,31,9,"9""",,65.49
ssr,3,"o"" Sa 2"" 3"" 4"" 5"" 6"" zn"" 8"" 9"" 10"" n""",0,31,10,"10""",,65.66
ssr,3,"o"" Sa 2"" 3"" 4"" 5"" 6"" zn"" 8"" 9"" 10"" n""",0,31,n,"n""",,65.83
ssr,3,"o"" Sa 2"" 3"" 4"" 5"" 6"" zn"" 8"" 9"" 10"" n""",0,32,column_1,,,33 FT.
ssr,3,"o"" Sa 2"" 3"" 4"" 5"" 6"" zn"" 8"" 9"" 10"" n""",0,32,o,"o""",,66.00
ssr,3,"o"" Sa 2"" 3"" 4"" 5"" 6"" zn"" 8"" 9"" 10"" n""",0,32,column,"""",,66.17
ssr,3,"o"" Sa 2"" 3"" 4"" 5"" 6"" zn"" 8"" 9"" 10"" n""",0,32,column_4,,,66.33
ssr,3,"o"" Sa 2"" 3"" 4"" 5"" 6"" zn"" 8"" 9"" 10"" n""",0,32,3,"3""",,66.50
ssr,3,"o"" Sa 2"" 3"" 4"" 5"" 6"" zn"" 8"" 9"" 10"" n""",0,32,4,"4""",,66.66
ssr,3,"o"" Sa 2"" 3"" 4"" 5"" 6"" zn"" 8"" 9"" 10"" n""",0,32,5,"5""",,66.83
ssr,3,"o"" Sa 2"" 3"" 4"" 5"" 6"" zn"" 8"" 9"" 10"" n""",0,32,6,"6""",,67.00
ssr,3,"o"" Sa 2"" 3"" 4"" 5"" 6"" zn"" 8"" 9"" 10"" n""",0,32,column_9,,,67.16
ssr,3,"o"" Sa 2"" 3"" 4"" 5"" 6"" zn"" 8"" 9"" 10"" n""",0,32,8,"8""",,67.33
ssr,3,"o"" Sa 2"" 3"" 4"" 5"" 6"" zn"" 8"" 9"" 10"" n""",0,32,9,"9""",,67.49
ssr,3,"o"" Sa 2"" 3"" 4"" 5"" 6"" zn"" 8"" 9"" 10"" n""",0,32,10,"10""",,67.66
ssr,3,"o"" Sa 2"" 3"" 4"" 5"" 6"" zn"" 8"" 9"" 10"" n""",0,32,n,"n""",,67.83
ssr,3,"o"" Sa 2"" 3"" 4"" 5"" 6"" zn"" 8"" 9"" 10"" n""",0,33,column_1,,,34 FT.
ssr,3,"o"" Sa 2"" 3"" 4"" 5"" 6"" zn"" 8"" 9"" 10"" n""",0,33,o,"o""",,68.00
ssr,3,"o"" Sa 2"" 3"" 4"" 5"" 6"" zn"" 8"" 9"" 10"" n""",0,33,column,"""",,68.17
ssr,3,"o"" Sa 2"" 3"" 4"" 5"" 6"" zn"" 8"" 9"" 10"" n""",0,33,column_4,,,68.33
ssr,3,"o"" Sa 2"" 3"" 4"" 5"" 6"" zn"" 8"" 9"" 10"" n""",0,33,3,"3""",,68.50
ssr,3,"o"" Sa 2"" 3"" 4"" 5"" 6"" zn"" 8"" 9"" 10"" n""",0,33,4,"4""",,68.66
ssr,3,"o"" Sa 2"" 3"" 4"" 5"" 6"" zn"" 8"" 9"" 10"" n""",0,33,5,"5""",,68.83
ssr,3,"o"" Sa 2"" 3"" 4"" 5"" 6"" zn"" 8"" 9"" 10"" n""",0,33,6,"6""",,69.00
ssr,3,"o"" Sa 2"" 3"" 4"" 5"" 6"" zn"" 8"" 9"" 10"" n""",0,33,column_9,,,69.16
ssr,3,"o"" Sa 2"" 3"" 4"" 5"" 6"" zn"" 8"" 9"" 10"" n""",0,33,8,"8""",,69.33
ssr,3,"o"" Sa 2"" 3"" 4"" 5"" 6"" zn"" 8"" 9"" 10"" n""",0,33,9,"9""",,69.49
ssr,3,"o"" Sa 2"" 3"" 4"" 5"" 6"" zn"" 8"" 9"" 10"" n""",0,33,10,"10""",,69.66
ssr,3,"o"" Sa 2"" 3"" 4"" 5"" 6"" zn"" 8"" 9"" 10"" n""",0,33,n,"n""",,69.83
ssr,3,"o"" Sa 2"" 3"" 4"" 5"" 6"" zn"" 8"" 9"" 10"" n""",0,34,column_1,,,35 FT.
ssr,3,"o"" Sa 2"" 3"" 4"" 5"" 6"" zn"" 8"" 9"" 10"" n""",0,34,o,"o""",,70.00
ssr,3,"o"" Sa 2"" 3"" 4"" 5"" 6"" zn"" 8"" 9"" 10"" n""",0,34,column,"""",,70.17
ssr,3,"o"" Sa 2"" 3"" 4"" 5"" 6"" zn"" 8"" 9"" 10"" n""",0,34,column_4,,,70.33
ssr,3,"o"" Sa 2"" 3"" 4"" 5"" 6"" zn"" 8"" 9"" 10"" n""",0,34,3,"3""",,70.50
ssr,3,"o"" Sa 2"" 3"" 4"" 5"" 6"" zn"" 8"" 9"" 10"" n""",0,34,4,"4""",,70.66
ssr,3,"o"" Sa 2"" 3"" 4"" 5"" 6"" zn"" 8"" 9"" 10"" n""",0,34,5,"5""",,70.83
ssr,3,"o"" Sa 2"" 3"" 4"" 5"" 6"" zn"" 8"" 9"" 10"" n""",0,34,6,"6""",,71.00
ssr,3,"o"" Sa 2"" 3"" 4"" 5"" 6"" zn"" 8"" 9"" 10"" n""",0,34,column_9,,,71.16
ssr,3,"o"" Sa 2"" 3"" 4"" 5"" 6"" zn"" 8"" 9"" 10"" n""",0,34,8,"8""",,71.33
ssr,3,"o"" Sa 2"" 3"" 4"" 5"" 6"" zn"" 8"" 9"" 10"" n""",0,34,9,"9""",,71.49
ssr,3,"o"" Sa 2"" 3"" 4"" 5"" 6"" zn"" 8"" 9"" 10"" n""",0,34,10,"10""",,71.66
ssr,3,"o"" Sa 2"" 3"" 4"" 5"" 6"" zn"" 8"" 9"" 10"" n""",0,34,n,"n""",,71.83
ssr,3,"o"" Sa 2"" 3"" 4"" 5"" 6"" zn"" 8"" 9"" 10"" n""",0,35,column_1,,,36 FT.
ssr,3,"o"" Sa 2"" 3"" 4"" 5"" 6"" zn"" 8"" 9"" 10"" n""",0,35,o,"o""",,72.00
ssr,3,"o"" Sa 2"" 3"" 4"" 5"" 6"" zn"" 8"" 9"" 10"" n""",0,35,column,"""",,72.17
ssr,3,"o"" Sa 2"" 3"" 4"" 5"" 6"" zn"" 8"" 9"" 10"" n""",0,35,column_4,,,72.33
ssr,3,"o"" Sa 2"" 3"" 4"" 5"" 6"" zn"" 8"" 9"" 10"" n""",0,35,3,"3""",,72.50
ssr,3,"o"" Sa 2"" 3"" 4"" 5"" 6"" zn"" 8"" 9"" 10"" n""",0,35,4,"4""",,72.66
ssr,3,"o"" Sa 2"" 3"" 4"" 5"" 6"" zn"" 8"" 9"" 10"" n""",0,35,5,"5""",,72.83
ssr,3,"o"" Sa 2"" 3"" 4"" 5"" 6"" zn"" 8"" 9"" 10"" n""",0,35,6,"6""",,73.00
ssr,3,"o"" Sa 2"" 3"" 4"" 5"" 6"" zn"" 8"" 9"" 10"" n""",0,35,column_9,,,73.16
ssr,3,"o"" Sa 2"" 3"" 4"" 5"" 6"" zn"" 8"" 9"" 10"" n""",0,35,8,"8""",,73.33
ssr,3,"o"" Sa 2"" 3"" 4"" 5"" 6"" zn"" 8"" 9"" 10"" n""",0,35,9,"9""",,73.49
ssr,3,"o"" Sa 2"" 3"" 4"" 5"" 6"" zn"" 8"" 9"" 10"" n""",0,35,10,"10""",,73.66
ssr,3,"o"" Sa 2"" 3"" 4"" 5"" 6"" zn"" 8"" 9"" 10"" n""",0,35,n,"n""",,73.83
ssr,3,"o"" Sa 2"" 3"" 4"" 5"" 6"" zn"" 8"" 9"" 10"" n""",0,36,column_1,,,37 FT.
ssr,3,"o"" Sa 2"" 3"" 4"" 5"" 6"" zn"" 8"" 9"" 10"" n""",0,36,o,"o""",,74.00
ssr,3,"o"" Sa 2"" 3"" 4"" 5"" 6"" zn"" 8"" 9"" 10"" n""",0,36,column,"""",,74.17
ssr,3,"o"" Sa 2"" 3"" 4"" 5"" 6"" zn"" 8"" 9"" 10"" n""",0,36,column_4,,,74.33
ssr,3,"o"" Sa 2"" 3"" 4"" 5"" 6"" zn"" 8"" 9"" 10"" n""",0,36,3,"3""",,74.50
ssr,3,"o"" Sa 2"" 3"" 4"" 5"" 6"" zn"" 8"" 9"" 10"" n""",0,36,4,"4""",,74.66
ssr,3,"o"" Sa 2"" 3"" 4"" 5"" 6"" zn"" 8"" 9"" 10"" n""",0,36,5,"5""",,74.83
ssr,3,"o"" Sa 2"" 3"" 4"" 5"" 6"" zn"" 8"" 9"" 10"" n""",0,36,6,"6""",,75.00
ssr,3,"o"" Sa 2"" 3"" 4"" 5"" 6"" zn"" 8"" 9"" 10"" n""",0,36,column_9,,,75.16
ssr,3,"o"" Sa 2"" 3"" 4"" 5"" 6"" zn"" 8"" 9"" 10"" n""",0,36,8,"8""",,75.33
ssr,3,"o"" Sa 2"" 3"" 4"" 5"" 6"" zn"" 8"" 9"" 10"" n""",0,36,9,"9""",,75.49
ssr,3,"o"" Sa 2"" 3"" 4"" 5"" 6"" zn"" 8"" 9"" 10"" n""",0,36,10,"10""",,75.66
ssr,3,"o"" Sa 2"" 3"" 4"" 5"" 6"" zn"" 8"" 9"" 10"" n""",0,36,n,"n""",,75.83
ssr,3,"o"" Sa 2"" 3"" 4"" 5"" 6"" zn"" 8"" 9"" 10"" n""",0,37,column_1,,,38 FT.
ssr,3,"o"" Sa 2"" 3"" 4"" 5"" 6"" zn"" 8"" 9"" 10"" n""",0,37,o,"o""",,76.00
ssr,3,"o"" Sa 2"" 3"" 4"" 5"" 6"" zn"" 8"" 9"" 10"" n""",0,37,column,"""",,76.17
ssr,3,"o"" Sa 2"" 3"" 4"" 5"" 6"" zn"" 8"" 9"" 10"" n""",0,37,column_4,,,76.33
ssr,3,"o"" Sa 2"" 3"" 4"" 5"" 6"" zn"" 8"" 9"" 10"" n""",0,37,3,"3""",,76.50
ssr,3,"o"" Sa 2"" 3"" 4"" 5"" 6"" zn"" 8"" 9"" 10"" n""",0,37,4,"4""",,76.66
ssr,3,"o"" Sa 2"" 3"" 4"" 5"" 6"" zn"" 8"" 9"" 10"" n""",0,37,5,"5""",,76.83
ssr,3,"o"" Sa 2"" 3"" 4"" 5"" 6"" zn"" 8"" 9"" 10"" n""",0,37,6,"6""",,77.00
ssr,3,"o"" Sa 2"" 3"" 4"" 5"" 6"" zn"" 8"" 9"" 10"" n""",0,37,column_9,,,77.16
ssr,3,"o"" Sa 2"" 3"" 4"" 5"" 6"" zn"" 8"" 9"" 10"" n""",0,37,8,"8""",,77.33
ssr,3,"o"" Sa 2"" 3"" 4"" 5"" 6"" zn"" 8"" 9"" 10"" n""",0,37,9,"9""",,77.49
ssr,3,"o"" Sa 2"" 3"" 4"" 5"" 6"" zn"" 8"" 9"" 10"" n""",0,37,10,"10""",,77.66
ssr,3,"o"" Sa 2"" 3"" 4"" 5"" 6"" zn"" 8"" 9"" 10"" n""",0,37,n,"n""",,77.83
ssr,3,"o"" Sa 2"" 3"" 4"" 5"" 6"" zn"" 8"" 9"" 10"" n""",0,38,column_1,,,39 FT.
ssr,3,"o"" Sa 2"" 3"" 4"" 5"" 6"" zn"" 8"" 9"" 10"" n""",0,38,o,"o""",,78.00
ssr,3,"o"" Sa 2"" 3"" 4"" 5"" 6"" zn"" 8"" 9"" 10"" n""",0,38,column,"""",,78.17
ssr,3,"o"" Sa 2"" 3"" 4"" 5"" 6"" zn"" 8"" 9"" 10"" n""",0,38,column_4,,,78.33
ssr,3,"o"" Sa 2"" 3"" 4"" 5"" 6"" zn"" 8"" 9"" 10"" n""",0,38,3,"3""",,78.50
ssr,3,"o"" Sa 2"" 3"" 4"" 5"" 6"" zn"" 8"" 9"" 10"" n""",0,38,4,"4""",,78.66
ssr,3,"o"" Sa 2"" 3"" 4"" 5"" 6"" zn"" 8"" 9"" 10"" n""",0,38,5,"5""",,78.83
ssr,3,"o"" Sa 2"" 3"" 4"" 5"" 6"" zn"" 8"" 9"" 10"" n""",0,38,6,"6""",,79.00
ssr,3,"o"" Sa 2"" 3"" 4"" 5"" 6"" zn"" 8"" 9"" 10"" n""",0,38,column_9,,,79.16
ssr,3,"o"" Sa 2"" 3"" 4"" 5"" 6"" zn"" 8"" 9"" 10"" n""",0,38,8,"8""",,79.33
ssr,3,"o"" Sa 2"" 3"" 4"" 5"" 6"" zn"" 8"" 9"" 10"" n""",0,38,9,"9""",,79.49
ssr,3,"o"" Sa 2"" 3"" 4"" 5"" 6"" zn"" 8"" 9"" 10"" n""",0,38,10,"10""",,79.66
ssr,3,"o"" Sa 2"" 3"" 4"" 5"" 6"" zn"" 8"" 9"" 10"" n""",0,38,n,"n""",,79.83
ssr,3,"o"" Sa 2"" 3"" 4"" 5"" 6"" zn"" 8"" 9"" 10"" n""",0,39,column_1,,,40 FT.
ssr,3,"o"" Sa 2"" 3"" 4"" 5"" 6"" zn"" 8"" 9"" 10"" n""",0,39,o,"o""",,80.00
ssr,3,"o"" Sa 2"" 3"" 4"" 5"" 6"" zn"" 8"" 9"" 10"" n""",0,39,column,"""",,80.17
ssr,3,"o"" Sa 2"" 3"" 4"" 5"" 6"" zn"" 8"" 9"" 10"" n""",0,39,column_4,,,80.33
ssr,3,"o"" Sa 2"" 3"" 4"" 5"" 6"" zn"" 8"" 9"" 10"" n""",0,39,3,"3""",,80.50
ssr,3,"o"" Sa 2"" 3"" 4"" 5"" 6"" zn"" 8"" 9"" 10"" n""",0,39,4,"4""",,80.66
ssr,3,"o"" Sa 2"" 3"" 4"" 5"" 6"" zn"" 8"" 9"" 10"" n""",0,39,5,"5""",,80.83
ssr,3,"o"" Sa 2"" 3"" 4"" 5"" 6"" zn"" 8"" 9"" 10"" n""",0,39,6,"6""",,81.00
ssr,3,"o"" Sa 2"" 3"" 4"" 5"" 6"" zn"" 8"" 9"" 10"" n""",0,39,column_9,,,81.16
ssr,3,"o"" Sa 2"" 3"" 4"" 5"" 6"" zn"" 8"" 9"" 10"" n""",0,39,8,"8""",,81.33
ssr,3,"o"" Sa 2"" 3"" 4"" 5"" 6"" zn"" 8"" 9"" 10"" n""",0,39,9,"9""",,81.49
ssr,3,"o"" Sa 2"" 3"" 4"" 5"" 6"" zn"" 8"" 9"" 10"" n""",0,39,10,"10""",,81.66
ssr,3,"o"" Sa 2"" 3"" 4"" 5"" 6"" zn"" 8"" 9"" 10"" n""",0,39,n,"n""",,81.83
ssr,4,"Ultra-Dek'/Double-Lok' 24""",0,0,gauge,GAUGE,DESCRIPTION,24
ssr,4,"Ultra-Dek'/Double-Lok' 24""",0,0,coverage,COVERAGE,DESCRIPTION,"24"""
ssr,4,"Ultra-Dek'/Double-Lok' 24""",0,0,yield_psi,YIELD (PSI),DESCRIPTION,"50,000"
ssr,4,"Ultra-Dek'/Double-Lok' 24""",0,0,weight_per_sq,WEIGHT PER SQ.,DESCRIPTION,122#
ssr,4,"Ultra-Dek'/Double-Lok' 24""",0,0,finish,FINISH*,DESCRIPTION,Galvalume' Plus &
ssr,4,"Ultra-Dek'/Double-Lok' 24""",0,0,price,PRICE,,✓
ssr,4,"Ultra-Dek'/Double-Lok' 24""",0,1,gauge,GAUGE,DESCRIPTION,24
ssr,4,"Ultra-Dek'/Double-Lok' 24""",0,1,coverage,COVERAGE,DESCRIPTION,"24"""
ssr,4,"Ultra-Dek'/Double-Lok' 24""",0,1,yield_psi,YIELD (PSI),DESCRIPTION,"50,000"
ssr,4,"Ultra-Dek'/Double-Lok' 24""",0,1,weight_per_sq,WEIGHT PER SQ.,DESCRIPTION,122#
ssr,4,"Ultra-Dek'/Double-Lok' 24""",0,1,finish,FINISH*,DESCRIPTION,Signature' 200
ssr,4,"Ultra-Dek'/Double-Lok' 24""",0,1,price,PRICE,,✓
ssr,4,"Ultra-Dek'/Double-Lok' 24""",0,2,gauge,GAUGE,DESCRIPTION,24
ssr,4,"Ultra-Dek'/Double-Lok' 24""",0,2,coverage,COVERAGE,DESCRIPTION,"24"""
ssr,4,"Ultra-Dek'/Double-Lok' 24""",0,2,yield_psi,YIELD (PSI),DESCRIPTION,"50,000"
ssr,4,"Ultra-Dek'/Double-Lok' 24""",0,2,weight_per_sq,WEIGHT PER SQ.,DESCRIPTION,122#
ssr,4,"Ultra-Dek'/Double-Lok' 24""",0,2,finish,FINISH*,DESCRIPTION,Signature' 300
ssr,4,"Ultra-Dek'/Double-Lok' 24""",0,2,price,PRICE,,✓
ssr,4,"Ultra-Dek'/Double-Lok' 24""",0,3,gauge,GAUGE,DESCRIPTION,24
ssr,4,"Ultra-Dek'/Double-Lok' 24""",0,3,coverage,COVERAGE,DESCRIPTION,"24"""
ssr,4,"Ultra-Dek'/Double-Lok' 24""",0,3,yield_psi,YIELD (PSI),DESCRIPTION,"50,000"
ssr,4,"Ultra-Dek'/Double-Lok' 24""",0,3,weight_per_sq,WEIGHT PER SQ.,DESCRIPTION,122#
ssr,4,"Ultra-Dek'/Double-Lok' 24""",0,3,finish,FINISH*,DESCRIPTION,Signature' 300 Metallic
ssr,4,"Ultra-Dek'/Double-Lok' 24""",0,3,price,PRICE,,Please Inquire
ssr,4,"Ultra-Dek'/Double-Lok' 24""",0,4,gauge,GAUGE,DESCRIPTION,22
ssr,4,"Ultra-Dek'/Double-Lok' 24""",0,4,coverage,COVERAGE,DESCRIPTION,"24"""
ssr,4,"Ultra-Dek'/Double-Lok' 24""",0,4,yield_psi,YIELD (PSI),DESCRIPTION,"50,000"
ssr,4,"Ultra-Dek'/Double-Lok' 24""",0,4,weight_per_sq,WEIGHT PER SQ.,DESCRIPTION,155#
ssr,4,"Ultra-Dek'/Double-Lok' 24""",0,4,finish,FINISH*,DESCRIPTION,Galvalume' Plus &
ssr,4,"Ultra-Dek'/Double-Lok' 24""",0,4,price,PRICE,,Please Inquire
ssr,4,"Ultra-Dek'/Double-Lok' 24""",0,5,gauge,GAUGE,DESCRIPTION,22
ssr,4,"Ultra-Dek'/Double-Lok' 24""",0,5,coverage,COVERAGE,DESCRIPTION,"24"""
ssr,4,"Ultra-Dek'/Double-Lok' 24""",0,5,yield_psi,YIELD (PSI),DESCRIPTION,"50,000"
ssr,4,"Ultra-Dek'/Double-Lok' 24""",0,5,weight_per_sq,WEIGHT PER SQ.,DESCRIPTION,155#
ssr,4,"Ultra-Dek'/Double-Lok' 24""",0,5,finish,FINISH*,DESCRIPTION,Signature' 200
ssr,4,"Ultra-Dek'/Double-Lok' 24""",0,5,price,PRICE,,Please Inquire
ssr,4,"Ultra-Dek'/Double-Lok' 24""",0,6,gauge,GAUGE,DESCRIPTION,22
ssr,4,"Ultra-Dek'/Double-Lok' 24""",0,6,coverage,COVERAGE,DESCRIPTION,"24"""
ssr,4,"Ultra-Dek'/Double-Lok' 24""",0,6,yield_psi,YIELD (PSI),DESCRIPTION,"50,000"
ssr,4,"Ultra-Dek'/Double-Lok' 24""",0,6,weight_per_sq,WEIGHT PER SQ.,DESCRIPTION,155#
ssr,4,"Ultra-Dek'/Double-Lok' 24""",0,6,finish,FINISH*,DESCRIPTION,Signature' 300
ssr,4,"Ultra-Dek'/Double-Lok' 24""",0,6,price,PRICE,,Please Inquire
ssr,4,"Ultra-Dek'/Double-Lok' 24""",0,7,gauge,GAUGE,DESCRIPTION,22
ssr,4,"Ultra-Dek'/Double-Lok' 24""",0,7,coverage,COVERAGE,DESCRIPTION,"24"""
ssr,4,"Ultra-Dek'/Double-Lok' 24""",0,7,yield_psi,YIELD (PSI),DESCRIPTION,"50,000"
ssr,4,"Ultra-Dek'/Double-Lok' 24""",0,7,weight_per_sq,WEIGHT PER SQ.,DESCRIPTION,155#
ssr,4,"Ultra-Dek'/Double-Lok' 24""",0,7,finish,FINISH*,DESCRIPTION,Signature' 300 Metallic
ssr,4,"Ultra-Dek'/Double-Lok' 24""",0,7,price,PRICE,,Please Inquire
ssr,5,"oO"" Sg 2"" 3"" 4"" 5"" 6"" 7"" 8"" 9"" 10"" n""",0,0,column_1,,,1 FT.
ssr,5,"oO"" Sg 2"" 3"" 4"" 5"" 6"" 7"" 8"" 9"" 10"" n""",0,0,0,"0""",,1.50
ssr,5,"oO"" Sg 2"" 3"" 4"" 5"" 6"" 7"" 8"" 9"" 10"" n""",0,0,column_3,,,1.63
ssr,5,"oO"" Sg 2"" 3"" 4"" 5"" 6"" 7"" 8"" 9"" 10"" n""",0,0,2,"2""",,1.75
ssr,5,"oO"" Sg 2"" 3"" 4"" 5"" 6"" 7"" 8"" 9"" 10"" n""",0,0,3,"3""",,1.88
ssr,5,"oO"" Sg 2"" 3"" 4"" 5"" 6"" 7"" 8"" 9"" 10"" n""",0,0,4,"4""",,2.00
ssr,5,"oO"" Sg 2"" 3"" 4"" 5"" 6"" 7"" 8"" 9"" 10"" n""",0,0,5,"5""",,2.13
ssr,5,"oO"" Sg 2"" 3"" 4"" 5"" 6"" 7"" 8"" 9"" 10"" n""",0,0,6,"6""",,2.25
ssr,5,"oO"" Sg 2"" 3"" 4"" 5"" 6"" 7"" 8"" 9"" 10"" n""",0,0,7,"7""",,2.38
ssr,5,"oO"" Sg 2"" 3"" 4"" 5"" 6"" 7"" 8"" 9"" 10"" n""",0,0,8,"8""",,2.50
ssr,5,"oO"" Sg 2"" 3"" 4"" 5"" 6"" 7"" 8"" 9"" 10"" n""",0,0,9,"9""",,2.63
ssr,5,"oO"" Sg 2"" 3"" 4"" 5"" 6"" 7"" 8"" 9"" 10"" n""",0,0,10,"10""",,2.75
ssr,5,"oO"" Sg 2"" 3"" 4"" 5"" 6"" 7"" 8"" 9"" 10"" n""",0,0,n,"n""",,2.88
ssr,5,"oO"" Sg 2"" 3"" 4"" 5"" 6"" 7"" 8"" 9"" 10"" n""",0,1,column_1,,,2 FT.
ssr,5,"oO"" Sg 2"" 3"" 4"" 5"" 6"" 7"" 8"" 9"" 10"" n""",0,1,0,"0""",,3.00
ssr,5,"oO"" Sg 2"" 3"" 4"" 5"" 6"" 7"" 8"" 9"" 10"" n""",0,1,column_3,,,3.13
ssr,5,"oO"" Sg 2"" 3"" 4"" 5"" 6"" 7"" 8"" 9"" 10"" n""",0,1,2,"2""",,3.25
ssr,5,"oO"" Sg 2"" 3"" 4"" 5"" 6"" 7"" 8"" 9"" 10"" n""",0,1,3,"3""",,3.38
ssr,5,"oO"" Sg 2"" 3"" 4"" 5"" 6"" 7"" 8"" 9"" 10"" n""",0,1,4,"4""",,3.50
ssr,5,"oO"" Sg 2"" 3"" 4"" 5"" 6"" 7"" 8"" 9"" 10"" n""",0,1,5,"5""",,3.63
ssr,5,"oO"" Sg 2"" 3"" 4"" 5"" 6"" 7"" 8"" 9"" 10"" n""",0,1,6,"6""",,3.75
ssr,5,"oO"" Sg 2"" 3"" 4"" 5"" 6"" 7"" 8"" 9"" 10"" n""",0,1,7,"7""",,3.88
ssr,5,"oO"" Sg 2"" 3"" 4"" 5"" 6"" 7"" 8"" 9"" 10"" n""",0,1,8,"8""",,4.00
ssr,5,"oO"" Sg 2"" 3"" 4"" 5"" 6"" 7"" 8"" 9"" 10"" n""",0,1,9,"9""",,4.13
ssr,5,"oO"" Sg 2"" 3"" 4"" 5"" 6"" 7"" 8"" 9"" 10"" n""",0,1,10,"10""",,4.25
ssr,5,"oO"" Sg 2"" 3"" 4"" 5"" 6"" 7"" 8"" 9"" 10"" n""",0,1,n,"n""",,4.38
ssr,5,"oO"" Sg 2"" 3"" 4"" 5"" 6"" 7"" 8"" 9"" 10"" n""",0,2,column_1,,,3 FT.
ssr,5,"oO"" Sg 2"" 3"" 4"" 5"" 6"" 7"" 8"" 9"" 10"" n""",0,2,0,"0""",,4.50
ssr,5,"oO"" Sg 2"" 3"" 4"" 5"" 6"" 7"" 8"" 9"" 10"" n""",0,2,column_3,,,4.63
ssr,5,"oO"" Sg 2"" 3"" 4"" 5"" 6"" 7"" 8"" 9"" 10"" n""",0,2,2,"2""",,4.75
ssr,5,"oO"" Sg 2"" 3"" 4"" 5"" 6"" 7"" 8"" 9"" 10"" n""",0,2,3,"3""",,4.88
ssr,5,"oO"" Sg 2"" 3"" 4"" 5"" 6"" 7"" 8"" 9"" 10"" n""",0,2,4,"4""",,5.00
ssr,5,"oO"" Sg 2"" 3"" 4"" 5"" 6"" 7"" 8"" 9"" 10"" n""",0,2,5,"5""",,5.13
ssr,5,"oO"" Sg 2"" 3"" 4"" 5"" 6"" 7"" 8"" 9"" 10"" n""",0,2,6,"6""",,5.25
ssr,5,"oO"" Sg 2"" 3"" 4"" 5"" 6"" 7"" 8"" 9"" 10"" n""",0,2,7,"7""",,5.38
ssr,5,"oO"" Sg 2"" 3"" 4"" 5"" 6"" 7"" 8"" 9"" 10"" n""",0,2,8,"8""",,5.50
ssr,5,"oO"" Sg 2"" 3"" 4"" 5"" 6"" 7"" 8"" 9"" 10"" n""",0,2,9,"9""",,5.63
ssr,5,"oO"" Sg 2"" 3"" 4"" 5"" 6"" 7"" 8"" 9"" 10"" n""",0,2,10,"10""",,5.75
ssr,5,"oO"" Sg 2"" 3"" 4"" 5"" 6"" 7"" 8"" 9"" 10"" n""",0,2,n,"n""",,5.88
ssr,5,"oO"" Sg 2"" 3"" 4"" 5"" 6"" 7"" 8"" 9"" 10"" n""",0,3,column_1,,,4 FT.
ssr,5,"oO"" Sg 2"" 3"" 4"" 5"" 6"" 7"" 8"" 9"" 10"" n""",0,3,0,"0""",,6.00
ssr,5,"oO"" Sg 2"" 3"" 4"" 5"" 6"" 7"" 8"" 9"" 10"" n""",0,3,column_3,,,6.13
ssr,5,"oO"" Sg 2"" 3"" 4"" 5"" 6"" 7"" 8"" 9"" 10"" n""",0,3,2,"2""",,6.25
ssr,5,"oO"" Sg 2"" 3"" 4"" 5"" 6"" 7"" 8"" 9"" 10"" n""",0,3,3,"3""",,6.38
ssr,5,"oO"" Sg 2"" 3"" 4"" 5"" 6"" 7"" 8"" 9"" 10"" n""",0,3,4,"4""",,6.50
ssr,5,"oO"" Sg 2"" 3"" 4"" 5"" 6"" 7"" 8"" 9"" 10"" n""",0,3,5,"5""",,6.63
ssr,5,"oO"" Sg 2"" 3"" 4"" 5"" 6"" 7"" 8"" 9"" 10"" n""",0,3,6,"6""",,6.75
ssr,5,"oO"" Sg 2"" 3"" 4"" 5"" 6"" 7"" 8"" 9"" 10"" n""",0,3,7,"7""",,6.88
ssr,5,"oO"" Sg 2"" 3"" 4"" 5"" 6"" 7"" 8"" 9"" 10"" n""",0,3,8,"8""",,7.00
ssr,5,"oO"" Sg 2"" 3"" 4"" 5"" 6"" 7"" 8"" 9"" 10"" n""",0,3,9,"9""",,7.13
ssr,5,"oO"" Sg 2"" 3"" 4"" 5"" 6"" 7"" 8"" 9"" 10"" n""",0,3,10,"10""",,7.25
ssr,5,"oO"" Sg 2"" 3"" 4"" 5"" 6"" 7"" 8"" 9"" 10"" n""",0,3,n,"n""",,7.38
ssr,5,"oO"" Sg 2"" 3"" 4"" 5"" 6"" 7"" 8"" 9"" 10"" n""",0,4,column_1,,,5 FT.
ssr,5,"oO"" Sg 2"" 3"" 4"" 5"" 6"" 7"" 8"" 9"" 10"" n""",0,4,0,"0""",,7.50
ssr,5,"oO"" Sg 2"" 3"" 4"" 5"" 6"" 7"" 8"" 9"" 10"" n""",0,4,column_3,,,7.63
ssr,5,"oO"" Sg 2"" 3"" 4"" 5"" 6"" 7"" 8"" 9"" 10"" n""",0,4,2,"2""",,7.75
ssr,5,"oO"" Sg 2"" 3"" 4"" 5"" 6"" 7"" 8"" 9"" 10"" n""",0,4,3,"3""",,7.88
ssr,5,"oO"" Sg 2"" 3"" 4"" 5"" 6"" 7"" 8"" 9"" 10"" n""",0,4,4,"4""",,8.00
ssr,5,"oO"" Sg 2"" 3"" 4"" 5"" 6"" 7"" 8"" 9"" 10"" n""",0,4,5,"5""",,8.13
ssr,5,"oO"" Sg 2"" 3"" 4"" 5"" 6"" 7"" 8"" 9"" 10"" n""",0,4,6,"6""",,8.25
ssr,5,"oO"" Sg 2"" 3"" 4"" 5"" 6"" 7"" 8"" 9"" 10"" n""",0,4,7,"7""",,8.38
ssr,5,"oO"" Sg 2"" 3"" 4"" 5"" 6"" 7"" 8"" 9"" 10"" n""",0,4,8,"8""",,8.50
ssr,5,"oO"" Sg 2"" 3"" 4"" 5"" 6"" 7"" 8"" 9"" 10"" n""",0,4,9,"9""",,8.63
ssr,5,"oO"" Sg 2"" 3"" 4"" 5"" 6"" 7"" 8"" 9"" 10"" n""",0,4,10,"10""",,8.75
ssr,5,"oO"" Sg 2"" 3"" 4"" 5"" 6"" 7"" 8"" 9"" 10"" n""",0,4,n,"n""",,8.88
ssr,5,"oO"" Sg 2"" 3"" 4"" 5"" 6"" 7"" 8"" 9"" 10"" n""",0,5,column_1,,,6 FT.
ssr,5,"oO"" Sg 2"" 3"" 4"" 5"" 6"" 7"" 8"" 9"" 10"" n""",0,5,0,"0""",,9.00
ssr,5,"oO"" Sg 2"" 3"" 4"" 5"" 6"" 7"" 8"" 9"" 10"" n""",0,5,column_3,,,9.13
ssr,5,"oO"" Sg 2"" 3"" 4"" 5"" 6"" 7"" 8"" 9"" 10"" n""",0,5,2,"2""",,9.25
ssr,5,"oO"" Sg 2"" 3"" 4"" 5"" 6"" 7"" 8"" 9"" 10"" n""",0,5,3,"3""",,9.38
ssr,5,"oO"" Sg 2"" 3"" 4"" 5"" 6"" 7"" 8"" 9"" 10"" n""",0,5,4,"4""",,9.50
ssr,5,"oO"" Sg 2"" 3"" 4"" 5"" 6"" 7"" 8"" 9"" 10"" n""",0,5,5,"5""",,9.63
ssr,5,"oO"" Sg 2"" 3"" 4"" 5"" 6"" 7"" 8"" 9"" 10"" n""",0,5,6,"6""",,9.75
ssr,5,"oO"" Sg 2"" 3"" 4"" 5"" 6"" 7"" 8"" 9"" 10"" n""",0,5,7,"7""",,9.88
ssr,5,"oO"" Sg 2"" 3"" 4"" 5"" 6"" 7"" 8"" 9"" 10"" n""",0,5,8,"8""",,10.00
ssr,5,"oO"" Sg 2"" 3"" 4"" 5"" 6"" 7"" 8"" 9"" 10"" n""",0,5,9,"9""",,10.13
ssr,5,"oO"" Sg 2"" 3"" 4"" 5"" 6"" 7"" 8"" 9"" 10"" n""",0,5,10,"10""",,10.25
ssr,5,"oO"" Sg 2"" 3"" 4"" 5"" 6"" 7"" 8"" 9"" 10"" n""",0,5,n,"n""",,10.38
ssr,5,"oO"" Sg 2"" 3"" 4"" 5"" 6"" 7"" 8"" 9"" 10"" n""",0,6,column_1,,,7 FT.
ssr,5,"oO"" Sg 2"" 3"" 4"" 5"" 6"" 7"" 8"" 9"" 10"" n""",0,6,0,"0""",,10.50
ssr,5,"oO"" Sg 2"" 3"" 4"" 5"" 6"" 7"" 8"" 9"" 10"" n""",0,6,column_3,,,10.63
ssr,5,"oO"" Sg 2"" 3"" 4"" 5"" 6"" 7"" 8"" 9"" 10"" n""",0,6,2,"2""",,10.75
ssr,5,"oO"" Sg 2"" 3"" 4"" 5"" 6"" 7"" 8"" 9"" 10"" n""",0,6,3,"3""",,10.88
ssr,5,"oO"" Sg 2"" 3"" 4"" 5"" 6"" 7"" 8"" 9"" 10"" n""",0,6,4,"4""",,11.00
ssr,5,"oO"" Sg 2"" 3"" 4"" 5"" 6"" 7"" 8"" 9"" 10"" n""",0,6,5,"5""",,11.13
ssr,5,"oO"" Sg 2"" 3"" 4"" 5"" 6"" 7"" 8"" 9"" 10"" n""",0,6,6,"6""",,11.25
ssr,5,"oO"" Sg 2"" 3"" 4"" 5"" 6"" 7"" 8"" 9"" 10"" n""",0,6,7,"7""",,11.38
ssr,5,"oO"" Sg 2"" 3"" 4"" 5"" 6"" 7"" 8"" 9"" 10"" n""",0,6,8,"8""",,11.50
ssr,5,"oO"" Sg 2"" 3"" 4"" 5"" 6"" 7"" 8"" 9"" 10"" n""",0,6,9,"9""",,11.63
ssr,5,"oO"" Sg 2"" 3"" 4"" 5"" 6"" 7"" 8"" 9"" 10"" n""",0,6,10,"10""",,11.75
ssr,5,"oO"" Sg 2"" 3"" 4"" 5"" 6"" 7"" 8"" 9"" 10"" n""",0,6,n,"n""",,11.88
ssr,5,"oO"" Sg 2"" 3"" 4"" 5"" 6"" 7"" 8"" 9"" 10"" n""",0,7,column_1,,,8 FT.
ssr,5,"oO"" Sg 2"" 3"" 4"" 5"" 6"" 7"" 8"" 9"" 10"" n""",0,7,0,"0""",,12.00
ssr,5,"oO"" Sg 2"" 3"" 4"" 5"" 6"" 7"" 8"" 9"" 10"" n""",0,7,column_3,,,12.13
ssr,5,"oO"" Sg 2"" 3"" 4"" 5"" 6"" 7"" 8"" 9"" 10"" n""",0,7,2,"2""",,12.25
ssr,5,"oO"" Sg 2"" 3"" 4"" 5"" 6"" 7"" 8"" 9"" 10"" n""",0,7,3,"3""",,12.38
ssr,5,"oO"" Sg 2"" 3"" 4"" 5"" 6"" 7"" 8"" 9"" 10"" n""",0,7,4,"4""",,12.50
ssr,5,"oO"" Sg 2"" 3"" 4"" 5"" 6"" 7"" 8"" 9"" 10"" n""",0,7,5,"5""",,12.63
ssr,5,"oO"" Sg 2"" 3"" 4"" 5"" 6"" 7"" 8"" 9"" 10"" n""",0,7,6,"6""",,12.75
ssr,5,"oO"" Sg 2"" 3"" 4"" 5"" 6"" 7"" 8"" 9"" 10"" n""",0,7,7,"7""",,12.88
ssr,5,"oO"" Sg 2"" 3"" 4"" 5"" 6"" 7"" 8"" 9"" 10"" n""",0,7,8,"8""",,13.00
ssr,5,"oO"" Sg 2"" 3"" 4"" 5"" 6"" 7"" 8"" 9"" 10"" n""",0,7,9,"9""",,13.13
ssr,5,"oO"" Sg 2"" 3"" 4"" 5"" 6"" 7"" 8"" 9"" 10"" n""",0,7,10,"10""",,13.25
ssr,5,"oO"" Sg 2"" 3"" 4"" 5"" 6"" 7"" 8"" 9"" 10"" n""",0,7,n,"n""",,13.38
ssr,5,"oO"" Sg 2"" 3"" 4"" 5"" 6"" 7"" 8"" 9"" 10"" n""",0,8,column_1,,,9 FT.
ssr,5,"oO"" Sg 2"" 3"" 4"" 5"" 6"" 7"" 8"" 9"" 10"" n""",0,8,0,"0""",,13.50
ssr,5,"oO"" Sg 2"" 3"" 4"" 5"" 6"" 7"" 8"" 9"" 10"" n""",0,8,column_3,,,13.63
ssr,5,"oO"" Sg 2"" 3"" 4"" 5"" 6"" 7"" 8"" 9"" 10"" n""",0,8,2,"2""",,13.75
ssr,5,"oO"" Sg 2"" 3"" 4"" 5"" 6"" 7"" 8"" 9"" 10"" n""",0,8,3,"3""",,13.88
ssr,5,"oO"" Sg 2"" 3"" 4"" 5"" 6"" 7"" 8"" 9"" 10"" n""",0,8,4,"4""",,14.00
ssr,5,"oO"" Sg 2"" 3"" 4"" 5"" 6"" 7"" 8"" 9"" 10"" n""",0,8,5,"5""",,14.13
ssr,5,"oO"" Sg 2"" 3"" 4"" 5"" 6"" 7"" 8"" 9"" 10"" n""",0,8,6,"6""",,14.25
ssr,5,"oO"" Sg 2"" 3"" 4"" 5"" 6"" 7"" 8"" 9"" 10"" n""",0,8,7,"7""",,14.38
ssr,5,"oO"" Sg 2"" 3"" 4"" 5"" 6"" 7"" 8"" 9"" 10"" n""",0,8,8,"8""",,14.50
ssr,5,"oO"" Sg 2"" 3"" 4"" 5"" 6"" 7"" 8"" 9"" 10"" n""",0,8,9,"9""",,14.63
ssr,5,"oO"" Sg 2"" 3"" 4"" 5"" 6"" 7"" 8"" 9"" 10"" n""",0,8,10,"10""",,14.75
ssr,5,"oO"" Sg 2"" 3"" 4"" 5"" 6"" 7"" 8"" 9"" 10"" n""",0,8,n,"n""",,14.88
ssr,5,"oO"" Sg 2"" 3"" 4"" 5"" 6"" 7"" 8"" 9"" 10"" n""",0,9,column_1,,,10 FT.
ssr,5,"oO"" Sg 2"" 3"" 4"" 5"" 6"" 7"" 8"" 9"" 10"" n""",0,9,0,"0""",,15.00
ssr,5,"oO"" Sg 2"" 3"" 4"" 5"" 6"" 7"" 8"" 9"" 10"" n""",0,9,column_3,,,15.13
ssr,5,"oO"" Sg 2"" 3"" 4"" 5"" 6"" 7"" 8"" 9"" 10"" n""",0,9,2,"2""",,15.25
ssr,5,"oO"" Sg 2"" 3"" 4"" 5"" 6"" 7"" 8"" 9"" 10"" n""",0,9,3,"3""",,15.38
ssr,5,"oO"" Sg 2"" 3"" 4"" 5"" 6"" 7"" 8"" 9"" 10"" n""",0,9,4,"4""",,15.50
ssr,5,"oO"" Sg 2"" 3"" 4"" 5"" 6"" 7"" 8"" 9"" 10"" n""",0,9,5,"5""",,15.63
ssr,5,"oO"" Sg 2"" 3"" 4"" 5"" 6"" 7"" 8"" 9"" 10"" n""",0,9,6,"6""",,15.75
ssr,5,"oO"" Sg 2"" 3"" 4"" 5"" 6"" 7"" 8"" 9"" 10"" n""",0,9,7,"7""",,15.88
ssr,5,"oO"" Sg 2"" 3"" 4"" 5"" 6"" 7"" 8"" 9"" 10"" n""",0,9,8,"8""",,16.00
ssr,5,"oO"" Sg 2"" 3"" 4"" 5"" 6"" 7"" 8"" 9"" 10"" n""",0,9,9,"9""",,16.13
ssr,5,"oO"" Sg 2"" 3"" 4"" 5"" 6"" 7"" 8"" 9"" 10"" n""",0,9,10,"10""",,16.25
ssr,5,"oO"" Sg 2"" 3"" 4"" 5"" 6"" 7"" 8"" 9"" 10"" n""",0,9,n,"n""",,16.38
ssr,5,"oO"" Sg 2"" 3"" 4"" 5"" 6"" 7"" 8"" 9"" 10"" n""",0,10,column_1,,,11 FT.
ssr,5,"oO"" Sg 2"" 3"" 4"" 5"" 6"" 7"" 8"" 9"" 10"" n""",0,10,0,"0""",,16.50
ssr,5,"oO"" Sg 2"" 3"" 4"" 5"" 6"" 7"" 8"" 9"" 10"" n""",0,10,column_3,,,16.63
ssr,5,"oO"" Sg 2"" 3"" 4"" 5"" 6"" 7"" 8"" 9"" 10"" n""",0,10,2,"2""",,16.75
ssr,5,"oO"" Sg 2"" 3"" 4"" 5"" 6"" 7"" 8"" 9"" 10"" n""",0,10,3,"3""",,16.88
ssr,5,"oO"" Sg 2"" 3"" 4"" 5"" 6"" 7"" 8"" 9"" 10"" n""",0,10,4,"4""",,17.00
ssr,5,"oO"" Sg 2"" 3"" 4"" 5"" 6"" 7"" 8"" 9"" 10"" n""",0,10,5,"5""",,17.13
ssr,5,"oO"" Sg 2"" 3"" 4"" 5"" 6"" 7"" 8"" 9"" 10"" n""",0,10,6,"6""",,17.25
ssr,5,"oO"" Sg 2"" 3"" 4"" 5"" 6"" 7"" 8"" 9"" 10"" n""",0,10,7,"7""",,17.38
ssr,5,"oO"" Sg 2"" 3"" 4"" 5"" 6"" 7"" 8"" 9"" 10"" n""",0,10,8,"8""",,17.50
ssr,5,"oO"" Sg 2"" 3"" 4"" 5"" 6"" 7"" 8"" 9"" 10"" n""",0,10,9,"9""",,17.63
ssr,5,"oO"" Sg 2"" 3"" 4"" 5"" 6"" 7"" 8"" 9"" 10"" n""",0,10,10,"10""",,17.75
ssr,5,"oO"" Sg 2"" 3"" 4"" 5"" 6"" 7"" 8"" 9"" 10"" n""",0,10,n,"n""",,17.88
ssr,5,"oO"" Sg 2"" 3"" 4"" 5"" 6"" 7"" 8"" 9"" 10"" n""",0,11,column_1,,,12 FT.
ssr,5,"oO"" Sg 2"" 3"" 4"" 5"" 6"" 7"" 8"" 9"" 10"" n""",0,11,0,"0""",,18.00
ssr,5,"oO"" Sg 2"" 3"" 4"" 5"" 6"" 7"" 8"" 9"" 10"" n""",0,11,column_3,,,18.13
ssr,5,"oO"" Sg 2"" 3"" 4"" 5"" 6"" 7"" 8"" 9"" 10"" n""",0,11,2,"2""",,18.25
ssr,5,"oO"" Sg 2"" 3"" 4"" 5"" 6"" 7"" 8"" 9"" 10"" n""",0,11,3,"3""",,18.38
ssr,5,"oO"" Sg 2"" 3"" 4"" 5"" 6"" 7"" 8"" 9"" 10"" n""",0,11,4,"4""",,18.50
ssr,5,"oO"" Sg 2"" 3"" 4"" 5"" 6"" 7"" 8"" 9"" 10"" n""",0,11,5,"5""",,18.63
ssr,5,"oO"" Sg 2"" 3"" 4"" 5"" 6"" 7"" 8"" 9"" 10"" n""",0,11,6,"6""",,18.75
ssr,5,"oO"" Sg 2"" 3"" 4"" 5"" 6"" 7"" 8"" 9"" 10"" n""",0,11,7,"7""",,18.88
ssr,5,"oO"" Sg 2"" 3"" 4"" 5"" 6"" 7"" 8"" 9"" 10"" n""",0,11,8,"8""",,19.00
ssr,5,"oO"" Sg 2"" 3"" 4"" 5"" 6"" 7"" 8"" 9"" 10"" n""",0,11,9,"9""",,19.13
ssr,5,"oO"" Sg 2"" 3"" 4"" 5"" 6"" 7"" 8"" 9"" 10"" n""",0,11,10,"10""",,19.25
ssr,5,"oO"" Sg 2"" 3"" 4"" 5"" 6"" 7"" 8"" 9"" 10"" n""",0,11,n,"n""",,19.38
ssr,5,"oO"" Sg 2"" 3"" 4"" 5"" 6"" 7"" 8"" 9"" 10"" n""",0,12,column_1,,,13 FT.
ssr,5,"oO"" Sg 2"" 3"" 4"" 5"" 6"" 7"" 8"" 9"" 10"" n""",0,12,0,"0""",,19.50
ssr,5,"oO"" Sg 2"" 3"" 4"" 5"" 6"" 7"" 8"" 9"" 10"" n""",0,12,column_3,,,19.63
ssr,5,"oO"" Sg 2"" 3"" 4"" 5"" 6"" 7"" 8"" 9"" 10"" n""",0,12,2,"2""",,19.75
ssr,5,"oO"" Sg 2"" 3"" 4"" 5"" 6"" 7"" 8"" 9"" 10"" n""",0,12,3,"3""",,19.88
ssr,5,"oO"" Sg 2"" 3"" 4"" 5"" 6"" 7"" 8"" 9"" 10"" n""",0,12,4,"4""",,20.00
ssr,5,"oO"" Sg 2"" 3"" 4"" 5"" 6"" 7"" 8"" 9"" 10"" n""",0,12,5,"5""",,20.13
ssr,5,"oO"" Sg 2"" 3"" 4"" 5"" 6"" 7"" 8"" 9"" 10"" n""",0,12,6,"6""",,20.25
ssr,5,"oO"" Sg 2"" 3"" 4"" 5"" 6"" 7"" 8"" 9"" 10"" n""",0,12,7,"7""",,20.38
ssr,5,"oO"" Sg 2"" 3"" 4"" 5"" 6"" 7"" 8"" 9"" 10"" n""",0,12,8,"8""",,20.50
ssr,5,"oO"" Sg 2"" 3"" 4"" 5"" 6"" 7"" 8"" 9"" 10"" n""",0,12,9,"9""",,20.63
ssr,5,"oO"" Sg 2"" 3"" 4"" 5"" 6"" 7"" 8"" 9"" 10"" n""",0,12,10,"10""",,20.75
ssr,5,"oO"" Sg 2"" 3"" 4"" 5"" 6"" 7"" 8"" 9"" 10"" n""",0,12,n,"n""",,20.88
ssr,5,"oO"" Sg 2"" 3"" 4"" 5"" 6"" 7"" 8"" 9"" 10"" n""",0,13,column_1,,,14 FT.
ssr,5,"oO"" Sg 2"" 3"" 4"" 5"" 6"" 7"" 8"" 9"" 10"" n""",0,13,0,"0""",,21.00
ssr,5,"oO"" Sg 2"" 3"" 4"" 5"" 6"" 7"" 8"" 9"" 10"" n""",0,13,column_3,,,21.13
ssr,5,"oO"" Sg 2"" 3"" 4"" 5"" 6"" 7"" 8"" 9"" 10"" n""",0,13,2,"2""",,21.25
ssr,5,"oO"" Sg 2"" 3"" 4"" 5"" 6"" 7"" 8"" 9"" 10"" n""",0,13,3,"3""",,21.38
ssr,5,"oO"" Sg 2"" 3"" 4"" 5"" 6"" 7"" 8"" 9"" 10"" n""",0,13,4,"4""",,21.50
ssr,5,"oO"" Sg 2"" 3"" 4"" 5"" 6"" 7"" 8"" 9"" 10"" n""",0,13,5,"5""",,21.63
ssr,5,"oO"" Sg 2"" 3"" 4"" 5"" 6"" 7"" 8"" 9"" 10"" n""",0,13,6,"6""",,21.75
ssr,5,"oO"" Sg 2"" 3"" 4"" 5"" 6"" 7"" 8"" 9"" 10"" n""",0,13,7,"7""",,21.88
ssr,5,"oO"" Sg 2"" 3"" 4"" 5"" 6"" 7"" 8"" 9"" 10"" n""",0,13,8,"8""",,22.00
ssr,5,"oO"" Sg 2"" 3"" 4"" 5"" 6"" 7"" 8"" 9"" 10"" n""",0,13,9,"9""",,22.13
ssr,5,"oO"" Sg 2"" 3"" 4"" 5"" 6"" 7"" 8"" 9"" 10"" n""",0,13,10,"10""",,22.25
ssr,5,"oO"" Sg 2"" 3"" 4"" 5"" 6"" 7"" 8"" 9"" 10"" n""",0,13,n,"n""",,22.38
ssr,5,"oO"" Sg 2"" 3"" 4"" 5"" 6"" 7"" 8"" 9"" 10"" n""",0,14,column_1,,,15 FT.
ssr,5,"oO"" Sg 2"" 3"" 4"" 5"" 6"" 7"" 8"" 9"" 10"" n""",0,14,0,"0""",,22.50
ssr,5,"oO"" Sg 2"" 3"" 4"" 5"" 6"" 7"" 8"" 9"" 10"" n""",0,14,column_3,,,22.63
ssr,5,"oO"" Sg 2"" 3"" 4"" 5"" 6"" 7"" 8"" 9"" 10"" n""",0,14,2,"2""",,22.75
ssr,5,"oO"" Sg 2"" 3"" 4"" 5"" 6"" 7"" 8"" 9"" 10"" n""",0,14,3,"3""",,22.88
ssr,5,"oO"" Sg 2"" 3"" 4"" 5"" 6"" 7"" 8"" 9"" 10"" n""",0,14,4,"4""",,23.00
ssr,5,"oO"" Sg 2"" 3"" 4"" 5"" 6"" 7"" 8"" 9"" 10"" n""",0,14,5,"5""",,23.13
ssr,5,"oO"" Sg 2"" 3"" 4"" 5"" 6"" 7"" 8"" 9"" 10"" n""",0,14,6,"6""",,23.25
ssr,5,"oO"" Sg 2"" 3"" 4"" 5"" 6"" 7"" 8"" 9"" 10"" n""",0,14,7,"7""",,23.38
ssr,5,"oO"" Sg 2"" 3"" 4"" 5"" 6"" 7"" 8"" 9"" 10"" n""",0,14,8,"8""",,23.50
ssr,5,"oO"" Sg 2"" 3"" 4"" 5"" 6"" 7"" 8"" 9"" 10"" n""",0,14,9,"9""",,23.63
ssr,5,"oO"" Sg 2"" 3"" 4"" 5"" 6"" 7"" 8"" 9"" 10"" n""",0,14,10,"10""",,23.75
ssr,5,"oO"" Sg 2"" 3"" 4"" 5"" 6"" 7"" 8"" 9"" 10"" n""",0,14,n,"n""",,23.88
ssr,5,"oO"" Sg 2"" 3"" 4"" 5"" 6"" 7"" 8"" 9"" 10"" n""",0,15,column_1,,,16 FT.
ssr,5,"oO"" Sg 2"" 3"" 4"" 5"" 6"" 7"" 8"" 9"" 10"" n""",0,15,0,"0""",,24.00
ssr,5,"oO"" Sg 2"" 3"" 4"" 5"" 6"" 7"" 8"" 9"" 10"" n""",0,15,column_3,,,24.13
ssr,5,"oO"" Sg 2"" 3"" 4"" 5"" 6"" 7"" 8"" 9"" 10"" n""",0,15,2,"2""",,24.25
ssr,5,"oO"" Sg 2"" 3"" 4"" 5"" 6"" 7"" 8"" 9"" 10"" n""",0,15,3,"3""",,24.38
ssr,5,"oO"" Sg 2"" 3"" 4"" 5"" 6"" 7"" 8"" 9"" 10"" n""",0,15,4,"4""",,24.50
ssr,5,"oO"" Sg 2"" 3"" 4"" 5"" 6"" 7"" 8"" 9"" 10"" n""",0,15,5,"5""",,24.63
ssr,5,"oO"" Sg 2"" 3"" 4"" 5"" 6"" 7"" 8"" 9"" 10"" n""",0,15,6,"6""",,24.75
ssr,5,"oO"" Sg 2"" 3"" 4"" 5"" 6"" 7"" 8"" 9"" 10"" n""",0,15,7,"7""",,24.88
ssr,5,"oO"" Sg 2"" 3"" 4"" 5"" 6"" 7"" 8"" 9"" 10"" n""",0,15,8,"8""",,25.00
ssr,5,"oO"" Sg 2"" 3"" 4"" 5"" 6"" 7"" 8"" 9"" 10"" n""",0,15,9,"9""",,25.13
ssr,5,"oO"" Sg 2"" 3"" 4"" 5"" 6"" 7"" 8"" 9"" 10"" n""",0,15,10,"10""",,25.25
ssr,5,"oO"" Sg 2"" 3"" 4"" 5"" 6"" 7"" 8"" 9"" 10"" n""",0,15,n,"n""",,25.58
ssr,5,"oO"" Sg 2"" 3"" 4"" 5"" 6"" 7"" 8"" 9"" 10"" n""",0,16,column_1,,,17 FT.
ssr,5,"oO"" Sg 2"" 3"" 4"" 5"" 6"" 7"" 8"" 9"" 10"" n""",0,16,0,"0""",,25.50
ssr,5,"oO"" Sg 2"" 3"" 4"" 5"" 6"" 7"" 8"" 9"" 10"" n""",0,16,column_3,,,25.63
ssr,5,"oO"" Sg 2"" 3"" 4"" 5"" 6"" 7"" 8"" 9"" 10"" n""",0,16,2,"2""",,25.75
ssr,5,"oO"" Sg 2"" 3"" 4"" 5"" 6"" 7"" 8"" 9"" 10"" n""",0,16,3,"3""",,25.88
ssr,5,"oO"" Sg 2"" 3"" 4"" 5"" 6"" 7"" 8"" 9"" 10"" n""",0,16,4,"4""",,26.00
ssr,5,"oO"" Sg 2"" 3"" 4"" 5"" 6"" 7"" 8"" 9"" 10"" n""",0,16,5,"5""",,26.13
ssr,5,"oO"" Sg 2"" 3"" 4"" 5"" 6"" 7"" 8"" 9"" 10"" n""",0,16,6,"6""",,26.25
ssr,5,"oO"" Sg 2"" 3"" 4"" 5"" 6"" 7"" 8"" 9"" 10"" n""",0,16,7,"7""",,26.38
ssr,5,"oO"" Sg 2"" 3"" 4"" 5"" 6"" 7"" 8"" 9"" 10"" n""",0,16,8,"8""",,26.50
ssr,5,"oO"" Sg 2"" 3"" 4"" 5"" 6"" 7"" 8"" 9"" 10"" n""",0,16,9,"9""",,26.63
ssr,5,"oO"" Sg 2"" 3"" 4"" 5"" 6"" 7"" 8"" 9"" 10"" n""",0,16,10,"10""",,26.75
ssr,5,"oO"" Sg 2"" 3"" 4"" 5"" 6"" 7"" 8"" 9"" 10"" n""",0,16,n,"n""",,26.88
ssr,5,"oO"" Sg 2"" 3"" 4"" 5"" 6"" 7"" 8"" 9"" 10"" n""",0,17,column_1,,,18 FT.
ssr,5,"oO"" Sg 2"" 3"" 4"" 5"" 6"" 7"" 8"" 9"" 10"" n""",0,17,0,"0""",,27.00
ssr,5,"oO"" Sg 2"" 3"" 4"" 5"" 6"" 7"" 8"" 9"" 10"" n""",0,17,column_3,,,27.13
ssr,5,"oO"" Sg 2"" 3"" 4"" 5"" 6"" 7"" 8"" 9"" 10"" n""",0,17,2,"2""",,27.25
ssr,5,"oO"" Sg 2"" 3"" 4"" 5"" 6"" 7"" 8"" 9"" 10"" n""",0,17,3,"3""",,27.38
ssr,5,"oO"" Sg 2"" 3"" 4"" 5"" 6"" 7"" 8"" 9"" 10"" n""",0,17,4,"4""",,27.50
ssr,5,"oO"" Sg 2"" 3"" 4"" 5"" 6"" 7"" 8"" 9"" 10"" n""",0,17,5,"5""",,27.63
ssr,5,"oO"" Sg 2"" 3"" 4"" 5"" 6"" 7"" 8"" 9"" 10"" n""",0,17,6,"6""",,27.75
ssr,5,"oO"" Sg 2"" 3"" 4"" 5"" 6"" 7"" 8"" 9"" 10"" n""",0,17,7,"7""",,27.88
ssr,5,"oO"" Sg 2"" 3"" 4"" 5"" 6"" 7"" 8"" 9"" 10"" n""",0,17,8,"8""",,28.00
ssr,5,"oO"" Sg 2"" 3"" 4"" 5"" 6"" 7"" 8"" 9"" 10"" n""",0,17,9,"9""",,28.13
ssr,5,"oO"" Sg 2"" 3"" 4"" 5"" 6"" 7"" 8"" 9"" 10"" n""",0,17,10,"10""",,28.25
ssr,5,"oO"" Sg 2"" 3"" 4"" 5"" 6"" 7"" 8"" 9"" 10"" n""",0,17,n,"n""",,28.38
ssr,5,"oO"" Sg 2"" 3"" 4"" 5"" 6"" 7"" 8"" 9"" 10"" n""",0,18,column_1,,,19 FT.
ssr,5,"oO"" Sg 2"" 3"" 4"" 5"" 6"" 7"" 8"" 9"" 10"" n""",0,18,0,"0""",,28.50
ssr,5,"oO"" Sg 2"" 3"" 4"" 5"" 6"" 7"" 8"" 9"" 10"" n""",0,18,column_3,,,28.63
ssr,5,"oO"" Sg 2"" 3"" 4"" 5"" 6"" 7"" 8"" 9"" 10"" n""",0,18,2,"2""",,28.75
ssr,5,"oO"" Sg 2"" 3"" 4"" 5"" 6"" 7"" 8"" 9"" 10"" n""",0,18,3,"3""",,28.88
ssr,5,"oO"" Sg 2"" 3"" 4"" 5"" 6"" 7"" 8"" 9"" 10"" n""",0,18,4,"4""",,29.00
ssr,5,"oO"" Sg 2"" 3"" 4"" 5"" 6"" 7"" 8"" 9"" 10"" n""",0,18,5,"5""",,29.13
ssr,5,"oO"" Sg 2"" 3"" 4"" 5"" 6"" 7"" 8"" 9"" 10"" n""",0,18,6,"6""",,29.25
ssr,5,"oO"" Sg 2"" 3"" 4"" 5"" 6"" 7"" 8"" 9"" 10"" n""",0,18,7,"7""",,29.38
ssr,5,"oO"" Sg 2"" 3"" 4"" 5"" 6"" 7"" 8"" 9"" 10"" n""",0,18,8,"8""",,29.50
ssr,5,"oO"" Sg 2"" 3"" 4"" 5"" 6"" 7"" 8"" 9"" 10"" n""",0,18,9,"9""",,29.63
ssr,5,"oO"" Sg 2"" 3"" 4"" 5"" 6"" 7"" 8"" 9"" 10"" n""",0,18,10,"10""",,29.75
ssr,5,"oO"" Sg 2"" 3"" 4"" 5"" 6"" 7"" 8"" 9"" 10"" n""",0,18,n,"n""",,29.88
ssr,5,"oO"" Sg 2"" 3"" 4"" 5"" 6"" 7"" 8"" 9"" 10"" n""",0,19,column_1,,,20 FT.
ssr,5,"oO"" Sg 2"" 3"" 4"" 5"" 6"" 7"" 8"" 9"" 10"" n""",0,19,0,"0""",,30.00
ssr,5,"oO"" Sg 2"" 3"" 4"" 5"" 6"" 7"" 8"" 9"" 10"" n""",0,19,column_3,,,30.13
ssr,5,"oO"" Sg 2"" 3"" 4"" 5"" 6"" 7"" 8"" 9"" 10"" n""",0,19,2,"2""",,30.25
ssr,5,"oO"" Sg 2"" 3"" 4"" 5"" 6"" 7"" 8"" 9"" 10"" n""",0,19,3,"3""",,30.38
ssr,5,"oO"" Sg 2"" 3"" 4"" 5"" 6"" 7"" 8"" 9"" 10"" n""",0,19,4,"4""",,30.50
ssr,5,"oO"" Sg 2"" 3"" 4"" 5"" 6"" 7"" 8"" 9"" 10"" n""",0,19,5,"5""",,30.63
ssr,5,"oO"" Sg 2"" 3"" 4"" 5"" 6"" 7"" 8"" 9"" 10"" n""",0,19,6,"6""",,30.75
ssr,5,"oO"" Sg 2"" 3"" 4"" 5"" 6"" 7"" 8"" 9"" 10"" n""",0,19,7,"7""",,30.88
ssr,5,"oO"" Sg 2"" 3"" 4"" 5"" 6"" 7"" 8"" 9"" 10"" n""",0,19,8,"8""",,31.00
ssr,5,"oO"" Sg 2"" 3"" 4"" 5"" 6"" 7"" 8"" 9"" 10"" n""",0,19,9,"9""",,31.13
ssr,5,"oO"" Sg 2"" 3"" 4"" 5"" 6"" 7"" 8"" 9"" 10"" n""",0,19,10,"10""",,31.25
ssr,5,"oO"" Sg 2"" 3"" 4"" 5"" 6"" 7"" 8"" 9"" 10"" n""",0,19,n,"n""",,31.38
ssr,5,"oO"" Sg 2"" 3"" 4"" 5"" 6"" 7"" 8"" 9"" 10"" n""",0,20,column_1,,,21 FT.
ssr,5,"oO"" Sg 2"" 3"" 4"" 5"" 6"" 7"" 8"" 9"" 10"" n""",0,20,0,"0""",,31.50
ssr,5,"oO"" Sg 2"" 3"" 4"" 5"" 6"" 7"" 8"" 9"" 10"" n""",0,20,column_3,,,31.63
ssr,5,"oO"" Sg 2"" 3"" 4"" 5"" 6"" 7"" 8"" 9"" 10"" n""",0,20,2,"2""",,31.75
ssr,5,"oO"" Sg 2"" 3"" 4"" 5"" 6"" 7"" 8"" 9"" 10"" n""",0,20,3,"3""",,31.88
ssr,5,"oO"" Sg 2"" 3"" 4"" 5"" 6"" 7"" 8"" 9"" 10"" n""",0,20,4,"4""",,32.00
ssr,5,"oO"" Sg 2"" 3"" 4"" 5"" 6"" 7"" 8"" 9"" 10"" n""",0,20,5,"5""",,32.13
ssr,5,"oO"" Sg 2"" 3"" 4"" 5"" 6"" 7"" 8"" 9"" 10"" n""",0,20,6,"6""",,32.25
ssr,5,"oO"" Sg 2"" 3"" 4"" 5"" 6"" 7"" 8"" 9"" 10"" n""",0,20,7,"7""",,32.38
ssr,5,"oO"" Sg 2"" 3"" 4"" 5"" 6"" 7"" 8"" 9"" 10"" n""",0,20,8,"8""",,32.50
ssr,5,"oO"" Sg 2"" 3"" 4"" 5"" 6"" 7"" 8"" 9"" 10"" n""",0,20,9,"9""",,32.63
ssr,5,"oO"" Sg 2"" 3"" 4"" 5"" 6"" 7"" 8"" 9"" 10"" n""",0,20,10,"10""",,32.75
ssr,5,"oO"" Sg 2"" 3"" 4"" 5"" 6"" 7"" 8"" 9"" 10"" n""",0,20,n,"n""",,32.88
ssr,5,"oO"" Sg 2"" 3"" 4"" 5"" 6"" 7"" 8"" 9"" 10"" n""",0,21,column_1,,,22 FT.
ssr,5,"oO"" Sg 2"" 3"" 4"" 5"" 6"" 7"" 8"" 9"" 10"" n""",0,21,0,"0""",,33.00
ssr,5,"oO"" Sg 2"" 3"" 4"" 5"" 6"" 7"" 8"" 9"" 10"" n""",0,21,column_3,,,33.13
ssr,5,"oO"" Sg 2"" 3"" 4"" 5"" 6"" 7"" 8"" 9"" 10"" n""",0,21,2,"2""",,33.25
ssr,5,"oO"" Sg 2"" 3"" 4"" 5"" 6"" 7"" 8"" 9"" 10"" n""",0,21,3,"3""",,33.38
ssr,5,"oO"" Sg 2"" 3"" 4"" 5"" 6"" 7"" 8"" 9"" 10"" n""",0,21,4,"4""",,33.50
ssr,5,"oO"" Sg 2"" 3"" 4"" 5"" 6"" 7"" 8"" 9"" 10"" n""",0,21,5,"5""",,33.63
ssr,5,"oO"" Sg 2"" 3"" 4"" 5"" 6"" 7"" 8"" 9"" 10"" n""",0,21,6,"6""",,33.75
ssr,5,"oO"" Sg 2"" 3"" 4"" 5"" 6"" 7"" 8"" 9"" 10"" n""",0,21,7,"7""",,33.88
ssr,5,"oO"" Sg 2"" 3"" 4"" 5"" 6"" 7"" 8"" 9"" 10"" n""",0,21,8,"8""",,34.00
ssr,5,"oO"" Sg 2"" 3"" 4"" 5"" 6"" 7"" 8"" 9"" 10"" n""",0,21,9,"9""",,34.13
ssr,5,"oO"" Sg 2"" 3"" 4"" 5"" 6"" 7"" 8"" 9"" 10"" n""",0,21,10,"10""",,34.25
ssr,5,"oO"" Sg 2"" 3"" 4"" 5"" 6"" 7"" 8"" 9"" 10"" n""",0,21,n,"n""",,34.38
ssr,5,"oO"" Sg 2"" 3"" 4"" 5"" 6"" 7"" 8"" 9"" 10"" n""",0,22,column_1,,,23 FT.
ssr,5,"oO"" Sg 2"" 3"" 4"" 5"" 6"" 7"" 8"" 9"" 10"" n""",0,22,0,"0""",,34.50
ssr,5,"oO"" Sg 2"" 3"" 4"" 5"" 6"" 7"" 8"" 9"" 10"" n""",0,22,column_3,,,34.63
ssr,5,"oO"" Sg 2"" 3"" 4"" 5"" 6"" 7"" 8"" 9"" 10"" n""",0,22,2,"2""",,34.75
ssr,5,"oO"" Sg 2"" 3"" 4"" 5"" 6"" 7"" 8"" 9"" 10"" n""",0,22,3,"3""",,34.88
ssr,5,"oO"" Sg 2"" 3"" 4"" 5"" 6"" 7"" 8"" 9"" 10"" n""",0,22,4,"4""",,35.00
ssr,5,"oO"" Sg 2"" 3"" 4"" 5"" 6"" 7"" 8"" 9"" 10"" n""",0,22,5,"5""",,35.13
ssr,5,"oO"" Sg 2"" 3"" 4"" 5"" 6"" 7"" 8"" 9"" 10"" n""",0,22,6,"6""",,35.25
ssr,5,"oO"" Sg 2"" 3"" 4"" 5"" 6"" 7"" 8"" 9"" 10"" n""",0,22,7,"7""",,35.38
ssr,5,"oO"" Sg 2"" 3"" 4"" 5"" 6"" 7"" 8"" 9"" 10"" n""",0,22,8,"8""",,35.50
ssr,5,"oO"" Sg 2"" 3"" 4"" 5"" 6"" 7"" 8"" 9"" 10"" n""",0,22,9,"9""",,35.63
ssr,5,"oO"" Sg 2"" 3"" 4"" 5"" 6"" 7"" 8"" 9"" 10"" n""",0,22,10,"10""",,35.75
ssr,5,"oO"" Sg 2"" 3"" 4"" 5"" 6"" 7"" 8"" 9"" 10"" n""",0,22,n,"n""",,35.88
ssr,5,"oO"" Sg 2"" 3"" 4"" 5"" 6"" 7"" 8"" 9"" 10"" n""",0,23,column_1,,,24 FT.
ssr,5,"oO"" Sg 2"" 3"" 4"" 5"" 6"" 7"" 8"" 9"" 10"" n""",0,23,0,"0""",,36.00
ssr,5,"oO"" Sg 2"" 3"" 4"" 5"" 6"" 7"" 8"" 9"" 10"" n""",0,23,column_3,,,36.13
ssr,5,"oO"" Sg 2"" 3"" 4"" 5"" 6"" 7"" 8"" 9"" 10"" n""",0,23,2,"2""",,36.25
ssr,5,"oO"" Sg 2"" 3"" 4"" 5"" 6"" 7"" 8"" 9"" 10"" n""",0,23,3,"3""",,36.38
ssr,5,"oO"" Sg 2"" 3"" 4"" 5"" 6"" 7"" 8"" 9"" 10"" n""",0,23,4,"4""",,36.50
ssr,5,"oO"" Sg 2"" 3"" 4"" 5"" 6"" 7"" 8"" 9"" 10"" n""",0,23,5,"5""",,36.63
ssr,5,"oO"" Sg 2"" 3"" 4"" 5"" 6"" 7"" 8"" 9"" 10"" n""",0,23,6,"6""",,36.75
ssr,5,"oO"" Sg 2"" 3"" 4"" 5"" 6"" 7"" 8"" 9"" 10"" n""",0,23,7,"7""",,36.88
ssr,5,"oO"" Sg 2"" 3"" 4"" 5"" 6"" 7"" 8"" 9"" 10"" n""",0,23,8,"8""",,37.00
ssr,5,"oO"" Sg 2"" 3"" 4"" 5"" 6"" 7"" 8"" 9"" 10"" n""",0,23,9,"9""",,37.13
ssr,5,"oO"" Sg 2"" 3"" 4"" 5"" 6"" 7"" 8"" 9"" 10"" n""",0,23,10,"10""",,37.25
ssr,5,"oO"" Sg 2"" 3"" 4"" 5"" 6"" 7"" 8"" 9"" 10"" n""",0,23,n,"n""",,37.38
ssr,5,"oO"" Sg 2"" 3"" 4"" 5"" 6"" 7"" 8"" 9"" 10"" n""",0,24,column_1,,,25 FT.
ssr,5,"oO"" Sg 2"" 3"" 4"" 5"" 6"" 7"" 8"" 9"" 10"" n""",0,24,0,"0""",,37.50
ssr,5,"oO"" Sg 2"" 3"" 4"" 5"" 6"" 7"" 8"" 9"" 10"" n""",0,24,column_3,,,37.63
ssr,5,"oO"" Sg 2"" 3"" 4"" 5"" 6"" 7"" 8"" 9"" 10"" n""",0,24,2,"2""",,37.75
ssr,5,"oO"" Sg 2"" 3"" 4"" 5"" 6"" 7"" 8"" 9"" 10"" n""",0,24,3,"3""",,37.88
ssr,5,"oO"" Sg 2"" 3"" 4"" 5"" 6"" 7"" 8"" 9"" 10"" n""",0,24,4,"4""",,38.00
ssr,5,"oO"" Sg 2"" 3"" 4"" 5"" 6"" 7"" 8"" 9"" 10"" n""",0,24,5,"5""",,38.13
ssr,5,"oO"" Sg 2"" 3"" 4"" 5"" 6"" 7"" 8"" 9"" 10"" n""",0,24,6,"6""",,38.25
ssr,5,"oO"" Sg 2"" 3"" 4"" 5"" 6"" 7"" 8"" 9"" 10"" n""",0,24,7,"7""",,38.38
ssr,5,"oO"" Sg 2"" 3"" 4"" 5"" 6"" 7"" 8"" 9"" 10"" n""",0,24,8,"8""",,38.50
ssr,5,"oO"" Sg 2"" 3"" 4"" 5"" 6"" 7"" 8"" 9"" 10"" n""",0,24,9,"9""",,38.63
ssr,5,"oO"" Sg 2"" 3"" 4"" 5"" 6"" 7"" 8"" 9"" 10"" n""",0,24,10,"10""",,38.75
ssr,5,"oO"" Sg 2"" 3"" 4"" 5"" 6"" 7"" 8"" 9"" 10"" n""",0,24,n,"n""",,38.88
ssr,5,"oO"" Sg 2"" 3"" 4"" 5"" 6"" 7"" 8"" 9"" 10"" n""",0,25,column_1,,,26 FT.
ssr,5,"oO"" Sg 2"" 3"" 4"" 5"" 6"" 7"" 8"" 9"" 10"" n""",0,25,0,"0""",,39.00
ssr,5,"oO"" Sg 2"" 3"" 4"" 5"" 6"" 7"" 8"" 9"" 10"" n""",0,25,column_3,,,39.13
ssr,5,"oO"" Sg 2"" 3"" 4"" 5"" 6"" 7"" 8"" 9"" 10"" n""",0,25,2,"2""",,39.25
ssr,5,"oO"" Sg 2"" 3"" 4"" 5"" 6"" 7"" 8"" 9"" 10"" n""",0,25,3,"3""",,39.38
ssr,5,"oO"" Sg 2"" 3"" 4"" 5"" 6"" 7"" 8"" 9"" 10"" n""",0,25,4,"4""",,39.50
ssr,5,"oO"" Sg 2"" 3"" 4"" 5"" 6"" 7"" 8"" 9"" 10"" n""",0,25,5,"5""",,39.63
ssr,5,"oO"" Sg 2"" 3"" 4"" 5"" 6"" 7"" 8"" 9"" 10"" n""",0,25,6,"6""",,39.75
ssr,5,"oO"" Sg 2"" 3"" 4"" 5"" 6"" 7"" 8"" 9"" 10"" n""",0,25,7,"7""",,39.88
ssr,5,"oO"" Sg 2"" 3"" 4"" 5"" 6"" 7"" 8"" 9"" 10"" n""",0,25,8,"8""",,40.00
ssr,5,"oO"" Sg 2"" 3"" 4"" 5"" 6"" 7"" 8"" 9"" 10"" n""",0,25,9,"9""",,40.13
ssr,5,"oO"" Sg 2"" 3"" 4"" 5"" 6"" 7"" 8"" 9"" 10"" n""",0,25,10,"10""",,40.25
ssr,5,"oO"" Sg 2"" 3"" 4"" 5"" 6"" 7"" 8"" 9"" 10"" n""",0,25,n,"n""",,40.38
ssr,5,"oO"" Sg 2"" 3"" 4"" 5"" 6"" 7"" 8"" 9"" 10"" n""",0,26,column_1,,,27 FT.
ssr,5,"oO"" Sg 2"" 3"" 4"" 5"" 6"" 7"" 8"" 9"" 10"" n""",0,26,0,"0""",,40.50
ssr,5,"oO"" Sg 2"" 3"" 4"" 5"" 6"" 7"" 8"" 9"" 10"" n""",0,26,column_3,,,40.63
ssr,5,"oO"" Sg 2"" 3"" 4"" 5"" 6"" 7"" 8"" 9"" 10"" n""",0,26,2,"2""",,40.75
ssr,5,"oO"" Sg 2"" 3"" 4"" 5"" 6"" 7"" 8"" 9"" 10"" n""",0,26,3,"3""",,40.88
ssr,5,"oO"" Sg 2"" 3"" 4"" 5"" 6"" 7"" 8"" 9"" 10"" n""",0,26,4,"4""",,41.00
ssr,5,"oO"" Sg 2"" 3"" 4"" 5"" 6"" 7"" 8"" 9"" 10"" n""",0,26,5,"5""",,41.13
ssr,5,"oO"" Sg 2"" 3"" 4"" 5"" 6"" 7"" 8"" 9"" 10"" n""",0,26,6,"6""",,41.25
ssr,5,"oO"" Sg 2"" 3"" 4"" 5"" 6"" 7"" 8"" 9"" 10"" n""",0,26,7,"7""",,41.38
ssr,5,"oO"" Sg 2"" 3"" 4"" 5"" 6"" 7"" 8"" 9"" 10"" n""",0,26,8,"8""",,41.50
ssr,5,"oO"" Sg 2"" 3"" 4"" 5"" 6"" 7"" 8"" 9"" 10"" n""",0,26,9,"9""",,41.63
ssr,5,"oO"" Sg 2"" 3"" 4"" 5"" 6"" 7"" 8"" 9"" 10"" n""",0,26,10,"10""",,41.75
ssr,5,"oO"" Sg 2"" 3"" 4"" 5"" 6"" 7"" 8"" 9"" 10"" n""",0,26,n,"n""",,41.88
ssr,5,"oO"" Sg 2"" 3"" 4"" 5"" 6"" 7"" 8"" 9"" 10"" n""",0,27,column_1,,,28 FT.
ssr,5,"oO"" Sg 2"" 3"" 4"" 5"" 6"" 7"" 8"" 9"" 10"" n""",0,27,0,"0""",,42.00
ssr,5,"oO"" Sg 2"" 3"" 4"" 5"" 6"" 7"" 8"" 9"" 10"" n""",0,27,column_3,,,42.13
ssr,5,"oO"" Sg 2"" 3"" 4"" 5"" 6"" 7"" 8"" 9"" 10"" n""",0,27,2,"2""",,42.25
ssr,5,"oO"" Sg 2"" 3"" 4"" 5"" 6"" 7"" 8"" 9"" 10"" n""",0,27,3,"3""",,42.38
ssr,5,"oO"" Sg 2"" 3"" 4"" 5"" 6"" 7"" 8"" 9"" 10"" n""",0,27,4,"4""",,42.50
ssr,5,"oO"" Sg 2"" 3"" 4"" 5"" 6"" 7"" 8"" 9"" 10"" n""",0,27,5,"5""",,42.63
ssr,5,"oO"" Sg 2"" 3"" 4"" 5"" 6"" 7"" 8"" 9"" 10"" n""",0,27,6,"6""",,42.75
ssr,5,"oO"" Sg 2"" 3"" 4"" 5"" 6"" 7"" 8"" 9"" 10"" n""",0,27,7,"7""",,42.88
ssr,5,"oO"" Sg 2"" 3"" 4"" 5"" 6"" 7"" 8"" 9"" 10"" n""",0,27,8,"8""",,43.00
ssr,5,"oO"" Sg 2"" 3"" 4"" 5"" 6"" 7"" 8"" 9"" 10"" n""",0,27,9,"9""",,43.13
ssr,5,"oO"" Sg 2"" 3"" 4"" 5"" 6"" 7"" 8"" 9"" 10"" n""",0,27,10,"10""",,43.25
ssr,5,"oO"" Sg 2"" 3"" 4"" 5"" 6"" 7"" 8"" 9"" 10"" n""",0,27,n,"n""",,43.38
ssr,5,"oO"" Sg 2"" 3"" 4"" 5"" 6"" 7"" 8"" 9"" 10"" n""",0,28,column_1,,,29 FT.
ssr,5,"oO"" Sg 2"" 3"" 4"" 5"" 6"" 7"" 8"" 9"" 10"" n""",0,28,0,"0""",,43.50
ssr,5,"oO"" Sg 2"" 3"" 4"" 5"" 6"" 7"" 8"" 9"" 10"" n""",0,28,column_3,,,43.63
ssr,5,"oO"" Sg 2"" 3"" 4"" 5"" 6"" 7"" 8"" 9"" 10"" n""",0,28,2,"2""",,43.75
ssr,5,"oO"" Sg 2"" 3"" 4"" 5"" 6"" 7"" 8"" 9"" 10"" n""",0,28,3,"3""",,43.88
ssr,5,"oO"" Sg 2"" 3"" 4"" 5"" 6"" 7"" 8"" 9"" 10"" n""",0,28,4,"4""",,44.00
ssr,5,"oO"" Sg 2"" 3"" 4"" 5"" 6"" 7"" 8"" 9"" 10"" n""",0,28,5,"5""",,44.13
ssr,5,"oO"" Sg 2"" 3"" 4"" 5"" 6"" 7"" 8"" 9"" 10"" n""",0,28,6,"6""",,44.25
ssr,5,"oO"" Sg 2"" 3"" 4"" 5"" 6"" 7"" 8"" 9"" 10"" n""",0,28,7,"7""",,44.38
ssr,5,"oO"" Sg 2"" 3"" 4"" 5"" 6"" 7"" 8"" 9"" 10"" n""",0,28,8,"8""",,44.50
ssr,5,"oO"" Sg 2"" 3"" 4"" 5"" 6"" 7"" 8"" 9"" 10"" n""",0,28,9,"9""",,44.63
ssr,5,"oO"" Sg 2"" 3"" 4"" 5"" 6"" 7"" 8"" 9"" 10"" n""",0,28,10,"10""",,44.75
ssr,5,"oO"" Sg 2"" 3"" 4"" 5"" 6"" 7"" 8"" 9"" 10"" n""",0,28,n,"n""",,44.88
ssr,5,"oO"" Sg 2"" 3"" 4"" 5"" 6"" 7"" 8"" 9"" 10"" n""",0,29,column_1,,,30 FT.
ssr,5,"oO"" Sg 2"" 3"" 4"" 5"" 6"" 7"" 8"" 9"" 10"" n""",0,29,0,"0""",,45.00
ssr,5,"oO"" Sg 2"" 3"" 4"" 5"" 6"" 7"" 8"" 9"" 10"" n""",0,29,column_3,,,45.13
ssr,5,"oO"" Sg 2"" 3"" 4"" 5"" 6"" 7"" 8"" 9"" 10"" n""",0,29,2,"2""",,45.25
ssr,5,"oO"" Sg 2"" 3"" 4"" 5"" 6"" 7"" 8"" 9"" 10"" n""",0,29,3,"3""",,45.38
ssr,5,"oO"" Sg 2"" 3"" 4"" 5"" 6"" 7"" 8"" 9"" 10"" n""",0,29,4,"4""",,45.50
ssr,5,"oO"" Sg 2"" 3"" 4"" 5"" 6"" 7"" 8"" 9"" 10"" n""",0,29,5,"5""",,45.63
ssr,5,"oO"" Sg 2"" 3"" 4"" 5"" 6"" 7"" 8"" 9"" 10"" n""",0,29,6,"6""",,45.75
ssr,5,"oO"" Sg 2"" 3"" 4"" 5"" 6"" 7"" 8"" 9"" 10"" n""",0,29,7,"7""",,45.88
ssr,5,"oO"" Sg 2"" 3"" 4"" 5"" 6"" 7"" 8"" 9"" 10"" n""",0,29,8,"8""",,46.00
ssr,5,"oO"" Sg 2"" 3"" 4"" 5"" 6"" 7"" 8"" 9"" 10"" n""",0,29,9,"9""",,46.13
ssr,5,"oO"" Sg 2"" 3"" 4"" 5"" 6"" 7"" 8"" 9"" 10"" n""",0,29,10,"10""",,46.25
ssr,5,"oO"" Sg 2"" 3"" 4"" 5"" 6"" 7"" 8"" 9"" 10"" n""",0,29,n,"n""",,46.38
ssr,5,"oO"" Sg 2"" 3"" 4"" 5"" 6"" 7"" 8"" 9"" 10"" n""",0,30,column_1,,,31 FT.
ssr,5,"oO"" Sg 2"" 3"" 4"" 5"" 6"" 7"" 8"" 9"" 10"" n""",0,30,0,"0""",,46.50
ssr,5,"oO"" Sg 2"" 3"" 4"" 5"" 6"" 7"" 8"" 9"" 10"" n""",0,30,column_3,,,46.63
ssr,5,"oO"" Sg 2"" 3"" 4"" 5"" 6"" 7"" 8"" 9"" 10"" n""",0,30,2,"2""",,46.75
ssr,5,"oO"" Sg 2"" 3"" 4"" 5"" 6"" 7"" 8"" 9"" 10"" n""",0,30,3,"3""",,46.88
ssr,5,"oO"" Sg 2"" 3"" 4"" 5"" 6"" 7"" 8"" 9"" 10"" n""",0,30,4,"4""",,47.00
ssr,5,"oO"" Sg 2"" 3"" 4"" 5"" 6"" 7"" 8"" 9"" 10"" n""",0,30,5,"5""",,47.13
ssr,5,"oO"" Sg 2"" 3"" 4"" 5"" 6"" 7"" 8"" 9"" 10"" n""",0,30,6,"6""",,47.25
ssr,5,"oO"" Sg 2"" 3"" 4"" 5"" 6"" 7"" 8"" 9"" 10"" n""",0,30,7,"7""",,47.38
ssr,5,"oO"" Sg 2"" 3"" 4"" 5"" 6"" 7"" 8"" 9"" 10"" n""",0,30,8,"8""",,47.50
ssr,5,"oO"" Sg 2"" 3"" 4"" 5"" 6"" 7"" 8"" 9"" 10"" n""",0,30,9,"9""",,47.63
ssr,5,"oO"" Sg 2"" 3"" 4"" 5"" 6"" 7"" 8"" 9"" 10"" n""",0,30,10,"10""",,47.75
ssr,5,"oO"" Sg 2"" 3"" 4"" 5"" 6"" 7"" 8"" 9"" 10"" n""",0,30,n,"n""",,47.88
ssr,5,"oO"" Sg 2"" 3"" 4"" 5"" 6"" 7"" 8"" 9"" 10"" n""",0,31,column_1,,,32 FT.
ssr,5,"oO"" Sg 2"" 3"" 4"" 5"" 6"" 7"" 8"" 9"" 10"" n""",0,31,0,"0""",,48.00
ssr,5,"oO"" Sg 2"" 3"" 4"" 5"" 6"" 7"" 8"" 9"" 10"" n""",0,31,column_3,,,48.13
ssr,5,"oO"" Sg 2"" 3"" 4"" 5"" 6"" 7"" 8"" 9"" 10"" n""",0,31,2,"2""",,48.25
ssr,5,"oO"" Sg 2"" 3"" 4"" 5"" 6"" 7"" 8"" 9"" 10"" n""",0,31,3,"3""",,48.38
ssr,5,"oO"" Sg 2"" 3"" 4"" 5"" 6"" 7"" 8"" 9"" 10"" n""",0,31,4,"4""",,48.50
ssr,5,"oO"" Sg 2"" 3"" 4"" 5"" 6"" 7"" 8"" 9"" 10"" n""",0,31,5,"5""",,48.63
ssr,5,"oO"" Sg 2"" 3"" 4"" 5"" 6"" 7"" 8"" 9"" 10"" n""",0,31,6,"6""",,48.75
ssr,5,"oO"" Sg 2"" 3"" 4"" 5"" 6"" 7"" 8"" 9"" 10"" n""",0,31,7,"7""",,48.88
ssr,5,"oO"" Sg 2"" 3"" 4"" 5"" 6"" 7"" 8"" 9"" 10"" n""",0,31,8,"8""",,49.00
ssr,5,"oO"" Sg 2"" 3"" 4"" 5"" 6"" 7"" 8"" 9"" 10"" n""",0,31,9,"9""",,49.13
ssr,5,"oO"" Sg 2"" 3"" 4"" 5"" 6"" 7"" 8"" 9"" 10"" n""",0,31,10,"10""",,49.25
ssr,5,"oO"" Sg 2"" 3"" 4"" 5"" 6"" 7"" 8"" 9"" 10"" n""",0,31,n,"n""",,49.38
ssr,5,"oO"" Sg 2"" 3"" 4"" 5"" 6"" 7"" 8"" 9"" 10"" n""",0,32,column_1,,,33 FT.
ssr,5,"oO"" Sg 2"" 3"" 4"" 5"" 6"" 7"" 8"" 9"" 10"" n""",0,32,0,"0""",,49.50
ssr,5,"oO"" Sg 2"" 3"" 4"" 5"" 6"" 7"" 8"" 9"" 10"" n""",0,32,column_3,,,49.63
ssr,5,"oO"" Sg 2"" 3"" 4"" 5"" 6"" 7"" 8"" 9"" 10"" n""",0,32,2,"2""",,49.75
ssr,5,"oO"" Sg 2"" 3"" 4"" 5"" 6"" 7"" 8"" 9"" 10"" n""",0,32,3,"3""",,49.88
ssr,5,"oO"" Sg 2"" 3"" 4"" 5"" 6"" 7"" 8"" 9"" 10"" n""",0,32,4,"4""",,50.00
ssr,5,"oO"" Sg 2"" 3"" 4"" 5"" 6"" 7"" 8"" 9"" 10"" n""",0,32,5,"5""",,50.13
ssr,5,"oO"" Sg 2"" 3"" 4"" 5"" 6"" 7"" 8"" 9"" 10"" n""",0,32,6,"6""",,50.25
ssr,5,"oO"" Sg 2"" 3"" 4"" 5"" 6"" 7"" 8"" 9"" 10"" n""",0,32,7,"7""",,50.38
ssr,5,"oO"" Sg 2"" 3"" 4"" 5"" 6"" 7"" 8"" 9"" 10"" n""",0,32,8,"8""",,50.50
ssr,5,"oO"" Sg 2"" 3"" 4"" 5"" 6"" 7"" 8"" 9"" 10"" n""",0,32,9,"9""",,50.63
ssr,5,"oO"" Sg 2"" 3"" 4"" 5"" 6"" 7"" 8"" 9"" 10"" n""",0,32,10,"10""",,50.75
ssr,5,"oO"" Sg 2"" 3"" 4"" 5"" 6"" 7"" 8"" 9"" 10"" n""",0,32,n,"n""",,50.88
ssr,5,"oO"" Sg 2"" 3"" 4"" 5"" 6"" 7"" 8"" 9"" 10"" n""",0,33,column_1,,,34 FT.
ssr,5,"oO"" Sg 2"" 3"" 4"" 5"" 6"" 7"" 8"" 9"" 10"" n""",0,33,0,"0""",,51.00
ssr,5,"oO"" Sg 2"" 3"" 4"" 5"" 6"" 7"" 8"" 9"" 10"" n""",0,33,column_3,,,51.13
ssr,5,"oO"" Sg 2"" 3"" 4"" 5"" 6"" 7"" 8"" 9"" 10"" n""",0,33,2,"2""",,51.25
ssr,5,"oO"" Sg 2"" 3"" 4"" 5"" 6"" 7"" 8"" 9"" 10"" n""",0,33,3,"3""",,51.38
ssr,5,"oO"" Sg 2"" 3"" 4"" 5"" 6"" 7"" 8"" 9"" 10"" n""",0,33,4,"4""",,51.50
ssr,5,"oO"" Sg 2"" 3"" 4"" 5"" 6"" 7"" 8"" 9"" 10"" n""",0,33,5,"5""",,51.63
ssr,5,"oO"" Sg 2"" 3"" 4"" 5"" 6"" 7"" 8"" 9"" 10"" n""",0,33,6,"6""",,51.75
ssr,5,"oO"" Sg 2"" 3"" 4"" 5"" 6"" 7"" 8"" 9"" 10"" n""",0,33,7,"7""",,51.88
ssr,5,"oO"" Sg 2"" 3"" 4"" 5"" 6"" 7"" 8"" 9"" 10"" n""",0,33,8,"8""",,52.00
ssr,5,"oO"" Sg 2"" 3"" 4"" 5"" 6"" 7"" 8"" 9"" 10"" n""",0,33,9,"9""",,52.13
ssr,5,"oO"" Sg 2"" 3"" 4"" 5"" 6"" 7"" 8"" 9"" 10"" n""",0,33,10,"10""",,52.25
ssr,5,"oO"" Sg 2"" 3"" 4"" 5"" 6"" 7"" 8"" 9"" 10"" n""",0,33,n,"n""",,52.38
ssr,5,"oO"" Sg 2"" 3"" 4"" 5"" 6"" 7"" 8"" 9"" 10"" n""",0,34,column_1,,,35 FT.
ssr,5,"oO"" Sg 2"" 3"" 4"" 5"" 6"" 7"" 8"" 9"" 10"" n""",0,34,0,"0""",,52.50
ssr,5,"oO"" Sg 2"" 3"" 4"" 5"" 6"" 7"" 8"" 9"" 10"" n""",0,34,column_3,,,52.63
ssr,5,"oO"" Sg 2"" 3"" 4"" 5"" 6"" 7"" 8"" 9"" 10"" n""",0,34,2,"2""",,52.75
ssr,5,"oO"" Sg 2"" 3"" 4"" 5"" 6"" 7"" 8"" 9"" 10"" n""",0,34,3,"3""",,52.88
ssr,5,"oO"" Sg 2"" 3"" 4"" 5"" 6"" 7"" 8"" 9"" 10"" n""",0,34,4,"4""",,53.00
ssr,5,"oO"" Sg 2"" 3"" 4"" 5"" 6"" 7"" 8"" 9"" 10"" n""",0,34,5,"5""",,53.13
ssr,5,"oO"" Sg 2"" 3"" 4"" 5"" 6"" 7"" 8"" 9"" 10"" n""",0,34,6,"6""",,53.25
ssr,5,"oO"" Sg 2"" 3"" 4"" 5"" 6"" 7"" 8"" 9"" 10"" n""",0,34,7,"7""",,53.38
ssr,5,"oO"" Sg 2"" 3"" 4"" 5"" 6"" 7"" 8"" 9"" 10"" n""",0,34,8,"8""",,53.50
ssr,5,"oO"" Sg 2"" 3"" 4"" 5"" 6"" 7"" 8"" 9"" 10"" n""",0,34,9,"9""",,53.63
ssr,5,"oO"" Sg 2"" 3"" 4"" 5"" 6"" 7"" 8"" 9"" 10"" n""",0,34,10,"10""",,53.75
ssr,5,"oO"" Sg 2"" 3"" 4"" 5"" 6"" 7"" 8"" 9"" 10"" n""",0,34,n,"n""",,53.88
ssr,5,"oO"" Sg 2"" 3"" 4"" 5"" 6"" 7"" 8"" 9"" 10"" n""",0,35,column_1,,,36 FT.
ssr,5,"oO"" Sg 2"" 3"" 4"" 5"" 6"" 7"" 8"" 9"" 10"" n""",0,35,0,"0""",,54.00
ssr,5,"oO"" Sg 2"" 3"" 4"" 5"" 6"" 7"" 8"" 9"" 10"" n""",0,35,column_3,,,54.13
ssr,5,"oO"" Sg 2"" 3"" 4"" 5"" 6"" 7"" 8"" 9"" 10"" n""",0,35,2,"2""",,54.25
ssr,5,"oO"" Sg 2"" 3"" 4"" 5"" 6"" 7"" 8"" 9"" 10"" n""",0,35,3,"3""",,54.38
ssr,5,"oO"" Sg 2"" 3"" 4"" 5"" 6"" 7"" 8"" 9"" 10"" n""",0,35,4,"4""",,54.50
ssr,5,"oO"" Sg 2"" 3"" 4"" 5"" 6"" 7"" 8"" 9"" 10"" n""",0,35,5,"5""",,54.63
ssr,5,"oO"" Sg 2"" 3"" 4"" 5"" 6"" 7"" 8"" 9"" 10"" n""",0,35,6,"6""",,54.75
ssr,5,"oO"" Sg 2"" 3"" 4"" 5"" 6"" 7"" 8"" 9"" 10"" n""",0,35,7,"7""",,54.88
ssr,5,"oO"" Sg 2"" 3"" 4"" 5"" 6"" 7"" 8"" 9"" 10"" n""",0,35,8,"8""",,55.00
ssr,5,"oO"" Sg 2"" 3"" 4"" 5"" 6"" 7"" 8"" 9"" 10"" n""",0,35,9,"9""",,55.13
ssr,5,"oO"" Sg 2"" 3"" 4"" 5"" 6"" 7"" 8"" 9"" 10"" n""",0,35,10,"10""",,55.25
ssr,5,"oO"" Sg 2"" 3"" 4"" 5"" 6"" 7"" 8"" 9"" 10"" n""",0,35,n,"n""",,55.38
ssr,5,"oO"" Sg 2"" 3"" 4"" 5"" 6"" 7"" 8"" 9"" 10"" n""",0,36,column_1,,,37 FT.
ssr,5,"oO"" Sg 2"" 3"" 4"" 5"" 6"" 7"" 8"" 9"" 10"" n""",0,36,0,"0""",,55.50
ssr,5,"oO"" Sg 2"" 3"" 4"" 5"" 6"" 7"" 8"" 9"" 10"" n""",0,36,column_3,,,55.63
ssr,5,"oO"" Sg 2"" 3"" 4"" 5"" 6"" 7"" 8"" 9"" 10"" n""",0,36,2,"2""",,55.75
ssr,5,"oO"" Sg 2"" 3"" 4"" 5"" 6"" 7"" 8"" 9"" 10"" n""",0,36,3,"3""",,55.88
ssr,5,"oO"" Sg 2"" 3"" 4"" 5"" 6"" 7"" 8"" 9"" 10"" n""",0,36,4,"4""",,56.00
ssr,5,"oO"" Sg 2"" 3"" 4"" 5"" 6"" 7"" 8"" 9"" 10"" n""",0,36,5,"5""",,56.13
ssr,5,"oO"" Sg 2"" 3"" 4"" 5"" 6"" 7"" 8"" 9"" 10"" n""",0,36,6,"6""",,56.25
ssr,5,"oO"" Sg 2"" 3"" 4"" 5"" 6"" 7"" 8"" 9"" 10"" n""",0,36,7,"7""",,56.38
ssr,5,"oO"" Sg 2"" 3"" 4"" 5"" 6"" 7"" 8"" 9"" 10"" n""",0,36,8,"8""",,56.50
ssr,5,"oO"" Sg 2"" 3"" 4"" 5"" 6"" 7"" 8"" 9"" 10"" n""",0,36,9,"9""",,56.63
ssr,5,"oO"" Sg 2"" 3"" 4"" 5"" 6"" 7"" 8"" 9"" 10"" n""",0,36,10,"10""",,56.75
ssr,5,"oO"" Sg 2"" 3"" 4"" 5"" 6"" 7"" 8"" 9"" 10"" n""",0,36,n,"n""",,56.88
ssr,5,"oO"" Sg 2"" 3"" 4"" 5"" 6"" 7"" 8"" 9"" 10"" n""",0,37,column_1,,,38 FT.
ssr,5,"oO"" Sg 2"" 3"" 4"" 5"" 6"" 7"" 8"" 9"" 10"" n""",0,37,0,"0""",,57.00
ssr,5,"oO"" Sg 2"" 3"" 4"" 5"" 6"" 7"" 8"" 9"" 10"" n""",0,37,column_3,,,57.13
ssr,5,"oO"" Sg 2"" 3"" 4"" 5"" 6"" 7"" 8"" 9"" 10"" n""",0,37,2,"2""",,57.25
ssr,5,"oO"" Sg 2"" 3"" 4"" 5"" 6"" 7"" 8"" 9"" 10"" n""",0,37,3,"3""",,57.38
ssr,5,"oO"" Sg 2"" 3"" 4"" 5"" 6"" 7"" 8"" 9"" 10"" n""",0,37,4,"4""",,57.50
ssr,5,"oO"" Sg 2"" 3"" 4"" 5"" 6"" 7"" 8"" 9"" 10"" n""",0,37,5,"5""",,57.63
ssr,5,"oO"" Sg 2"" 3"" 4"" 5"" 6"" 7"" 8"" 9"" 10"" n""",0,37,6,"6""",,57.75
ssr,5,"oO"" Sg 2"" 3"" 4"" 5"" 6"" 7"" 8"" 9"" 10"" n""",0,37,7,"7""",,57.88
ssr,5,"oO"" Sg 2"" 3"" 4"" 5"" 6"" 7"" 8"" 9"" 10"" n""",0,37,8,"8""",,58.00
ssr,5,"oO"" Sg 2"" 3"" 4"" 5"" 6"" 7"" 8"" 9"" 10"" n""",0,37,9,"9""",,58.13
ssr,5,"oO"" Sg 2"" 3"" 4"" 5"" 6"" 7"" 8"" 9"" 10"" n""",0,37,10,"10""",,58.25
ssr,5,"oO"" Sg 2"" 3"" 4"" 5"" 6"" 7"" 8"" 9"" 10"" n""",0,37,n,"n""",,58.38
ssr,5,"oO"" Sg 2"" 3"" 4"" 5"" 6"" 7"" 8"" 9"" 10"" n""",0,38,column_1,,,39 FT.
ssr,5,"oO"" Sg 2"" 3"" 4"" 5"" 6"" 7"" 8"" 9"" 10"" n""",0,38,0,"0""",,58.50
ssr,5,"oO"" Sg 2"" 3"" 4"" 5"" 6"" 7"" 8"" 9"" 10"" n""",0,38,column_3,,,58.63
ssr,5,"oO"" Sg 2"" 3"" 4"" 5"" 6"" 7"" 8"" 9"" 10"" n""",0,38,2,"2""",,58.75
ssr,5,"oO"" Sg 2"" 3"" 4"" 5"" 6"" 7"" 8"" 9"" 10"" n""",0,38,3,"3""",,58.88
ssr,5,"oO"" Sg 2"" 3"" 4"" 5"" 6"" 7"" 8"" 9"" 10"" n""",0,38,4,"4""",,59.00
ssr,5,"oO"" Sg 2"" 3"" 4"" 5"" 6"" 7"" 8"" 9"" 10"" n""",0,38,5,"5""",,59.13
ssr,5,"oO"" Sg 2"" 3"" 4"" 5"" 6"" 7"" 8"" 9"" 10"" n""",0,38,6,"6""",,59.25
ssr,5,"oO"" Sg 2"" 3"" 4"" 5"" 6"" 7"" 8"" 9"" 10"" n""",0,38,7,"7""",,59.38
ssr,5,"oO"" Sg 2"" 3"" 4"" 5"" 6"" 7"" 8"" 9"" 10"" n""",0,38,8,"8""",,59.50
ssr,5,"oO"" Sg 2"" 3"" 4"" 5"" 6"" 7"" 8"" 9"" 10"" n""",0,38,9,"9""",,59.63
ssr,5,"oO"" Sg 2"" 3"" 4"" 5"" 6"" 7"" 8"" 9"" 10"" n""",0,38,10,"10""",,59.75
ssr,5,"oO"" Sg 2"" 3"" 4"" 5"" 6"" 7"" 8"" 9"" 10"" n""",0,38,n,"n""",,59.88
ssr,5,"oO"" Sg 2"" 3"" 4"" 5"" 6"" 7"" 8"" 9"" 10"" n""",0,39,column_1,,,40 FT.
ssr,5,"oO"" Sg 2"" 3"" 4"" 5"" 6"" 7"" 8"" 9"" 10"" n""",0,39,0,"0""",,60.00
ssr,5,"oO"" Sg 2"" 3"" 4"" 5"" 6"" 7"" 8"" 9"" 10"" n""",0,39,column_3,,,60.13
ssr,5,"oO"" Sg 2"" 3"" 4"" 5"" 6"" 7"" 8"" 9"" 10"" n""",0,39,2,"2""",,60.25
ssr,5,"oO"" Sg 2"" 3"" 4"" 5"" 6"" 7"" 8"" 9"" 10"" n""",0,39,3,"3""",,60.38
ssr,5,"oO"" Sg 2"" 3"" 4"" 5"" 6"" 7"" 8"" 9"" 10"" n""",0,39,4,"4""",,60.50
ssr,5,"oO"" Sg 2"" 3"" 4"" 5"" 6"" 7"" 8"" 9"" 10"" n""",0,39,5,"5""",,60.63
ssr,5,"oO"" Sg 2"" 3"" 4"" 5"" 6"" 7"" 8"" 9"" 10"" n""",0,39,6,"6""",,60.75
ssr,5,"oO"" Sg 2"" 3"" 4"" 5"" 6"" 7"" 8"" 9"" 10"" n""",0,39,7,"7""",,60.88
ssr,5,"oO"" Sg 2"" 3"" 4"" 5"" 6"" 7"" 8"" 9"" 10"" n""",0,39,8,"8""",,61.00
ssr,5,"oO"" Sg 2"" 3"" 4"" 5"" 6"" 7"" 8"" 9"" 10"" n""",0,39,9,"9""",,61.13
ssr,5,"oO"" Sg 2"" 3"" 4"" 5"" 6"" 7"" 8"" 9"" 10"" n""",0,39,10,"10""",,61.25
ssr,5,"oO"" Sg 2"" 3"" 4"" 5"" 6"" 7"" 8"" 9"" 10"" n""",0,39,n,"n""",,61.38
ssr,6,"Ultra-Dek'/Double-Lok' 18""",0,0,gauge,GAUGE,DESCRIPTION,24
ssr,6,"Ultra-Dek'/Double-Lok' 18""",0,0,coverage,COVERAGE,DESCRIPTION,"18"""
ssr,6,"Ultra-Dek'/Double-Lok' 18""",0,0,yield_psi,YIELD (PSI),DESCRIPTION,"50,000"
ssr,6,"Ultra-Dek'/Double-Lok' 18""",0,0,weight_per_sq,WEIGHT PER SQ.,DESCRIPTION,130#
ssr,6,"Ultra-Dek'/Double-Lok' 18""",0,0,finish,FINISH*,DESCRIPTION,Galvalume' Plus &
ssr,6,"Ultra-Dek'/Double-Lok' 18""",0,0,price,PRICE,,✓
ssr,6,"Ultra-Dek'/Double-Lok' 18""",0,1,gauge,GAUGE,DESCRIPTION,24
ssr,6,"Ultra-Dek'/Double-Lok' 18""",0,1,coverage,COVERAGE,DESCRIPTION,"18"""
ssr,6,"Ultra-Dek'/Double-Lok' 18""",0,1,yield_psi,YIELD (PSI),DESCRIPTION,"50,000"
ssr,6,"Ultra-Dek'/Double-Lok' 18""",0,1,weight_per_sq,WEIGHT PER SQ.,DESCRIPTION,130#
ssr,6,"Ultra-Dek'/Double-Lok' 18""",0,1,finish,FINISH*,DESCRIPTION,Signature' 200
ssr,6,"Ultra-Dek'/Double-Lok' 18""",0,1,price,PRICE,,✓
ssr,6,"Ultra-Dek'/Double-Lok' 18""",0,2,gauge,GAUGE,DESCRIPTION,24
ssr,6,"Ultra-Dek'/Double-Lok' 18""",0,2,coverage,COVERAGE,DESCRIPTION,"18"""
ssr,6,"Ultra-Dek'/Double-Lok' 18""",0,2,yield_psi,YIELD (PSI),DESCRIPTION,"50,000"
ssr,6,"Ultra-Dek'/Double-Lok' 18""",0,2,weight_per_sq,WEIGHT PER SQ.,DESCRIPTION,130#
ssr,6,"Ultra-Dek'/Double-Lok' 18""",0,2,finish,FINISH*,DESCRIPTION,Signature' 300
ssr,6,"Ultra-Dek'/Double-Lok' 18""",0,2,price,PRICE,,✓
ssr,6,"Ultra-Dek'/Double-Lok' 18""",0,3,gauge,GAUGE,DESCRIPTION,24
ssr,6,"Ultra-Dek'/Double-Lok' 18""",0,3,coverage,COVERAGE,DESCRIPTION,"18"""
ssr,6,"Ultra-Dek'/Double-Lok' 18""",0,3,yield_psi,YIELD (PSI),DESCRIPTION,"50,000"
ssr,6,"Ultra-Dek'/Double-Lok' 18""",0,3,weight_per_sq,WEIGHT PER SQ.,DESCRIPTION,130#
ssr,6,"Ultra-Dek'/Double-Lok' 18""",0,3,finish,FINISH*,DESCRIPTION,Signature' 300 Metallic
ssr,6,"Ultra-Dek'/Double-Lok' 18""",0,3,price,PRICE,,Please Inquire
ssr,6,"Ultra-Dek'/Double-Lok' 18""",0,4,gauge,GAUGE,DESCRIPTION,22
ssr,6,"Ultra-Dek'/Double-Lok' 18""",0,4,coverage,COVERAGE,DESCRIPTION,"18"""
ssr,6,"Ultra-Dek'/Double-Lok' 18""",0,4,yield_psi,YIELD (PSI),DESCRIPTION,"50,000"
ssr,6,"Ultra-Dek'/Double-Lok' 18""",0,4,weight_per_sq,WEIGHT PER SQ.,DESCRIPTION,165#
ssr,6,"Ultra-Dek'/Double-Lok' 18""",0,4,finish,FINISH*,DESCRIPTION,Galvalume' Plus &
ssr,6,"Ultra-Dek'/Double-Lok' 18""",0,4,price,PRICE,,Please Inquire
ssr,6,"Ultra-Dek'/Double-Lok' 18""",0,5,gauge,GAUGE,DESCRIPTION,22
ssr,6,"Ultra-Dek'/Double-Lok' 18""",0,5,coverage,COVERAGE,DESCRIPTION,"18"""
ssr,6,"Ultra-Dek'/Double-Lok' 18""",0,5,yield_psi,YIELD (PSI),DESCRIPTION,"50,000"
ssr,6,"Ultra-Dek'/Double-Lok' 18""",0,5,weight_per_sq,WEIGHT PER SQ.,DESCRIPTION,165#
ssr,6,"Ultra-Dek'/Double-Lok' 18""",0,5,finish,FINISH*,DESCRIPTION,Signature' 200
ssr,6,"Ultra-Dek'/Double-Lok' 18""",0,5,price,PRICE,,Please Inquire
ssr,6,"Ultra-Dek'/Double-Lok' 18""",0,6,gauge,GAUGE,DESCRIPTION,22
ssr,6,"Ultra-Dek'/Double-Lok' 18""",0,6,coverage,COVERAGE,DESCRIPTION,"18"""
ssr,6,"Ultra-Dek'/Double-Lok' 18""",0,6,yield_psi,YIELD (PSI),DESCRIPTION,"50,000"
ssr,6,"Ultra-Dek'/Double-Lok' 18""",0,6,weight_per_sq,WEIGHT PER SQ.,DESCRIPTION,165#
ssr,6,"Ultra-Dek'/Double-Lok' 18""",0,6,finish,FINISH*,DESCRIPTION,Signature' 300
ssr,6,"Ultra-Dek'/Double-Lok' 18""",0,6,price,PRICE,,Please Inquire
ssr,6,"Ultra-Dek'/Double-Lok' 18""",0,7,gauge,GAUGE,DESCRIPTION,22
ssr,6,"Ultra-Dek'/Double-Lok' 18""",0,7,coverage,COVERAGE,DESCRIPTION,"18"""
ssr,6,"Ultra-Dek'/Double-Lok' 18""",0,7,yield_psi,YIELD (PSI),DESCRIPTION,"50,000"
ssr,6,"Ultra-Dek'/Double-Lok' 18""",0,7,weight_per_sq,WEIGHT PER SQ.,DESCRIPTION,165#
ssr,6,"Ultra-Dek'/Double-Lok' 18""",0,7,finish,FINISH*,DESCRIPTION,Signature' 300 Metallic
ssr,6,"Ultra-Dek'/Double-Lok' 18""",0,7,price,PRICE,,Please Inquire
ssr,7,"BattenLok' HS 16""",0,0,column_2,,,1FT.
ssr,7,"BattenLok' HS 16""",0,0,column_3,,,1.33
ssr,7,"BattenLok' HS 16""",0,0,w,W,,1.44
ssr,7,"BattenLok' HS 16""",0,0,2,"2""",,1.56
ssr,7,"BattenLok' HS 16""",0,0,3,"3""",,1.67
ssr,7,"BattenLok' HS 16""",0,0,4,"4""",,1.78
ssr,7,"BattenLok' HS 16""",0,0,5,"5""",,1.89
ssr,7,"BattenLok' HS 16""",0,0,6,"6""",,2.00
ssr,7,"BattenLok' HS 16""",0,0,7,7,,2.1
ssr,7,"BattenLok' HS 16""",0,0,8,"8""",,2.23
ssr,7,"BattenLok' HS 16""",0,0,9,"9""",,2.34
ssr,7,"BattenLok' HS 16""",0,0,10,"10""",,2.45
ssr,7,"BattenLok' HS 16""",0,0,column,|,,2.56
ssr,7,"BattenLok' HS 16""",0,1,column_2,,,2 FT.
ssr,7,"BattenLok' HS 16""",0,1,column_3,,,2.67
ssr,7,"BattenLok' HS 16""",0,1,w,W,,2.78
ssr,7,"BattenLok' HS 16""",0,1,2,"2""",,2.89
ssr,7,"BattenLok' HS 16""",0,1,3,"3""",,3.00
ssr,7,"BattenLok' HS 16""",0,1,4,"4""",,3.11
ssr,7,"BattenLok' HS 16""",0,1,5,"5""",,3.22
ssr,7,"BattenLok' HS 16""",0,1,6,"6""",,3.34
ssr,7,"BattenLok' HS 16""",0,1,7,7,,3.45
ssr,7,"BattenLok' HS 16""",0,1,8,"8""",,3.56
ssr,7,"BattenLok' HS 16""",0,1,9,"9""",,3.67
ssr,7,"BattenLok' HS 16""",0,1,10,"10""",,3.78
ssr,7,"BattenLok' HS 16""",0,1,column,|,,3.89
ssr,7,"BattenLok' HS 16""",0,2,column_2,,,3 FT.
ssr,7,"BattenLok' HS 16""",0,2,column_3,,,4.00
ssr,7,"BattenLok' HS 16""",0,2,w,W,,4.11
ssr,7,"BattenLok' HS 16""",0,2,2,"2""",,4.22
ssr,7,"BattenLok' HS 16""",0,2,3,"3""",,4.33
ssr,7,"BattenLok' HS 16""",0,2,4,"4""",,4.45
ssr,7,"BattenLok' HS 16""",0,2,5,"5""",,4.56
ssr,7,"BattenLok' HS 16""",0,2,6,"6""",,4.67
ssr,7,"BattenLok' HS 16""",0,2,7,7,,4.78
ssr,7,"BattenLok' HS 16""",0,2,8,"8""",,4.89
ssr,7,"BattenLok' HS 16""",0,2,9,"9""",,5.00
ssr,7,"BattenLok' HS 16""",0,2,10,"10""",,5.11
ssr,7,"BattenLok' HS 16""",0,2,column,|,,5.23
ssr,7,"BattenLok' HS 16""",0,3,column_2,,,4 FT.
ssr,7,"BattenLok' HS 16""",0,3,column_3,,,5.33
ssr,7,"BattenLok' HS 16""",0,3,w,W,,5.44
ssr,7,"BattenLok' HS 16""",0,3,2,"2""",,5.56
ssr,7,"BattenLok' HS 16""",0,3,3,"3""",,5.67
ssr,7,"BattenLok' HS 16""",0,3,4,"4""",,5.78
ssr,7,"BattenLok' HS 16""",0,3,5,"5""",,5.89
ssr,7,"BattenLok' HS 16""",0,3,6,"6""",,6.00
ssr,7,"BattenLok' HS 16""",0,3,7,7,,6.11
ssr,7,"BattenLok' HS 16""",0,3,8,"8""",,6.23
ssr,7,"BattenLok' HS 16""",0,3,9,"9""",,6.34
ssr,7,"BattenLok' HS 16""",0,3,10,"10""",,6.45
ssr,7,"BattenLok' HS 16""",0,3,column,|,,6.56
ssr,7,"BattenLok' HS 16""",0,4,column_2,,,5 FT.
ssr,7,"BattenLok' HS 16""",0,4,column_3,,,6.67
ssr,7,"BattenLok' HS 16""",0,4,w,W,,6.78
ssr,7,"BattenLok' HS 16""",0,4,2,"2""",,6.89
ssr,7,"BattenLok' HS 16""",0,4,3,"3""",,7.00
ssr,7,"BattenLok' HS 16""",0,4,4,"4""",,7.11
ssr,7,"BattenLok' HS 16""",0,4,5,"5""",,7.22
ssr,7,"BattenLok' HS 16""",0,4,6,"6""",,7.34
ssr,7,"BattenLok' HS 16""",0,4,7,7,,7.45
ssr,7,"BattenLok' HS 16""",0,4,8,"8""",,7.56
ssr,7,"BattenLok' HS 16""",0,4,9,"9""",,7.67
ssr,7,"BattenLok' HS 16""",0,4,10,"10""",,7.78
ssr,7,"BattenLok' HS 16""",0,4,column,|,,7.89
ssr,7,"BattenLok' HS 16""",0,5,column_2,,,6 FT.
ssr,7,"BattenLok' HS 16""",0,5,column_3,,,8.00
ssr,7,"BattenLok' HS 16""",0,5,w,W,,8.11
ssr,7,"BattenLok' HS 16""",0,5,2,"2""",,8.22
ssr,7,"BattenLok' HS 16""",0,5,3,"3""",,8.33
ssr,7,"BattenLok' HS 16""",0,5,4,"4""",,8.45
ssr,7,"BattenLok' HS 16""",0,5,5,"5""",,8.56
ssr,7,"BattenLok' HS 16""",0,5,6,"6""",,8.67
ssr,7,"BattenLok' HS 16""",0,5,7,7,,8.78
ssr,7,"BattenLok' HS 16""",0,5,8,"8""",,8.89
ssr,7,"BattenLok' HS 16""",0,5,9,"9""",,9.00
ssr,7,"BattenLok' HS 16""",0,5,10,"10""",,9.11
ssr,7,"BattenLok' HS 16""",0,5,column,|,,9.23
ssr,7,"BattenLok' HS 16""",0,6,column_2,,,7 FT.
ssr,7,"BattenLok' HS 16""",0,6,column_3,,,9.33
ssr,7,"BattenLok' HS 16""",0,6,w,W,,9.44
ssr,7,"BattenLok' HS 16""",0,6,2,"2""",,9.56
ssr,7,"BattenLok' HS 16""",0,6,3,"3""",,9.67
ssr,7,"BattenLok' HS 16""",0,6,4,"4""",,9.78
ssr,7,"BattenLok' HS 16""",0,6,5,"5""",,9.89
ssr,7,"BattenLok' HS 16""",0,6,6,"6""",,10.00
ssr,7,"BattenLok' HS 16""",0,6,7,7,,10.11
ssr,7,"BattenLok' HS 16""",0,6,8,"8""",,10.23
ssr,7,"BattenLok' HS 16""",0,6,9,"9""",,10.34
ssr,7,"BattenLok' HS 16""",0,6,10,"10""",,10.45
ssr,7,"BattenLok' HS 16""",0,6,column,|,,10.56
ssr,7,"BattenLok' HS 16""",0,7,column_2,,,8 FT.
ssr,7,"BattenLok' HS 16""",0,7,column_3,,,10.67
ssr,7,"BattenLok' HS 16""",0,7,w,W,,10.78
ssr,7,"BattenLok' HS 16""",0,7,2,"2""",,10.89
ssr,7,"BattenLok' HS 16""",0,7,3,"3""",,11.00
ssr,7,"BattenLok' HS 16""",0,7,4,"4""",,11.11
ssr,7,"BattenLok' HS 16""",0,7,5,"5""",,11.22
ssr,7,"BattenLok' HS 16""",0,7,6,"6""",,11.34
ssr,7,"BattenLok' HS 16""",0,7,7,7,,11.45
ssr,7,"BattenLok' HS 16""",0,7,8,"8""",,11.56
ssr,7,"BattenLok' HS 16""",0,7,9,"9""",,11.67
ssr,7,"BattenLok' HS 16""",0,7,10,"10""",,11.78
ssr,7,"BattenLok' HS 16""",0,7,column,|,,11.89
ssr,7,"BattenLok' HS 16""",0,8,column_2,,,9 FT.
ssr,7,"BattenLok' HS 16""",0,8,column_3,,,12.00
ssr,7,"BattenLok' HS 16""",0,8,w,W,,12.11
ssr,7,"BattenLok' HS 16""",0,8,2,"2""",,12.22
ssr,7,"BattenLok' HS 16""",0,8,3,"3""",,12.33
ssr,7,"BattenLok' HS 16""",0,8,4,"4""",,12.45
ssr,7,"BattenLok' HS 16""",0,8,5,"5""",,12.56
ssr,7,"BattenLok' HS 16""",0,8,6,"6""",,12.67
ssr,7,"BattenLok' HS 16""",0,8,7,7,,12.78
ssr,7,"BattenLok' HS 16""",0,8,8,"8""",,12.89
ssr,7,"BattenLok' HS 16""",0,8,9,"9""",,13.00
ssr,7,"BattenLok' HS 16""",0,8,10,"10""",,13.11
ssr,7,"BattenLok' HS 16""",0,8,column,|,,13.23
ssr,7,"BattenLok' HS 16""",0,9,column_2,,,10 FT.
ssr,7,"BattenLok' HS 16""",0,9,column_3,,,13.33
ssr,7,"BattenLok' HS 16""",0,9,w,W,,13.44
ssr,7,"BattenLok' HS 16""",0,9,2,"2""",,13.56
ssr,7,"BattenLok' HS 16""",0,9,3,"3""",,13.67
ssr,7,"BattenLok' HS 16""",0,9,4,"4""",,13.78
ssr,7,"BattenLok' HS 16""",0,9,5,"5""",,13.89
ssr,7,"BattenLok' HS 16""",0,9,6,"6""",,14.00
ssr,7,"BattenLok' HS 16""",0,9,7,7,,14.11
ssr,7,"BattenLok' HS 16""",0,9,8,"8""",,14.22
ssr,7,"BattenLok' HS 16""",0,9,9,"9""",,14.34
ssr,7,"BattenLok' HS 16""",0,9,10,"10""",,14.45
ssr,7,"BattenLok' HS 16""",0,9,column,|,,14.56
ssr,7,"BattenLok' HS 16""",0,10,column_2,,,11 FT.
ssr,7,"BattenLok' HS 16""",0,10,column_3,,,14.67
ssr,7,"BattenLok' HS 16""",0,10,w,W,,14.78
ssr,7,"BattenLok' HS 16""",0,10,2,"2""",,14.89
ssr,7,"BattenLok' HS 16""",0,10,3,"3""",,15.00
ssr,7,"BattenLok' HS 16""",0,10,4,"4""",,15.11
ssr,7,"BattenLok' HS 16""",0,10,5,"5""",,15.22
ssr,7,"BattenLok' HS 16""",0,10,6,"6""",,15.34
ssr,7,"BattenLok' HS 16""",0,10,7,7,,15.45
ssr,7,"BattenLok' HS 16""",0,10,8,"8""",,15.56
ssr,7,"BattenLok' HS 16""",0,10,9,"9""",,15.67
ssr,7,"BattenLok' HS 16""",0,10,10,"10""",,15.78
ssr,7,"BattenLok' HS 16""",0,10,column,|,,15.89
ssr,7,"BattenLok' HS 16""",0,11,column_2,,,12 FT.
ssr,7,"BattenLok' HS 16""",0,11,column_3,,,16.00
ssr,7,"BattenLok' HS 16""",0,11,w,W,,16.11
ssr,7,"BattenLok' HS 16""",0,11,2,"2""",,16.22
ssr,7,"BattenLok' HS 16""",0,11,3,"3""",,16.33
ssr,7,"BattenLok' HS 16""",0,11,4,"4""",,16.45
ssr,7,"BattenLok' HS 16""",0,11,5,"5""",,16.56
ssr,7,"BattenLok' HS 16""",0,11,6,"6""",,16.67
ssr,7,"BattenLok' HS 16""",0,11,7,7,,16.78
ssr,7,"BattenLok' HS 16""",0,11,8,"8""",,16.89
ssr,7,"BattenLok' HS 16""",0,11,9,"9""",,17.00
ssr,7,"BattenLok' HS 16""",0,11,10,"10""",,17.11
ssr,7,"BattenLok' HS 16""",0,11,column,|,,17.23
ssr,7,"BattenLok' HS 16""",0,12,column_2,,,13 FT.
ssr,7,"BattenLok' HS 16""",0,12,column_3,,,17.33
ssr,7,"BattenLok' HS 16""",0,12,w,W,,17.44
ssr,7,"BattenLok' HS 16""",0,12,2,"2""",,17.56
ssr,7,"BattenLok' HS 16""",0,12,3,"3""",,17.67
ssr,7,"BattenLok' HS 16""",0,12,4,"4""",,17.78
ssr,7,"BattenLok' HS 16""",0,12,5,"5""",,17.89
ssr,7,"BattenLok' HS 16""",0,12,6,"6""",,18.00
ssr,7,"BattenLok' HS 16""",0,12,7,7,,18.11
ssr,7,"BattenLok' HS 16""",0,12,8,"8""",,18.22
ssr,7,"BattenLok' HS 16""",0,12,9,"9""",,18.34
ssr,7,"BattenLok' HS 16""",0,12,10,"10""",,18.45
ssr,7,"BattenLok' HS 16""",0,12,column,|,,18.56
ssr,7,"BattenLok' HS 16""",0,13,column_2,,,14 FT.
ssr,7,"BattenLok' HS 16""",0,13,column_3,,,18.67
ssr,7,"BattenLok' HS 16""",0,13,w,W,,18.78
ssr,7,"BattenLok' HS 16""",0,13,2,"2""",,18.89
ssr,7,"BattenLok' HS 16""",0,13,3,"3""",,19.00
ssr,7,"BattenLok' HS 16""",0,13,4,"4""",,19.11
ssr,7,"BattenLok' HS 16""",0,13,5,"5""",,19.22
ssr,7,"BattenLok' HS 16""",0,13,6,"6""",,19.34
ssr,7,"BattenLok' HS 16""",0,13,7,7,,19.45
ssr,7,"BattenLok' HS 16""",0,13,8,"8""",,19.56
ssr,7,"BattenLok' HS 16""",0,13,9,"9""",,19.67
ssr,7,"BattenLok' HS 16""",0,13,10,"10""",,19.78
ssr,7,"BattenLok' HS 16""",0,13,column,|,,19.89
ssr,7,"BattenLok' HS 16""",0,14,column_2,,,15 FT.
ssr,7,"BattenLok' HS 16""",0,14,column_3,,,20.00
ssr,7,"BattenLok' HS 16""",0,14,w,W,,20.11
ssr,7,"BattenLok' HS 16""",0,14,2,"2""",,20.22
ssr,7,"BattenLok' HS 16""",0,14,3,"3""",,20.33
ssr,7,"BattenLok' HS 16""",0,14,4,"4""",,20.45
ssr,7,"BattenLok' HS 16""",0,14,5,"5""",,20.56
ssr,7,"BattenLok' HS 16""",0,14,6,"6""",,20.67
ssr,7,"BattenLok' HS 16""",0,14,7,7,,20.78
ssr,7,"BattenLok' HS 16""",0,14,8,"8""",,20.89
ssr,7,"BattenLok' HS 16""",0,14,9,"9""",,21.00
ssr,7,"BattenLok' HS 16""",0,14,10,"10""",,21.1
ssr,7,"BattenLok' HS 16""",0,14,column,|,,21.23
ssr,7,"BattenLok' HS 16""",0,15,column_2,,,16 FT.
ssr,7,"BattenLok' HS 16""",0,15,column_3,,,21.53
ssr,7,"BattenLok' HS 16""",0,15,w,W,,21.44
ssr,7,"BattenLok' HS 16""",0,15,2,"2""",,21.56
ssr,7,"BattenLok' HS 16""",0,15,3,"3""",,21.67
ssr,7,"BattenLok' HS 16""",0,15,4,"4""",,21.78
ssr,7,"BattenLok' HS 16""",0,15,5,"5""",,21.89
ssr,7,"BattenLok' HS 16""",0,15,6,"6""",,22.00
ssr,7,"BattenLok' HS 16""",0,15,7,7,,22.11
ssr,7,"BattenLok' HS 16""",0,15,8,"8""",,22.22
ssr,7,"BattenLok' HS 16""",0,15,9,"9""",,22.34
ssr,7,"BattenLok' HS 16""",0,15,10,"10""",,22.45
ssr,7,"BattenLok' HS 16""",0,15,column,|,,22.56
ssr,7,"BattenLok' HS 16""",0,16,column_2,,,17 FT.
ssr,7,"BattenLok' HS 16""",0,16,column_3,,,22.67
ssr,7,"BattenLok' HS 16""",0,16,w,W,,22.78
ssr,7,"BattenLok' HS 16""",0,16,2,"2""",,22.89
ssr,7,"BattenLok' HS 16""",0,16,3,"3""",,23.00
ssr,7,"BattenLok' HS 16""",0,16,4,"4""",,23.11
ssr,7,"BattenLok' HS 16""",0,16,5,"5""",,23.22
ssr,7,"BattenLok' HS 16""",0,16,6,"6""",,23.34
ssr,7,"BattenLok' HS 16""",0,16,7,7,,23.45
ssr,7,"BattenLok' HS 16""",0,16,8,"8""",,23.56
ssr,7,"BattenLok' HS 16""",0,16,9,"9""",,23.67
ssr,7,"BattenLok' HS 16""",0,16,10,"10""",,23.78
ssr,7,"BattenLok' HS 16""",0,16,column,|,,23.89
ssr,7,"BattenLok' HS 16""",0,17,column_2,,,18 FT.
ssr,7,"BattenLok' HS 16""",0,17,column_3,,,24.00
ssr,7,"BattenLok' HS 16""",0,17,w,W,,24.11
ssr,7,"BattenLok' HS 16""",0,17,2,"2""",,24.22
ssr,7,"BattenLok' HS 16""",0,17,3,"3""",,24.33
ssr,7,"BattenLok' HS 16""",0,17,4,"4""",,24.45
ssr,7,"BattenLok' HS 16""",0,17,5,"5""",,24.56
ssr,7,"BattenLok' HS 16""",0,17,6,"6""",,24.67
ssr,7,"BattenLok' HS 16""",0,17,7,7,,24.78
ssr,7,"BattenLok' HS 16""",0,17,8,"8""",,24.89
ssr,7,"BattenLok' HS 16""",0,17,9,"9""",,25.00
ssr,7,"BattenLok' HS 16""",0,17,10,"10""",,25.11
ssr,7,"BattenLok' HS 16""",0,17,column,|,,25.23
ssr,7,"BattenLok' HS 16""",0,18,column_2,,,19 FT.
ssr,7,"BattenLok' HS 16""",0,18,column_3,,,25.33
ssr,7,"BattenLok' HS 16""",0,18,w,W,,25.44
ssr,7,"BattenLok' HS 16""",0,18,2,"2""",,25.56
ssr,7,"BattenLok' HS 16""",0,18,3,"3""",,25.67
ssr,7,"BattenLok' HS 16""",0,18,4,"4""",,25.78
ssr,7,"BattenLok' HS 16""",0,18,5,"5""",,25.89
ssr,7,"BattenLok' HS 16""",0,18,6,"6""",,26.00
ssr,7,"BattenLok' HS 16""",0,18,7,7,,26.11
ssr,7,"BattenLok' HS 16""",0,18,8,"8""",,26.22
ssr,7,"BattenLok' HS 16""",0,18,9,"9""",,26.34
ssr,7,"BattenLok' HS 16""",0,18,10,"10""",,26.45
ssr,7,"BattenLok' HS 16""",0,18,column,|,,26.56
ssr,7,"BattenLok' HS 16""",0,19,column_2,,,20 FT.
ssr,7,"BattenLok' HS 16""",0,19,column_3,,,26.67
ssr,7,"BattenLok' HS 16""",0,19,w,W,,26.78
ssr,7,"BattenLok' HS 16""",0,19,2,"2""",,26.89
ssr,7,"BattenLok' HS 16""",0,19,3,"3""",,27.00
ssr,7,"BattenLok' HS 16""",0,19,4,"4""",,27.11
ssr,7,"BattenLok' HS 16""",0,19,5,"5""",,27.22
ssr,7,"BattenLok' HS 16""",0,19,6,"6""",,27.33
ssr,7,"BattenLok' HS 16""",0,19,7,7,,27.45
ssr,7,"BattenLok' HS 16""",0,19,8,"8""",,27.56
ssr,7,"BattenLok' HS 16""",0,19,9,"9""",,27.67
ssr,7,"BattenLok' HS 16""",0,19,10,"10""",,27.78
ssr,7,"BattenLok' HS 16""",0,19,column,|,,27.89
ssr,7,"BattenLok' HS 16""",0,20,column_2,,,21 FT.
ssr,7,"BattenLok' HS 16""",0,20,column_3,,,28.00
ssr,7,"BattenLok' HS 16""",0,20,w,W,,28.11
ssr,7,"BattenLok' HS 16""",0,20,2,"2""",,28.22
ssr,7,"BattenLok' HS 16""",0,20,3,"3""",,28.33
ssr,7,"BattenLok' HS 16""",0,20,4,"4""",,28.45
ssr,7,"BattenLok' HS 16""",0,20,5,"5""",,28.56
ssr,7,"BattenLok' HS 16""",0,20,6,"6""",,28.67
ssr,7,"BattenLok' HS 16""",0,20,7,7,,28.78
ssr,7,"BattenLok' HS 16""",0,20,8,"8""",,28.89
ssr,7,"BattenLok' HS 16""",0,20,9,"9""",,29.00
ssr,7,"BattenLok' HS 16""",0,20,10,"10""",,29.11
ssr,7,"BattenLok' HS 16""",0,20,column,|,,29.23
ssr,7,"BattenLok' HS 16""",0,21,column_2,,,22 FT.
ssr,7,"BattenLok' HS 16""",0,21,column_3,,,29.33
ssr,7,"BattenLok' HS 16""",0,21,w,W,,29.44
ssr,7,"BattenLok' HS 16""",0,21,2,"2""",,29.56
ssr,7,"BattenLok' HS 16""",0,21,3,"3""",,29.67
ssr,7,"BattenLok' HS 16""",0,21,4,"4""",,29.78
ssr,7,"BattenLok' HS 16""",0,21,5,"5""",,29.89
ssr,7,"BattenLok' HS 16""",0,21,6,"6""",,30.00
ssr,7,"BattenLok' HS 16""",0,21,7,7,,30.11
ssr,7,"BattenLok' HS 16""",0,21,8,"8""",,30.22
ssr,7,"BattenLok' HS 16""",0,21,9,"9""",,30.34
ssr,7,"BattenLok' HS 16""",0,21,10,"10""",,30.45
ssr,7,"BattenLok' HS 16""",0,21,column,|,,30.56
ssr,7,"BattenLok' HS 16""",0,22,column_2,,,23 FT.
ssr,7,"BattenLok' HS 16""",0,22,column_3,,,30.67
ssr,7,"BattenLok' HS 16""",0,22,w,W,,30.78
ssr,7,"BattenLok' HS 16""",0,22,2,"2""",,30.89
ssr,7,"BattenLok' HS 16""",0,22,3,"3""",,31.00
ssr,7,"BattenLok' HS 16""",0,22,4,"4""",,31.11
ssr,7,"BattenLok' HS 16""",0,22,5,"5""",,31.22
ssr,7,"BattenLok' HS 16""",0,22,6,"6""",,31.33
ssr,7,"BattenLok' HS 16""",0,22,7,7,,31.45
ssr,7,"BattenLok' HS 16""",0,22,8,"8""",,31.56
ssr,7,"BattenLok' HS 16""",0,22,9,"9""",,31.67
ssr,7,"BattenLok' HS 16""",0,22,10,"10""",,31.78
ssr,7,"BattenLok' HS 16""",0,22,column,|,,31.89
ssr,7,"BattenLok' HS 16""",0,23,column_2,,,24 FT.
ssr,7,"BattenLok' HS 16""",0,23,column_3,,,32.00
ssr,7,"BattenLok' HS 16""",0,23,w,W,,32.11
ssr,7,"BattenLok' HS 16""",0,23,2,"2""",,32.22
ssr,7,"BattenLok' HS 16""",0,23,3,"3""",,32.33
ssr,7,"BattenLok' HS 16""",0,23,4,"4""",,32.45
ssr,7,"BattenLok' HS 16""",0,23,5,"5""",,32.56
ssr,7,"BattenLok' HS 16""",0,23,6,"6""",,32.67
ssr,7,"BattenLok' HS 16""",0,23,7,7,,32.78
ssr,7,"BattenLok' HS 16""",0,23,8,"8""",,32.89
ssr,7,"BattenLok' HS 16""",0,23,9,"9""",,33.00
ssr,7,"BattenLok' HS 16""",0,23,10,"10""",,33.11
ssr,7,"BattenLok' HS 16""",0,23,column,|,,33.23
ssr,7,"BattenLok' HS 16""",0,24,column_2,,,25 FT.
ssr,7,"BattenLok' HS 16""",0,24,column_3,,,33.33
ssr,7,"BattenLok' HS 16""",0,24,w,W,,33.44
ssr,7,"BattenLok' HS 16""",0,24,2,"2""",,33.56
ssr,7,"BattenLok' HS 16""",0,24,3,"3""",,33.67
ssr,7,"BattenLok' HS 16""",0,24,4,"4""",,33.78
ssr,7,"BattenLok' HS 16""",0,24,5,"5""",,33.89
ssr,7,"BattenLok' HS 16""",0,24,6,"6""",,34.00
ssr,7,"BattenLok' HS 16""",0,24,7,7,,34.11
ssr,7,"BattenLok' HS 16""",0,24,8,"8""",,34.22
ssr,7,"BattenLok' HS 16""",0,24,9,"9""",,34.34
ssr,7,"BattenLok' HS 16""",0,24,10,"10""",,34.45
ssr,7,"BattenLok' HS 16""",0,24,column,|,,34.56
ssr,7,"BattenLok' HS 16""",0,25,column_2,,,26 FT.
ssr,7,"BattenLok' HS 16""",0,25,column_3,,,34.67
ssr,7,"BattenLok' HS 16""",0,25,w,W,,34.78
ssr,7,"BattenLok' HS 16""",0,25,2,"2""",,34.89
ssr,7,"BattenLok' HS 16""",0,25,3,"3""",,35.00
ssr,7,"BattenLok' HS 16""",0,25,4,"4""",,35.11
ssr,7,"BattenLok' HS 16""",0,25,5,"5""",,35.22
ssr,7,"BattenLok' HS 16""",0,25,6,"6""",,35.33
ssr,7,"BattenLok' HS 16""",0,25,7,7,,35.45
ssr,7,"BattenLok' HS 16""",0,25,8,"8""",,35.56
ssr,7,"BattenLok' HS 16""",0,25,9,"9""",,35.67
ssr,7,"BattenLok' HS 16""",0,25,10,"10""",,35.78
ssr,7,"BattenLok' HS 16""",0,25,column,|,,35.89
ssr,7,"BattenLok' HS 16""",0,26,column_2,,,27 FT.
ssr,7,"BattenLok' HS 16""",0,26,column_3,,,36.00
ssr,7,"BattenLok' HS 16""",0,26,w,W,,36.11
ssr,7,"BattenLok' HS 16""",0,26,2,"2""",,36.22
ssr,7,"BattenLok' HS 16""",0,26,3,"3""",,36.33
ssr,7,"BattenLok' HS 16""",0,26,4,"4""",,36.45
ssr,7,"BattenLok' HS 16""",0,26,5,"5""",,36.56
ssr,7,"BattenLok' HS 16""",0,26,6,"6""",,36.67
ssr,7,"BattenLok' HS 16""",0,26,7,7,,36.78
ssr,7,"BattenLok' HS 16""",0,26,8,"8""",,36.89
ssr,7,"BattenLok' HS 16""",0,26,9,"9""",,37.00
ssr,7,"BattenLok' HS 16""",0,26,10,"10""",,37.11
ssr,7,"BattenLok' HS 16""",0,26,column,|,,37.23
ssr,7,"BattenLok' HS 16""",0,27,column_2,,,28 FT.
ssr,7,"BattenLok' HS 16""",0,27,column_3,,,37.33
ssr,7,"BattenLok' HS 16""",0,27,w,W,,37.44
ssr,7,"BattenLok' HS 16""",0,27,2,"2""",,37.56
ssr,7,"BattenLok' HS 16""",0,27,3,"3""",,37.67
ssr,7,"BattenLok' HS 16""",0,27,4,"4""",,37.78
ssr,7,"BattenLok' HS 16""",0,27,5,"5""",,37.89
ssr,7,"BattenLok' HS 16""",0,27,6,"6""",,38.00
ssr,7,"BattenLok' HS 16""",0,27,7,7,,38.11
ssr,7,"BattenLok' HS 16""",0,27,8,"8""",,38.33
ssr,7,"BattenLok' HS 16""",0,27,9,"9""",,38.34
ssr,7,"BattenLok' HS 16""",0,27,10,"10""",,38.45
ssr,7,"BattenLok' HS 16""",0,27,column,|,,38.56
ssr,7,"BattenLok' HS 16""",0,28,column_2,,,29 FT.
ssr,7,"BattenLok' HS 16""",0,28,column_3,,,38.67
ssr,7,"BattenLok' HS 16""",0,28,w,W,,38.78
ssr,7,"BattenLok' HS 16""",0,28,2,"2""",,38.89
ssr,7,"BattenLok' HS 16""",0,28,3,"3""",,39.00
ssr,7,"BattenLok' HS 16""",0,28,4,"4""",,39.11
ssr,7,"BattenLok' HS 16""",0,28,5,"5""",,39.22
ssr,7,"BattenLok' HS 16""",0,28,6,"6""",,39.33
ssr,7,"BattenLok' HS 16""",0,28,7,7,,39.45
ssr,7,"BattenLok' HS 16""",0,28,8,"8""",,39.56
ssr,7,"BattenLok' HS 16""",0,28,9,"9""",,39.67
ssr,7,"BattenLok' HS 16""",0,28,10,"10""",,39.78
ssr,7,"BattenLok' HS 16""",0,28,column,|,,39.89
ssr,7,"BattenLok' HS 16""",0,29,column_2,,,30 FT.
ssr,7,"BattenLok' HS 16""",0,29,column_3,,,40.00
ssr,7,"BattenLok' HS 16""",0,29,w,W,,40.11
ssr,7,"BattenLok' HS 16""",0,29,2,"2""",,40.22
ssr,7,"BattenLok' HS 16""",0,29,3,"3""",,40.33
ssr,7,"BattenLok' HS 16""",0,29,4,"4""",,40.44
ssr,7,"BattenLok' HS 16""",0,29,5,"5""",,40.56
ssr,7,"BattenLok' HS 16""",0,29,6,"6""",,40.67
ssr,7,"BattenLok' HS 16""",0,29,7,7,,40.78
ssr,7,"BattenLok' HS 16""",0,29,8,"8""",,40.89
ssr,7,"BattenLok' HS 16""",0,29,9,"9""",,41.00
ssr,7,"BattenLok' HS 16""",0,29,10,"10""",,41.11
ssr,7,"BattenLok' HS 16""",0,29,column,|,,41.23
ssr,7,"BattenLok' HS 16""",0,30,column_2,,,31 FT.
ssr,7,"BattenLok' HS 16""",0,30,column_3,,,41.33
ssr,7,"BattenLok' HS 16""",0,30,w,W,,41.44
ssr,7,"BattenLok' HS 16""",0,30,2,"2""",,41.56
ssr,7,"BattenLok' HS 16""",0,30,3,"3""",,41.67
ssr,7,"BattenLok' HS 16""",0,30,4,"4""",,41.78
ssr,7,"BattenLok' HS 16""",0,30,5,"5""",,41.89
ssr,7,"BattenLok' HS 16""",0,30,6,"6""",,42.00
ssr,7,"BattenLok' HS 16""",0,30,7,7,,42.11
ssr,7,"BattenLok' HS 16""",0,30,8,"8""",,42.22
ssr,7,"BattenLok' HS 16""",0,30,9,"9""",,42.34
ssr,7,"BattenLok' HS 16""",0,30,10,"10""",,42.45
ssr,7,"BattenLok' HS 16""",0,30,column,|,,42.56
ssr,7,"BattenLok' HS 16""",0,31,column_2,,,32 FT.
ssr,7,"BattenLok' HS 16""",0,31,column_3,,,42.67
ssr,7,"BattenLok' HS 16""",0,31,w,W,,42.78
ssr,7,"BattenLok' HS 16""",0,31,2,"2""",,42.89
ssr,7,"BattenLok' HS 16""",0,31,3,"3""",,43.00
ssr,7,"BattenLok' HS 16""",0,31,4,"4""",,43.11
ssr,7,"BattenLok' HS 16""",0,31,5,"5""",,43.22
ssr,7,"BattenLok' HS 16""",0,31,6,"6""",,43.33
ssr,7,"BattenLok' HS 16""",0,31,7,7,,43.45
ssr,7,"BattenLok' HS 16""",0,31,8,"8""",,43.56
ssr,7,"BattenLok' HS 16""",0,31,9,"9""",,43.67
ssr,7,"BattenLok' HS 16""",0,31,10,"10""",,43.78
ssr,7,"BattenLok' HS 16""",0,31,column,|,,43.89
ssr,7,"BattenLok' HS 16""",0,32,column_2,,,33 FT.
ssr,7,"BattenLok' HS 16""",0,32,column_3,,,44.00
ssr,7,"BattenLok' HS 16""",0,32,w,W,,44.11
ssr,7,"BattenLok' HS 16""",0,32,2,"2""",,44.22
ssr,7,"BattenLok' HS 16""",0,32,3,"3""",,44.33
ssr,7,"BattenLok' HS 16""",0,32,4,"4""",,44.44
ssr,7,"BattenLok' HS 16""",0,32,5,"5""",,44.56
ssr,7,"BattenLok' HS 16""",0,32,6,"6""",,44.67
ssr,7,"BattenLok' HS 16""",0,32,7,7,,44.78
ssr,7,"BattenLok' HS 16""",0,32,8,"8""",,44.89
ssr,7,"BattenLok' HS 16""",0,32,9,"9""",,45.00
ssr,7,"BattenLok' HS 16""",0,32,10,"10""",,45.11
ssr,7,"BattenLok' HS 16""",0,32,column,|,,45.23
ssr,7,"BattenLok' HS 16""",0,33,column_2,,,34 FT.
ssr,7,"BattenLok' HS 16""",0,33,column_3,,,45.33
ssr,7,"BattenLok' HS 16""",0,33,w,W,,45.44
ssr,7,"BattenLok' HS 16""",0,33,2,"2""",,45.56
ssr,7,"BattenLok' HS 16""",0,33,3,"3""",,45.67
ssr,7,"BattenLok' HS 16""",0,33,4,"4""",,45.78
ssr,7,"BattenLok' HS 16""",0,33,5,"5""",,45.89
ssr,7,"BattenLok' HS 16""",0,33,6,"6""",,46.00
ssr,7,"BattenLok' HS 16""",0,33,7,7,,46.11
ssr,7,"BattenLok' HS 16""",0,33,8,"8""",,46.22
ssr,7,"BattenLok' HS 16""",0,33,9,"9""",,46.34
ssr,7,"BattenLok' HS 16""",0,33,10,"10""",,46.45
ssr,7,"BattenLok' HS 16""",0,33,column,|,,46.56
ssr,7,"BattenLok' HS 16""",0,34,column_2,,,35 FT.
ssr,7,"BattenLok' HS 16""",0,34,column_3,,,46.67
ssr,7,"BattenLok' HS 16""",0,34,w,W,,46.78
ssr,7,"BattenLok' HS 16""",0,34,2,"2""",,46.89
ssr,7,"BattenLok' HS 16""",0,34,3,"3""",,47.00
ssr,7,"BattenLok' HS 16""",0,34,4,"4""",,47.11
ssr,7,"BattenLok' HS 16""",0,34,5,"5""",,47.22
ssr,7,"BattenLok' HS 16""",0,34,6,"6""",,47.33
ssr,7,"BattenLok' HS 16""",0,34,7,7,,47.45
ssr,7,"BattenLok' HS 16""",0,34,8,"8""",,47.56
ssr,7,"BattenLok' HS 16""",0,34,9,"9""",,47.67
ssr,7,"BattenLok' HS 16""",0,34,10,"10""",,47.78
ssr,7,"BattenLok' HS 16""",0,34,column,|,,47.89
ssr,7,"BattenLok' HS 16""",0,35,column_2,,,36 FT.
ssr,7,"BattenLok' HS 16""",0,35,column_3,,,48.00
ssr,7,"BattenLok' HS 16""",0,35,w,W,,48.11
ssr,7,"BattenLok' HS 16""",0,35,2,"2""",,48.22
ssr,7,"BattenLok' HS 16""",0,35,3,"3""",,48.33
ssr,7,"BattenLok' HS 16""",0,35,4,"4""",,48.44
ssr,7,"BattenLok' HS 16""",0,35,5,"5""",,48.56
ssr,7,"BattenLok' HS 16""",0,35,6,"6""",,48.67
ssr,7,"BattenLok' HS 16""",0,35,7,7,,48.78
ssr,7,"BattenLok' HS 16""",0,35,8,"8""",,48.89
ssr,7,"BattenLok' HS 16""",0,35,9,"9""",,49.00
ssr,7,"BattenLok' HS 16""",0,35,10,"10""",,49.11
ssr,7,"BattenLok' HS 16""",0,35,column,|,,49.23
ssr,7,"BattenLok' HS 16""",0,36,column_2,,,37 FT.
ssr,7,"BattenLok' HS 16""",0,36,column_3,,,49.33
ssr,7,"BattenLok' HS 16""",0,36,w,W,,49.44
ssr,7,"BattenLok' HS 16""",0,36,2,"2""",,49.56
ssr,7,"BattenLok' HS 16""",0,36,3,"3""",,49.67
ssr,7,"BattenLok' HS 16""",0,36,4,"4""",,49.78
ssr,7,"BattenLok' HS 16""",0,36,5,"5""",,49.89
ssr,7,"BattenLok' HS 16""",0,36,6,"6""",,50.00
ssr,7,"BattenLok' HS 16""",0,36,7,7,,50.11
ssr,7,"BattenLok' HS 16""",0,36,8,"8""",,50.22
ssr,7,"BattenLok' HS 16""",0,36,9,"9""",,50.34
ssr,7,"BattenLok' HS 16""",0,36,10,"10""",,50.45
ssr,7,"BattenLok' HS 16""",0,36,column,|,,50.56
ssr,7,"BattenLok' HS 16""",0,37,column_2,,,38 FT.
ssr,7,"BattenLok' HS 16""",0,37,column_3,,,50.67
ssr,7,"BattenLok' HS 16""",0,37,w,W,,50.78
ssr,7,"BattenLok' HS 16""",0,37,2,"2""",,50.89
ssr,7,"BattenLok' HS 16""",0,37,3,"3""",,51.00
ssr,7,"BattenLok' HS 16""",0,37,4,"4""",,51.11
ssr,7,"BattenLok' HS 16""",0,37,5,"5""",,51.22
ssr,7,"BattenLok' HS 16""",0,37,6,"6""",,51.33
ssr,7,"BattenLok' HS 16""",0,37,7,7,,51.45
ssr,7,"BattenLok' HS 16""",0,37,8,"8""",,51.56
ssr,7,"BattenLok' HS 16""",0,37,9,"9""",,51.67
ssr,7,"BattenLok' HS 16""",0,37,10,"10""",,51.78
ssr,7,"BattenLok' HS 16""",0,37,column,|,,51.89
ssr,7,"BattenLok' HS 16""",0,38,column_2,,,39 FT.
ssr,7,"BattenLok' HS 16""",0,38,column_3,,,52.00
ssr,7,"BattenLok' HS 16""",0,38,w,W,,52.11
ssr,7,"BattenLok' HS 16""",0,38,2,"2""",,52.22
ssr,7,"BattenLok' HS 16""",0,38,3,"3""",,52.33
ssr,7,"BattenLok' HS 16""",0,38,4,"4""",,52.44
ssr,7,"BattenLok' HS 16""",0,38,5,"5""",,52.56
ssr,7,"BattenLok' HS 16""",0,38,6,"6""",,52.67
ssr,7,"BattenLok' HS 16""",0,38,7,7,,52.78
ssr,7,"BattenLok' HS 16""",0,38,8,"8""",,52.89
ssr,7,"BattenLok' HS 16""",0,38,9,"9""",,53.00
ssr,7,"BattenLok' HS 16""",0,38,10,"10""",,53.11
ssr,7,"BattenLok' HS 16""",0,38,column,|,,53.23
ssr,7,"BattenLok' HS 16""",0,39,column_2,,,40 FT.
ssr,7,"BattenLok' HS 16""",0,39,column_3,,,53.33
ssr,7,"BattenLok' HS 16""",0,39,w,W,,53.44
ssr,7,"BattenLok' HS 16""",0,39,2,"2""",,53.55
ssr,7,"BattenLok' HS 16""",0,39,3,"3""",,53.67
ssr,7,"BattenLok' HS 16""",0,39,4,"4""",,53.78
ssr,7,"BattenLok' HS 16""",0,39,5,"5""",,53.89
ssr,7,"BattenLok' HS 16""",0,39,6,"6""",,54.00
ssr,7,"BattenLok' HS 16""",0,39,7,7,,54.11
ssr,7,"BattenLok' HS 16""",0,39,8,"8""",,54.22
ssr,7,"BattenLok' HS 16""",0,39,9,"9""",,54.34
ssr,7,"BattenLok' HS 16""",0,39,10,"10""",,54.45
ssr,7,"BattenLok' HS 16""",0,39,column,|,,54.56
ssr,8,"BattenLok' HS 16""",0,0,gauge,| GAUGE,DESCRIPTION,24
ssr,8,"BattenLok' HS 16""",0,0,coverage,COVERAGE,DESCRIPTION,"16"""
ssr,8,"BattenLok' HS 16""",0,0,yield_psi,YIELD (PSI),DESCRIPTION,"50,000"
ssr,8,"BattenLok' HS 16""",0,0,weight_per_sq,WEIGHT PER SQ.,DESCRIPTION,136#
ssr,8,"BattenLok' HS 16""",0,0,finish,FINISH*,DESCRIPTION,Galvalume' Plus &
ssr,8,"BattenLok' HS 16""",0,0,price,PRICE,,✓
ssr,8,"BattenLok' HS 16""",0,1,gauge,| GAUGE,DESCRIPTION,24
ssr,8,"BattenLok' HS 16""",0,1,coverage,COVERAGE,DESCRIPTION,"16"""
ssr,8,"BattenLok' HS 16""",0,1,yield_psi,YIELD (PSI),DESCRIPTION,"50,000"
ssr,8,"BattenLok' HS 16""",0,1,weight_per_sq,WEIGHT PER SQ.,DESCRIPTION,136#
ssr,8,"BattenLok' HS 16""",0,1,finish,FINISH*,DESCRIPTION,Signature' 200
ssr,8,"BattenLok' HS 16""",0,1,price,PRICE,,✓
ssr,8,"BattenLok' HS 16""",0,2,gauge,| GAUGE,DESCRIPTION,24
ssr,8,"BattenLok' HS 16""",0,2,coverage,COVERAGE,DESCRIPTION,"16"""
ssr,8,"BattenLok' HS 16""",0,2,yield_psi,YIELD (PSI),DESCRIPTION,"50,000"
ssr,8,"BattenLok' HS 16""",0,2,weight_per_sq,WEIGHT PER SQ.,DESCRIPTION,136#
ssr,8,"BattenLok' HS 16""",0,2,finish,FINISH*,DESCRIPTION,Signature' 300
ssr,8,"BattenLok' HS 16""",0,2,price,PRICE,,✓
ssr,8,"BattenLok' HS 16""",0,3,gauge,| GAUGE,DESCRIPTION,24
ssr,8,"BattenLok' HS 16""",0,3,coverage,COVERAGE,DESCRIPTION,"16"""
ssr,8,"BattenLok' HS 16""",0,3,yield_psi,YIELD (PSI),DESCRIPTION,"50,000"
ssr,8,"BattenLok' HS 16""",0,3,weight_per_sq,WEIGHT PER SQ.,DESCRIPTION,136#
ssr,8,"BattenLok' HS 16""",0,3,finish,FINISH*,DESCRIPTION,Signature' 300 Metallic
ssr,8,"BattenLok' HS 16""",0,3,price,PRICE,,Please Inquire
ssr,8,"BattenLok' HS 16""",0,4,gauge,| GAUGE,DESCRIPTION,22
ssr,8,"BattenLok' HS 16""",0,4,coverage,COVERAGE,DESCRIPTION,"16"""
ssr,8,"BattenLok' HS 16""",0,4,yield_psi,YIELD (PSI),DESCRIPTION,"50,000"
ssr,8,"BattenLok' HS 16""",0,4,weight_per_sq,WEIGHT PER SQ.,DESCRIPTION,173#
ssr,8,"BattenLok' HS 16""",0,4,finish,FINISH*,DESCRIPTION,Galvalume' Plus &
ssr,8,"BattenLok' HS 16""",0,4,price,PRICE,,Please Inquire
ssr,8,"BattenLok' HS 16""",0,5,gauge,| GAUGE,DESCRIPTION,22
ssr,8,"BattenLok' HS 16""",0,5,coverage,COVERAGE,DESCRIPTION,"16"""
ssr,8,"BattenLok' HS 16""",0,5,yield_psi,YIELD (PSI),DESCRIPTION,"50,000"
ssr,8,"BattenLok' HS 16""",0,5,weight_per_sq,WEIGHT PER SQ.,DESCRIPTION,173#
ssr,8,"BattenLok' HS 16""",0,5,finish,FINISH*,DESCRIPTION,Signature' 200
ssr,8,"BattenLok' HS 16""",0,5,price,PRICE,,Please Inquire
ssr,8,"BattenLok' HS 16""",0,6,gauge,| GAUGE,DESCRIPTION,22
ssr,8,"BattenLok' HS 16""",0,6,coverage,COVERAGE,DESCRIPTION,"16"""
ssr,8,"BattenLok' HS 16""",0,6,yield_psi,YIELD (PSI),DESCRIPTION,"50,000"
ssr,8,"BattenLok' HS 16""",0,6,weight_per_sq,WEIGHT PER SQ.,DESCRIPTION,173#
ssr,8,"BattenLok' HS 16""",0,6,finish,FINISH*,DESCRIPTION,Signature' 300
ssr,8,"BattenLok' HS 16""",0,6,price,PRICE,,Please Inquire
ssr,8,"BattenLok' HS 16""",0,7,gauge,| GAUGE,DESCRIPTION,22
ssr,8,"BattenLok' HS 16""",0,7,coverage,COVERAGE,DESCRIPTION,"16"""
ssr,8,"BattenLok' HS 16""",0,7,yield_psi,YIELD (PSI),DESCRIPTION,"50,000"
ssr,8,"BattenLok' HS 16""",0,7,weight_per_sq,WEIGHT PER SQ.,DESCRIPTION,173#
ssr,8,"BattenLok' HS 16""",0,7,finish,FINISH*,DESCRIPTION,Signature' 300 Metallic
ssr,8,"BattenLok' HS 16""",0,7,price,PRICE,,Please Inquire
ssr,9,"o"" "" 2"" 3"" 4"" 5"" 6"" z"" 8"" 9"" 10"" nN""",0,0,column_1,,,1 FT.
ssr,9,"o"" "" 2"" 3"" 4"" 5"" 6"" z"" 8"" 9"" 10"" nN""",0,0,o,"o""",,1.00
ssr,9,"o"" "" 2"" 3"" 4"" 5"" 6"" z"" 8"" 9"" 10"" nN""",0,0,column_3,,,1.08
ssr,9,"o"" "" 2"" 3"" 4"" 5"" 6"" z"" 8"" 9"" 10"" nN""",0,0,qn,Qn,,1.17
ssr,9,"o"" "" 2"" 3"" 4"" 5"" 6"" z"" 8"" 9"" 10"" nN""",0,0,3,"3""",,1.25
ssr,9,"o"" "" 2"" 3"" 4"" 5"" 6"" z"" 8"" 9"" 10"" nN""",0,0,4,"4""",,1.34
ssr,9,"o"" "" 2"" 3"" 4"" 5"" 6"" z"" 8"" 9"" 10"" nN""",0,0,5,"5""",,1.42
ssr,9,"o"" "" 2"" 3"" 4"" 5"" 6"" z"" 8"" 9"" 10"" nN""",0,0,6,"6""",,1.50
ssr,9,"o"" "" 2"" 3"" 4"" 5"" 6"" z"" 8"" 9"" 10"" nN""",0,0,7,"7""",,1.59
ssr,9,"o"" "" 2"" 3"" 4"" 5"" 6"" z"" 8"" 9"" 10"" nN""",0,0,8,"8""",,1.67
ssr,9,"o"" "" 2"" 3"" 4"" 5"" 6"" z"" 8"" 9"" 10"" nN""",0,0,9,"9""",,1.75
ssr,9,"o"" "" 2"" 3"" 4"" 5"" 6"" z"" 8"" 9"" 10"" nN""",0,0,10,"10""",,1.84
ssr,9,"o"" "" 2"" 3"" 4"" 5"" 6"" z"" 8"" 9"" 10"" nN""",0,0,nn,"nN""",,1.92
ssr,9,"o"" "" 2"" 3"" 4"" 5"" 6"" z"" 8"" 9"" 10"" nN""",0,1,column_1,,,2 FT.
ssr,9,"o"" "" 2"" 3"" 4"" 5"" 6"" z"" 8"" 9"" 10"" nN""",0,1,o,"o""",,2.00
ssr,9,"o"" "" 2"" 3"" 4"" 5"" 6"" z"" 8"" 9"" 10"" nN""",0,1,column_3,,,2.08
ssr,9,"o"" "" 2"" 3"" 4"" 5"" 6"" z"" 8"" 9"" 10"" nN""",0,1,qn,Qn,,2.17
ssr,9,"o"" "" 2"" 3"" 4"" 5"" 6"" z"" 8"" 9"" 10"" nN""",0,1,3,"3""",,2.25
ssr,9,"o"" "" 2"" 3"" 4"" 5"" 6"" z"" 8"" 9"" 10"" nN""",0,1,4,"4""",,2.34
ssr,9,"o"" "" 2"" 3"" 4"" 5"" 6"" z"" 8"" 9"" 10"" nN""",0,1,5,"5""",,2.42
ssr,9,"o"" "" 2"" 3"" 4"" 5"" 6"" z"" 8"" 9"" 10"" nN""",0,1,6,"6""",,2.50
ssr,9,"o"" "" 2"" 3"" 4"" 5"" 6"" z"" 8"" 9"" 10"" nN""",0,1,7,"7""",,2.59
ssr,9,"o"" "" 2"" 3"" 4"" 5"" 6"" z"" 8"" 9"" 10"" nN""",0,1,8,"8""",,2.67
ssr,9,"o"" "" 2"" 3"" 4"" 5"" 6"" z"" 8"" 9"" 10"" nN""",0,1,9,"9""",,2.75
ssr,9,"o"" "" 2"" 3"" 4"" 5"" 6"" z"" 8"" 9"" 10"" nN""",0,1,10,"10""",,2.84
ssr,9,"o"" "" 2"" 3"" 4"" 5"" 6"" z"" 8"" 9"" 10"" nN""",0,1,nn,"nN""",,2.92
ssr,9,"o"" "" 2"" 3"" 4"" 5"" 6"" z"" 8"" 9"" 10"" nN""",0,2,column_1,,,3 FT.
ssr,9,"o"" "" 2"" 3"" 4"" 5"" 6"" z"" 8"" 9"" 10"" nN""",0,2,o,"o""",,3.00
ssr,9,"o"" "" 2"" 3"" 4"" 5"" 6"" z"" 8"" 9"" 10"" nN""",0,2,column_3,,,3.08
ssr,9,"o"" "" 2"" 3"" 4"" 5"" 6"" z"" 8"" 9"" 10"" nN""",0,2,qn,Qn,,3.17
ssr,9,"o"" "" 2"" 3"" 4"" 5"" 6"" z"" 8"" 9"" 10"" nN""",0,2,3,"3""",,3.25
ssr,9,"o"" "" 2"" 3"" 4"" 5"" 6"" z"" 8"" 9"" 10"" nN""",0,2,4,"4""",,3.34
ssr,9,"o"" "" 2"" 3"" 4"" 5"" 6"" z"" 8"" 9"" 10"" nN""",0,2,5,"5""",,3.42
ssr,9,"o"" "" 2"" 3"" 4"" 5"" 6"" z"" 8"" 9"" 10"" nN""",0,2,6,"6""",,3.50
ssr,9,"o"" "" 2"" 3"" 4"" 5"" 6"" z"" 8"" 9"" 10"" nN""",0,2,7,"7""",,3.59
ssr,9,"o"" "" 2"" 3"" 4"" 5"" 6"" z"" 8"" 9"" 10"" nN""",0,2,8,"8""",,3.67
ssr,9,"o"" "" 2"" 3"" 4"" 5"" 6"" z"" 8"" 9"" 10"" nN""",0,2,9,"9""",,3.75
ssr,9,"o"" "" 2"" 3"" 4"" 5"" 6"" z"" 8"" 9"" 10"" nN""",0,2,10,"10""",,3.84
ssr,9,"o"" "" 2"" 3"" 4"" 5"" 6"" z"" 8"" 9"" 10"" nN""",0,2,nn,"nN""",,3.92
ssr,9,"o"" "" 2"" 3"" 4"" 5"" 6"" z"" 8"" 9"" 10"" nN""",0,3,column_1,,,4 FT.
ssr,9,"o"" "" 2"" 3"" 4"" 5"" 6"" z"" 8"" 9"" 10"" nN""",0,3,o,"o""",,4.00
ssr,9,"o"" "" 2"" 3"" 4"" 5"" 6"" z"" 8"" 9"" 10"" nN""",0,3,column_3,,,4.08
ssr,9,"o"" "" 2"" 3"" 4"" 5"" 6"" z"" 8"" 9"" 10"" nN""",0,3,qn,Qn,,4.17
ssr,9,"o"" "" 2"" 3"" 4"" 5"" 6"" z"" 8"" 9"" 10"" nN""",0,3,3,"3""",,4.25
ssr,9,"o"" "" 2"" 3"" 4"" 5"" 6"" z"" 8"" 9"" 10"" nN""",0,3,4,"4""",,4.34
ssr,9,"o"" "" 2"" 3"" 4"" 5"" 6"" z"" 8"" 9"" 10"" nN""",0,3,5,"5""",,4.42
ssr,9,"o"" "" 2"" 3"" 4"" 5"" 6"" z"" 8"" 9"" 10"" nN""",0,3,6,"6""",,4.50
ssr,9,"o"" "" 2"" 3"" 4"" 5"" 6"" z"" 8"" 9"" 10"" nN""",0,3,7,"7""",,4.59
ssr,9,"o"" "" 2"" 3"" 4"" 5"" 6"" z"" 8"" 9"" 10"" nN""",0,3,8,"8""",,4.67
ssr,9,"o"" "" 2"" 3"" 4"" 5"" 6"" z"" 8"" 9"" 10"" nN""",0,3,9,"9""",,4.75
ssr,9,"o"" "" 2"" 3"" 4"" 5"" 6"" z"" 8"" 9"" 10"" nN""",0,3,10,"10""",,4.84
ssr,9,"o"" "" 2"" 3"" 4"" 5"" 6"" z"" 8"" 9"" 10"" nN""",0,3,nn,"nN""",,4.92
ssr,9,"o"" "" 2"" 3"" 4"" 5"" 6"" z"" 8"" 9"" 10"" nN""",0,4,column_1,,,RET
ssr,9,"o"" "" 2"" 3"" 4"" 5"" 6"" z"" 8"" 9"" 10"" nN""",0,4,o,"o""",,5.00
ssr,9,"o"" "" 2"" 3"" 4"" 5"" 6"" z"" 8"" 9"" 10"" nN""",0,4,column_3,,,5.08
ssr,9,"o"" "" 2"" 3"" 4"" 5"" 6"" z"" 8"" 9"" 10"" nN""",0,4,qn,Qn,,5.17
ssr,9,"o"" "" 2"" 3"" 4"" 5"" 6"" z"" 8"" 9"" 10"" nN""",0,4,3,"3""",,5.25
ssr,9,"o"" "" 2"" 3"" 4"" 5"" 6"" z"" 8"" 9"" 10"" nN""",0,4,4,"4""",,5.34
ssr,9,"o"" "" 2"" 3"" 4"" 5"" 6"" z"" 8"" 9"" 10"" nN""",0,4,5,"5""",,5.42
ssr,9,"o"" "" 2"" 3"" 4"" 5"" 6"" z"" 8"" 9"" 10"" nN""",0,4,6,"6""",,5.50
ssr,9,"o"" "" 2"" 3"" 4"" 5"" 6"" z"" 8"" 9"" 10"" nN""",0,4,7,"7""",,5.59
ssr,9,"o"" "" 2"" 3"" 4"" 5"" 6"" z"" 8"" 9"" 10"" nN""",0,4,8,"8""",,5.67
ssr,9,"o"" "" 2"" 3"" 4"" 5"" 6"" z"" 8"" 9"" 10"" nN""",0,4,9,"9""",,5.75
ssr,9,"o"" "" 2"" 3"" 4"" 5"" 6"" z"" 8"" 9"" 10"" nN""",0,4,10,"10""",,5.84
ssr,9,"o"" "" 2"" 3"" 4"" 5"" 6"" z"" 8"" 9"" 10"" nN""",0,4,nn,"nN""",,5.92
ssr,9,"o"" "" 2"" 3"" 4"" 5"" 6"" z"" 8"" 9"" 10"" nN""",0,5,column_1,,,6 FT.
ssr,9,"o"" "" 2"" 3"" 4"" 5"" 6"" z"" 8"" 9"" 10"" nN""",0,5,o,"o""",,6.00
ssr,9,"o"" "" 2"" 3"" 4"" 5"" 6"" z"" 8"" 9"" 10"" nN""",0,5,column_3,,,6.08
ssr,9,"o"" "" 2"" 3"" 4"" 5"" 6"" z"" 8"" 9"" 10"" nN""",0,5,qn,Qn,,6.17
ssr,9,"o"" "" 2"" 3"" 4"" 5"" 6"" z"" 8"" 9"" 10"" nN""",0,5,3,"3""",,6.25
ssr,9,"o"" "" 2"" 3"" 4"" 5"" 6"" z"" 8"" 9"" 10"" nN""",0,5,4,"4""",,6.34
ssr,9,"o"" "" 2"" 3"" 4"" 5"" 6"" z"" 8"" 9"" 10"" nN""",0,5,5,"5""",,6.42
ssr,9,"o"" "" 2"" 3"" 4"" 5"" 6"" z"" 8"" 9"" 10"" nN""",0,5,6,"6""",,6.50
ssr,9,"o"" "" 2"" 3"" 4"" 5"" 6"" z"" 8"" 9"" 10"" nN""",0,5,7,"7""",,6.59
ssr,9,"o"" "" 2"" 3"" 4"" 5"" 6"" z"" 8"" 9"" 10"" nN""",0,5,8,"8""",,6.67
ssr,9,"o"" "" 2"" 3"" 4"" 5"" 6"" z"" 8"" 9"" 10"" nN""",0,5,9,"9""",,6.75
ssr,9,"o"" "" 2"" 3"" 4"" 5"" 6"" z"" 8"" 9"" 10"" nN""",0,5,10,"10""",,6.84
ssr,9,"o"" "" 2"" 3"" 4"" 5"" 6"" z"" 8"" 9"" 10"" nN""",0,5,nn,"nN""",,6.92
ssr,9,"o"" "" 2"" 3"" 4"" 5"" 6"" z"" 8"" 9"" 10"" nN""",0,6,column_1,,,7 FT.
ssr,9,"o"" "" 2"" 3"" 4"" 5"" 6"" z"" 8"" 9"" 10"" nN""",0,6,o,"o""",,7.00
ssr,9,"o"" "" 2"" 3"" 4"" 5"" 6"" z"" 8"" 9"" 10"" nN""",0,6,column_3,,,7.08
ssr,9,"o"" "" 2"" 3"" 4"" 5"" 6"" z"" 8"" 9"" 10"" nN""",0,6,qn,Qn,,7.17
ssr,9,"o"" "" 2"" 3"" 4"" 5"" 6"" z"" 8"" 9"" 10"" nN""",0,6,3,"3""",,7.25
ssr,9,"o"" "" 2"" 3"" 4"" 5"" 6"" z"" 8"" 9"" 10"" nN""",0,6,4,"4""",,7.34
ssr,9,"o"" "" 2"" 3"" 4"" 5"" 6"" z"" 8"" 9"" 10"" nN""",0,6,5,"5""",,7.42
ssr,9,"o"" "" 2"" 3"" 4"" 5"" 6"" z"" 8"" 9"" 10"" nN""",0,6,6,"6""",,7.50
ssr,9,"o"" "" 2"" 3"" 4"" 5"" 6"" z"" 8"" 9"" 10"" nN""",0,6,7,"7""",,7.59
ssr,9,"o"" "" 2"" 3"" 4"" 5"" 6"" z"" 8"" 9"" 10"" nN""",0,6,8,"8""",,7.67
ssr,9,"o"" "" 2"" 3"" 4"" 5"" 6"" z"" 8"" 9"" 10"" nN""",0,6,9,"9""",,7.75
ssr,9,"o"" "" 2"" 3"" 4"" 5"" 6"" z"" 8"" 9"" 10"" nN""",0,6,10,"10""",,7.84
ssr,9,"o"" "" 2"" 3"" 4"" 5"" 6"" z"" 8"" 9"" 10"" nN""",0,6,nn,"nN""",,7.92
ssr,9,"o"" "" 2"" 3"" 4"" 5"" 6"" z"" 8"" 9"" 10"" nN""",0,7,column_1,,,8 FT.
ssr,9,"o"" "" 2"" 3"" 4"" 5"" 6"" z"" 8"" 9"" 10"" nN""",0,7,o,"o""",,8.00
ssr,9,"o"" "" 2"" 3"" 4"" 5"" 6"" z"" 8"" 9"" 10"" nN""",0,7,column_3,,,8.08
ssr,9,"o"" "" 2"" 3"" 4"" 5"" 6"" z"" 8"" 9"" 10"" nN""",0,7,qn,Qn,,8.17
ssr,9,"o"" "" 2"" 3"" 4"" 5"" 6"" z"" 8"" 9"" 10"" nN""",0,7,3,"3""",,8.25
ssr,9,"o"" "" 2"" 3"" 4"" 5"" 6"" z"" 8"" 9"" 10"" nN""",0,7,4,"4""",,8.34
ssr,9,"o"" "" 2"" 3"" 4"" 5"" 6"" z"" 8"" 9"" 10"" nN""",0,7,5,"5""",,8.42
ssr,9,"o"" "" 2"" 3"" 4"" 5"" 6"" z"" 8"" 9"" 10"" nN""",0,7,6,"6""",,8.50
ssr,9,"o"" "" 2"" 3"" 4"" 5"" 6"" z"" 8"" 9"" 10"" nN""",0,7,7,"7""",,8.59
ssr,9,"o"" "" 2"" 3"" 4"" 5"" 6"" z"" 8"" 9"" 10"" nN""",0,7,8,"8""",,8.67
ssr,9,"o"" "" 2"" 3"" 4"" 5"" 6"" z"" 8"" 9"" 10"" nN""",0,7,9,"9""",,8.75
ssr,9,"o"" "" 2"" 3"" 4"" 5"" 6"" z"" 8"" 9"" 10"" nN""",0,7,10,"10""",,8.84
ssr,9,"o"" "" 2"" 3"" 4"" 5"" 6"" z"" 8"" 9"" 10"" nN""",0,7,nn,"nN""",,8.92
ssr,9,"o"" "" 2"" 3"" 4"" 5"" 6"" z"" 8"" 9"" 10"" nN""",0,8,column_1,,,9 FT.
ssr,9,"o"" "" 2"" 3"" 4"" 5"" 6"" z"" 8"" 9"" 10"" nN""",0,8,o,"o""",,9.00
ssr,9,"o"" "" 2"" 3"" 4"" 5"" 6"" z"" 8"" 9"" 10"" nN""",0,8,column_3,,,9.08
ssr,9,"o"" "" 2"" 3"" 4"" 5"" 6"" z"" 8"" 9"" 10"" nN""",0,8,qn,Qn,,9.17
ssr,9,"o"" "" 2"" 3"" 4"" 5"" 6"" z"" 8"" 9"" 10"" nN""",0,8,3,"3""",,9.25
ssr,9,"o"" "" 2"" 3"" 4"" 5"" 6"" z"" 8"" 9"" 10"" nN""",0,8,4,"4""",,9.34
ssr,9,"o"" "" 2"" 3"" 4"" 5"" 6"" z"" 8"" 9"" 10"" nN""",0,8,5,"5""",,9.42
ssr,9,"o"" "" 2"" 3"" 4"" 5"" 6"" z"" 8"" 9"" 10"" nN""",0,8,6,"6""",,9.50
ssr,9,"o"" "" 2"" 3"" 4"" 5"" 6"" z"" 8"" 9"" 10"" nN""",0,8,7,"7""",,9.59
ssr,9,"o"" "" 2"" 3"" 4"" 5"" 6"" z"" 8"" 9"" 10"" nN""",0,8,8,"8""",,9.67
ssr,9,"o"" "" 2"" 3"" 4"" 5"" 6"" z"" 8"" 9"" 10"" nN""",0,8,9,"9""",,9.75
ssr,9,"o"" "" 2"" 3"" 4"" 5"" 6"" z"" 8"" 9"" 10"" nN""",0,8,10,"10""",,9.84
ssr,9,"o"" "" 2"" 3"" 4"" 5"" 6"" z"" 8"" 9"" 10"" nN""",0,8,nn,"nN""",,9.92
ssr,9,"o"" "" 2"" 3"" 4"" 5"" 6"" z"" 8"" 9"" 10"" nN""",0,9,column_1,,,10 FT
ssr,9,"o"" "" 2"" 3"" 4"" 5"" 6"" z"" 8"" 9"" 10"" nN""",0,9,o,"o""",,10.00
ssr,9,"o"" "" 2"" 3"" 4"" 5"" 6"" z"" 8"" 9"" 10"" nN""",0,9,column_3,,,10.08
ssr,9,"o"" "" 2"" 3"" 4"" 5"" 6"" z"" 8"" 9"" 10"" nN""",0,9,qn,Qn,,10.17
ssr,9,"o"" "" 2"" 3"" 4"" 5"" 6"" z"" 8"" 9"" 10"" nN""",0,9,3,"3""",,10.25
ssr,9,"o"" "" 2"" 3"" 4"" 5"" 6"" z"" 8"" 9"" 10"" nN""",0,9,4,"4""",,10.34
ssr,9,"o"" "" 2"" 3"" 4"" 5"" 6"" z"" 8"" 9"" 10"" nN""",0,9,5,"5""",,10.42
ssr,9,"o"" "" 2"" 3"" 4"" 5"" 6"" z"" 8"" 9"" 10"" nN""",0,9,6,"6""",,10.50
ssr,9,"o"" "" 2"" 3"" 4"" 5"" 6"" z"" 8"" 9"" 10"" nN""",0,9,7,"7""",,10.59
ssr,9,"o"" "" 2"" 3"" 4"" 5"" 6"" z"" 8"" 9"" 10"" nN""",0,9,8,"8""",,10.67
ssr,9,"o"" "" 2"" 3"" 4"" 5"" 6"" z"" 8"" 9"" 10"" nN""",0,9,9,"9""",,10.75
ssr,9,"o"" "" 2"" 3"" 4"" 5"" 6"" z"" 8"" 9"" 10"" nN""",0,9,10,"10""",,10.84
ssr,9,"o"" "" 2"" 3"" 4"" 5"" 6"" z"" 8"" 9"" 10"" nN""",0,9,nn,"nN""",,10.92
ssr,9,"o"" "" 2"" 3"" 4"" 5"" 6"" z"" 8"" 9"" 10"" nN""",0,10,column_1,,,11 FT.
ssr,9,"o"" "" 2"" 3"" 4"" 5"" 6"" z"" 8"" 9"" 10"" nN""",0,10,o,"o""",,11.00
ssr,9,"o"" "" 2"" 3"" 4"" 5"" 6"" z"" 8"" 9"" 10"" nN""",0,10,column_3,,,11.08
ssr,9,"o"" "" 2"" 3"" 4"" 5"" 6"" z"" 8"" 9"" 10"" nN""",0,10,qn,Qn,,1.17
ssr,9,"o"" "" 2"" 3"" 4"" 5"" 6"" z"" 8"" 9"" 10"" nN""",0,10,3,"3""",,11.25
ssr,9,"o"" "" 2"" 3"" 4"" 5"" 6"" z"" 8"" 9"" 10"" nN""",0,10,4,"4""",,11.34
ssr,9,"o"" "" 2"" 3"" 4"" 5"" 6"" z"" 8"" 9"" 10"" nN""",0,10,5,"5""",,11.42
ssr,9,"o"" "" 2"" 3"" 4"" 5"" 6"" z"" 8"" 9"" 10"" nN""",0,10,6,"6""",,11.50
ssr,9,"o"" "" 2"" 3"" 4"" 5"" 6"" z"" 8"" 9"" 10"" nN""",0,10,7,"7""",,11.59
ssr,9,"o"" "" 2"" 3"" 4"" 5"" 6"" z"" 8"" 9"" 10"" nN""",0,10,8,"8""",,11.67
ssr,9,"o"" "" 2"" 3"" 4"" 5"" 6"" z"" 8"" 9"" 10"" nN""",0,10,9,"9""",,11.75
ssr,9,"o"" "" 2"" 3"" 4"" 5"" 6"" z"" 8"" 9"" 10"" nN""",0,10,10,"10""",,11.84
ssr,9,"o"" "" 2"" 3"" 4"" 5"" 6"" z"" 8"" 9"" 10"" nN""",0,10,nn,"nN""",,11.92
ssr,9,"o"" "" 2"" 3"" 4"" 5"" 6"" z"" 8"" 9"" 10"" nN""",0,11,column_1,,,12 FT.
ssr,9,"o"" "" 2"" 3"" 4"" 5"" 6"" z"" 8"" 9"" 10"" nN""",0,11,o,"o""",,12.00
ssr,9,"o"" "" 2"" 3"" 4"" 5"" 6"" z"" 8"" 9"" 10"" nN""",0,11,column_3,,,12.08
ssr,9,"o"" "" 2"" 3"" 4"" 5"" 6"" z"" 8"" 9"" 10"" nN""",0,11,qn,Qn,,12.17
ssr,9,"o"" "" 2"" 3"" 4"" 5"" 6"" z"" 8"" 9"" 10"" nN""",0,11,3,"3""",,12.25
ssr,9,"o"" "" 2"" 3"" 4"" 5"" 6"" z"" 8"" 9"" 10"" nN""",0,11,4,"4""",,12.34
ssr,9,"o"" "" 2"" 3"" 4"" 5"" 6"" z"" 8"" 9"" 10"" nN""",0,11,5,"5""",,12.42
ssr,9,"o"" "" 2"" 3"" 4"" 5"" 6"" z"" 8"" 9"" 10"" nN""",0,11,6,"6""",,12.50
ssr,9,"o"" "" 2"" 3"" 4"" 5"" 6"" z"" 8"" 9"" 10"" nN""",0,11,7,"7""",,12.59
ssr,9,"o"" "" 2"" 3"" 4"" 5"" 6"" z"" 8"" 9"" 10"" nN""",0,11,8,"8""",,12.67
ssr,9,"o"" "" 2"" 3"" 4"" 5"" 6"" z"" 8"" 9"" 10"" nN""",0,11,9,"9""",,12.75
ssr,9,"o"" "" 2"" 3"" 4"" 5"" 6"" z"" 8"" 9"" 10"" nN""",0,11,10,"10""",,12.84
ssr,9,"o"" "" 2"" 3"" 4"" 5"" 6"" z"" 8"" 9"" 10"" nN""",0,11,nn,"nN""",,12.92
ssr,9,"o"" "" 2"" 3"" 4"" 5"" 6"" z"" 8"" 9"" 10"" nN""",0,12,column_1,,,13 FT.
ssr,9,"o"" "" 2"" 3"" 4"" 5"" 6"" z"" 8"" 9"" 10"" nN""",0,12,o,"o""",,13.00
ssr,9,"o"" "" 2"" 3"" 4"" 5"" 6"" z"" 8"" 9"" 10"" nN""",0,12,column_3,,,13.08
ssr,9,"o"" "" 2"" 3"" 4"" 5"" 6"" z"" 8"" 9"" 10"" nN""",0,12,qn,Qn,,13.17
ssr,9,"o"" "" 2"" 3"" 4"" 5"" 6"" z"" 8"" 9"" 10"" nN""",0,12,3,"3""",,13.25
ssr,9,"o"" "" 2"" 3"" 4"" 5"" 6"" z"" 8"" 9"" 10"" nN""",0,12,4,"4""",,13.34
ssr,9,"o"" "" 2"" 3"" 4"" 5"" 6"" z"" 8"" 9"" 10"" nN""",0,12,5,"5""",,13.42
ssr,9,"o"" "" 2"" 3"" 4"" 5"" 6"" z"" 8"" 9"" 10"" nN""",0,12,6,"6""",,13.50
ssr,9,"o"" "" 2"" 3"" 4"" 5"" 6"" z"" 8"" 9"" 10"" nN""",0,12,7,"7""",,13.59
ssr,9,"o"" "" 2"" 3"" 4"" 5"" 6"" z"" 8"" 9"" 10"" nN""",0,12,8,"8""",,13.67
ssr,9,"o"" "" 2"" 3"" 4"" 5"" 6"" z"" 8"" 9"" 10"" nN""",0,12,9,"9""",,13.75
ssr,9,"o"" "" 2"" 3"" 4"" 5"" 6"" z"" 8"" 9"" 10"" nN""",0,12,10,"10""",,13.84
ssr,9,"o"" "" 2"" 3"" 4"" 5"" 6"" z"" 8"" 9"" 10"" nN""",0,12,nn,"nN""",,13.92
ssr,9,"o"" "" 2"" 3"" 4"" 5"" 6"" z"" 8"" 9"" 10"" nN""",0,13,column_1,,,14 FT.
ssr,9,"o"" "" 2"" 3"" 4"" 5"" 6"" z"" 8"" 9"" 10"" nN""",0,13,o,"o""",,14.00
ssr,9,"o"" "" 2"" 3"" 4"" 5"" 6"" z"" 8"" 9"" 10"" nN""",0,13,column_3,,,14.08
ssr,9,"o"" "" 2"" 3"" 4"" 5"" 6"" z"" 8"" 9"" 10"" nN""",0,13,qn,Qn,,14.17
ssr,9,"o"" "" 2"" 3"" 4"" 5"" 6"" z"" 8"" 9"" 10"" nN""",0,13,3,"3""",,14.25
ssr,9,"o"" "" 2"" 3"" 4"" 5"" 6"" z"" 8"" 9"" 10"" nN""",0,13,4,"4""",,14.34
ssr,9,"o"" "" 2"" 3"" 4"" 5"" 6"" z"" 8"" 9"" 10"" nN""",0,13,5,"5""",,14.42
ssr,9,"o"" "" 2"" 3"" 4"" 5"" 6"" z"" 8"" 9"" 10"" nN""",0,13,6,"6""",,14.50
ssr,9,"o"" "" 2"" 3"" 4"" 5"" 6"" z"" 8"" 9"" 10"" nN""",0,13,7,"7""",,14.59
ssr,9,"o"" "" 2"" 3"" 4"" 5"" 6"" z"" 8"" 9"" 10"" nN""",0,13,8,"8""",,14.67
ssr,9,"o"" "" 2"" 3"" 4"" 5"" 6"" z"" 8"" 9"" 10"" nN""",0,13,9,"9""",,14.75
ssr,9,"o"" "" 2"" 3"" 4"" 5"" 6"" z"" 8"" 9"" 10"" nN""",0,13,10,"10""",,14.84
ssr,9,"o"" "" 2"" 3"" 4"" 5"" 6"" z"" 8"" 9"" 10"" nN""",0,13,nn,"nN""",,14.92
ssr,9,"o"" "" 2"" 3"" 4"" 5"" 6"" z"" 8"" 9"" 10"" nN""",0,14,column_1,,,15 FT.
ssr,9,"o"" "" 2"" 3"" 4"" 5"" 6"" z"" 8"" 9"" 10"" nN""",0,14,o,"o""",,15.00
ssr,9,"o"" "" 2"" 3"" 4"" 5"" 6"" z"" 8"" 9"" 10"" nN""",0,14,column_3,,,15.08
ssr,9,"o"" "" 2"" 3"" 4"" 5"" 6"" z"" 8"" 9"" 10"" nN""",0,14,qn,Qn,,15.17
ssr,9,"o"" "" 2"" 3"" 4"" 5"" 6"" z"" 8"" 9"" 10"" nN""",0,14,3,"3""",,15.25
ssr,9,"o"" "" 2"" 3"" 4"" 5"" 6"" z"" 8"" 9"" 10"" nN""",0,14,4,"4""",,15.34
ssr,9,"o"" "" 2"" 3"" 4"" 5"" 6"" z"" 8"" 9"" 10"" nN""",0,14,5,"5""",,15.42
ssr,9,"o"" "" 2"" 3"" 4"" 5"" 6"" z"" 8"" 9"" 10"" nN""",0,14,6,"6""",,15.50
ssr,9,"o"" "" 2"" 3"" 4"" 5"" 6"" z"" 8"" 9"" 10"" nN""",0,14,7,"7""",,15.59
ssr,9,"o"" "" 2"" 3"" 4"" 5"" 6"" z"" 8"" 9"" 10"" nN""",0,14,8,"8""",,15.67
ssr,9,"o"" "" 2"" 3"" 4"" 5"" 6"" z"" 8"" 9"" 10"" nN""",0,14,9,"9""",,15.75
ssr,9,"o"" "" 2"" 3"" 4"" 5"" 6"" z"" 8"" 9"" 10"" nN""",0,14,10,"10""",,15.84
ssr,9,"o"" "" 2"" 3"" 4"" 5"" 6"" z"" 8"" 9"" 10"" nN""",0,14,nn,"nN""",,15.92
ssr,9,"o"" "" 2"" 3"" 4"" 5"" 6"" z"" 8"" 9"" 10"" nN""",0,15,column_1,,,16 FT.
ssr,9,"o"" "" 2"" 3"" 4"" 5"" 6"" z"" 8"" 9"" 10"" nN""",0,15,o,"o""",,16.00
ssr,9,"o"" "" 2"" 3"" 4"" 5"" 6"" z"" 8"" 9"" 10"" nN""",0,15,column_3,,,16.08
ssr,9,"o"" "" 2"" 3"" 4"" 5"" 6"" z"" 8"" 9"" 10"" nN""",0,15,qn,Qn,,16.17
ssr,9,"o"" "" 2"" 3"" 4"" 5"" 6"" z"" 8"" 9"" 10"" nN""",0,15,3,"3""",,16.25
ssr,9,"o"" "" 2"" 3"" 4"" 5"" 6"" z"" 8"" 9"" 10"" nN""",0,15,4,"4""",,16.34
ssr,9,"o"" "" 2"" 3"" 4"" 5"" 6"" z"" 8"" 9"" 10"" nN""",0,15,5,"5""",,16.42
ssr,9,"o"" "" 2"" 3"" 4"" 5"" 6"" z"" 8"" 9"" 10"" nN""",0,15,6,"6""",,16.50
ssr,9,"o"" "" 2"" 3"" 4"" 5"" 6"" z"" 8"" 9"" 10"" nN""",0,15,7,"7""",,16.59
ssr,9,"o"" "" 2"" 3"" 4"" 5"" 6"" z"" 8"" 9"" 10"" nN""",0,15,8,"8""",,16.67
ssr,9,"o"" "" 2"" 3"" 4"" 5"" 6"" z"" 8"" 9"" 10"" nN""",0,15,9,"9""",,16.75
ssr,9,"o"" "" 2"" 3"" 4"" 5"" 6"" z"" 8"" 9"" 10"" nN""",0,15,10,"10""",,16.84
ssr,9,"o"" "" 2"" 3"" 4"" 5"" 6"" z"" 8"" 9"" 10"" nN""",0,15,nn,"nN""",,16.92
ssr,9,"o"" "" 2"" 3"" 4"" 5"" 6"" z"" 8"" 9"" 10"" nN""",0,16,column_1,,,17 FT.
ssr,9,"o"" "" 2"" 3"" 4"" 5"" 6"" z"" 8"" 9"" 10"" nN""",0,16,o,"o""",,17.00
ssr,9,"o"" "" 2"" 3"" 4"" 5"" 6"" z"" 8"" 9"" 10"" nN""",0,16,column_3,,,17.08
ssr,9,"o"" "" 2"" 3"" 4"" 5"" 6"" z"" 8"" 9"" 10"" nN""",0,16,qn,Qn,,17.17
ssr,9,"o"" "" 2"" 3"" 4"" 5"" 6"" z"" 8"" 9"" 10"" nN""",0,16,3,"3""",,17.25
ssr,9,"o"" "" 2"" 3"" 4"" 5"" 6"" z"" 8"" 9"" 10"" nN""",0,16,4,"4""",,17.34
ssr,9,"o"" "" 2"" 3"" 4"" 5"" 6"" z"" 8"" 9"" 10"" nN""",0,16,5,"5""",,17.42
ssr,9,"o"" "" 2"" 3"" 4"" 5"" 6"" z"" 8"" 9"" 10"" nN""",0,16,6,"6""",,17.50
ssr,9,"o"" "" 2"" 3"" 4"" 5"" 6"" z"" 8"" 9"" 10"" nN""",0,16,7,"7""",,17.59
ssr,9,"o"" "" 2"" 3"" 4"" 5"" 6"" z"" 8"" 9"" 10"" nN""",0,16,8,"8""",,17.67
ssr,9,"o"" "" 2"" 3"" 4"" 5"" 6"" z"" 8"" 9"" 10"" nN""",0,16,9,"9""",,17.75
ssr,9,"o"" "" 2"" 3"" 4"" 5"" 6"" z"" 8"" 9"" 10"" nN""",0,16,10,"10""",,17.84
ssr,9,"o"" "" 2"" 3"" 4"" 5"" 6"" z"" 8"" 9"" 10"" nN""",0,16,nn,"nN""",,17.92
ssr,9,"o"" "" 2"" 3"" 4"" 5"" 6"" z"" 8"" 9"" 10"" nN""",0,17,column_1,,,18 FT.
ssr,9,"o"" "" 2"" 3"" 4"" 5"" 6"" z"" 8"" 9"" 10"" nN""",0,17,o,"o""",,18.00
ssr,9,"o"" "" 2"" 3"" 4"" 5"" 6"" z"" 8"" 9"" 10"" nN""",0,17,column_3,,,18.08
ssr,9,"o"" "" 2"" 3"" 4"" 5"" 6"" z"" 8"" 9"" 10"" nN""",0,17,qn,Qn,,18.17
ssr,9,"o"" "" 2"" 3"" 4"" 5"" 6"" z"" 8"" 9"" 10"" nN""",0,17,3,"3""",,18.25
ssr,9,"o"" "" 2"" 3"" 4"" 5"" 6"" z"" 8"" 9"" 10"" nN""",0,17,4,"4""",,18.34
ssr,9,"o"" "" 2"" 3"" 4"" 5"" 6"" z"" 8"" 9"" 10"" nN""",0,17,5,"5""",,18.42
ssr,9,"o"" "" 2"" 3"" 4"" 5"" 6"" z"" 8"" 9"" 10"" nN""",0,17,6,"6""",,18.50
ssr,9,"o"" "" 2"" 3"" 4"" 5"" 6"" z"" 8"" 9"" 10"" nN""",0,17,7,"7""",,18.59
ssr,9,"o"" "" 2"" 3"" 4"" 5"" 6"" z"" 8"" 9"" 10"" nN""",0,17,8,"8""",,18.67
ssr,9,"o"" "" 2"" 3"" 4"" 5"" 6"" z"" 8"" 9"" 10"" nN""",0,17,9,"9""",,18.75
ssr,9,"o"" "" 2"" 3"" 4"" 5"" 6"" z"" 8"" 9"" 10"" nN""",0,17,10,"10""",,18.84
ssr,9,"o"" "" 2"" 3"" 4"" 5"" 6"" z"" 8"" 9"" 10"" nN""",0,17,nn,"nN""",,18.92
ssr,9,"o"" "" 2"" 3"" 4"" 5"" 6"" z"" 8"" 9"" 10"" nN""",0,18,column_1,,,19 FT.
ssr,9,"o"" "" 2"" 3"" 4"" 5"" 6"" z"" 8"" 9"" 10"" nN""",0,18,o,"o""",,19.00
ssr,9,"o"" "" 2"" 3"" 4"" 5"" 6"" z"" 8"" 9"" 10"" nN""",0,18,column_3,,,19.08
ssr,9,"o"" "" 2"" 3"" 4"" 5"" 6"" z"" 8"" 9"" 10"" nN""",0,18,qn,Qn,,19.17
ssr,9,"o"" "" 2"" 3"" 4"" 5"" 6"" z"" 8"" 9"" 10"" nN""",0,18,3,"3""",,19.25
ssr,9,"o"" "" 2"" 3"" 4"" 5"" 6"" z"" 8"" 9"" 10"" nN""",0,18,4,"4""",,19.34
ssr,9,"o"" "" 2"" 3"" 4"" 5"" 6"" z"" 8"" 9"" 10"" nN""",0,18,5,"5""",,19.42
ssr,9,"o"" "" 2"" 3"" 4"" 5"" 6"" z"" 8"" 9"" 10"" nN""",0,18,6,"6""",,19.50
ssr,9,"o"" "" 2"" 3"" 4"" 5"" 6"" z"" 8"" 9"" 10"" nN""",0,18,7,"7""",,19.59
ssr,9,"o"" "" 2"" 3"" 4"" 5"" 6"" z"" 8"" 9"" 10"" nN""",0,18,8,"8""",,19.67
ssr,9,"o"" "" 2"" 3"" 4"" 5"" 6"" z"" 8"" 9"" 10"" nN""",0,18,9,"9""",,19.75
ssr,9,"o"" "" 2"" 3"" 4"" 5"" 6"" z"" 8"" 9"" 10"" nN""",0,18,10,"10""",,19.84
ssr,9,"o"" "" 2"" 3"" 4"" 5"" 6"" z"" 8"" 9"" 10"" nN""",0,18,nn,"nN""",,19.92
ssr,9,"o"" "" 2"" 3"" 4"" 5"" 6"" z"" 8"" 9"" 10"" nN""",0,19,column_1,,,20 FT.
ssr,9,"o"" "" 2"" 3"" 4"" 5"" 6"" z"" 8"" 9"" 10"" nN""",0,19,o,"o""",,20.00
ssr,9,"o"" "" 2"" 3"" 4"" 5"" 6"" z"" 8"" 9"" 10"" nN""",0,19,column_3,,,20.08
ssr,9,"o"" "" 2"" 3"" 4"" 5"" 6"" z"" 8"" 9"" 10"" nN""",0,19,qn,Qn,,20.17
ssr,9,"o"" "" 2"" 3"" 4"" 5"" 6"" z"" 8"" 9"" 10"" nN""",0,19,3,"3""",,20.25
ssr,9,"o"" "" 2"" 3"" 4"" 5"" 6"" z"" 8"" 9"" 10"" nN""",0,19,4,"4""",,20.34
ssr,9,"o"" "" 2"" 3"" 4"" 5"" 6"" z"" 8"" 9"" 10"" nN""",0,19,5,"5""",,20.42
ssr,9,"o"" "" 2"" 3"" 4"" 5"" 6"" z"" 8"" 9"" 10"" nN""",0,19,6,"6""",,20.50
ssr,9,"o"" "" 2"" 3"" 4"" 5"" 6"" z"" 8"" 9"" 10"" nN""",0,19,7,"7""",,20.59
ssr,9,"o"" "" 2"" 3"" 4"" 5"" 6"" z"" 8"" 9"" 10"" nN""",0,19,8,"8""",,20.67
ssr,9,"o"" "" 2"" 3"" 4"" 5"" 6"" z"" 8"" 9"" 10"" nN""",0,19,9,"9""",,20.75
ssr,9,"o"" "" 2"" 3"" 4"" 5"" 6"" z"" 8"" 9"" 10"" nN""",0,19,10,"10""",,20.84
ssr,9,"o"" "" 2"" 3"" 4"" 5"" 6"" z"" 8"" 9"" 10"" nN""",0,19,nn,"nN""",,20.92
ssr,9,"o"" "" 2"" 3"" 4"" 5"" 6"" z"" 8"" 9"" 10"" nN""",0,20,column_1,,,21 FT.
ssr,9,"o"" "" 2"" 3"" 4"" 5"" 6"" z"" 8"" 9"" 10"" nN""",0,20,o,"o""",,21.00
ssr,9,"o"" "" 2"" 3"" 4"" 5"" 6"" z"" 8"" 9"" 10"" nN""",0,20,column_3,,,21.08
ssr,9,"o"" "" 2"" 3"" 4"" 5"" 6"" z"" 8"" 9"" 10"" nN""",0,20,qn,Qn,,21.17
ssr,9,"o"" "" 2"" 3"" 4"" 5"" 6"" z"" 8"" 9"" 10"" nN""",0,20,3,"3""",,21.25
ssr,9,"o"" "" 2"" 3"" 4"" 5"" 6"" z"" 8"" 9"" 10"" nN""",0,20,4,"4""",,21.34
ssr,9,"o"" "" 2"" 3"" 4"" 5"" 6"" z"" 8"" 9"" 10"" nN""",0,20,5,"5""",,21.42
ssr,9,"o"" "" 2"" 3"" 4"" 5"" 6"" z"" 8"" 9"" 10"" nN""",0,20,6,"6""",,21.50
ssr,9,"o"" "" 2"" 3"" 4"" 5"" 6"" z"" 8"" 9"" 10"" nN""",0,20,7,"7""",,21.59
ssr,9,"o"" "" 2"" 3"" 4"" 5"" 6"" z"" 8"" 9"" 10"" nN""",0,20,8,"8""",,21.67
ssr,9,"o"" "" 2"" 3"" 4"" 5"" 6"" z"" 8"" 9"" 10"" nN""",0,20,9,"9""",,21.75
ssr,9,"o"" "" 2"" 3"" 4"" 5"" 6"" z"" 8"" 9"" 10"" nN""",0,20,10,"10""",,21.84
ssr,9,"o"" "" 2"" 3"" 4"" 5"" 6"" z"" 8"" 9"" 10"" nN""",0,20,nn,"nN""",,21.92
ssr,9,"o"" "" 2"" 3"" 4"" 5"" 6"" z"" 8"" 9"" 10"" nN""",0,21,column_1,,,22 FT.
ssr,9,"o"" "" 2"" 3"" 4"" 5"" 6"" z"" 8"" 9"" 10"" nN""",0,21,o,"o""",,22.00
ssr,9,"o"" "" 2"" 3"" 4"" 5"" 6"" z"" 8"" 9"" 10"" nN""",0,21,column_3,,,22.08
ssr,9,"o"" "" 2"" 3"" 4"" 5"" 6"" z"" 8"" 9"" 10"" nN""",0,21,qn,Qn,,22.17
ssr,9,"o"" "" 2"" 3"" 4"" 5"" 6"" z"" 8"" 9"" 10"" nN""",0,21,3,"3""",,22.25
ssr,9,"o"" "" 2"" 3"" 4"" 5"" 6"" z"" 8"" 9"" 10"" nN""",0,21,4,"4""",,22.34
ssr,9,"o"" "" 2"" 3"" 4"" 5"" 6"" z"" 8"" 9"" 10"" nN""",0,21,5,"5""",,22.42
ssr,9,"o"" "" 2"" 3"" 4"" 5"" 6"" z"" 8"" 9"" 10"" nN""",0,21,6,"6""",,22.50
ssr,9,"o"" "" 2"" 3"" 4"" 5"" 6"" z"" 8"" 9"" 10"" nN""",0,21,7,"7""",,22.59
ssr,9,"o"" "" 2"" 3"" 4"" 5"" 6"" z"" 8"" 9"" 10"" nN""",0,21,8,"8""",,22.67
ssr,9,"o"" "" 2"" 3"" 4"" 5"" 6"" z"" 8"" 9"" 10"" nN""",0,21,9,"9""",,22.75
ssr,9,"o"" "" 2"" 3"" 4"" 5"" 6"" z"" 8"" 9"" 10"" nN""",0,21,10,"10""",,22.84
ssr,9,"o"" "" 2"" 3"" 4"" 5"" 6"" z"" 8"" 9"" 10"" nN""",0,21,nn,"nN""",,22.92
ssr,9,"o"" "" 2"" 3"" 4"" 5"" 6"" z"" 8"" 9"" 10"" nN""",0,22,column_1,,,23 FT.
ssr,9,"o"" "" 2"" 3"" 4"" 5"" 6"" z"" 8"" 9"" 10"" nN""",0,22,o,"o""",,23.00
ssr,9,"o"" "" 2"" 3"" 4"" 5"" 6"" z"" 8"" 9"" 10"" nN""",0,22,column_3,,,23.08
ssr,9,"o"" "" 2"" 3"" 4"" 5"" 6"" z"" 8"" 9"" 10"" nN""",0,22,qn,Qn,,23.17
ssr,9,"o"" "" 2"" 3"" 4"" 5"" 6"" z"" 8"" 9"" 10"" nN""",0,22,3,"3""",,23.25
ssr,9,"o"" "" 2"" 3"" 4"" 5"" 6"" z"" 8"" 9"" 10"" nN""",0,22,4,"4""",,23.34
ssr,9,"o"" "" 2"" 3"" 4"" 5"" 6"" z"" 8"" 9"" 10"" nN""",0,22,5,"5""",,23.42
ssr,9,"o"" "" 2"" 3"" 4"" 5"" 6"" z"" 8"" 9"" 10"" nN""",0,22,6,"6""",,23.50
ssr,9,"o"" "" 2"" 3"" 4"" 5"" 6"" z"" 8"" 9"" 10"" nN""",0,22,7,"7""",,23.59
ssr,9,"o"" "" 2"" 3"" 4"" 5"" 6"" z"" 8"" 9"" 10"" nN""",0,22,8,"8""",,23.67
ssr,9,"o"" "" 2"" 3"" 4"" 5"" 6"" z"" 8"" 9"" 10"" nN""",0,22,9,"9""",,23.75
ssr,9,"o"" "" 2"" 3"" 4"" 5"" 6"" z"" 8"" 9"" 10"" nN""",0,22,10,"10""",,23.84
ssr,9,"o"" "" 2"" 3"" 4"" 5"" 6"" z"" 8"" 9"" 10"" nN""",0,22,nn,"nN""",,23.92
ssr,9,"o"" "" 2"" 3"" 4"" 5"" 6"" z"" 8"" 9"" 10"" nN""",0,23,column_1,,,24 FT.
ssr,9,"o"" "" 2"" 3"" 4"" 5"" 6"" z"" 8"" 9"" 10"" nN""",0,23,o,"o""",,24.00
ssr,9,"o"" "" 2"" 3"" 4"" 5"" 6"" z"" 8"" 9"" 10"" nN""",0,23,column_3,,,24.08
ssr,9,"o"" "" 2"" 3"" 4"" 5"" 6"" z"" 8"" 9"" 10"" nN""",0,23,qn,Qn,,24.17
ssr,9,"o"" "" 2"" 3"" 4"" 5"" 6"" z"" 8"" 9"" 10"" nN""",0,23,3,"3""",,24.25
ssr,9,"o"" "" 2"" 3"" 4"" 5"" 6"" z"" 8"" 9"" 10"" nN""",0,23,4,"4""",,24.34
ssr,9,"o"" "" 2"" 3"" 4"" 5"" 6"" z"" 8"" 9"" 10"" nN""",0,23,5,"5""",,24.42
ssr,9,"o"" "" 2"" 3"" 4"" 5"" 6"" z"" 8"" 9"" 10"" nN""",0,23,6,"6""",,24.50
ssr,9,"o"" "" 2"" 3"" 4"" 5"" 6"" z"" 8"" 9"" 10"" nN""",0,23,7,"7""",,24.59
ssr,9,"o"" "" 2"" 3"" 4"" 5"" 6"" z"" 8"" 9"" 10"" nN""",0,23,8,"8""",,24.67
ssr,9,"o"" "" 2"" 3"" 4"" 5"" 6"" z"" 8"" 9"" 10"" nN""",0,23,9,"9""",,24.75
ssr,9,"o"" "" 2"" 3"" 4"" 5"" 6"" z"" 8"" 9"" 10"" nN""",0,23,10,"10""",,24.84
ssr,9,"o"" "" 2"" 3"" 4"" 5"" 6"" z"" 8"" 9"" 10"" nN""",0,23,nn,"nN""",,24.92
ssr,9,"o"" "" 2"" 3"" 4"" 5"" 6"" z"" 8"" 9"" 10"" nN""",0,24,column_1,,,95 FT
ssr,9,"o"" "" 2"" 3"" 4"" 5"" 6"" z"" 8"" 9"" 10"" nN""",0,24,o,"o""",,25.00
ssr,9,"o"" "" 2"" 3"" 4"" 5"" 6"" z"" 8"" 9"" 10"" nN""",0,24,column_3,,,25.08
ssr,9,"o"" "" 2"" 3"" 4"" 5"" 6"" z"" 8"" 9"" 10"" nN""",0,24,qn,Qn,,25.17
ssr,9,"o"" "" 2"" 3"" 4"" 5"" 6"" z"" 8"" 9"" 10"" nN""",0,24,3,"3""",,25.25
ssr,9,"o"" "" 2"" 3"" 4"" 5"" 6"" z"" 8"" 9"" 10"" nN""",0,24,4,"4""",,25.34
ssr,9,"o"" "" 2"" 3"" 4"" 5"" 6"" z"" 8"" 9"" 10"" nN""",0,24,5,"5""",,25.42
ssr,9,"o"" "" 2"" 3"" 4"" 5"" 6"" z"" 8"" 9"" 10"" nN""",0,24,6,"6""",,25.50
ssr,9,"o"" "" 2"" 3"" 4"" 5"" 6"" z"" 8"" 9"" 10"" nN""",0,24,7,"7""",,25.59
ssr,9,"o"" "" 2"" 3"" 4"" 5"" 6"" z"" 8"" 9"" 10"" nN""",0,24,8,"8""",,25.67
ssr,9,"o"" "" 2"" 3"" 4"" 5"" 6"" z"" 8"" 9"" 10"" nN""",0,24,9,"9""",,25.75
ssr,9,"o"" "" 2"" 3"" 4"" 5"" 6"" z"" 8"" 9"" 10"" nN""",0,24,10,"10""",,25.84
ssr,9,"o"" "" 2"" 3"" 4"" 5"" 6"" z"" 8"" 9"" 10"" nN""",0,24,nn,"nN""",,25.92
ssr,9,"o"" "" 2"" 3"" 4"" 5"" 6"" z"" 8"" 9"" 10"" nN""",0,25,column_1,,,26 FT.
ssr,9,"o"" "" 2"" 3"" 4"" 5"" 6"" z"" 8"" 9"" 10"" nN""",0,25,o,"o""",,26.00
ssr,9,"o"" "" 2"" 3"" 4"" 5"" 6"" z"" 8"" 9"" 10"" nN""",0,25,column_3,,,26.08
ssr,9,"o"" "" 2"" 3"" 4"" 5"" 6"" z"" 8"" 9"" 10"" nN""",0,25,qn,Qn,,26.17
ssr,9,"o"" "" 2"" 3"" 4"" 5"" 6"" z"" 8"" 9"" 10"" nN""",0,25,3,"3""",,26.25
ssr,9,"o"" "" 2"" 3"" 4"" 5"" 6"" z"" 8"" 9"" 10"" nN""",0,25,4,"4""",,26.34
ssr,9,"o"" "" 2"" 3"" 4"" 5"" 6"" z"" 8"" 9"" 10"" nN""",0,25,5,"5""",,26.42
ssr,9,"o"" "" 2"" 3"" 4"" 5"" 6"" z"" 8"" 9"" 10"" nN""",0,25,6,"6""",,26.50
ssr,9,"o"" "" 2"" 3"" 4"" 5"" 6"" z"" 8"" 9"" 10"" nN""",0,25,7,"7""",,26.59
ssr,9,"o"" "" 2"" 3"" 4"" 5"" 6"" z"" 8"" 9"" 10"" nN""",0,25,8,"8""",,26.67
ssr,9,"o"" "" 2"" 3"" 4"" 5"" 6"" z"" 8"" 9"" 10"" nN""",0,25,9,"9""",,26.75
ssr,9,"o"" "" 2"" 3"" 4"" 5"" 6"" z"" 8"" 9"" 10"" nN""",0,25,10,"10""",,26.84
ssr,9,"o"" "" 2"" 3"" 4"" 5"" 6"" z"" 8"" 9"" 10"" nN""",0,25,nn,"nN""",,26.92
ssr,9,"o"" "" 2"" 3"" 4"" 5"" 6"" z"" 8"" 9"" 10"" nN""",0,26,column_1,,,27 FT.
ssr,9,"o"" "" 2"" 3"" 4"" 5"" 6"" z"" 8"" 9"" 10"" nN""",0,26,o,"o""",,27.00
ssr,9,"o"" "" 2"" 3"" 4"" 5"" 6"" z"" 8"" 9"" 10"" nN""",0,26,column_3,,,27.08
ssr,9,"o"" "" 2"" 3"" 4"" 5"" 6"" z"" 8"" 9"" 10"" nN""",0,26,qn,Qn,,27.17
ssr,9,"o"" "" 2"" 3"" 4"" 5"" 6"" z"" 8"" 9"" 10"" nN""",0,26,3,"3""",,27.25
ssr,9,"o"" "" 2"" 3"" 4"" 5"" 6"" z"" 8"" 9"" 10"" nN""",0,26,4,"4""",,27.34
ssr,9,"o"" "" 2"" 3"" 4"" 5"" 6"" z"" 8"" 9"" 10"" nN""",0,26,5,"5""",,27.42
ssr,9,"o"" "" 2"" 3"" 4"" 5"" 6"" z"" 8"" 9"" 10"" nN""",0,26,6,"6""",,27.50
ssr,9,"o"" "" 2"" 3"" 4"" 5"" 6"" z"" 8"" 9"" 10"" nN""",0,26,7,"7""",,27.59
ssr,9,"o"" "" 2"" 3"" 4"" 5"" 6"" z"" 8"" 9"" 10"" nN""",0,26,8,"8""",,27.67
ssr,9,"o"" "" 2"" 3"" 4"" 5"" 6"" z"" 8"" 9"" 10"" nN""",0,26,9,"9""",,27.75
ssr,9,"o"" "" 2"" 3"" 4"" 5"" 6"" z"" 8"" 9"" 10"" nN""",0,26,10,"10""",,27.84
ssr,9,"o"" "" 2"" 3"" 4"" 5"" 6"" z"" 8"" 9"" 10"" nN""",0,26,nn,"nN""",,27.92
ssr,9,"o"" "" 2"" 3"" 4"" 5"" 6"" z"" 8"" 9"" 10"" nN""",0,27,column_1,,,28 FT.
ssr,9,"o"" "" 2"" 3"" 4"" 5"" 6"" z"" 8"" 9"" 10"" nN""",0,27,o,"o""",,28.00
ssr,9,"o"" "" 2"" 3"" 4"" 5"" 6"" z"" 8"" 9"" 10"" nN""",0,27,column_3,,,28.08
ssr,9,"o"" "" 2"" 3"" 4"" 5"" 6"" z"" 8"" 9"" 10"" nN""",0,27,qn,Qn,,28.17
ssr,9,"o"" "" 2"" 3"" 4"" 5"" 6"" z"" 8"" 9"" 10"" nN""",0,27,3,"3""",,28.25
ssr,9,"o"" "" 2"" 3"" 4"" 5"" 6"" z"" 8"" 9"" 10"" nN""",0,27,4,"4""",,28.34
ssr,9,"o"" "" 2"" 3"" 4"" 5"" 6"" z"" 8"" 9"" 10"" nN""",0,27,5,"5""",,28.42
ssr,9,"o"" "" 2"" 3"" 4"" 5"" 6"" z"" 8"" 9"" 10"" nN""",0,27,6,"6""",,28.50
ssr,9,"o"" "" 2"" 3"" 4"" 5"" 6"" z"" 8"" 9"" 10"" nN""",0,27,7,"7""",,28.59
ssr,9,"o"" "" 2"" 3"" 4"" 5"" 6"" z"" 8"" 9"" 10"" nN""",0,27,8,"8""",,28.67
ssr,9,"o"" "" 2"" 3"" 4"" 5"" 6"" z"" 8"" 9"" 10"" nN""",0,27,9,"9""",,28.75
ssr,9,"o"" "" 2"" 3"" 4"" 5"" 6"" z"" 8"" 9"" 10"" nN""",0,27,10,"10""",,28.84
ssr,9,"o"" "" 2"" 3"" 4"" 5"" 6"" z"" 8"" 9"" 10"" nN""",0,27,nn,"nN""",,28.92
ssr,9,"o"" "" 2"" 3"" 4"" 5"" 6"" z"" 8"" 9"" 10"" nN""",0,28,column_1,,,29 FT.
ssr,9,"o"" "" 2"" 3"" 4"" 5"" 6"" z"" 8"" 9"" 10"" nN""",0,28,o,"o""",,29.00
ssr,9,"o"" "" 2"" 3"" 4"" 5"" 6"" z"" 8"" 9"" 10"" nN""",0,28,column_3,,,29.08
ssr,9,"o"" "" 2"" 3"" 4"" 5"" 6"" z"" 8"" 9"" 10"" nN""",0,28,qn,Qn,,29.17
ssr,9,"o"" "" 2"" 3"" 4"" 5"" 6"" z"" 8"" 9"" 10"" nN""",0,28,3,"3""",,29.25
ssr,9,"o"" "" 2"" 3"" 4"" 5"" 6"" z"" 8"" 9"" 10"" nN""",0,28,4,"4""",,29.34
ssr,9,"o"" "" 2"" 3"" 4"" 5"" 6"" z"" 8"" 9"" 10"" nN""",0,28,5,"5""",,29.42
ssr,9,"o"" "" 2"" 3"" 4"" 5"" 6"" z"" 8"" 9"" 10"" nN""",0,28,6,"6""",,29.50
ssr,9,"o"" "" 2"" 3"" 4"" 5"" 6"" z"" 8"" 9"" 10"" nN""",0,28,7,"7""",,29.59
ssr,9,"o"" "" 2"" 3"" 4"" 5"" 6"" z"" 8"" 9"" 10"" nN""",0,28,8,"8""",,29.67
ssr,9,"o"" "" 2"" 3"" 4"" 5"" 6"" z"" 8"" 9"" 10"" nN""",0,28,9,"9""",,29.75
ssr,9,"o"" "" 2"" 3"" 4"" 5"" 6"" z"" 8"" 9"" 10"" nN""",0,28,10,"10""",,29.84
ssr,9,"o"" "" 2"" 3"" 4"" 5"" 6"" z"" 8"" 9"" 10"" nN""",0,28,nn,"nN""",,29.92
ssr,9,"o"" "" 2"" 3"" 4"" 5"" 6"" z"" 8"" 9"" 10"" nN""",0,29,column_1,,,320 ET
ssr,9,"o"" "" 2"" 3"" 4"" 5"" 6"" z"" 8"" 9"" 10"" nN""",0,29,o,"o""",,30.00
ssr,9,"o"" "" 2"" 3"" 4"" 5"" 6"" z"" 8"" 9"" 10"" nN""",0,29,column_3,,,30.08
ssr,9,"o"" "" 2"" 3"" 4"" 5"" 6"" z"" 8"" 9"" 10"" nN""",0,29,qn,Qn,,30.17
ssr,9,"o"" "" 2"" 3"" 4"" 5"" 6"" z"" 8"" 9"" 10"" nN""",0,29,3,"3""",,30.25
ssr,9,"o"" "" 2"" 3"" 4"" 5"" 6"" z"" 8"" 9"" 10"" nN""",0,29,4,"4""",,30.34
ssr,9,"o"" "" 2"" 3"" 4"" 5"" 6"" z"" 8"" 9"" 10"" nN""",0,29,5,"5""",,30.42
ssr,9,"o"" "" 2"" 3"" 4"" 5"" 6"" z"" 8"" 9"" 10"" nN""",0,29,6,"6""",,30.50
ssr,9,"o"" "" 2"" 3"" 4"" 5"" 6"" z"" 8"" 9"" 10"" nN""",0,29,7,"7""",,30.59
ssr,9,"o"" "" 2"" 3"" 4"" 5"" 6"" z"" 8"" 9"" 10"" nN""",0,29,8,"8""",,30.67
ssr,9,"o"" "" 2"" 3"" 4"" 5"" 6"" z"" 8"" 9"" 10"" nN""",0,29,9,"9""",,30.75
ssr,9,"o"" "" 2"" 3"" 4"" 5"" 6"" z"" 8"" 9"" 10"" nN""",0,29,10,"10""",,30.84
ssr,9,"o"" "" 2"" 3"" 4"" 5"" 6"" z"" 8"" 9"" 10"" nN""",0,29,nn,"nN""",,30.92
ssr,9,"o"" "" 2"" 3"" 4"" 5"" 6"" z"" 8"" 9"" 10"" nN""",0,30,column_1,,,31 FT.
ssr,9,"o"" "" 2"" 3"" 4"" 5"" 6"" z"" 8"" 9"" 10"" nN""",0,30,o,"o""",,31.00
ssr,9,"o"" "" 2"" 3"" 4"" 5"" 6"" z"" 8"" 9"" 10"" nN""",0,30,column_3,,,31.08
ssr,9,"o"" "" 2"" 3"" 4"" 5"" 6"" z"" 8"" 9"" 10"" nN""",0,30,qn,Qn,,31.17
ssr,9,"o"" "" 2"" 3"" 4"" 5"" 6"" z"" 8"" 9"" 10"" nN""",0,30,3,"3""",,31.25
ssr,9,"o"" "" 2"" 3"" 4"" 5"" 6"" z"" 8"" 9"" 10"" nN""",0,30,4,"4""",,31.34
ssr,9,"o"" "" 2"" 3"" 4"" 5"" 6"" z"" 8"" 9"" 10"" nN""",0,30,5,"5""",,31.42
ssr,9,"o"" "" 2"" 3"" 4"" 5"" 6"" z"" 8"" 9"" 10"" nN""",0,30,6,"6""",,31.50
ssr,9,"o"" "" 2"" 3"" 4"" 5"" 6"" z"" 8"" 9"" 10"" nN""",0,30,7,"7""",,31.59
ssr,9,"o"" "" 2"" 3"" 4"" 5"" 6"" z"" 8"" 9"" 10"" nN""",0,30,8,"8""",,31.67
ssr,9,"o"" "" 2"" 3"" 4"" 5"" 6"" z"" 8"" 9"" 10"" nN""",0,30,9,"9""",,31.75
ssr,9,"o"" "" 2"" 3"" 4"" 5"" 6"" z"" 8"" 9"" 10"" nN""",0,30,10,"10""",,31.84
ssr,9,"o"" "" 2"" 3"" 4"" 5"" 6"" z"" 8"" 9"" 10"" nN""",0,30,nn,"nN""",,31.92
ssr,9,"o"" "" 2"" 3"" 4"" 5"" 6"" z"" 8"" 9"" 10"" nN""",0,31,column_1,,,32 FT.
ssr,9,"o"" "" 2"" 3"" 4"" 5"" 6"" z"" 8"" 9"" 10"" nN""",0,31,o,"o""",,32.00
ssr,9,"o"" "" 2"" 3"" 4"" 5"" 6"" z"" 8"" 9"" 10"" nN""",0,31,column_3,,,32.08
ssr,9,"o"" "" 2"" 3"" 4"" 5"" 6"" z"" 8"" 9"" 10"" nN""",0,31,qn,Qn,,32.17
ssr,9,"o"" "" 2"" 3"" 4"" 5"" 6"" z"" 8"" 9"" 10"" nN""",0,31,3,"3""",,32.25
ssr,9,"o"" "" 2"" 3"" 4"" 5"" 6"" z"" 8"" 9"" 10"" nN""",0,31,4,"4""",,32.34
ssr,9,"o"" "" 2"" 3"" 4"" 5"" 6"" z"" 8"" 9"" 10"" nN""",0,31,5,"5""",,32.42
ssr,9,"o"" "" 2"" 3"" 4"" 5"" 6"" z"" 8"" 9"" 10"" nN""",0,31,6,"6""",,32.50
ssr,9,"o"" "" 2"" 3"" 4"" 5"" 6"" z"" 8"" 9"" 10"" nN""",0,31,7,"7""",,32.59
ssr,9,"o"" "" 2"" 3"" 4"" 5"" 6"" z"" 8"" 9"" 10"" nN""",0,31,8,"8""",,32.67
ssr,9,"o"" "" 2"" 3"" 4"" 5"" 6"" z"" 8"" 9"" 10"" nN""",0,31,9,"9""",,32.75
ssr,9,"o"" "" 2"" 3"" 4"" 5"" 6"" z"" 8"" 9"" 10"" nN""",0,31,10,"10""",,32.84
ssr,9,"o"" "" 2"" 3"" 4"" 5"" 6"" z"" 8"" 9"" 10"" nN""",0,31,nn,"nN""",,32.92
ssr,9,"o"" "" 2"" 3"" 4"" 5"" 6"" z"" 8"" 9"" 10"" nN""",0,32,column_1,,,33 FT.
ssr,9,"o"" "" 2"" 3"" 4"" 5"" 6"" z"" 8"" 9"" 10"" nN""",0,32,o,"o""",,33.00
ssr,9,"o"" "" 2"" 3"" 4"" 5"" 6"" z"" 8"" 9"" 10"" nN""",0,32,column_3,,,33.08
ssr,9,"o"" "" 2"" 3"" 4"" 5"" 6"" z"" 8"" 9"" 10"" nN""",0,32,qn,Qn,,33.17
ssr,9,"o"" "" 2"" 3"" 4"" 5"" 6"" z"" 8"" 9"" 10"" nN""",0,32,3,"3""",,33.25
ssr,9,"o"" "" 2"" 3"" 4"" 5"" 6"" z"" 8"" 9"" 10"" nN""",0,32,4,"4""",,33.34
ssr,9,"o"" "" 2"" 3"" 4"" 5"" 6"" z"" 8"" 9"" 10"" nN""",0,32,5,"5""",,33.42
ssr,9,"o"" "" 2"" 3"" 4"" 5"" 6"" z"" 8"" 9"" 10"" nN""",0,32,6,"6""",,33.50
ssr,9,"o"" "" 2"" 3"" 4"" 5"" 6"" z"" 8"" 9"" 10"" nN""",0,32,7,"7""",,33.59
ssr,9,"o"" "" 2"" 3"" 4"" 5"" 6"" z"" 8"" 9"" 10"" nN""",0,32,8,"8""",,33.67
ssr,9,"o"" "" 2"" 3"" 4"" 5"" 6"" z"" 8"" 9"" 10"" nN""",0,32,9,"9""",,33.75
ssr,9,"o"" "" 2"" 3"" 4"" 5"" 6"" z"" 8"" 9"" 10"" nN""",0,32,10,"10""",,33.84
ssr,9,"o"" "" 2"" 3"" 4"" 5"" 6"" z"" 8"" 9"" 10"" nN""",0,32,nn,"nN""",,33.92
ssr,9,"o"" "" 2"" 3"" 4"" 5"" 6"" z"" 8"" 9"" 10"" nN""",0,33,column_1,,,34 FT.
ssr,9,"o"" "" 2"" 3"" 4"" 5"" 6"" z"" 8"" 9"" 10"" nN""",0,33,o,"o""",,34.00
ssr,9,"o"" "" 2"" 3"" 4"" 5"" 6"" z"" 8"" 9"" 10"" nN""",0,33,column_3,,,34.08
ssr,9,"o"" "" 2"" 3"" 4"" 5"" 6"" z"" 8"" 9"" 10"" nN""",0,33,qn,Qn,,34.17
ssr,9,"o"" "" 2"" 3"" 4"" 5"" 6"" z"" 8"" 9"" 10"" nN""",0,33,3,"3""",,34.25
ssr,9,"o"" "" 2"" 3"" 4"" 5"" 6"" z"" 8"" 9"" 10"" nN""",0,33,4,"4""",,34.34
ssr,9,"o"" "" 2"" 3"" 4"" 5"" 6"" z"" 8"" 9"" 10"" nN""",0,33,5,"5""",,34.42
ssr,9,"o"" "" 2"" 3"" 4"" 5"" 6"" z"" 8"" 9"" 10"" nN""",0,33,6,"6""",,34.50
ssr,9,"o"" "" 2"" 3"" 4"" 5"" 6"" z"" 8"" 9"" 10"" nN""",0,33,7,"7""",,34.59
ssr,9,"o"" "" 2"" 3"" 4"" 5"" 6"" z"" 8"" 9"" 10"" nN""",0,33,8,"8""",,34.67
ssr,9,"o"" "" 2"" 3"" 4"" 5"" 6"" z"" 8"" 9"" 10"" nN""",0,33,9,"9""",,34.75
ssr,9,"o"" "" 2"" 3"" 4"" 5"" 6"" z"" 8"" 9"" 10"" nN""",0,33,10,"10""",,34.84
ssr,9,"o"" "" 2"" 3"" 4"" 5"" 6"" z"" 8"" 9"" 10"" nN""",0,33,nn,"nN""",,34.92
ssr,9,"o"" "" 2"" 3"" 4"" 5"" 6"" z"" 8"" 9"" 10"" nN""",0,34,column_1,,,45 FT
ssr,9,"o"" "" 2"" 3"" 4"" 5"" 6"" z"" 8"" 9"" 10"" nN""",0,34,o,"o""",,35.00
ssr,9,"o"" "" 2"" 3"" 4"" 5"" 6"" z"" 8"" 9"" 10"" nN""",0,34,column_3,,,35.08
ssr,9,"o"" "" 2"" 3"" 4"" 5"" 6"" z"" 8"" 9"" 10"" nN""",0,34,qn,Qn,,35.17
ssr,9,"o"" "" 2"" 3"" 4"" 5"" 6"" z"" 8"" 9"" 10"" nN""",0,34,3,"3""",,35.25
ssr,9,"o"" "" 2"" 3"" 4"" 5"" 6"" z"" 8"" 9"" 10"" nN""",0,34,4,"4""",,35.34
ssr,9,"o"" "" 2"" 3"" 4"" 5"" 6"" z"" 8"" 9"" 10"" nN""",0,34,5,"5""",,35.42
ssr,9,"o"" "" 2"" 3"" 4"" 5"" 6"" z"" 8"" 9"" 10"" nN""",0,34,6,"6""",,35.50
ssr,9,"o"" "" 2"" 3"" 4"" 5"" 6"" z"" 8"" 9"" 10"" nN""",0,34,7,"7""",,35.59
ssr,9,"o"" "" 2"" 3"" 4"" 5"" 6"" z"" 8"" 9"" 10"" nN""",0,34,8,"8""",,35.67
ssr,9,"o"" "" 2"" 3"" 4"" 5"" 6"" z"" 8"" 9"" 10"" nN""",0,34,9,"9""",,35.75
ssr,9,"o"" "" 2"" 3"" 4"" 5"" 6"" z"" 8"" 9"" 10"" nN""",0,34,10,"10""",,35.84
ssr,9,"o"" "" 2"" 3"" 4"" 5"" 6"" z"" 8"" 9"" 10"" nN""",0,34,nn,"nN""",,35.92
ssr,9,"o"" "" 2"" 3"" 4"" 5"" 6"" z"" 8"" 9"" 10"" nN""",0,35,column_1,,,36 FT.
ssr,9,"o"" "" 2"" 3"" 4"" 5"" 6"" z"" 8"" 9"" 10"" nN""",0,35,o,"o""",,36.00
ssr,9,"o"" "" 2"" 3"" 4"" 5"" 6"" z"" 8"" 9"" 10"" nN""",0,35,column_3,,,36.08
ssr,9,"o"" "" 2"" 3"" 4"" 5"" 6"" z"" 8"" 9"" 10"" nN""",0,35,qn,Qn,,36.17
ssr,9,"o"" "" 2"" 3"" 4"" 5"" 6"" z"" 8"" 9"" 10"" nN""",0,35,3,"3""",,36.25
ssr,9,"o"" "" 2"" 3"" 4"" 5"" 6"" z"" 8"" 9"" 10"" nN""",0,35,4,"4""",,36.34
ssr,9,"o"" "" 2"" 3"" 4"" 5"" 6"" z"" 8"" 9"" 10"" nN""",0,35,5,"5""",,36.42
ssr,9,"o"" "" 2"" 3"" 4"" 5"" 6"" z"" 8"" 9"" 10"" nN""",0,35,6,"6""",,36.50
ssr,9,"o"" "" 2"" 3"" 4"" 5"" 6"" z"" 8"" 9"" 10"" nN""",0,35,7,"7""",,36.59
ssr,9,"o"" "" 2"" 3"" 4"" 5"" 6"" z"" 8"" 9"" 10"" nN""",0,35,8,"8""",,36.67
ssr,9,"o"" "" 2"" 3"" 4"" 5"" 6"" z"" 8"" 9"" 10"" nN""",0,35,9,"9""",,36.75
ssr,9,"o"" "" 2"" 3"" 4"" 5"" 6"" z"" 8"" 9"" 10"" nN""",0,35,10,"10""",,36.84
ssr,9,"o"" "" 2"" 3"" 4"" 5"" 6"" z"" 8"" 9"" 10"" nN""",0,35,nn,"nN""",,36.92
ssr,9,"o"" "" 2"" 3"" 4"" 5"" 6"" z"" 8"" 9"" 10"" nN""",0,36,column_1,,,37 FT.
ssr,9,"o"" "" 2"" 3"" 4"" 5"" 6"" z"" 8"" 9"" 10"" nN""",0,36,o,"o""",,37.00
ssr,9,"o"" "" 2"" 3"" 4"" 5"" 6"" z"" 8"" 9"" 10"" nN""",0,36,column_3,,,37.08
ssr,9,"o"" "" 2"" 3"" 4"" 5"" 6"" z"" 8"" 9"" 10"" nN""",0,36,qn,Qn,,37.17
ssr,9,"o"" "" 2"" 3"" 4"" 5"" 6"" z"" 8"" 9"" 10"" nN""",0,36,3,"3""",,37.25
ssr,9,"o"" "" 2"" 3"" 4"" 5"" 6"" z"" 8"" 9"" 10"" nN""",0,36,4,"4""",,37.25
ssr,9,"o"" "" 2"" 3"" 4"" 5"" 6"" z"" 8"" 9"" 10"" nN""",0,36,5,"5""",,37.42
ssr,9,"o"" "" 2"" 3"" 4"" 5"" 6"" z"" 8"" 9"" 10"" nN""",0,36,6,"6""",,37.50
ssr,9,"o"" "" 2"" 3"" 4"" 5"" 6"" z"" 8"" 9"" 10"" nN""",0,36,7,"7""",,37.59
ssr,9,"o"" "" 2"" 3"" 4"" 5"" 6"" z"" 8"" 9"" 10"" nN""",0,36,8,"8""",,37.67
ssr,9,"o"" "" 2"" 3"" 4"" 5"" 6"" z"" 8"" 9"" 10"" nN""",0,36,9,"9""",,37.75
ssr,9,"o"" "" 2"" 3"" 4"" 5"" 6"" z"" 8"" 9"" 10"" nN""",0,36,10,"10""",,37.84
ssr,9,"o"" "" 2"" 3"" 4"" 5"" 6"" z"" 8"" 9"" 10"" nN""",0,36,nn,"nN""",,37.92
ssr,9,"o"" "" 2"" 3"" 4"" 5"" 6"" z"" 8"" 9"" 10"" nN""",0,37,column_1,,,38 FT.
ssr,9,"o"" "" 2"" 3"" 4"" 5"" 6"" z"" 8"" 9"" 10"" nN""",0,37,o,"o""",,38.00
ssr,9,"o"" "" 2"" 3"" 4"" 5"" 6"" z"" 8"" 9"" 10"" nN""",0,37,column_3,,,38.08
ssr,9,"o"" "" 2"" 3"" 4"" 5"" 6"" z"" 8"" 9"" 10"" nN""",0,37,qn,Qn,,38.17
ssr,9,"o"" "" 2"" 3"" 4"" 5"" 6"" z"" 8"" 9"" 10"" nN""",0,37,3,"3""",,38.25
ssr,9,"o"" "" 2"" 3"" 4"" 5"" 6"" z"" 8"" 9"" 10"" nN""",0,37,4,"4""",,38.25
ssr,9,"o"" "" 2"" 3"" 4"" 5"" 6"" z"" 8"" 9"" 10"" nN""",0,37,5,"5""",,38.42
ssr,9,"o"" "" 2"" 3"" 4"" 5"" 6"" z"" 8"" 9"" 10"" nN""",0,37,6,"6""",,38.50
ssr,9,"o"" "" 2"" 3"" 4"" 5"" 6"" z"" 8"" 9"" 10"" nN""",0,37,7,"7""",,38.59
ssr,9,"o"" "" 2"" 3"" 4"" 5"" 6"" z"" 8"" 9"" 10"" nN""",0,37,8,"8""",,38.67
ssr,9,"o"" "" 2"" 3"" 4"" 5"" 6"" z"" 8"" 9"" 10"" nN""",0,37,9,"9""",,38.75
ssr,9,"o"" "" 2"" 3"" 4"" 5"" 6"" z"" 8"" 9"" 10"" nN""",0,37,10,"10""",,38.84
ssr,9,"o"" "" 2"" 3"" 4"" 5"" 6"" z"" 8"" 9"" 10"" nN""",0,37,nn,"nN""",,38.92
ssr,9,"o"" "" 2"" 3"" 4"" 5"" 6"" z"" 8"" 9"" 10"" nN""",0,38,column_1,,,39 FT.
ssr,9,"o"" "" 2"" 3"" 4"" 5"" 6"" z"" 8"" 9"" 10"" nN""",0,38,o,"o""",,39.00
ssr,9,"o"" "" 2"" 3"" 4"" 5"" 6"" z"" 8"" 9"" 10"" nN""",0,38,column_3,,,39.08
ssr,9,"o"" "" 2"" 3"" 4"" 5"" 6"" z"" 8"" 9"" 10"" nN""",0,38,qn,Qn,,39.17
ssr,9,"o"" "" 2"" 3"" 4"" 5"" 6"" z"" 8"" 9"" 10"" nN""",0,38,3,"3""",,39.25
ssr,9,"o"" "" 2"" 3"" 4"" 5"" 6"" z"" 8"" 9"" 10"" nN""",0,38,4,"4""",,39.25
ssr,9,"o"" "" 2"" 3"" 4"" 5"" 6"" z"" 8"" 9"" 10"" nN""",0,38,5,"5""",,39.42
ssr,9,"o"" "" 2"" 3"" 4"" 5"" 6"" z"" 8"" 9"" 10"" nN""",0,38,6,"6""",,39.50
ssr,9,"o"" "" 2"" 3"" 4"" 5"" 6"" z"" 8"" 9"" 10"" nN""",0,38,7,"7""",,39.59
ssr,9,"o"" "" 2"" 3"" 4"" 5"" 6"" z"" 8"" 9"" 10"" nN""",0,38,8,"8""",,39.75
ssr,9,"o"" "" 2"" 3"" 4"" 5"" 6"" z"" 8"" 9"" 10"" nN""",0,38,9,"9""",,39.75
ssr,9,"o"" "" 2"" 3"" 4"" 5"" 6"" z"" 8"" 9"" 10"" nN""",0,38,10,"10""",,39.84
ssr,9,"o"" "" 2"" 3"" 4"" 5"" 6"" z"" 8"" 9"" 10"" nN""",0,38,nn,"nN""",,39.92
ssr,9,"o"" "" 2"" 3"" 4"" 5"" 6"" z"" 8"" 9"" 10"" nN""",0,39,column_1,,,40 FT.
ssr,9,"o"" "" 2"" 3"" 4"" 5"" 6"" z"" 8"" 9"" 10"" nN""",0,39,o,"o""",,40.00
ssr,9,"o"" "" 2"" 3"" 4"" 5"" 6"" z"" 8"" 9"" 10"" nN""",0,39,column_3,,,40.08
ssr,9,"o"" "" 2"" 3"" 4"" 5"" 6"" z"" 8"" 9"" 10"" nN""",0,39,qn,Qn,,40.17
ssr,9,"o"" "" 2"" 3"" 4"" 5"" 6"" z"" 8"" 9"" 10"" nN""",0,39,3,"3""",,40.25
ssr,9,"o"" "" 2"" 3"" 4"" 5"" 6"" z"" 8"" 9"" 10"" nN""",0,39,4,"4""",,40.25
ssr,9,"o"" "" 2"" 3"" 4"" 5"" 6"" z"" 8"" 9"" 10"" nN""",0,39,5,"5""",,40.42
ssr,9,"o"" "" 2"" 3"" 4"" 5"" 6"" z"" 8"" 9"" 10"" nN""",0,39,6,"6""",,40.50
ssr,9,"o"" "" 2"" 3"" 4"" 5"" 6"" z"" 8"" 9"" 10"" nN""",0,39,7,"7""",,40.59
ssr,9,"o"" "" 2"" 3"" 4"" 5"" 6"" z"" 8"" 9"" 10"" nN""",0,39,8,"8""",,40.75
ssr,9,"o"" "" 2"" 3"" 4"" 5"" 6"" z"" 8"" 9"" 10"" nN""",0,39,9,"9""",,40.75
ssr,9,"o"" "" 2"" 3"" 4"" 5"" 6"" z"" 8"" 9"" 10"" nN""",0,39,10,"10""",,40.84
ssr,9,"o"" "" 2"" 3"" 4"" 5"" 6"" z"" 8"" 9"" 10"" nN""",0,39,nn,"nN""",,40.92
ssr,10,"BattenLok' HS 12""",0,0,gauge,| GAUGE,DESCRIPTION,24
ssr,10,"BattenLok' HS 12""",0,0,coverage,COVERAGE,DESCRIPTION,"12"""
ssr,10,"BattenLok' HS 12""",0,0,yield_psi,YIELD (PSI),DESCRIPTION,"50,000"
ssr,10,"BattenLok' HS 12""",0,0,weight_per_sq,WEIGHT PER SQ.,DESCRIPTION,149#
ssr,10,"BattenLok' HS 12""",0,0,finish,FINISH*,DESCRIPTION,Galvalume' Plus &
ssr,10,"BattenLok' HS 12""",0,0,price,PRICE,,✓
ssr,10,"BattenLok' HS 12""",0,1,gauge,| GAUGE,DESCRIPTION,24
ssr,10,"BattenLok' HS 12""",0,1,coverage,COVERAGE,DESCRIPTION,"12"""
ssr,10,"BattenLok' HS 12""",0,1,yield_psi,YIELD (PSI),DESCRIPTION,"50,000"
ssr,10,"BattenLok' HS 12""",0,1,weight_per_sq,WEIGHT PER SQ.,DESCRIPTION,149#
ssr,10,"BattenLok' HS 12""",0,1,finish,FINISH*,DESCRIPTION,Signature' 200
ssr,10,"BattenLok' HS 12""",0,1,price,PRICE,,✓
ssr,10,"BattenLok' HS 12""",0,2,gauge,| GAUGE,DESCRIPTION,24
ssr,10,"BattenLok' HS 12""",0,2,coverage,COVERAGE,DESCRIPTION,"12"""
ssr,10,"BattenLok' HS 12""",0,2,yield_psi,YIELD (PSI),DESCRIPTION,"50,000"
ssr,10,"BattenLok' HS 12""",0,2,weight_per_sq,WEIGHT PER SQ.,DESCRIPTION,149#
ssr,10,"BattenLok' HS 12""",0,2,finish,FINISH*,DESCRIPTION,Signature' 300
ssr,10,"BattenLok' HS 12""",0,2,price,PRICE,,✓
ssr,10,"BattenLok' HS 12""",0,3,gauge,| GAUGE,DESCRIPTION,24
ssr,10,"BattenLok' HS 12""",0,3,coverage,COVERAGE,DESCRIPTION,"12"""
ssr,10,"BattenLok' HS 12""",0,3,yield_psi,YIELD (PSI),DESCRIPTION,"50,000"
ssr,10,"BattenLok' HS 12""",0,3,weight_per_sq,WEIGHT PER SQ.,DESCRIPTION,149#
ssr,10,"BattenLok' HS 12""",0,3,finish,FINISH*,DESCRIPTION,Signature' 300 Metallic
ssr,10,"BattenLok' HS 12""",0,3,price,PRICE,,Please Inquire
ssr,10,"BattenLok' HS 12""",0,4,gauge,| GAUGE,DESCRIPTION,22
ssr,10,"BattenLok' HS 12""",0,4,coverage,COVERAGE,DESCRIPTION,"12"""
ssr,10,"BattenLok' HS 12""",0,4,yield_psi,YIELD (PSI),DESCRIPTION,"50,000"
ssr,10,"BattenLok' HS 12""",0,4,weight_per_sq,WEIGHT PER SQ.,DESCRIPTION,189#
ssr,10,"BattenLok' HS 12""",0,4,finish,FINISH*,DESCRIPTION,Galvalume' Plus &
ssr,10,"BattenLok' HS 12""",0,4,price,PRICE,,Please Inquire
ssr,10,"BattenLok' HS 12""",0,5,gauge,| GAUGE,DESCRIPTION,22
ssr,10,"BattenLok' HS 12""",0,5,coverage,COVERAGE,DESCRIPTION,"12"""
ssr,10,"BattenLok' HS 12""",0,5,yield_psi,YIELD (PSI),DESCRIPTION,"50,000"
ssr,10,"BattenLok' HS 12""",0,5,weight_per_sq,WEIGHT PER SQ.,DESCRIPTION,189#
ssr,10,"BattenLok' HS 12""",0,5,finish,FINISH*,DESCRIPTION,Signature' 200
ssr,10,"BattenLok' HS 12""",0,5,price,PRICE,,Please Inquire
ssr,10,"BattenLok' HS 12""",0,6,gauge,| GAUGE,DESCRIPTION,22
ssr,10,"BattenLok' HS 12""",0,6,coverage,COVERAGE,DESCRIPTION,"12"""
ssr,10,"BattenLok' HS 12""",0,6,yield_psi,YIELD (PSI),DESCRIPTION,"50,000"
ssr,10,"BattenLok' HS 12""",0,6,weight_per_sq,WEIGHT PER SQ.,DESCRIPTION,189#
ssr,10,"BattenLok' HS 12""",0,6,finish,FINISH*,DESCRIPTION,Signature' 300
ssr,10,"BattenLok' HS 12""",0,6,price,PRICE,,Please Inquire
ssr,10,"BattenLok' HS 12""",0,7,gauge,| GAUGE,DESCRIPTION,22
ssr,10,"BattenLok' HS 12""",0,7,coverage,COVERAGE,DESCRIPTION,"12"""
ssr,10,"BattenLok' HS 12""",0,7,yield_psi,YIELD (PSI),DESCRIPTION,"50,000"
ssr,10,"BattenLok' HS 12""",0,7,weight_per_sq,WEIGHT PER SQ.,DESCRIPTION,189#
ssr,10,"BattenLok' HS 12""",0,7,finish,FINISH*,DESCRIPTION,Signature' 300 Metallic
ssr,10,"BattenLok' HS 12""",0,7,price,PRICE,,Please Inquire
ssr,11,"Oo"" aL 2"" 3"" 4"" 5"" 6"" 7"" 8"" 9g"" 10"" 1""",0,0,column_1,,,1 FT.
ssr,11,"Oo"" aL 2"" 3"" 4"" 5"" 6"" 7"" 8"" 9g"" 10"" 1""",0,0,o,"o""",,1.33
ssr,11,"Oo"" aL 2"" 3"" 4"" 5"" 6"" 7"" 8"" 9g"" 10"" 1""",0,0,1,"1""",,1.44
ssr,11,"Oo"" aL 2"" 3"" 4"" 5"" 6"" 7"" 8"" 9g"" 10"" 1""",0,0,2,"2""",,1.56
ssr,11,"Oo"" aL 2"" 3"" 4"" 5"" 6"" 7"" 8"" 9g"" 10"" 1""",0,0,3,"3""",,1.67
ssr,11,"Oo"" aL 2"" 3"" 4"" 5"" 6"" 7"" 8"" 9g"" 10"" 1""",0,0,4,"4""",,1.78
ssr,11,"Oo"" aL 2"" 3"" 4"" 5"" 6"" 7"" 8"" 9g"" 10"" 1""",0,0,5,"5""",,1.89
ssr,11,"Oo"" aL 2"" 3"" 4"" 5"" 6"" 7"" 8"" 9g"" 10"" 1""",0,0,6,"6""",,2.00
ssr,11,"Oo"" aL 2"" 3"" 4"" 5"" 6"" 7"" 8"" 9g"" 10"" 1""",0,0,7,"7""",,2.11
ssr,11,"Oo"" aL 2"" 3"" 4"" 5"" 6"" 7"" 8"" 9g"" 10"" 1""",0,0,8,"8""",,2.23
ssr,11,"Oo"" aL 2"" 3"" 4"" 5"" 6"" 7"" 8"" 9g"" 10"" 1""",0,0,9,"9""",,2.54
ssr,11,"Oo"" aL 2"" 3"" 4"" 5"" 6"" 7"" 8"" 9g"" 10"" 1""",0,0,10,"10""",,2.45
ssr,11,"Oo"" aL 2"" 3"" 4"" 5"" 6"" 7"" 8"" 9g"" 10"" 1""",0,0,nn,"nN""",,2.56
ssr,11,"Oo"" aL 2"" 3"" 4"" 5"" 6"" 7"" 8"" 9g"" 10"" 1""",0,1,column_1,,,2 FT.
ssr,11,"Oo"" aL 2"" 3"" 4"" 5"" 6"" 7"" 8"" 9g"" 10"" 1""",0,1,o,"o""",,2.67
ssr,11,"Oo"" aL 2"" 3"" 4"" 5"" 6"" 7"" 8"" 9g"" 10"" 1""",0,1,1,"1""",,2.78
ssr,11,"Oo"" aL 2"" 3"" 4"" 5"" 6"" 7"" 8"" 9g"" 10"" 1""",0,1,2,"2""",,2.89
ssr,11,"Oo"" aL 2"" 3"" 4"" 5"" 6"" 7"" 8"" 9g"" 10"" 1""",0,1,3,"3""",,3.00
ssr,11,"Oo"" aL 2"" 3"" 4"" 5"" 6"" 7"" 8"" 9g"" 10"" 1""",0,1,4,"4""",,3.11
ssr,11,"Oo"" aL 2"" 3"" 4"" 5"" 6"" 7"" 8"" 9g"" 10"" 1""",0,1,5,"5""",,3.22
ssr,11,"Oo"" aL 2"" 3"" 4"" 5"" 6"" 7"" 8"" 9g"" 10"" 1""",0,1,6,"6""",,3.34
ssr,11,"Oo"" aL 2"" 3"" 4"" 5"" 6"" 7"" 8"" 9g"" 10"" 1""",0,1,7,"7""",,3.45
ssr,11,"Oo"" aL 2"" 3"" 4"" 5"" 6"" 7"" 8"" 9g"" 10"" 1""",0,1,8,"8""",,3.56
ssr,11,"Oo"" aL 2"" 3"" 4"" 5"" 6"" 7"" 8"" 9g"" 10"" 1""",0,1,9,"9""",,3.67
ssr,11,"Oo"" aL 2"" 3"" 4"" 5"" 6"" 7"" 8"" 9g"" 10"" 1""",0,1,10,"10""",,3.78
ssr,11,"Oo"" aL 2"" 3"" 4"" 5"" 6"" 7"" 8"" 9g"" 10"" 1""",0,1,nn,"nN""",,3.89
ssr,11,"Oo"" aL 2"" 3"" 4"" 5"" 6"" 7"" 8"" 9g"" 10"" 1""",0,2,column_1,,,3 FT.
ssr,11,"Oo"" aL 2"" 3"" 4"" 5"" 6"" 7"" 8"" 9g"" 10"" 1""",0,2,o,"o""",,4.00
ssr,11,"Oo"" aL 2"" 3"" 4"" 5"" 6"" 7"" 8"" 9g"" 10"" 1""",0,2,1,"1""",,4.11
ssr,11,"Oo"" aL 2"" 3"" 4"" 5"" 6"" 7"" 8"" 9g"" 10"" 1""",0,2,2,"2""",,4.22
ssr,11,"Oo"" aL 2"" 3"" 4"" 5"" 6"" 7"" 8"" 9g"" 10"" 1""",0,2,3,"3""",,4.33
ssr,11,"Oo"" aL 2"" 3"" 4"" 5"" 6"" 7"" 8"" 9g"" 10"" 1""",0,2,4,"4""",,4.45
ssr,11,"Oo"" aL 2"" 3"" 4"" 5"" 6"" 7"" 8"" 9g"" 10"" 1""",0,2,5,"5""",,4.56
ssr,11,"Oo"" aL 2"" 3"" 4"" 5"" 6"" 7"" 8"" 9g"" 10"" 1""",0,2,6,"6""",,4.67
ssr,11,"Oo"" aL 2"" 3"" 4"" 5"" 6"" 7"" 8"" 9g"" 10"" 1""",0,2,7,"7""",,4.78
ssr,11,"Oo"" aL 2"" 3"" 4"" 5"" 6"" 7"" 8"" 9g"" 10"" 1""",0,2,8,"8""",,4.89
ssr,11,"Oo"" aL 2"" 3"" 4"" 5"" 6"" 7"" 8"" 9g"" 10"" 1""",0,2,9,"9""",,5.00
ssr,11,"Oo"" aL 2"" 3"" 4"" 5"" 6"" 7"" 8"" 9g"" 10"" 1""",0,2,10,"10""",,5.11
ssr,11,"Oo"" aL 2"" 3"" 4"" 5"" 6"" 7"" 8"" 9g"" 10"" 1""",0,2,nn,"nN""",,5.23
ssr,11,"Oo"" aL 2"" 3"" 4"" 5"" 6"" 7"" 8"" 9g"" 10"" 1""",0,3,column_1,,,4 FT.
ssr,11,"Oo"" aL 2"" 3"" 4"" 5"" 6"" 7"" 8"" 9g"" 10"" 1""",0,3,o,"o""",,5.33
ssr,11,"Oo"" aL 2"" 3"" 4"" 5"" 6"" 7"" 8"" 9g"" 10"" 1""",0,3,1,"1""",,5.44
ssr,11,"Oo"" aL 2"" 3"" 4"" 5"" 6"" 7"" 8"" 9g"" 10"" 1""",0,3,2,"2""",,5.56
ssr,11,"Oo"" aL 2"" 3"" 4"" 5"" 6"" 7"" 8"" 9g"" 10"" 1""",0,3,3,"3""",,5.67
ssr,11,"Oo"" aL 2"" 3"" 4"" 5"" 6"" 7"" 8"" 9g"" 10"" 1""",0,3,4,"4""",,5.78
ssr,11,"Oo"" aL 2"" 3"" 4"" 5"" 6"" 7"" 8"" 9g"" 10"" 1""",0,3,5,"5""",,5.89
ssr,11,"Oo"" aL 2"" 3"" 4"" 5"" 6"" 7"" 8"" 9g"" 10"" 1""",0,3,6,"6""",,6.00
ssr,11,"Oo"" aL 2"" 3"" 4"" 5"" 6"" 7"" 8"" 9g"" 10"" 1""",0,3,7,"7""",,6.11
ssr,11,"Oo"" aL 2"" 3"" 4"" 5"" 6"" 7"" 8"" 9g"" 10"" 1""",0,3,8,"8""",,6.23
ssr,11,"Oo"" aL 2"" 3"" 4"" 5"" 6"" 7"" 8"" 9g"" 10"" 1""",0,3,9,"9""",,6.34
ssr,11,"Oo"" aL 2"" 3"" 4"" 5"" 6"" 7"" 8"" 9g"" 10"" 1""",0,3,10,"10""",,6.45
ssr,11,"Oo"" aL 2"" 3"" 4"" 5"" 6"" 7"" 8"" 9g"" 10"" 1""",0,3,nn,"nN""",,6.56
ssr,11,"Oo"" aL 2"" 3"" 4"" 5"" 6"" 7"" 8"" 9g"" 10"" 1""",0,4,column_1,,,5 FT.
ssr,11,"Oo"" aL 2"" 3"" 4"" 5"" 6"" 7"" 8"" 9g"" 10"" 1""",0,4,o,"o""",,6.67
ssr,11,"Oo"" aL 2"" 3"" 4"" 5"" 6"" 7"" 8"" 9g"" 10"" 1""",0,4,1,"1""",,6.78
ssr,11,"Oo"" aL 2"" 3"" 4"" 5"" 6"" 7"" 8"" 9g"" 10"" 1""",0,4,2,"2""",,6.89
ssr,11,"Oo"" aL 2"" 3"" 4"" 5"" 6"" 7"" 8"" 9g"" 10"" 1""",0,4,3,"3""",,7.00
ssr,11,"Oo"" aL 2"" 3"" 4"" 5"" 6"" 7"" 8"" 9g"" 10"" 1""",0,4,4,"4""",,7.11
ssr,11,"Oo"" aL 2"" 3"" 4"" 5"" 6"" 7"" 8"" 9g"" 10"" 1""",0,4,5,"5""",,7.22
ssr,11,"Oo"" aL 2"" 3"" 4"" 5"" 6"" 7"" 8"" 9g"" 10"" 1""",0,4,6,"6""",,7.34
ssr,11,"Oo"" aL 2"" 3"" 4"" 5"" 6"" 7"" 8"" 9g"" 10"" 1""",0,4,7,"7""",,7.45
ssr,11,"Oo"" aL 2"" 3"" 4"" 5"" 6"" 7"" 8"" 9g"" 10"" 1""",0,4,8,"8""",,7.56
ssr,11,"Oo"" aL 2"" 3"" 4"" 5"" 6"" 7"" 8"" 9g"" 10"" 1""",0,4,9,"9""",,7.67
ssr,11,"Oo"" aL 2"" 3"" 4"" 5"" 6"" 7"" 8"" 9g"" 10"" 1""",0,4,10,"10""",,7.78
ssr,11,"Oo"" aL 2"" 3"" 4"" 5"" 6"" 7"" 8"" 9g"" 10"" 1""",0,4,nn,"nN""",,7.89
ssr,11,"Oo"" aL 2"" 3"" 4"" 5"" 6"" 7"" 8"" 9g"" 10"" 1""",0,5,column_1,,,6 FT.
ssr,11,"Oo"" aL 2"" 3"" 4"" 5"" 6"" 7"" 8"" 9g"" 10"" 1""",0,5,o,"o""",,8.00
ssr,11,"Oo"" aL 2"" 3"" 4"" 5"" 6"" 7"" 8"" 9g"" 10"" 1""",0,5,1,"1""",,8.11
ssr,11,"Oo"" aL 2"" 3"" 4"" 5"" 6"" 7"" 8"" 9g"" 10"" 1""",0,5,2,"2""",,8.22
ssr,11,"Oo"" aL 2"" 3"" 4"" 5"" 6"" 7"" 8"" 9g"" 10"" 1""",0,5,3,"3""",,8.33
ssr,11,"Oo"" aL 2"" 3"" 4"" 5"" 6"" 7"" 8"" 9g"" 10"" 1""",0,5,4,"4""",,8.45
ssr,11,"Oo"" aL 2"" 3"" 4"" 5"" 6"" 7"" 8"" 9g"" 10"" 1""",0,5,5,"5""",,8.56
ssr,11,"Oo"" aL 2"" 3"" 4"" 5"" 6"" 7"" 8"" 9g"" 10"" 1""",0,5,6,"6""",,8.67
ssr,11,"Oo"" aL 2"" 3"" 4"" 5"" 6"" 7"" 8"" 9g"" 10"" 1""",0,5,7,"7""",,8.78
ssr,11,"Oo"" aL 2"" 3"" 4"" 5"" 6"" 7"" 8"" 9g"" 10"" 1""",0,5,8,"8""",,8.89
ssr,11,"Oo"" aL 2"" 3"" 4"" 5"" 6"" 7"" 8"" 9g"" 10"" 1""",0,5,9,"9""",,9.00
ssr,11,"Oo"" aL 2"" 3"" 4"" 5"" 6"" 7"" 8"" 9g"" 10"" 1""",0,5,10,"10""",,9.11
ssr,11,"Oo"" aL 2"" 3"" 4"" 5"" 6"" 7"" 8"" 9g"" 10"" 1""",0,5,nn,"nN""",,9.23
ssr,11,"Oo"" aL 2"" 3"" 4"" 5"" 6"" 7"" 8"" 9g"" 10"" 1""",0,6,column_1,,,7 FT.
ssr,11,"Oo"" aL 2"" 3"" 4"" 5"" 6"" 7"" 8"" 9g"" 10"" 1""",0,6,o,"o""",,9.33
ssr,11,"Oo"" aL 2"" 3"" 4"" 5"" 6"" 7"" 8"" 9g"" 10"" 1""",0,6,1,"1""",,9.44
ssr,11,"Oo"" aL 2"" 3"" 4"" 5"" 6"" 7"" 8"" 9g"" 10"" 1""",0,6,2,"2""",,9.56
ssr,11,"Oo"" aL 2"" 3"" 4"" 5"" 6"" 7"" 8"" 9g"" 10"" 1""",0,6,3,"3""",,9.67
ssr,11,"Oo"" aL 2"" 3"" 4"" 5"" 6"" 7"" 8"" 9g"" 10"" 1""",0,6,4,"4""",,9.78
ssr,11,"Oo"" aL 2"" 3"" 4"" 5"" 6"" 7"" 8"" 9g"" 10"" 1""",0,6,5,"5""",,9.89
ssr,11,"Oo"" aL 2"" 3"" 4"" 5"" 6"" 7"" 8"" 9g"" 10"" 1""",0,6,6,"6""",,10.00
ssr,11,"Oo"" aL 2"" 3"" 4"" 5"" 6"" 7"" 8"" 9g"" 10"" 1""",0,6,7,"7""",,10.11
ssr,11,"Oo"" aL 2"" 3"" 4"" 5"" 6"" 7"" 8"" 9g"" 10"" 1""",0,6,8,"8""",,10.23
ssr,11,"Oo"" aL 2"" 3"" 4"" 5"" 6"" 7"" 8"" 9g"" 10"" 1""",0,6,9,"9""",,10.34
ssr,11,"Oo"" aL 2"" 3"" 4"" 5"" 6"" 7"" 8"" 9g"" 10"" 1""",0,6,10,"10""",,10.45
ssr,11,"Oo"" aL 2"" 3"" 4"" 5"" 6"" 7"" 8"" 9g"" 10"" 1""",0,6,nn,"nN""",,10.56
ssr,11,"Oo"" aL 2"" 3"" 4"" 5"" 6"" 7"" 8"" 9g"" 10"" 1""",0,7,column_1,,,8 FT.
ssr,11,"Oo"" aL 2"" 3"" 4"" 5"" 6"" 7"" 8"" 9g"" 10"" 1""",0,7,o,"o""",,10.67
ssr,11,"Oo"" aL 2"" 3"" 4"" 5"" 6"" 7"" 8"" 9g"" 10"" 1""",0,7,1,"1""",,10.78
ssr,11,"Oo"" aL 2"" 3"" 4"" 5"" 6"" 7"" 8"" 9g"" 10"" 1""",0,7,2,"2""",,10.89
ssr,11,"Oo"" aL 2"" 3"" 4"" 5"" 6"" 7"" 8"" 9g"" 10"" 1""",0,7,3,"3""",,11.00
ssr,11,"Oo"" aL 2"" 3"" 4"" 5"" 6"" 7"" 8"" 9g"" 10"" 1""",0,7,4,"4""",,1.1
ssr,11,"Oo"" aL 2"" 3"" 4"" 5"" 6"" 7"" 8"" 9g"" 10"" 1""",0,7,5,"5""",,11.22
ssr,11,"Oo"" aL 2"" 3"" 4"" 5"" 6"" 7"" 8"" 9g"" 10"" 1""",0,7,6,"6""",,11.34
ssr,11,"Oo"" aL 2"" 3"" 4"" 5"" 6"" 7"" 8"" 9g"" 10"" 1""",0,7,7,"7""",,11.45
ssr,11,"Oo"" aL 2"" 3"" 4"" 5"" 6"" 7"" 8"" 9g"" 10"" 1""",0,7,8,"8""",,11.56
ssr,11,"Oo"" aL 2"" 3"" 4"" 5"" 6"" 7"" 8"" 9g"" 10"" 1""",0,7,9,"9""",,11.67
ssr,11,"Oo"" aL 2"" 3"" 4"" 5"" 6"" 7"" 8"" 9g"" 10"" 1""",0,7,10,"10""",,11.78
ssr,11,"Oo"" aL 2"" 3"" 4"" 5"" 6"" 7"" 8"" 9g"" 10"" 1""",0,7,nn,"nN""",,11.89
ssr,11,"Oo"" aL 2"" 3"" 4"" 5"" 6"" 7"" 8"" 9g"" 10"" 1""",0,8,column_1,,,9 FT.
ssr,11,"Oo"" aL 2"" 3"" 4"" 5"" 6"" 7"" 8"" 9g"" 10"" 1""",0,8,o,"o""",,12.00
ssr,11,"Oo"" aL 2"" 3"" 4"" 5"" 6"" 7"" 8"" 9g"" 10"" 1""",0,8,1,"1""",,12.11
ssr,11,"Oo"" aL 2"" 3"" 4"" 5"" 6"" 7"" 8"" 9g"" 10"" 1""",0,8,2,"2""",,12.22
ssr,11,"Oo"" aL 2"" 3"" 4"" 5"" 6"" 7"" 8"" 9g"" 10"" 1""",0,8,3,"3""",,12.33
ssr,11,"Oo"" aL 2"" 3"" 4"" 5"" 6"" 7"" 8"" 9g"" 10"" 1""",0,8,4,"4""",,12.45
ssr,11,"Oo"" aL 2"" 3"" 4"" 5"" 6"" 7"" 8"" 9g"" 10"" 1""",0,8,5,"5""",,12.56
ssr,11,"Oo"" aL 2"" 3"" 4"" 5"" 6"" 7"" 8"" 9g"" 10"" 1""",0,8,6,"6""",,12.67
ssr,11,"Oo"" aL 2"" 3"" 4"" 5"" 6"" 7"" 8"" 9g"" 10"" 1""",0,8,7,"7""",,12.78
ssr,11,"Oo"" aL 2"" 3"" 4"" 5"" 6"" 7"" 8"" 9g"" 10"" 1""",0,8,8,"8""",,12.89
ssr,11,"Oo"" aL 2"" 3"" 4"" 5"" 6"" 7"" 8"" 9g"" 10"" 1""",0,8,9,"9""",,13.00
ssr,11,"Oo"" aL 2"" 3"" 4"" 5"" 6"" 7"" 8"" 9g"" 10"" 1""",0,8,10,"10""",,13.11
ssr,11,"Oo"" aL 2"" 3"" 4"" 5"" 6"" 7"" 8"" 9g"" 10"" 1""",0,8,nn,"nN""",,13.23
ssr,11,"Oo"" aL 2"" 3"" 4"" 5"" 6"" 7"" 8"" 9g"" 10"" 1""",0,9,column_1,,,10 FT.
ssr,11,"Oo"" aL 2"" 3"" 4"" 5"" 6"" 7"" 8"" 9g"" 10"" 1""",0,9,o,"o""",,13.33
ssr,11,"Oo"" aL 2"" 3"" 4"" 5"" 6"" 7"" 8"" 9g"" 10"" 1""",0,9,1,"1""",,13.44
ssr,11,"Oo"" aL 2"" 3"" 4"" 5"" 6"" 7"" 8"" 9g"" 10"" 1""",0,9,2,"2""",,13.56
ssr,11,"Oo"" aL 2"" 3"" 4"" 5"" 6"" 7"" 8"" 9g"" 10"" 1""",0,9,3,"3""",,13.67
ssr,11,"Oo"" aL 2"" 3"" 4"" 5"" 6"" 7"" 8"" 9g"" 10"" 1""",0,9,4,"4""",,13.78
ssr,11,"Oo"" aL 2"" 3"" 4"" 5"" 6"" 7"" 8"" 9g"" 10"" 1""",0,9,5,"5""",,13.89
ssr,11,"Oo"" aL 2"" 3"" 4"" 5"" 6"" 7"" 8"" 9g"" 10"" 1""",0,9,6,"6""",,14.00
ssr,11,"Oo"" aL 2"" 3"" 4"" 5"" 6"" 7"" 8"" 9g"" 10"" 1""",0,9,7,"7""",,14.1
ssr,11,"Oo"" aL 2"" 3"" 4"" 5"" 6"" 7"" 8"" 9g"" 10"" 1""",0,9,8,"8""",,14.22
ssr,11,"Oo"" aL 2"" 3"" 4"" 5"" 6"" 7"" 8"" 9g"" 10"" 1""",0,9,9,"9""",,14.34
ssr,11,"Oo"" aL 2"" 3"" 4"" 5"" 6"" 7"" 8"" 9g"" 10"" 1""",0,9,10,"10""",,14.45
ssr,11,"Oo"" aL 2"" 3"" 4"" 5"" 6"" 7"" 8"" 9g"" 10"" 1""",0,9,nn,"nN""",,14.56
ssr,11,"Oo"" aL 2"" 3"" 4"" 5"" 6"" 7"" 8"" 9g"" 10"" 1""",0,10,column_1,,,11 FT.
ssr,11,"Oo"" aL 2"" 3"" 4"" 5"" 6"" 7"" 8"" 9g"" 10"" 1""",0,10,o,"o""",,14.67
ssr,11,"Oo"" aL 2"" 3"" 4"" 5"" 6"" 7"" 8"" 9g"" 10"" 1""",0,10,1,"1""",,14.78
ssr,11,"Oo"" aL 2"" 3"" 4"" 5"" 6"" 7"" 8"" 9g"" 10"" 1""",0,10,2,"2""",,14.89
ssr,11,"Oo"" aL 2"" 3"" 4"" 5"" 6"" 7"" 8"" 9g"" 10"" 1""",0,10,3,"3""",,15.00
ssr,11,"Oo"" aL 2"" 3"" 4"" 5"" 6"" 7"" 8"" 9g"" 10"" 1""",0,10,4,"4""",,15.11
ssr,11,"Oo"" aL 2"" 3"" 4"" 5"" 6"" 7"" 8"" 9g"" 10"" 1""",0,10,5,"5""",,15.22
ssr,11,"Oo"" aL 2"" 3"" 4"" 5"" 6"" 7"" 8"" 9g"" 10"" 1""",0,10,6,"6""",,15.34
ssr,11,"Oo"" aL 2"" 3"" 4"" 5"" 6"" 7"" 8"" 9g"" 10"" 1""",0,10,7,"7""",,15.45
ssr,11,"Oo"" aL 2"" 3"" 4"" 5"" 6"" 7"" 8"" 9g"" 10"" 1""",0,10,8,"8""",,15.56
ssr,11,"Oo"" aL 2"" 3"" 4"" 5"" 6"" 7"" 8"" 9g"" 10"" 1""",0,10,9,"9""",,15.67
ssr,11,"Oo"" aL 2"" 3"" 4"" 5"" 6"" 7"" 8"" 9g"" 10"" 1""",0,10,10,"10""",,15.78
ssr,11,"Oo"" aL 2"" 3"" 4"" 5"" 6"" 7"" 8"" 9g"" 10"" 1""",0,10,nn,"nN""",,15.89
ssr,11,"Oo"" aL 2"" 3"" 4"" 5"" 6"" 7"" 8"" 9g"" 10"" 1""",0,11,column_1,,,12 FT.
ssr,11,"Oo"" aL 2"" 3"" 4"" 5"" 6"" 7"" 8"" 9g"" 10"" 1""",0,11,o,"o""",,16.00
ssr,11,"Oo"" aL 2"" 3"" 4"" 5"" 6"" 7"" 8"" 9g"" 10"" 1""",0,11,1,"1""",,16.11
ssr,11,"Oo"" aL 2"" 3"" 4"" 5"" 6"" 7"" 8"" 9g"" 10"" 1""",0,11,2,"2""",,16.22
ssr,11,"Oo"" aL 2"" 3"" 4"" 5"" 6"" 7"" 8"" 9g"" 10"" 1""",0,11,3,"3""",,16.33
ssr,11,"Oo"" aL 2"" 3"" 4"" 5"" 6"" 7"" 8"" 9g"" 10"" 1""",0,11,4,"4""",,16.45
ssr,11,"Oo"" aL 2"" 3"" 4"" 5"" 6"" 7"" 8"" 9g"" 10"" 1""",0,11,5,"5""",,16.56
ssr,11,"Oo"" aL 2"" 3"" 4"" 5"" 6"" 7"" 8"" 9g"" 10"" 1""",0,11,6,"6""",,16.67
ssr,11,"Oo"" aL 2"" 3"" 4"" 5"" 6"" 7"" 8"" 9g"" 10"" 1""",0,11,7,"7""",,16.78
ssr,11,"Oo"" aL 2"" 3"" 4"" 5"" 6"" 7"" 8"" 9g"" 10"" 1""",0,11,8,"8""",,16.89
ssr,11,"Oo"" aL 2"" 3"" 4"" 5"" 6"" 7"" 8"" 9g"" 10"" 1""",0,11,9,"9""",,17.00
ssr,11,"Oo"" aL 2"" 3"" 4"" 5"" 6"" 7"" 8"" 9g"" 10"" 1""",0,11,10,"10""",,17.11
ssr,11,"Oo"" aL 2"" 3"" 4"" 5"" 6"" 7"" 8"" 9g"" 10"" 1""",0,11,nn,"nN""",,17.23
ssr,11,"Oo"" aL 2"" 3"" 4"" 5"" 6"" 7"" 8"" 9g"" 10"" 1""",0,12,column_1,,,13 FT.
ssr,11,"Oo"" aL 2"" 3"" 4"" 5"" 6"" 7"" 8"" 9g"" 10"" 1""",0,12,o,"o""",,17.33
ssr,11,"Oo"" aL 2"" 3"" 4"" 5"" 6"" 7"" 8"" 9g"" 10"" 1""",0,12,1,"1""",,17.44
ssr,11,"Oo"" aL 2"" 3"" 4"" 5"" 6"" 7"" 8"" 9g"" 10"" 1""",0,12,2,"2""",,17.56
ssr,11,"Oo"" aL 2"" 3"" 4"" 5"" 6"" 7"" 8"" 9g"" 10"" 1""",0,12,3,"3""",,17.67
ssr,11,"Oo"" aL 2"" 3"" 4"" 5"" 6"" 7"" 8"" 9g"" 10"" 1""",0,12,4,"4""",,17.78
ssr,11,"Oo"" aL 2"" 3"" 4"" 5"" 6"" 7"" 8"" 9g"" 10"" 1""",0,12,5,"5""",,17.89
ssr,11,"Oo"" aL 2"" 3"" 4"" 5"" 6"" 7"" 8"" 9g"" 10"" 1""",0,12,6,"6""",,18.00
ssr,11,"Oo"" aL 2"" 3"" 4"" 5"" 6"" 7"" 8"" 9g"" 10"" 1""",0,12,7,"7""",,18.11
ssr,11,"Oo"" aL 2"" 3"" 4"" 5"" 6"" 7"" 8"" 9g"" 10"" 1""",0,12,8,"8""",,18.22
ssr,11,"Oo"" aL 2"" 3"" 4"" 5"" 6"" 7"" 8"" 9g"" 10"" 1""",0,12,9,"9""",,18.34
ssr,11,"Oo"" aL 2"" 3"" 4"" 5"" 6"" 7"" 8"" 9g"" 10"" 1""",0,12,10,"10""",,18.45
ssr,11,"Oo"" aL 2"" 3"" 4"" 5"" 6"" 7"" 8"" 9g"" 10"" 1""",0,12,nn,"nN""",,18.56
ssr,11,"Oo"" aL 2"" 3"" 4"" 5"" 6"" 7"" 8"" 9g"" 10"" 1""",0,13,column_1,,,14 FT.
ssr,11,"Oo"" aL 2"" 3"" 4"" 5"" 6"" 7"" 8"" 9g"" 10"" 1""",0,13,o,"o""",,18.67
ssr,11,"Oo"" aL 2"" 3"" 4"" 5"" 6"" 7"" 8"" 9g"" 10"" 1""",0,13,1,"1""",,18.78
ssr,11,"Oo"" aL 2"" 3"" 4"" 5"" 6"" 7"" 8"" 9g"" 10"" 1""",0,13,2,"2""",,18.89
ssr,11,"Oo"" aL 2"" 3"" 4"" 5"" 6"" 7"" 8"" 9g"" 10"" 1""",0,13,3,"3""",,19.00
ssr,11,"Oo"" aL 2"" 3"" 4"" 5"" 6"" 7"" 8"" 9g"" 10"" 1""",0,13,4,"4""",,19.11
ssr,11,"Oo"" aL 2"" 3"" 4"" 5"" 6"" 7"" 8"" 9g"" 10"" 1""",0,13,5,"5""",,19.22
ssr,11,"Oo"" aL 2"" 3"" 4"" 5"" 6"" 7"" 8"" 9g"" 10"" 1""",0,13,6,"6""",,19.34
ssr,11,"Oo"" aL 2"" 3"" 4"" 5"" 6"" 7"" 8"" 9g"" 10"" 1""",0,13,7,"7""",,19.45
ssr,11,"Oo"" aL 2"" 3"" 4"" 5"" 6"" 7"" 8"" 9g"" 10"" 1""",0,13,8,"8""",,19.56
ssr,11,"Oo"" aL 2"" 3"" 4"" 5"" 6"" 7"" 8"" 9g"" 10"" 1""",0,13,9,"9""",,19.67
ssr,11,"Oo"" aL 2"" 3"" 4"" 5"" 6"" 7"" 8"" 9g"" 10"" 1""",0,13,10,"10""",,19.78
ssr,11,"Oo"" aL 2"" 3"" 4"" 5"" 6"" 7"" 8"" 9g"" 10"" 1""",0,13,nn,"nN""",,19.89
ssr,11,"Oo"" aL 2"" 3"" 4"" 5"" 6"" 7"" 8"" 9g"" 10"" 1""",0,14,column_1,,,15 FT.
ssr,11,"Oo"" aL 2"" 3"" 4"" 5"" 6"" 7"" 8"" 9g"" 10"" 1""",0,14,o,"o""",,20.00
ssr,11,"Oo"" aL 2"" 3"" 4"" 5"" 6"" 7"" 8"" 9g"" 10"" 1""",0,14,1,"1""",,20.11
ssr,11,"Oo"" aL 2"" 3"" 4"" 5"" 6"" 7"" 8"" 9g"" 10"" 1""",0,14,2,"2""",,20.22
ssr,11,"Oo"" aL 2"" 3"" 4"" 5"" 6"" 7"" 8"" 9g"" 10"" 1""",0,14,3,"3""",,20.33
ssr,11,"Oo"" aL 2"" 3"" 4"" 5"" 6"" 7"" 8"" 9g"" 10"" 1""",0,14,4,"4""",,20.45
ssr,11,"Oo"" aL 2"" 3"" 4"" 5"" 6"" 7"" 8"" 9g"" 10"" 1""",0,14,5,"5""",,20.56
ssr,11,"Oo"" aL 2"" 3"" 4"" 5"" 6"" 7"" 8"" 9g"" 10"" 1""",0,14,6,"6""",,20.67
ssr,11,"Oo"" aL 2"" 3"" 4"" 5"" 6"" 7"" 8"" 9g"" 10"" 1""",0,14,7,"7""",,20.78
ssr,11,"Oo"" aL 2"" 3"" 4"" 5"" 6"" 7"" 8"" 9g"" 10"" 1""",0,14,8,"8""",,20.89
ssr,11,"Oo"" aL 2"" 3"" 4"" 5"" 6"" 7"" 8"" 9g"" 10"" 1""",0,14,9,"9""",,21.00
ssr,11,"Oo"" aL 2"" 3"" 4"" 5"" 6"" 7"" 8"" 9g"" 10"" 1""",0,14,10,"10""",,21.11
ssr,11,"Oo"" aL 2"" 3"" 4"" 5"" 6"" 7"" 8"" 9g"" 10"" 1""",0,14,nn,"nN""",,21.23
ssr,11,"Oo"" aL 2"" 3"" 4"" 5"" 6"" 7"" 8"" 9g"" 10"" 1""",0,15,column_1,,,16 FT.
ssr,11,"Oo"" aL 2"" 3"" 4"" 5"" 6"" 7"" 8"" 9g"" 10"" 1""",0,15,o,"o""",,21.33
ssr,11,"Oo"" aL 2"" 3"" 4"" 5"" 6"" 7"" 8"" 9g"" 10"" 1""",0,15,1,"1""",,21.44
ssr,11,"Oo"" aL 2"" 3"" 4"" 5"" 6"" 7"" 8"" 9g"" 10"" 1""",0,15,2,"2""",,21.56
ssr,11,"Oo"" aL 2"" 3"" 4"" 5"" 6"" 7"" 8"" 9g"" 10"" 1""",0,15,3,"3""",,21.67
ssr,11,"Oo"" aL 2"" 3"" 4"" 5"" 6"" 7"" 8"" 9g"" 10"" 1""",0,15,4,"4""",,21.78
ssr,11,"Oo"" aL 2"" 3"" 4"" 5"" 6"" 7"" 8"" 9g"" 10"" 1""",0,15,5,"5""",,21.89
ssr,11,"Oo"" aL 2"" 3"" 4"" 5"" 6"" 7"" 8"" 9g"" 10"" 1""",0,15,6,"6""",,22.00
ssr,11,"Oo"" aL 2"" 3"" 4"" 5"" 6"" 7"" 8"" 9g"" 10"" 1""",0,15,7,"7""",,22.11
ssr,11,"Oo"" aL 2"" 3"" 4"" 5"" 6"" 7"" 8"" 9g"" 10"" 1""",0,15,8,"8""",,22.22
ssr,11,"Oo"" aL 2"" 3"" 4"" 5"" 6"" 7"" 8"" 9g"" 10"" 1""",0,15,9,"9""",,22.34
ssr,11,"Oo"" aL 2"" 3"" 4"" 5"" 6"" 7"" 8"" 9g"" 10"" 1""",0,15,10,"10""",,22.45
ssr,11,"Oo"" aL 2"" 3"" 4"" 5"" 6"" 7"" 8"" 9g"" 10"" 1""",0,15,nn,"nN""",,22.56
ssr,11,"Oo"" aL 2"" 3"" 4"" 5"" 6"" 7"" 8"" 9g"" 10"" 1""",0,16,column_1,,,17 FT.
ssr,11,"Oo"" aL 2"" 3"" 4"" 5"" 6"" 7"" 8"" 9g"" 10"" 1""",0,16,o,"o""",,22.67
ssr,11,"Oo"" aL 2"" 3"" 4"" 5"" 6"" 7"" 8"" 9g"" 10"" 1""",0,16,1,"1""",,22.78
ssr,11,"Oo"" aL 2"" 3"" 4"" 5"" 6"" 7"" 8"" 9g"" 10"" 1""",0,16,2,"2""",,22.89
ssr,11,"Oo"" aL 2"" 3"" 4"" 5"" 6"" 7"" 8"" 9g"" 10"" 1""",0,16,3,"3""",,23.00
ssr,11,"Oo"" aL 2"" 3"" 4"" 5"" 6"" 7"" 8"" 9g"" 10"" 1""",0,16,4,"4""",,23.11
ssr,11,"Oo"" aL 2"" 3"" 4"" 5"" 6"" 7"" 8"" 9g"" 10"" 1""",0,16,5,"5""",,23.22
ssr,11,"Oo"" aL 2"" 3"" 4"" 5"" 6"" 7"" 8"" 9g"" 10"" 1""",0,16,6,"6""",,23.54
ssr,11,"Oo"" aL 2"" 3"" 4"" 5"" 6"" 7"" 8"" 9g"" 10"" 1""",0,16,7,"7""",,23.45
ssr,11,"Oo"" aL 2"" 3"" 4"" 5"" 6"" 7"" 8"" 9g"" 10"" 1""",0,16,8,"8""",,23.56
ssr,11,"Oo"" aL 2"" 3"" 4"" 5"" 6"" 7"" 8"" 9g"" 10"" 1""",0,16,9,"9""",,23.67
ssr,11,"Oo"" aL 2"" 3"" 4"" 5"" 6"" 7"" 8"" 9g"" 10"" 1""",0,16,10,"10""",,23.78
ssr,11,"Oo"" aL 2"" 3"" 4"" 5"" 6"" 7"" 8"" 9g"" 10"" 1""",0,16,nn,"nN""",,23.89
ssr,11,"Oo"" aL 2"" 3"" 4"" 5"" 6"" 7"" 8"" 9g"" 10"" 1""",0,17,column_1,,,18 FT.
ssr,11,"Oo"" aL 2"" 3"" 4"" 5"" 6"" 7"" 8"" 9g"" 10"" 1""",0,17,o,"o""",,24.00
ssr,11,"Oo"" aL 2"" 3"" 4"" 5"" 6"" 7"" 8"" 9g"" 10"" 1""",0,17,1,"1""",,24.11
ssr,11,"Oo"" aL 2"" 3"" 4"" 5"" 6"" 7"" 8"" 9g"" 10"" 1""",0,17,2,"2""",,24.22
ssr,11,"Oo"" aL 2"" 3"" 4"" 5"" 6"" 7"" 8"" 9g"" 10"" 1""",0,17,3,"3""",,24.33
ssr,11,"Oo"" aL 2"" 3"" 4"" 5"" 6"" 7"" 8"" 9g"" 10"" 1""",0,17,4,"4""",,24.45
ssr,11,"Oo"" aL 2"" 3"" 4"" 5"" 6"" 7"" 8"" 9g"" 10"" 1""",0,17,5,"5""",,24.56
ssr,11,"Oo"" aL 2"" 3"" 4"" 5"" 6"" 7"" 8"" 9g"" 10"" 1""",0,17,6,"6""",,24.67
ssr,11,"Oo"" aL 2"" 3"" 4"" 5"" 6"" 7"" 8"" 9g"" 10"" 1""",0,17,7,"7""",,24.78
ssr,11,"Oo"" aL 2"" 3"" 4"" 5"" 6"" 7"" 8"" 9g"" 10"" 1""",0,17,8,"8""",,24.89
ssr,11,"Oo"" aL 2"" 3"" 4"" 5"" 6"" 7"" 8"" 9g"" 10"" 1""",0,17,9,"9""",,25.00
ssr,11,"Oo"" aL 2"" 3"" 4"" 5"" 6"" 7"" 8"" 9g"" 10"" 1""",0,17,10,"10""",,25.11
ssr,11,"Oo"" aL 2"" 3"" 4"" 5"" 6"" 7"" 8"" 9g"" 10"" 1""",0,17,nn,"nN""",,25.23
ssr,11,"Oo"" aL 2"" 3"" 4"" 5"" 6"" 7"" 8"" 9g"" 10"" 1""",0,18,column_1,,,19 FT.
ssr,11,"Oo"" aL 2"" 3"" 4"" 5"" 6"" 7"" 8"" 9g"" 10"" 1""",0,18,o,"o""",,25.33
ssr,11,"Oo"" aL 2"" 3"" 4"" 5"" 6"" 7"" 8"" 9g"" 10"" 1""",0,18,1,"1""",,25.44
ssr,11,"Oo"" aL 2"" 3"" 4"" 5"" 6"" 7"" 8"" 9g"" 10"" 1""",0,18,2,"2""",,25.56
ssr,11,"Oo"" aL 2"" 3"" 4"" 5"" 6"" 7"" 8"" 9g"" 10"" 1""",0,18,3,"3""",,25.67
ssr,11,"Oo"" aL 2"" 3"" 4"" 5"" 6"" 7"" 8"" 9g"" 10"" 1""",0,18,4,"4""",,25.78
ssr,11,"Oo"" aL 2"" 3"" 4"" 5"" 6"" 7"" 8"" 9g"" 10"" 1""",0,18,5,"5""",,25.89
ssr,11,"Oo"" aL 2"" 3"" 4"" 5"" 6"" 7"" 8"" 9g"" 10"" 1""",0,18,6,"6""",,26.00
ssr,11,"Oo"" aL 2"" 3"" 4"" 5"" 6"" 7"" 8"" 9g"" 10"" 1""",0,18,7,"7""",,26.11
ssr,11,"Oo"" aL 2"" 3"" 4"" 5"" 6"" 7"" 8"" 9g"" 10"" 1""",0,18,8,"8""",,26.22
ssr,11,"Oo"" aL 2"" 3"" 4"" 5"" 6"" 7"" 8"" 9g"" 10"" 1""",0,18,9,"9""",,26.34
ssr,11,"Oo"" aL 2"" 3"" 4"" 5"" 6"" 7"" 8"" 9g"" 10"" 1""",0,18,10,"10""",,26.45
ssr,11,"Oo"" aL 2"" 3"" 4"" 5"" 6"" 7"" 8"" 9g"" 10"" 1""",0,18,nn,"nN""",,26.56
ssr,11,"Oo"" aL 2"" 3"" 4"" 5"" 6"" 7"" 8"" 9g"" 10"" 1""",0,19,column_1,,,20 FT.
ssr,11,"Oo"" aL 2"" 3"" 4"" 5"" 6"" 7"" 8"" 9g"" 10"" 1""",0,19,o,"o""",,26.67
ssr,11,"Oo"" aL 2"" 3"" 4"" 5"" 6"" 7"" 8"" 9g"" 10"" 1""",0,19,1,"1""",,26.78
ssr,11,"Oo"" aL 2"" 3"" 4"" 5"" 6"" 7"" 8"" 9g"" 10"" 1""",0,19,2,"2""",,26.89
ssr,11,"Oo"" aL 2"" 3"" 4"" 5"" 6"" 7"" 8"" 9g"" 10"" 1""",0,19,3,"3""",,27.00
ssr,11,"Oo"" aL 2"" 3"" 4"" 5"" 6"" 7"" 8"" 9g"" 10"" 1""",0,19,4,"4""",,27.11
ssr,11,"Oo"" aL 2"" 3"" 4"" 5"" 6"" 7"" 8"" 9g"" 10"" 1""",0,19,5,"5""",,27.22
ssr,11,"Oo"" aL 2"" 3"" 4"" 5"" 6"" 7"" 8"" 9g"" 10"" 1""",0,19,6,"6""",,27.33
ssr,11,"Oo"" aL 2"" 3"" 4"" 5"" 6"" 7"" 8"" 9g"" 10"" 1""",0,19,7,"7""",,27.45
ssr,11,"Oo"" aL 2"" 3"" 4"" 5"" 6"" 7"" 8"" 9g"" 10"" 1""",0,19,8,"8""",,27.56
ssr,11,"Oo"" aL 2"" 3"" 4"" 5"" 6"" 7"" 8"" 9g"" 10"" 1""",0,19,9,"9""",,27.67
ssr,11,"Oo"" aL 2"" 3"" 4"" 5"" 6"" 7"" 8"" 9g"" 10"" 1""",0,19,10,"10""",,27.78
ssr,11,"Oo"" aL 2"" 3"" 4"" 5"" 6"" 7"" 8"" 9g"" 10"" 1""",0,19,nn,"nN""",,27.89
ssr,11,"Oo"" aL 2"" 3"" 4"" 5"" 6"" 7"" 8"" 9g"" 10"" 1""",0,20,column_1,,,21 FT.
ssr,11,"Oo"" aL 2"" 3"" 4"" 5"" 6"" 7"" 8"" 9g"" 10"" 1""",0,20,o,"o""",,28.00
ssr,11,"Oo"" aL 2"" 3"" 4"" 5"" 6"" 7"" 8"" 9g"" 10"" 1""",0,20,1,"1""",,28.11
ssr,11,"Oo"" aL 2"" 3"" 4"" 5"" 6"" 7"" 8"" 9g"" 10"" 1""",0,20,2,"2""",,28.22
ssr,11,"Oo"" aL 2"" 3"" 4"" 5"" 6"" 7"" 8"" 9g"" 10"" 1""",0,20,3,"3""",,28.33
ssr,11,"Oo"" aL 2"" 3"" 4"" 5"" 6"" 7"" 8"" 9g"" 10"" 1""",0,20,4,"4""",,28.45
ssr,11,"Oo"" aL 2"" 3"" 4"" 5"" 6"" 7"" 8"" 9g"" 10"" 1""",0,20,5,"5""",,28.56
ssr,11,"Oo"" aL 2"" 3"" 4"" 5"" 6"" 7"" 8"" 9g"" 10"" 1""",0,20,6,"6""",,28.67
ssr,11,"Oo"" aL 2"" 3"" 4"" 5"" 6"" 7"" 8"" 9g"" 10"" 1""",0,20,7,"7""",,28.78
ssr,11,"Oo"" aL 2"" 3"" 4"" 5"" 6"" 7"" 8"" 9g"" 10"" 1""",0,20,8,"8""",,28.89
ssr,11,"Oo"" aL 2"" 3"" 4"" 5"" 6"" 7"" 8"" 9g"" 10"" 1""",0,20,9,"9""",,29.00
ssr,11,"Oo"" aL 2"" 3"" 4"" 5"" 6"" 7"" 8"" 9g"" 10"" 1""",0,20,10,"10""",,29.11
ssr,11,"Oo"" aL 2"" 3"" 4"" 5"" 6"" 7"" 8"" 9g"" 10"" 1""",0,20,nn,"nN""",,29.23
ssr,11,"Oo"" aL 2"" 3"" 4"" 5"" 6"" 7"" 8"" 9g"" 10"" 1""",0,21,column_1,,,22 FT.
ssr,11,"Oo"" aL 2"" 3"" 4"" 5"" 6"" 7"" 8"" 9g"" 10"" 1""",0,21,o,"o""",,29.33
ssr,11,"Oo"" aL 2"" 3"" 4"" 5"" 6"" 7"" 8"" 9g"" 10"" 1""",0,21,1,"1""",,29.44
ssr,11,"Oo"" aL 2"" 3"" 4"" 5"" 6"" 7"" 8"" 9g"" 10"" 1""",0,21,2,"2""",,29.56
ssr,11,"Oo"" aL 2"" 3"" 4"" 5"" 6"" 7"" 8"" 9g"" 10"" 1""",0,21,3,"3""",,29.67
ssr,11,"Oo"" aL 2"" 3"" 4"" 5"" 6"" 7"" 8"" 9g"" 10"" 1""",0,21,4,"4""",,29.78
ssr,11,"Oo"" aL 2"" 3"" 4"" 5"" 6"" 7"" 8"" 9g"" 10"" 1""",0,21,5,"5""",,29.89
ssr,11,"Oo"" aL 2"" 3"" 4"" 5"" 6"" 7"" 8"" 9g"" 10"" 1""",0,21,6,"6""",,30.00
ssr,11,"Oo"" aL 2"" 3"" 4"" 5"" 6"" 7"" 8"" 9g"" 10"" 1""",0,21,7,"7""",,30.11
ssr,11,"Oo"" aL 2"" 3"" 4"" 5"" 6"" 7"" 8"" 9g"" 10"" 1""",0,21,8,"8""",,30.22
ssr,11,"Oo"" aL 2"" 3"" 4"" 5"" 6"" 7"" 8"" 9g"" 10"" 1""",0,21,9,"9""",,30.34
ssr,11,"Oo"" aL 2"" 3"" 4"" 5"" 6"" 7"" 8"" 9g"" 10"" 1""",0,21,10,"10""",,30.45
ssr,11,"Oo"" aL 2"" 3"" 4"" 5"" 6"" 7"" 8"" 9g"" 10"" 1""",0,21,nn,"nN""",,30.56
ssr,11,"Oo"" aL 2"" 3"" 4"" 5"" 6"" 7"" 8"" 9g"" 10"" 1""",0,22,column_1,,,23 FT.
ssr,11,"Oo"" aL 2"" 3"" 4"" 5"" 6"" 7"" 8"" 9g"" 10"" 1""",0,22,o,"o""",,30.67
ssr,11,"Oo"" aL 2"" 3"" 4"" 5"" 6"" 7"" 8"" 9g"" 10"" 1""",0,22,1,"1""",,30.78
ssr,11,"Oo"" aL 2"" 3"" 4"" 5"" 6"" 7"" 8"" 9g"" 10"" 1""",0,22,2,"2""",,30.89
ssr,11,"Oo"" aL 2"" 3"" 4"" 5"" 6"" 7"" 8"" 9g"" 10"" 1""",0,22,3,"3""",,31.00
ssr,11,"Oo"" aL 2"" 3"" 4"" 5"" 6"" 7"" 8"" 9g"" 10"" 1""",0,22,4,"4""",,31.11
ssr,11,"Oo"" aL 2"" 3"" 4"" 5"" 6"" 7"" 8"" 9g"" 10"" 1""",0,22,5,"5""",,31.22
ssr,11,"Oo"" aL 2"" 3"" 4"" 5"" 6"" 7"" 8"" 9g"" 10"" 1""",0,22,6,"6""",,31.33
ssr,11,"Oo"" aL 2"" 3"" 4"" 5"" 6"" 7"" 8"" 9g"" 10"" 1""",0,22,7,"7""",,31.45
ssr,11,"Oo"" aL 2"" 3"" 4"" 5"" 6"" 7"" 8"" 9g"" 10"" 1""",0,22,8,"8""",,31.56
ssr,11,"Oo"" aL 2"" 3"" 4"" 5"" 6"" 7"" 8"" 9g"" 10"" 1""",0,22,9,"9""",,31.67
ssr,11,"Oo"" aL 2"" 3"" 4"" 5"" 6"" 7"" 8"" 9g"" 10"" 1""",0,22,10,"10""",,31.78
ssr,11,"Oo"" aL 2"" 3"" 4"" 5"" 6"" 7"" 8"" 9g"" 10"" 1""",0,22,nn,"nN""",,31.89
ssr,11,"Oo"" aL 2"" 3"" 4"" 5"" 6"" 7"" 8"" 9g"" 10"" 1""",0,23,column_1,,,24 FT.
ssr,11,"Oo"" aL 2"" 3"" 4"" 5"" 6"" 7"" 8"" 9g"" 10"" 1""",0,23,o,"o""",,32.00
ssr,11,"Oo"" aL 2"" 3"" 4"" 5"" 6"" 7"" 8"" 9g"" 10"" 1""",0,23,1,"1""",,32.11
ssr,11,"Oo"" aL 2"" 3"" 4"" 5"" 6"" 7"" 8"" 9g"" 10"" 1""",0,23,2,"2""",,32.22
ssr,11,"Oo"" aL 2"" 3"" 4"" 5"" 6"" 7"" 8"" 9g"" 10"" 1""",0,23,3,"3""",,32.33
ssr,11,"Oo"" aL 2"" 3"" 4"" 5"" 6"" 7"" 8"" 9g"" 10"" 1""",0,23,4,"4""",,32.45
ssr,11,"Oo"" aL 2"" 3"" 4"" 5"" 6"" 7"" 8"" 9g"" 10"" 1""",0,23,5,"5""",,32.56
ssr,11,"Oo"" aL 2"" 3"" 4"" 5"" 6"" 7"" 8"" 9g"" 10"" 1""",0,23,6,"6""",,32.67
ssr,11,"Oo"" aL 2"" 3"" 4"" 5"" 6"" 7"" 8"" 9g"" 10"" 1""",0,23,7,"7""",,32.78
ssr,11,"Oo"" aL 2"" 3"" 4"" 5"" 6"" 7"" 8"" 9g"" 10"" 1""",0,23,8,"8""",,32.89
ssr,11,"Oo"" aL 2"" 3"" 4"" 5"" 6"" 7"" 8"" 9g"" 10"" 1""",0,23,9,"9""",,33.00
ssr,11,"Oo"" aL 2"" 3"" 4"" 5"" 6"" 7"" 8"" 9g"" 10"" 1""",0,23,10,"10""",,33.11
ssr,11,"Oo"" aL 2"" 3"" 4"" 5"" 6"" 7"" 8"" 9g"" 10"" 1""",0,23,nn,"nN""",,33.23
ssr,11,"Oo"" aL 2"" 3"" 4"" 5"" 6"" 7"" 8"" 9g"" 10"" 1""",0,24,column_1,,,25 FT.
ssr,11,"Oo"" aL 2"" 3"" 4"" 5"" 6"" 7"" 8"" 9g"" 10"" 1""",0,24,o,"o""",,33.33
ssr,11,"Oo"" aL 2"" 3"" 4"" 5"" 6"" 7"" 8"" 9g"" 10"" 1""",0,24,1,"1""",,33.44
ssr,11,"Oo"" aL 2"" 3"" 4"" 5"" 6"" 7"" 8"" 9g"" 10"" 1""",0,24,2,"2""",,33.56
ssr,11,"Oo"" aL 2"" 3"" 4"" 5"" 6"" 7"" 8"" 9g"" 10"" 1""",0,24,3,"3""",,33.67
ssr,11,"Oo"" aL 2"" 3"" 4"" 5"" 6"" 7"" 8"" 9g"" 10"" 1""",0,24,4,"4""",,33.78
ssr,11,"Oo"" aL 2"" 3"" 4"" 5"" 6"" 7"" 8"" 9g"" 10"" 1""",0,24,5,"5""",,33.89
ssr,11,"Oo"" aL 2"" 3"" 4"" 5"" 6"" 7"" 8"" 9g"" 10"" 1""",0,24,6,"6""",,34.00
ssr,11,"Oo"" aL 2"" 3"" 4"" 5"" 6"" 7"" 8"" 9g"" 10"" 1""",0,24,7,"7""",,34.11
ssr,11,"Oo"" aL 2"" 3"" 4"" 5"" 6"" 7"" 8"" 9g"" 10"" 1""",0,24,8,"8""",,34.22
ssr,11,"Oo"" aL 2"" 3"" 4"" 5"" 6"" 7"" 8"" 9g"" 10"" 1""",0,24,9,"9""",,34.34
ssr,11,"Oo"" aL 2"" 3"" 4"" 5"" 6"" 7"" 8"" 9g"" 10"" 1""",0,24,10,"10""",,34.45
ssr,11,"Oo"" aL 2"" 3"" 4"" 5"" 6"" 7"" 8"" 9g"" 10"" 1""",0,24,nn,"nN""",,34.56
ssr,11,"Oo"" aL 2"" 3"" 4"" 5"" 6"" 7"" 8"" 9g"" 10"" 1""",0,25,column_1,,,26 FT.
ssr,11,"Oo"" aL 2"" 3"" 4"" 5"" 6"" 7"" 8"" 9g"" 10"" 1""",0,25,o,"o""",,34.67
ssr,11,"Oo"" aL 2"" 3"" 4"" 5"" 6"" 7"" 8"" 9g"" 10"" 1""",0,25,1,"1""",,34.78
ssr,11,"Oo"" aL 2"" 3"" 4"" 5"" 6"" 7"" 8"" 9g"" 10"" 1""",0,25,2,"2""",,34.89
ssr,11,"Oo"" aL 2"" 3"" 4"" 5"" 6"" 7"" 8"" 9g"" 10"" 1""",0,25,3,"3""",,35.00
ssr,11,"Oo"" aL 2"" 3"" 4"" 5"" 6"" 7"" 8"" 9g"" 10"" 1""",0,25,4,"4""",,35.11
ssr,11,"Oo"" aL 2"" 3"" 4"" 5"" 6"" 7"" 8"" 9g"" 10"" 1""",0,25,5,"5""",,35.22
ssr,11,"Oo"" aL 2"" 3"" 4"" 5"" 6"" 7"" 8"" 9g"" 10"" 1""",0,25,6,"6""",,35.33
ssr,11,"Oo"" aL 2"" 3"" 4"" 5"" 6"" 7"" 8"" 9g"" 10"" 1""",0,25,7,"7""",,35.45
ssr,11,"Oo"" aL 2"" 3"" 4"" 5"" 6"" 7"" 8"" 9g"" 10"" 1""",0,25,8,"8""",,35.56
ssr,11,"Oo"" aL 2"" 3"" 4"" 5"" 6"" 7"" 8"" 9g"" 10"" 1""",0,25,9,"9""",,35.67
ssr,11,"Oo"" aL 2"" 3"" 4"" 5"" 6"" 7"" 8"" 9g"" 10"" 1""",0,25,10,"10""",,35.78
ssr,11,"Oo"" aL 2"" 3"" 4"" 5"" 6"" 7"" 8"" 9g"" 10"" 1""",0,25,nn,"nN""",,35.89
ssr,11,"Oo"" aL 2"" 3"" 4"" 5"" 6"" 7"" 8"" 9g"" 10"" 1""",0,26,column_1,,,27 FT.
ssr,11,"Oo"" aL 2"" 3"" 4"" 5"" 6"" 7"" 8"" 9g"" 10"" 1""",0,26,o,"o""",,36.00
ssr,11,"Oo"" aL 2"" 3"" 4"" 5"" 6"" 7"" 8"" 9g"" 10"" 1""",0,26,1,"1""",,36.11
ssr,11,"Oo"" aL 2"" 3"" 4"" 5"" 6"" 7"" 8"" 9g"" 10"" 1""",0,26,2,"2""",,36.22
ssr,11,"Oo"" aL 2"" 3"" 4"" 5"" 6"" 7"" 8"" 9g"" 10"" 1""",0,26,3,"3""",,36.53
ssr,11,"Oo"" aL 2"" 3"" 4"" 5"" 6"" 7"" 8"" 9g"" 10"" 1""",0,26,4,"4""",,36.45
ssr,11,"Oo"" aL 2"" 3"" 4"" 5"" 6"" 7"" 8"" 9g"" 10"" 1""",0,26,5,"5""",,36.56
ssr,11,"Oo"" aL 2"" 3"" 4"" 5"" 6"" 7"" 8"" 9g"" 10"" 1""",0,26,6,"6""",,36.67
ssr,11,"Oo"" aL 2"" 3"" 4"" 5"" 6"" 7"" 8"" 9g"" 10"" 1""",0,26,7,"7""",,36.78
ssr,11,"Oo"" aL 2"" 3"" 4"" 5"" 6"" 7"" 8"" 9g"" 10"" 1""",0,26,8,"8""",,36.89
ssr,11,"Oo"" aL 2"" 3"" 4"" 5"" 6"" 7"" 8"" 9g"" 10"" 1""",0,26,9,"9""",,37.00
ssr,11,"Oo"" aL 2"" 3"" 4"" 5"" 6"" 7"" 8"" 9g"" 10"" 1""",0,26,10,"10""",,37.11
ssr,11,"Oo"" aL 2"" 3"" 4"" 5"" 6"" 7"" 8"" 9g"" 10"" 1""",0,26,nn,"nN""",,37.23
ssr,11,"Oo"" aL 2"" 3"" 4"" 5"" 6"" 7"" 8"" 9g"" 10"" 1""",0,27,column_1,,,28 FT.
ssr,11,"Oo"" aL 2"" 3"" 4"" 5"" 6"" 7"" 8"" 9g"" 10"" 1""",0,27,o,"o""",,37.33
ssr,11,"Oo"" aL 2"" 3"" 4"" 5"" 6"" 7"" 8"" 9g"" 10"" 1""",0,27,1,"1""",,37.44
ssr,11,"Oo"" aL 2"" 3"" 4"" 5"" 6"" 7"" 8"" 9g"" 10"" 1""",0,27,2,"2""",,37.56
ssr,11,"Oo"" aL 2"" 3"" 4"" 5"" 6"" 7"" 8"" 9g"" 10"" 1""",0,27,3,"3""",,37.67
ssr,11,"Oo"" aL 2"" 3"" 4"" 5"" 6"" 7"" 8"" 9g"" 10"" 1""",0,27,4,"4""",,37.78
ssr,11,"Oo"" aL 2"" 3"" 4"" 5"" 6"" 7"" 8"" 9g"" 10"" 1""",0,27,5,"5""",,37.89
ssr,11,"Oo"" aL 2"" 3"" 4"" 5"" 6"" 7"" 8"" 9g"" 10"" 1""",0,27,6,"6""",,38.00
ssr,11,"Oo"" aL 2"" 3"" 4"" 5"" 6"" 7"" 8"" 9g"" 10"" 1""",0,27,7,"7""",,38.11
ssr,11,"Oo"" aL 2"" 3"" 4"" 5"" 6"" 7"" 8"" 9g"" 10"" 1""",0,27,8,"8""",,38.22
ssr,11,"Oo"" aL 2"" 3"" 4"" 5"" 6"" 7"" 8"" 9g"" 10"" 1""",0,27,9,"9""",,38.34
ssr,11,"Oo"" aL 2"" 3"" 4"" 5"" 6"" 7"" 8"" 9g"" 10"" 1""",0,27,10,"10""",,38.45
ssr,11,"Oo"" aL 2"" 3"" 4"" 5"" 6"" 7"" 8"" 9g"" 10"" 1""",0,27,nn,"nN""",,38.56
ssr,11,"Oo"" aL 2"" 3"" 4"" 5"" 6"" 7"" 8"" 9g"" 10"" 1""",0,28,column_1,,,29 FT.
ssr,11,"Oo"" aL 2"" 3"" 4"" 5"" 6"" 7"" 8"" 9g"" 10"" 1""",0,28,o,"o""",,38.67
ssr,11,"Oo"" aL 2"" 3"" 4"" 5"" 6"" 7"" 8"" 9g"" 10"" 1""",0,28,1,"1""",,38.78
ssr,11,"Oo"" aL 2"" 3"" 4"" 5"" 6"" 7"" 8"" 9g"" 10"" 1""",0,28,2,"2""",,38.89
ssr,11,"Oo"" aL 2"" 3"" 4"" 5"" 6"" 7"" 8"" 9g"" 10"" 1""",0,28,3,"3""",,39.00
ssr,11,"Oo"" aL 2"" 3"" 4"" 5"" 6"" 7"" 8"" 9g"" 10"" 1""",0,28,4,"4""",,39.11
ssr,11,"Oo"" aL 2"" 3"" 4"" 5"" 6"" 7"" 8"" 9g"" 10"" 1""",0,28,5,"5""",,39.22
ssr,11,"Oo"" aL 2"" 3"" 4"" 5"" 6"" 7"" 8"" 9g"" 10"" 1""",0,28,6,"6""",,39.33
ssr,11,"Oo"" aL 2"" 3"" 4"" 5"" 6"" 7"" 8"" 9g"" 10"" 1""",0,28,7,"7""",,39.45
ssr,11,"Oo"" aL 2"" 3"" 4"" 5"" 6"" 7"" 8"" 9g"" 10"" 1""",0,28,8,"8""",,39.56
ssr,11,"Oo"" aL 2"" 3"" 4"" 5"" 6"" 7"" 8"" 9g"" 10"" 1""",0,28,9,"9""",,39.67
ssr,11,"Oo"" aL 2"" 3"" 4"" 5"" 6"" 7"" 8"" 9g"" 10"" 1""",0,28,10,"10""",,39.78
ssr,11,"Oo"" aL 2"" 3"" 4"" 5"" 6"" 7"" 8"" 9g"" 10"" 1""",0,28,nn,"nN""",,39.89
ssr,11,"Oo"" aL 2"" 3"" 4"" 5"" 6"" 7"" 8"" 9g"" 10"" 1""",0,29,column_1,,,30 FT.
ssr,11,"Oo"" aL 2"" 3"" 4"" 5"" 6"" 7"" 8"" 9g"" 10"" 1""",0,29,o,"o""",,40.00
ssr,11,"Oo"" aL 2"" 3"" 4"" 5"" 6"" 7"" 8"" 9g"" 10"" 1""",0,29,1,"1""",,40.11
ssr,11,"Oo"" aL 2"" 3"" 4"" 5"" 6"" 7"" 8"" 9g"" 10"" 1""",0,29,2,"2""",,40.22
ssr,11,"Oo"" aL 2"" 3"" 4"" 5"" 6"" 7"" 8"" 9g"" 10"" 1""",0,29,3,"3""",,40.33
ssr,11,"Oo"" aL 2"" 3"" 4"" 5"" 6"" 7"" 8"" 9g"" 10"" 1""",0,29,4,"4""",,40.44
ssr,11,"Oo"" aL 2"" 3"" 4"" 5"" 6"" 7"" 8"" 9g"" 10"" 1""",0,29,5,"5""",,40.56
ssr,11,"Oo"" aL 2"" 3"" 4"" 5"" 6"" 7"" 8"" 9g"" 10"" 1""",0,29,6,"6""",,40.67
ssr,11,"Oo"" aL 2"" 3"" 4"" 5"" 6"" 7"" 8"" 9g"" 10"" 1""",0,29,7,"7""",,40.78
ssr,11,"Oo"" aL 2"" 3"" 4"" 5"" 6"" 7"" 8"" 9g"" 10"" 1""",0,29,8,"8""",,40.89
ssr,11,"Oo"" aL 2"" 3"" 4"" 5"" 6"" 7"" 8"" 9g"" 10"" 1""",0,29,9,"9""",,41.00
ssr,11,"Oo"" aL 2"" 3"" 4"" 5"" 6"" 7"" 8"" 9g"" 10"" 1""",0,29,10,"10""",,41.11
ssr,11,"Oo"" aL 2"" 3"" 4"" 5"" 6"" 7"" 8"" 9g"" 10"" 1""",0,29,nn,"nN""",,41.23
ssr,11,"Oo"" aL 2"" 3"" 4"" 5"" 6"" 7"" 8"" 9g"" 10"" 1""",0,30,column_1,,,31 FT.
ssr,11,"Oo"" aL 2"" 3"" 4"" 5"" 6"" 7"" 8"" 9g"" 10"" 1""",0,30,o,"o""",,41.33
ssr,11,"Oo"" aL 2"" 3"" 4"" 5"" 6"" 7"" 8"" 9g"" 10"" 1""",0,30,1,"1""",,41.44
ssr,11,"Oo"" aL 2"" 3"" 4"" 5"" 6"" 7"" 8"" 9g"" 10"" 1""",0,30,2,"2""",,41.56
ssr,11,"Oo"" aL 2"" 3"" 4"" 5"" 6"" 7"" 8"" 9g"" 10"" 1""",0,30,3,"3""",,41.67
ssr,11,"Oo"" aL 2"" 3"" 4"" 5"" 6"" 7"" 8"" 9g"" 10"" 1""",0,30,4,"4""",,41.78
ssr,11,"Oo"" aL 2"" 3"" 4"" 5"" 6"" 7"" 8"" 9g"" 10"" 1""",0,30,5,"5""",,41.89
ssr,11,"Oo"" aL 2"" 3"" 4"" 5"" 6"" 7"" 8"" 9g"" 10"" 1""",0,30,6,"6""",,42.00
ssr,11,"Oo"" aL 2"" 3"" 4"" 5"" 6"" 7"" 8"" 9g"" 10"" 1""",0,30,7,"7""",,42.11
ssr,11,"Oo"" aL 2"" 3"" 4"" 5"" 6"" 7"" 8"" 9g"" 10"" 1""",0,30,8,"8""",,42.22
ssr,11,"Oo"" aL 2"" 3"" 4"" 5"" 6"" 7"" 8"" 9g"" 10"" 1""",0,30,9,"9""",,42.34
ssr,11,"Oo"" aL 2"" 3"" 4"" 5"" 6"" 7"" 8"" 9g"" 10"" 1""",0,30,10,"10""",,42.45
ssr,11,"Oo"" aL 2"" 3"" 4"" 5"" 6"" 7"" 8"" 9g"" 10"" 1""",0,30,nn,"nN""",,42.56
ssr,11,"Oo"" aL 2"" 3"" 4"" 5"" 6"" 7"" 8"" 9g"" 10"" 1""",0,31,column_1,,,32 FT.
ssr,11,"Oo"" aL 2"" 3"" 4"" 5"" 6"" 7"" 8"" 9g"" 10"" 1""",0,31,o,"o""",,42.67
ssr,11,"Oo"" aL 2"" 3"" 4"" 5"" 6"" 7"" 8"" 9g"" 10"" 1""",0,31,1,"1""",,42.78
ssr,11,"Oo"" aL 2"" 3"" 4"" 5"" 6"" 7"" 8"" 9g"" 10"" 1""",0,31,2,"2""",,42.89
ssr,11,"Oo"" aL 2"" 3"" 4"" 5"" 6"" 7"" 8"" 9g"" 10"" 1""",0,31,3,"3""",,43.00
ssr,11,"Oo"" aL 2"" 3"" 4"" 5"" 6"" 7"" 8"" 9g"" 10"" 1""",0,31,4,"4""",,43.11
ssr,11,"Oo"" aL 2"" 3"" 4"" 5"" 6"" 7"" 8"" 9g"" 10"" 1""",0,31,5,"5""",,43.22
ssr,11,"Oo"" aL 2"" 3"" 4"" 5"" 6"" 7"" 8"" 9g"" 10"" 1""",0,31,6,"6""",,43.33
ssr,11,"Oo"" aL 2"" 3"" 4"" 5"" 6"" 7"" 8"" 9g"" 10"" 1""",0,31,7,"7""",,43.45
ssr,11,"Oo"" aL 2"" 3"" 4"" 5"" 6"" 7"" 8"" 9g"" 10"" 1""",0,31,8,"8""",,43.56
ssr,11,"Oo"" aL 2"" 3"" 4"" 5"" 6"" 7"" 8"" 9g"" 10"" 1""",0,31,9,"9""",,43.67
ssr,11,"Oo"" aL 2"" 3"" 4"" 5"" 6"" 7"" 8"" 9g"" 10"" 1""",0,31,10,"10""",,43.78
ssr,11,"Oo"" aL 2"" 3"" 4"" 5"" 6"" 7"" 8"" 9g"" 10"" 1""",0,31,nn,"nN""",,43.89
ssr,11,"Oo"" aL 2"" 3"" 4"" 5"" 6"" 7"" 8"" 9g"" 10"" 1""",0,32,column_1,,,33 FT.
ssr,11,"Oo"" aL 2"" 3"" 4"" 5"" 6"" 7"" 8"" 9g"" 10"" 1""",0,32,o,"o""",,44.00
ssr,11,"Oo"" aL 2"" 3"" 4"" 5"" 6"" 7"" 8"" 9g"" 10"" 1""",0,32,1,"1""",,44.11
ssr,11,"Oo"" aL 2"" 3"" 4"" 5"" 6"" 7"" 8"" 9g"" 10"" 1""",0,32,2,"2""",,44.22
ssr,11,"Oo"" aL 2"" 3"" 4"" 5"" 6"" 7"" 8"" 9g"" 10"" 1""",0,32,3,"3""",,44.33
ssr,11,"Oo"" aL 2"" 3"" 4"" 5"" 6"" 7"" 8"" 9g"" 10"" 1""",0,32,4,"4""",,44.44
ssr,11,"Oo"" aL 2"" 3"" 4"" 5"" 6"" 7"" 8"" 9g"" 10"" 1""",0,32,5,"5""",,44.56
ssr,11,"Oo"" aL 2"" 3"" 4"" 5"" 6"" 7"" 8"" 9g"" 10"" 1""",0,32,6,"6""",,44.67
ssr,11,"Oo"" aL 2"" 3"" 4"" 5"" 6"" 7"" 8"" 9g"" 10"" 1""",0,32,7,"7""",,44.78
ssr,11,"Oo"" aL 2"" 3"" 4"" 5"" 6"" 7"" 8"" 9g"" 10"" 1""",0,32,8,"8""",,44.89
ssr,11,"Oo"" aL 2"" 3"" 4"" 5"" 6"" 7"" 8"" 9g"" 10"" 1""",0,32,9,"9""",,45.00
ssr,11,"Oo"" aL 2"" 3"" 4"" 5"" 6"" 7"" 8"" 9g"" 10"" 1""",0,32,10,"10""",,45.11
ssr,11,"Oo"" aL 2"" 3"" 4"" 5"" 6"" 7"" 8"" 9g"" 10"" 1""",0,32,nn,"nN""",,45.23
ssr,11,"Oo"" aL 2"" 3"" 4"" 5"" 6"" 7"" 8"" 9g"" 10"" 1""",0,33,column_1,,,34 FT.
ssr,11,"Oo"" aL 2"" 3"" 4"" 5"" 6"" 7"" 8"" 9g"" 10"" 1""",0,33,o,"o""",,45.33
ssr,11,"Oo"" aL 2"" 3"" 4"" 5"" 6"" 7"" 8"" 9g"" 10"" 1""",0,33,1,"1""",,45.44
ssr,11,"Oo"" aL 2"" 3"" 4"" 5"" 6"" 7"" 8"" 9g"" 10"" 1""",0,33,2,"2""",,45.56
ssr,11,"Oo"" aL 2"" 3"" 4"" 5"" 6"" 7"" 8"" 9g"" 10"" 1""",0,33,3,"3""",,45.67
ssr,11,"Oo"" aL 2"" 3"" 4"" 5"" 6"" 7"" 8"" 9g"" 10"" 1""",0,33,4,"4""",,45.78
ssr,11,"Oo"" aL 2"" 3"" 4"" 5"" 6"" 7"" 8"" 9g"" 10"" 1""",0,33,5,"5""",,45.89
ssr,11,"Oo"" aL 2"" 3"" 4"" 5"" 6"" 7"" 8"" 9g"" 10"" 1""",0,33,6,"6""",,46.00
ssr,11,"Oo"" aL 2"" 3"" 4"" 5"" 6"" 7"" 8"" 9g"" 10"" 1""",0,33,7,"7""",,46.11
ssr,11,"Oo"" aL 2"" 3"" 4"" 5"" 6"" 7"" 8"" 9g"" 10"" 1""",0,33,8,"8""",,46.22
ssr,11,"Oo"" aL 2"" 3"" 4"" 5"" 6"" 7"" 8"" 9g"" 10"" 1""",0,33,9,"9""",,46.34
ssr,11,"Oo"" aL 2"" 3"" 4"" 5"" 6"" 7"" 8"" 9g"" 10"" 1""",0,33,10,"10""",,46.45
ssr,11,"Oo"" aL 2"" 3"" 4"" 5"" 6"" 7"" 8"" 9g"" 10"" 1""",0,33,nn,"nN""",,46.56
ssr,11,"Oo"" aL 2"" 3"" 4"" 5"" 6"" 7"" 8"" 9g"" 10"" 1""",0,34,column_1,,,45 FT.
ssr,11,"Oo"" aL 2"" 3"" 4"" 5"" 6"" 7"" 8"" 9g"" 10"" 1""",0,34,o,"o""",,46.67
ssr,11,"Oo"" aL 2"" 3"" 4"" 5"" 6"" 7"" 8"" 9g"" 10"" 1""",0,34,1,"1""",,46.78
ssr,11,"Oo"" aL 2"" 3"" 4"" 5"" 6"" 7"" 8"" 9g"" 10"" 1""",0,34,2,"2""",,46.89
ssr,11,"Oo"" aL 2"" 3"" 4"" 5"" 6"" 7"" 8"" 9g"" 10"" 1""",0,34,3,"3""",,47.00
ssr,11,"Oo"" aL 2"" 3"" 4"" 5"" 6"" 7"" 8"" 9g"" 10"" 1""",0,34,4,"4""",,47.11
ssr,11,"Oo"" aL 2"" 3"" 4"" 5"" 6"" 7"" 8"" 9g"" 10"" 1""",0,34,5,"5""",,47.22
ssr,11,"Oo"" aL 2"" 3"" 4"" 5"" 6"" 7"" 8"" 9g"" 10"" 1""",0,34,6,"6""",,47.33
ssr,11,"Oo"" aL 2"" 3"" 4"" 5"" 6"" 7"" 8"" 9g"" 10"" 1""",0,34,7,"7""",,47.45
ssr,11,"Oo"" aL 2"" 3"" 4"" 5"" 6"" 7"" 8"" 9g"" 10"" 1""",0,34,8,"8""",,47.56
ssr,11,"Oo"" aL 2"" 3"" 4"" 5"" 6"" 7"" 8"" 9g"" 10"" 1""",0,34,9,"9""",,47.67
ssr,11,"Oo"" aL 2"" 3"" 4"" 5"" 6"" 7"" 8"" 9g"" 10"" 1""",0,34,10,"10""",,47.78
ssr,11,"Oo"" aL 2"" 3"" 4"" 5"" 6"" 7"" 8"" 9g"" 10"" 1""",0,34,nn,"nN""",,47.89
ssr,11,"Oo"" aL 2"" 3"" 4"" 5"" 6"" 7"" 8"" 9g"" 10"" 1""",0,35,column_1,,,56 FT.
ssr,11,"Oo"" aL 2"" 3"" 4"" 5"" 6"" 7"" 8"" 9g"" 10"" 1""",0,35,o,"o""",,48.00
ssr,11,"Oo"" aL 2"" 3"" 4"" 5"" 6"" 7"" 8"" 9g"" 10"" 1""",0,35,1,"1""",,48.11
ssr,11,"Oo"" aL 2"" 3"" 4"" 5"" 6"" 7"" 8"" 9g"" 10"" 1""",0,35,2,"2""",,48.22
ssr,11,"Oo"" aL 2"" 3"" 4"" 5"" 6"" 7"" 8"" 9g"" 10"" 1""",0,35,3,"3""",,48.33
ssr,11,"Oo"" aL 2"" 3"" 4"" 5"" 6"" 7"" 8"" 9g"" 10"" 1""",0,35,4,"4""",,48.44
ssr,11,"Oo"" aL 2"" 3"" 4"" 5"" 6"" 7"" 8"" 9g"" 10"" 1""",0,35,5,"5""",,48.56
ssr,11,"Oo"" aL 2"" 3"" 4"" 5"" 6"" 7"" 8"" 9g"" 10"" 1""",0,35,6,"6""",,48.67
ssr,11,"Oo"" aL 2"" 3"" 4"" 5"" 6"" 7"" 8"" 9g"" 10"" 1""",0,35,7,"7""",,48.78
ssr,11,"Oo"" aL 2"" 3"" 4"" 5"" 6"" 7"" 8"" 9g"" 10"" 1""",0,35,8,"8""",,48.89
ssr,11,"Oo"" aL 2"" 3"" 4"" 5"" 6"" 7"" 8"" 9g"" 10"" 1""",0,35,9,"9""",,49.00
ssr,11,"Oo"" aL 2"" 3"" 4"" 5"" 6"" 7"" 8"" 9g"" 10"" 1""",0,35,10,"10""",,49.11
ssr,11,"Oo"" aL 2"" 3"" 4"" 5"" 6"" 7"" 8"" 9g"" 10"" 1""",0,35,nn,"nN""",,49.23
ssr,11,"Oo"" aL 2"" 3"" 4"" 5"" 6"" 7"" 8"" 9g"" 10"" 1""",0,36,column_1,,,37 FT.
ssr,11,"Oo"" aL 2"" 3"" 4"" 5"" 6"" 7"" 8"" 9g"" 10"" 1""",0,36,o,"o""",,49.33
ssr,11,"Oo"" aL 2"" 3"" 4"" 5"" 6"" 7"" 8"" 9g"" 10"" 1""",0,36,1,"1""",,49.44
ssr,11,"Oo"" aL 2"" 3"" 4"" 5"" 6"" 7"" 8"" 9g"" 10"" 1""",0,36,2,"2""",,49.56
ssr,11,"Oo"" aL 2"" 3"" 4"" 5"" 6"" 7"" 8"" 9g"" 10"" 1""",0,36,3,"3""",,49.67
ssr,11,"Oo"" aL 2"" 3"" 4"" 5"" 6"" 7"" 8"" 9g"" 10"" 1""",0,36,4,"4""",,49.78
ssr,11,"Oo"" aL 2"" 3"" 4"" 5"" 6"" 7"" 8"" 9g"" 10"" 1""",0,36,5,"5""",,49.89
ssr,11,"Oo"" aL 2"" 3"" 4"" 5"" 6"" 7"" 8"" 9g"" 10"" 1""",0,36,6,"6""",,50.00
ssr,11,"Oo"" aL 2"" 3"" 4"" 5"" 6"" 7"" 8"" 9g"" 10"" 1""",0,36,7,"7""",,50.11
ssr,11,"Oo"" aL 2"" 3"" 4"" 5"" 6"" 7"" 8"" 9g"" 10"" 1""",0,36,8,"8""",,50.22
ssr,11,"Oo"" aL 2"" 3"" 4"" 5"" 6"" 7"" 8"" 9g"" 10"" 1""",0,36,9,"9""",,50.34
ssr,11,"Oo"" aL 2"" 3"" 4"" 5"" 6"" 7"" 8"" 9g"" 10"" 1""",0,36,10,"10""",,50.45
ssr,11,"Oo"" aL 2"" 3"" 4"" 5"" 6"" 7"" 8"" 9g"" 10"" 1""",0,36,nn,"nN""",,50.56
ssr,11,"Oo"" aL 2"" 3"" 4"" 5"" 6"" 7"" 8"" 9g"" 10"" 1""",0,37,column_1,,,38 FT.
ssr,11,"Oo"" aL 2"" 3"" 4"" 5"" 6"" 7"" 8"" 9g"" 10"" 1""",0,37,o,"o""",,50.67
ssr,11,"Oo"" aL 2"" 3"" 4"" 5"" 6"" 7"" 8"" 9g"" 10"" 1""",0,37,1,"1""",,50.78
ssr,11,"Oo"" aL 2"" 3"" 4"" 5"" 6"" 7"" 8"" 9g"" 10"" 1""",0,37,2,"2""",,50.89
ssr,11,"Oo"" aL 2"" 3"" 4"" 5"" 6"" 7"" 8"" 9g"" 10"" 1""",0,37,3,"3""",,51.00
ssr,11,"Oo"" aL 2"" 3"" 4"" 5"" 6"" 7"" 8"" 9g"" 10"" 1""",0,37,4,"4""",,51.11
ssr,11,"Oo"" aL 2"" 3"" 4"" 5"" 6"" 7"" 8"" 9g"" 10"" 1""",0,37,5,"5""",,51.22
ssr,11,"Oo"" aL 2"" 3"" 4"" 5"" 6"" 7"" 8"" 9g"" 10"" 1""",0,37,6,"6""",,51.33
ssr,11,"Oo"" aL 2"" 3"" 4"" 5"" 6"" 7"" 8"" 9g"" 10"" 1""",0,37,7,"7""",,51.45
ssr,11,"Oo"" aL 2"" 3"" 4"" 5"" 6"" 7"" 8"" 9g"" 10"" 1""",0,37,8,"8""",,51.56
ssr,11,"Oo"" aL 2"" 3"" 4"" 5"" 6"" 7"" 8"" 9g"" 10"" 1""",0,37,9,"9""",,51.67
ssr,11,"Oo"" aL 2"" 3"" 4"" 5"" 6"" 7"" 8"" 9g"" 10"" 1""",0,37,10,"10""",,51.78
ssr,11,"Oo"" aL 2"" 3"" 4"" 5"" 6"" 7"" 8"" 9g"" 10"" 1""",0,37,nn,"nN""",,51.89
ssr,11,"Oo"" aL 2"" 3"" 4"" 5"" 6"" 7"" 8"" 9g"" 10"" 1""",0,38,column_1,,,39 FT.
ssr,11,"Oo"" aL 2"" 3"" 4"" 5"" 6"" 7"" 8"" 9g"" 10"" 1""",0,38,o,"o""",,52.00
ssr,11,"Oo"" aL 2"" 3"" 4"" 5"" 6"" 7"" 8"" 9g"" 10"" 1""",0,38,1,"1""",,52.11
ssr,11,"Oo"" aL 2"" 3"" 4"" 5"" 6"" 7"" 8"" 9g"" 10"" 1""",0,38,2,"2""",,52.22
ssr,11,"Oo"" aL 2"" 3"" 4"" 5"" 6"" 7"" 8"" 9g"" 10"" 1""",0,38,3,"3""",,52.33
ssr,11,"Oo"" aL 2"" 3"" 4"" 5"" 6"" 7"" 8"" 9g"" 10"" 1""",0,38,4,"4""",,52.44
ssr,11,"Oo"" aL 2"" 3"" 4"" 5"" 6"" 7"" 8"" 9g"" 10"" 1""",0,38,5,"5""",,52.56
ssr,11,"Oo"" aL 2"" 3"" 4"" 5"" 6"" 7"" 8"" 9g"" 10"" 1""",0,38,6,"6""",,52.67
ssr,11,"Oo"" aL 2"" 3"" 4"" 5"" 6"" 7"" 8"" 9g"" 10"" 1""",0,38,7,"7""",,52.78
ssr,11,"Oo"" aL 2"" 3"" 4"" 5"" 6"" 7"" 8"" 9g"" 10"" 1""",0,38,8,"8""",,52.89
ssr,11,"Oo"" aL 2"" 3"" 4"" 5"" 6"" 7"" 8"" 9g"" 10"" 1""",0,38,9,"9""",,53.00
ssr,11,"Oo"" aL 2"" 3"" 4"" 5"" 6"" 7"" 8"" 9g"" 10"" 1""",0,38,10,"10""",,53.11
ssr,11,"Oo"" aL 2"" 3"" 4"" 5"" 6"" 7"" 8"" 9g"" 10"" 1""",0,38,nn,"nN""",,53.23
ssr,11,"Oo"" aL 2"" 3"" 4"" 5"" 6"" 7"" 8"" 9g"" 10"" 1""",0,39,column_1,,,40 FT.
ssr,11,"Oo"" aL 2"" 3"" 4"" 5"" 6"" 7"" 8"" 9g"" 10"" 1""",0,39,o,"o""",,53.33
ssr,11,"Oo"" aL 2"" 3"" 4"" 5"" 6"" 7"" 8"" 9g"" 10"" 1""",0,39,1,"1""",,53.44
ssr,11,"Oo"" aL 2"" 3"" 4"" 5"" 6"" 7"" 8"" 9g"" 10"" 1""",0,39,2,"2""",,53.55
ssr,11,"Oo"" aL 2"" 3"" 4"" 5"" 6"" 7"" 8"" 9g"" 10"" 1""",0,39,3,"3""",,53.67
ssr,11,"Oo"" aL 2"" 3"" 4"" 5"" 6"" 7"" 8"" 9g"" 10"" 1""",0,39,4,"4""",,53.78
ssr,11,"Oo"" aL 2"" 3"" 4"" 5"" 6"" 7"" 8"" 9g"" 10"" 1""",0,39,5,"5""",,53.89
ssr,11,"Oo"" aL 2"" 3"" 4"" 5"" 6"" 7"" 8"" 9g"" 10"" 1""",0,39,6,"6""",,54.00
ssr,11,"Oo"" aL 2"" 3"" 4"" 5"" 6"" 7"" 8"" 9g"" 10"" 1""",0,39,7,"7""",,54.11
ssr,11,"Oo"" aL 2"" 3"" 4"" 5"" 6"" 7"" 8"" 9g"" 10"" 1""",0,39,8,"8""",,54.22
ssr,11,"Oo"" aL 2"" 3"" 4"" 5"" 6"" 7"" 8"" 9g"" 10"" 1""",0,39,9,"9""",,54.34
ssr,11,"Oo"" aL 2"" 3"" 4"" 5"" 6"" 7"" 8"" 9g"" 10"" 1""",0,39,10,"10""",,54.45
ssr,11,"Oo"" aL 2"" 3"" 4"" 5"" 6"" 7"" 8"" 9g"" 10"" 1""",0,39,nn,"nN""",,54.56
ssr,12,"SuperLok' 16""",0,0,gauge,GAUGE,DESCRIPTION,24
ssr,12,"SuperLok' 16""",0,0,coverage,COVERAGE,DESCRIPTION,"16"""
ssr,12,"SuperLok' 16""",0,0,yield_psi,YIELD (PSI),DESCRIPTION,"50,000"
ssr,12,"SuperLok' 16""",0,0,weight_per_sq,WEIGHT PER SQ.,DESCRIPTION,147#
ssr,12,"SuperLok' 16""",0,0,finish,FINISH*,DESCRIPTION,Galvalume' Plus &
ssr,12,"SuperLok' 16""",0,0,price,PRICE,,✓
ssr,12,"SuperLok' 16""",0,1,gauge,GAUGE,DESCRIPTION,24
ssr,12,"SuperLok' 16""",0,1,coverage,COVERAGE,DESCRIPTION,"16"""
ssr,12,"SuperLok' 16""",0,1,yield_psi,YIELD (PSI),DESCRIPTION,"50,000"
ssr,12,"SuperLok' 16""",0,1,weight_per_sq,WEIGHT PER SQ.,DESCRIPTION,147#
ssr,12,"SuperLok' 16""",0,1,finish,FINISH*,DESCRIPTION,Signature' 200
ssr,12,"SuperLok' 16""",0,1,price,PRICE,,✓
ssr,12,"SuperLok' 16""",0,2,gauge,GAUGE,DESCRIPTION,24
ssr,12,"SuperLok' 16""",0,2,coverage,COVERAGE,DESCRIPTION,"16"""
ssr,12,"SuperLok' 16""",0,2,yield_psi,YIELD (PSI),DESCRIPTION,"50,000"
ssr,12,"SuperLok' 16""",0,2,weight_per_sq,WEIGHT PER SQ.,DESCRIPTION,147#
ssr,12,"SuperLok' 16""",0,2,finish,FINISH*,DESCRIPTION,Signature' 300
ssr,12,"SuperLok' 16""",0,2,price,PRICE,,✓
ssr,12,"SuperLok' 16""",0,3,gauge,GAUGE,DESCRIPTION,24
ssr,12,"SuperLok' 16""",0,3,coverage,COVERAGE,DESCRIPTION,"16"""
ssr,12,"SuperLok' 16""",0,3,yield_psi,YIELD (PSI),DESCRIPTION,"50,000"
ssr,12,"SuperLok' 16""",0,3,weight_per_sq,WEIGHT PER SQ.,DESCRIPTION,147#
ssr,12,"SuperLok' 16""",0,3,finish,FINISH*,DESCRIPTION,Signature' 300 Metallic
ssr,12,"SuperLok' 16""",0,3,price,PRICE,,Please Inquire
ssr,12,"SuperLok' 16""",0,4,gauge,GAUGE,DESCRIPTION,22
ssr,12,"SuperLok' 16""",0,4,coverage,COVERAGE,DESCRIPTION,"16"""
ssr,12,"SuperLok' 16""",0,4,yield_psi,YIELD (PSI),DESCRIPTION,"50,000"
ssr,12,"SuperLok' 16""",0,4,weight_per_sq,WEIGHT PER SQ.,DESCRIPTION,184#
ssr,12,"SuperLok' 16""",0,4,finish,FINISH*,DESCRIPTION,Galvalume' Plus &
ssr,12,"SuperLok' 16""",0,4,price,PRICE,,Please Inquire
ssr,12,"SuperLok' 16""",0,5,gauge,GAUGE,DESCRIPTION,22
ssr,12,"SuperLok' 16""",0,5,coverage,COVERAGE,DESCRIPTION,"16"""
ssr,12,"SuperLok' 16""",0,5,yield_psi,YIELD (PSI),DESCRIPTION,"50,000"
ssr,12,"SuperLok' 16""",0,5,weight_per_sq,WEIGHT PER SQ.,DESCRIPTION,184#
ssr,12,"SuperLok' 16""",0,5,finish,FINISH*,DESCRIPTION,Signature' 200
ssr,12,"SuperLok' 16""",0,5,price,PRICE,,Please Inquire
ssr,12,"SuperLok' 16""",0,6,gauge,GAUGE,DESCRIPTION,22
ssr,12,"SuperLok' 16""",0,6,coverage,COVERAGE,DESCRIPTION,"16"""
ssr,12,"SuperLok' 16""",0,6,yield_psi,YIELD (PSI),DESCRIPTION,"50,000"
ssr,12,"SuperLok' 16""",0,6,weight_per_sq,WEIGHT PER SQ.,DESCRIPTION,184#
ssr,12,"SuperLok' 16""",0,6,finish,FINISH*,DESCRIPTION,Signature' 300
ssr,12,"SuperLok' 16""",0,6,price,PRICE,,Please Inquire
ssr,12,"SuperLok' 16""",0,7,gauge,GAUGE,DESCRIPTION,22
ssr,12,"SuperLok' 16""",0,7,coverage,COVERAGE,DESCRIPTION,"16"""
ssr,12,"SuperLok' 16""",0,7,yield_psi,YIELD (PSI),DESCRIPTION,"50,000"
ssr,12,"SuperLok' 16""",0,7,weight_per_sq,WEIGHT PER SQ.,DESCRIPTION,184#
ssr,12,"SuperLok' 16""",0,7,finish,FINISH*,DESCRIPTION,Signature' 300 Metallic
ssr,12,"SuperLok' 16""",0,7,price,PRICE,,Please Inquire
ssr,13,"oOo"" dd 2"" 3"" 4q"" 5"" 6"" 7"" 8"" g"" 10"" TI""",0,0,column_1,,,1FT.
ssr,13,"oOo"" dd 2"" 3"" 4q"" 5"" 6"" 7"" 8"" g"" 10"" TI""",0,0,o,"o""",,1.00
ssr,13,"oOo"" dd 2"" 3"" 4q"" 5"" 6"" 7"" 8"" g"" 10"" TI""",0,0,1,"1""",,1.08
ssr,13,"oOo"" dd 2"" 3"" 4q"" 5"" 6"" 7"" 8"" g"" 10"" TI""",0,0,2,"2""",,1.17
ssr,13,"oOo"" dd 2"" 3"" 4q"" 5"" 6"" 7"" 8"" g"" 10"" TI""",0,0,3,"3""",,1.25
ssr,13,"oOo"" dd 2"" 3"" 4q"" 5"" 6"" 7"" 8"" g"" 10"" TI""",0,0,4,"4""",,1.34
ssr,13,"oOo"" dd 2"" 3"" 4q"" 5"" 6"" 7"" 8"" g"" 10"" TI""",0,0,5,"5""",,1.42
ssr,13,"oOo"" dd 2"" 3"" 4q"" 5"" 6"" 7"" 8"" g"" 10"" TI""",0,0,6,"6""",,1.50
ssr,13,"oOo"" dd 2"" 3"" 4q"" 5"" 6"" 7"" 8"" g"" 10"" TI""",0,0,7,"7""",,1.59
ssr,13,"oOo"" dd 2"" 3"" 4q"" 5"" 6"" 7"" 8"" g"" 10"" TI""",0,0,8,"8""",,1.67
ssr,13,"oOo"" dd 2"" 3"" 4q"" 5"" 6"" 7"" 8"" g"" 10"" TI""",0,0,9,"9""",,1.75
ssr,13,"oOo"" dd 2"" 3"" 4q"" 5"" 6"" 7"" 8"" g"" 10"" TI""",0,0,10,"10""",,1.84
ssr,13,"oOo"" dd 2"" 3"" 4q"" 5"" 6"" 7"" 8"" g"" 10"" TI""",0,0,n,"n""",,1.92
ssr,13,"oOo"" dd 2"" 3"" 4q"" 5"" 6"" 7"" 8"" g"" 10"" TI""",0,1,column_1,,,2 FT.
ssr,13,"oOo"" dd 2"" 3"" 4q"" 5"" 6"" 7"" 8"" g"" 10"" TI""",0,1,o,"o""",,2.00
ssr,13,"oOo"" dd 2"" 3"" 4q"" 5"" 6"" 7"" 8"" g"" 10"" TI""",0,1,1,"1""",,2.08
ssr,13,"oOo"" dd 2"" 3"" 4q"" 5"" 6"" 7"" 8"" g"" 10"" TI""",0,1,2,"2""",,2.17
ssr,13,"oOo"" dd 2"" 3"" 4q"" 5"" 6"" 7"" 8"" g"" 10"" TI""",0,1,3,"3""",,2.25
ssr,13,"oOo"" dd 2"" 3"" 4q"" 5"" 6"" 7"" 8"" g"" 10"" TI""",0,1,4,"4""",,2.34
ssr,13,"oOo"" dd 2"" 3"" 4q"" 5"" 6"" 7"" 8"" g"" 10"" TI""",0,1,5,"5""",,2.42
ssr,13,"oOo"" dd 2"" 3"" 4q"" 5"" 6"" 7"" 8"" g"" 10"" TI""",0,1,6,"6""",,2.50
ssr,13,"oOo"" dd 2"" 3"" 4q"" 5"" 6"" 7"" 8"" g"" 10"" TI""",0,1,7,"7""",,2.59
ssr,13,"oOo"" dd 2"" 3"" 4q"" 5"" 6"" 7"" 8"" g"" 10"" TI""",0,1,8,"8""",,2.67
ssr,13,"oOo"" dd 2"" 3"" 4q"" 5"" 6"" 7"" 8"" g"" 10"" TI""",0,1,9,"9""",,2.75
ssr,13,"oOo"" dd 2"" 3"" 4q"" 5"" 6"" 7"" 8"" g"" 10"" TI""",0,1,10,"10""",,2.84
ssr,13,"oOo"" dd 2"" 3"" 4q"" 5"" 6"" 7"" 8"" g"" 10"" TI""",0,1,n,"n""",,2.92
ssr,13,"oOo"" dd 2"" 3"" 4q"" 5"" 6"" 7"" 8"" g"" 10"" TI""",0,2,column_1,,,3 FT.
ssr,13,"oOo"" dd 2"" 3"" 4q"" 5"" 6"" 7"" 8"" g"" 10"" TI""",0,2,o,"o""",,3.00
ssr,13,"oOo"" dd 2"" 3"" 4q"" 5"" 6"" 7"" 8"" g"" 10"" TI""",0,2,1,"1""",,3.08
ssr,13,"oOo"" dd 2"" 3"" 4q"" 5"" 6"" 7"" 8"" g"" 10"" TI""",0,2,2,"2""",,3.17
ssr,13,"oOo"" dd 2"" 3"" 4q"" 5"" 6"" 7"" 8"" g"" 10"" TI""",0,2,3,"3""",,3.25
ssr,13,"oOo"" dd 2"" 3"" 4q"" 5"" 6"" 7"" 8"" g"" 10"" TI""",0,2,4,"4""",,3.34
ssr,13,"oOo"" dd 2"" 3"" 4q"" 5"" 6"" 7"" 8"" g"" 10"" TI""",0,2,5,"5""",,3.42
ssr,13,"oOo"" dd 2"" 3"" 4q"" 5"" 6"" 7"" 8"" g"" 10"" TI""",0,2,6,"6""",,3.50
ssr,13,"oOo"" dd 2"" 3"" 4q"" 5"" 6"" 7"" 8"" g"" 10"" TI""",0,2,7,"7""",,3.59
ssr,13,"oOo"" dd 2"" 3"" 4q"" 5"" 6"" 7"" 8"" g"" 10"" TI""",0,2,8,"8""",,3.67
ssr,13,"oOo"" dd 2"" 3"" 4q"" 5"" 6"" 7"" 8"" g"" 10"" TI""",0,2,9,"9""",,3.75
ssr,13,"oOo"" dd 2"" 3"" 4q"" 5"" 6"" 7"" 8"" g"" 10"" TI""",0,2,10,"10""",,3.84
ssr,13,"oOo"" dd 2"" 3"" 4q"" 5"" 6"" 7"" 8"" g"" 10"" TI""",0,2,n,"n""",,3.92
ssr,13,"oOo"" dd 2"" 3"" 4q"" 5"" 6"" 7"" 8"" g"" 10"" TI""",0,3,column_1,,,4 FT.
ssr,13,"oOo"" dd 2"" 3"" 4q"" 5"" 6"" 7"" 8"" g"" 10"" TI""",0,3,o,"o""",,4.00
ssr,13,"oOo"" dd 2"" 3"" 4q"" 5"" 6"" 7"" 8"" g"" 10"" TI""",0,3,1,"1""",,4.08
ssr,13,"oOo"" dd 2"" 3"" 4q"" 5"" 6"" 7"" 8"" g"" 10"" TI""",0,3,2,"2""",,4.17
ssr,13,"oOo"" dd 2"" 3"" 4q"" 5"" 6"" 7"" 8"" g"" 10"" TI""",0,3,3,"3""",,4.25
ssr,13,"oOo"" dd 2"" 3"" 4q"" 5"" 6"" 7"" 8"" g"" 10"" TI""",0,3,4,"4""",,4.34
ssr,13,"oOo"" dd 2"" 3"" 4q"" 5"" 6"" 7"" 8"" g"" 10"" TI""",0,3,5,"5""",,4.42
ssr,13,"oOo"" dd 2"" 3"" 4q"" 5"" 6"" 7"" 8"" g"" 10"" TI""",0,3,6,"6""",,4.50
ssr,13,"oOo"" dd 2"" 3"" 4q"" 5"" 6"" 7"" 8"" g"" 10"" TI""",0,3,7,"7""",,4.59
ssr,13,"oOo"" dd 2"" 3"" 4q"" 5"" 6"" 7"" 8"" g"" 10"" TI""",0,3,8,"8""",,4.67
ssr,13,"oOo"" dd 2"" 3"" 4q"" 5"" 6"" 7"" 8"" g"" 10"" TI""",0,3,9,"9""",,4.75
ssr,13,"oOo"" dd 2"" 3"" 4q"" 5"" 6"" 7"" 8"" g"" 10"" TI""",0,3,10,"10""",,4.84
ssr,13,"oOo"" dd 2"" 3"" 4q"" 5"" 6"" 7"" 8"" g"" 10"" TI""",0,3,n,"n""",,4.92
ssr,13,"oOo"" dd 2"" 3"" 4q"" 5"" 6"" 7"" 8"" g"" 10"" TI""",0,4,column_1,,,RET
ssr,13,"oOo"" dd 2"" 3"" 4q"" 5"" 6"" 7"" 8"" g"" 10"" TI""",0,4,o,"o""",,5.00
ssr,13,"oOo"" dd 2"" 3"" 4q"" 5"" 6"" 7"" 8"" g"" 10"" TI""",0,4,1,"1""",,5.08
ssr,13,"oOo"" dd 2"" 3"" 4q"" 5"" 6"" 7"" 8"" g"" 10"" TI""",0,4,2,"2""",,5.17
ssr,13,"oOo"" dd 2"" 3"" 4q"" 5"" 6"" 7"" 8"" g"" 10"" TI""",0,4,3,"3""",,5.25
ssr,13,"oOo"" dd 2"" 3"" 4q"" 5"" 6"" 7"" 8"" g"" 10"" TI""",0,4,4,"4""",,5.34
ssr,13,"oOo"" dd 2"" 3"" 4q"" 5"" 6"" 7"" 8"" g"" 10"" TI""",0,4,5,"5""",,5.42
ssr,13,"oOo"" dd 2"" 3"" 4q"" 5"" 6"" 7"" 8"" g"" 10"" TI""",0,4,6,"6""",,5.50
ssr,13,"oOo"" dd 2"" 3"" 4q"" 5"" 6"" 7"" 8"" g"" 10"" TI""",0,4,7,"7""",,5.59
ssr,13,"oOo"" dd 2"" 3"" 4q"" 5"" 6"" 7"" 8"" g"" 10"" TI""",0,4,8,"8""",,5.67
ssr,13,"oOo"" dd 2"" 3"" 4q"" 5"" 6"" 7"" 8"" g"" 10"" TI""",0,4,9,"9""",,5.75
ssr,13,"oOo"" dd 2"" 3"" 4q"" 5"" 6"" 7"" 8"" g"" 10"" TI""",0,4,10,"10""",,5.84
ssr,13,"oOo"" dd 2"" 3"" 4q"" 5"" 6"" 7"" 8"" g"" 10"" TI""",0,4,n,"n""",,5.92
ssr,13,"oOo"" dd 2"" 3"" 4q"" 5"" 6"" 7"" 8"" g"" 10"" TI""",0,5,column_1,,,6 FT.
ssr,13,"oOo"" dd 2"" 3"" 4q"" 5"" 6"" 7"" 8"" g"" 10"" TI""",0,5,o,"o""",,6.00
ssr,13,"oOo"" dd 2"" 3"" 4q"" 5"" 6"" 7"" 8"" g"" 10"" TI""",0,5,1,"1""",,6.08
ssr,13,"oOo"" dd 2"" 3"" 4q"" 5"" 6"" 7"" 8"" g"" 10"" TI""",0,5,2,"2""",,6.17
ssr,13,"oOo"" dd 2"" 3"" 4q"" 5"" 6"" 7"" 8"" g"" 10"" TI""",0,5,3,"3""",,6.25
ssr,13,"oOo"" dd 2"" 3"" 4q"" 5"" 6"" 7"" 8"" g"" 10"" TI""",0,5,4,"4""",,6.34
ssr,13,"oOo"" dd 2"" 3"" 4q"" 5"" 6"" 7"" 8"" g"" 10"" TI""",0,5,5,"5""",,6.42
ssr,13,"oOo"" dd 2"" 3"" 4q"" 5"" 6"" 7"" 8"" g"" 10"" TI""",0,5,6,"6""",,6.50
ssr,13,"oOo"" dd 2"" 3"" 4q"" 5"" 6"" 7"" 8"" g"" 10"" TI""",0,5,7,"7""",,6.59
ssr,13,"oOo"" dd 2"" 3"" 4q"" 5"" 6"" 7"" 8"" g"" 10"" TI""",0,5,8,"8""",,6.67
ssr,13,"oOo"" dd 2"" 3"" 4q"" 5"" 6"" 7"" 8"" g"" 10"" TI""",0,5,9,"9""",,6.75
ssr,13,"oOo"" dd 2"" 3"" 4q"" 5"" 6"" 7"" 8"" g"" 10"" TI""",0,5,10,"10""",,6.84
ssr,13,"oOo"" dd 2"" 3"" 4q"" 5"" 6"" 7"" 8"" g"" 10"" TI""",0,5,n,"n""",,6.92
ssr,13,"oOo"" dd 2"" 3"" 4q"" 5"" 6"" 7"" 8"" g"" 10"" TI""",0,6,column_1,,,7 FT.
ssr,13,"oOo"" dd 2"" 3"" 4q"" 5"" 6"" 7"" 8"" g"" 10"" TI""",0,6,o,"o""",,7.00
ssr,13,"oOo"" dd 2"" 3"" 4q"" 5"" 6"" 7"" 8"" g"" 10"" TI""",0,6,1,"1""",,7.08
ssr,13,"oOo"" dd 2"" 3"" 4q"" 5"" 6"" 7"" 8"" g"" 10"" TI""",0,6,2,"2""",,7.17
ssr,13,"oOo"" dd 2"" 3"" 4q"" 5"" 6"" 7"" 8"" g"" 10"" TI""",0,6,3,"3""",,7.25
ssr,13,"oOo"" dd 2"" 3"" 4q"" 5"" 6"" 7"" 8"" g"" 10"" TI""",0,6,4,"4""",,7.54
ssr,13,"oOo"" dd 2"" 3"" 4q"" 5"" 6"" 7"" 8"" g"" 10"" TI""",0,6,5,"5""",,7.42
ssr,13,"oOo"" dd 2"" 3"" 4q"" 5"" 6"" 7"" 8"" g"" 10"" TI""",0,6,6,"6""",,7.50
ssr,13,"oOo"" dd 2"" 3"" 4q"" 5"" 6"" 7"" 8"" g"" 10"" TI""",0,6,7,"7""",,7.59
ssr,13,"oOo"" dd 2"" 3"" 4q"" 5"" 6"" 7"" 8"" g"" 10"" TI""",0,6,8,"8""",,7.67
ssr,13,"oOo"" dd 2"" 3"" 4q"" 5"" 6"" 7"" 8"" g"" 10"" TI""",0,6,9,"9""",,7.75
ssr,13,"oOo"" dd 2"" 3"" 4q"" 5"" 6"" 7"" 8"" g"" 10"" TI""",0,6,10,"10""",,7.84
ssr,13,"oOo"" dd 2"" 3"" 4q"" 5"" 6"" 7"" 8"" g"" 10"" TI""",0,6,n,"n""",,7.92
ssr,13,"oOo"" dd 2"" 3"" 4q"" 5"" 6"" 7"" 8"" g"" 10"" TI""",0,7,column_1,,,8 FT.
ssr,13,"oOo"" dd 2"" 3"" 4q"" 5"" 6"" 7"" 8"" g"" 10"" TI""",0,7,o,"o""",,8.00
ssr,13,"oOo"" dd 2"" 3"" 4q"" 5"" 6"" 7"" 8"" g"" 10"" TI""",0,7,1,"1""",,8.08
ssr,13,"oOo"" dd 2"" 3"" 4q"" 5"" 6"" 7"" 8"" g"" 10"" TI""",0,7,2,"2""",,8.17
ssr,13,"oOo"" dd 2"" 3"" 4q"" 5"" 6"" 7"" 8"" g"" 10"" TI""",0,7,3,"3""",,8.25
ssr,13,"oOo"" dd 2"" 3"" 4q"" 5"" 6"" 7"" 8"" g"" 10"" TI""",0,7,4,"4""",,8.34
ssr,13,"oOo"" dd 2"" 3"" 4q"" 5"" 6"" 7"" 8"" g"" 10"" TI""",0,7,5,"5""",,8.42
ssr,13,"oOo"" dd 2"" 3"" 4q"" 5"" 6"" 7"" 8"" g"" 10"" TI""",0,7,6,"6""",,8.50
ssr,13,"oOo"" dd 2"" 3"" 4q"" 5"" 6"" 7"" 8"" g"" 10"" TI""",0,7,7,"7""",,8.59
ssr,13,"oOo"" dd 2"" 3"" 4q"" 5"" 6"" 7"" 8"" g"" 10"" TI""",0,7,8,"8""",,8.67
ssr,13,"oOo"" dd 2"" 3"" 4q"" 5"" 6"" 7"" 8"" g"" 10"" TI""",0,7,9,"9""",,8.75
ssr,13,"oOo"" dd 2"" 3"" 4q"" 5"" 6"" 7"" 8"" g"" 10"" TI""",0,7,10,"10""",,8.84
ssr,13,"oOo"" dd 2"" 3"" 4q"" 5"" 6"" 7"" 8"" g"" 10"" TI""",0,7,n,"n""",,8.92
ssr,13,"oOo"" dd 2"" 3"" 4q"" 5"" 6"" 7"" 8"" g"" 10"" TI""",0,8,column_1,,,9 FT.
ssr,13,"oOo"" dd 2"" 3"" 4q"" 5"" 6"" 7"" 8"" g"" 10"" TI""",0,8,o,"o""",,9.00
ssr,13,"oOo"" dd 2"" 3"" 4q"" 5"" 6"" 7"" 8"" g"" 10"" TI""",0,8,1,"1""",,9.08
ssr,13,"oOo"" dd 2"" 3"" 4q"" 5"" 6"" 7"" 8"" g"" 10"" TI""",0,8,2,"2""",,9.17
ssr,13,"oOo"" dd 2"" 3"" 4q"" 5"" 6"" 7"" 8"" g"" 10"" TI""",0,8,3,"3""",,9.25
ssr,13,"oOo"" dd 2"" 3"" 4q"" 5"" 6"" 7"" 8"" g"" 10"" TI""",0,8,4,"4""",,9.34
ssr,13,"oOo"" dd 2"" 3"" 4q"" 5"" 6"" 7"" 8"" g"" 10"" TI""",0,8,5,"5""",,9.42
ssr,13,"oOo"" dd 2"" 3"" 4q"" 5"" 6"" 7"" 8"" g"" 10"" TI""",0,8,6,"6""",,9.50
ssr,13,"oOo"" dd 2"" 3"" 4q"" 5"" 6"" 7"" 8"" g"" 10"" TI""",0,8,7,"7""",,9.59
ssr,13,"oOo"" dd 2"" 3"" 4q"" 5"" 6"" 7"" 8"" g"" 10"" TI""",0,8,8,"8""",,9.67
ssr,13,"oOo"" dd 2"" 3"" 4q"" 5"" 6"" 7"" 8"" g"" 10"" TI""",0,8,9,"9""",,9.75
ssr,13,"oOo"" dd 2"" 3"" 4q"" 5"" 6"" 7"" 8"" g"" 10"" TI""",0,8,10,"10""",,9.84
ssr,13,"oOo"" dd 2"" 3"" 4q"" 5"" 6"" 7"" 8"" g"" 10"" TI""",0,8,n,"n""",,9.92
ssr,13,"oOo"" dd 2"" 3"" 4q"" 5"" 6"" 7"" 8"" g"" 10"" TI""",0,9,column_1,,,10 FT
ssr,13,"oOo"" dd 2"" 3"" 4q"" 5"" 6"" 7"" 8"" g"" 10"" TI""",0,9,o,"o""",,10.00
ssr,13,"oOo"" dd 2"" 3"" 4q"" 5"" 6"" 7"" 8"" g"" 10"" TI""",0,9,1,"1""",,10.08
ssr,13,"oOo"" dd 2"" 3"" 4q"" 5"" 6"" 7"" 8"" g"" 10"" TI""",0,9,2,"2""",,10.17
ssr,13,"oOo"" dd 2"" 3"" 4q"" 5"" 6"" 7"" 8"" g"" 10"" TI""",0,9,3,"3""",,10.25
ssr,13,"oOo"" dd 2"" 3"" 4q"" 5"" 6"" 7"" 8"" g"" 10"" TI""",0,9,4,"4""",,10.34
ssr,13,"oOo"" dd 2"" 3"" 4q"" 5"" 6"" 7"" 8"" g"" 10"" TI""",0,9,5,"5""",,10.42
ssr,13,"oOo"" dd 2"" 3"" 4q"" 5"" 6"" 7"" 8"" g"" 10"" TI""",0,9,6,"6""",,10.50
ssr,13,"oOo"" dd 2"" 3"" 4q"" 5"" 6"" 7"" 8"" g"" 10"" TI""",0,9,7,"7""",,10.59
ssr,13,"oOo"" dd 2"" 3"" 4q"" 5"" 6"" 7"" 8"" g"" 10"" TI""",0,9,8,"8""",,10.67
ssr,13,"oOo"" dd 2"" 3"" 4q"" 5"" 6"" 7"" 8"" g"" 10"" TI""",0,9,9,"9""",,10.75
ssr,13,"oOo"" dd 2"" 3"" 4q"" 5"" 6"" 7"" 8"" g"" 10"" TI""",0,9,10,"10""",,10.84
ssr,13,"oOo"" dd 2"" 3"" 4q"" 5"" 6"" 7"" 8"" g"" 10"" TI""",0,9,n,"n""",,10.92
ssr,13,"oOo"" dd 2"" 3"" 4q"" 5"" 6"" 7"" 8"" g"" 10"" TI""",0,10,column_1,,,11 FT.
ssr,13,"oOo"" dd 2"" 3"" 4q"" 5"" 6"" 7"" 8"" g"" 10"" TI""",0,10,o,"o""",,11.00
ssr,13,"oOo"" dd 2"" 3"" 4q"" 5"" 6"" 7"" 8"" g"" 10"" TI""",0,10,1,"1""",,11.08
ssr,13,"oOo"" dd 2"" 3"" 4q"" 5"" 6"" 7"" 8"" g"" 10"" TI""",0,10,2,"2""",,1.17
ssr,13,"oOo"" dd 2"" 3"" 4q"" 5"" 6"" 7"" 8"" g"" 10"" TI""",0,10,3,"3""",,11.25
ssr,13,"oOo"" dd 2"" 3"" 4q"" 5"" 6"" 7"" 8"" g"" 10"" TI""",0,10,4,"4""",,11.34
ssr,13,"oOo"" dd 2"" 3"" 4q"" 5"" 6"" 7"" 8"" g"" 10"" TI""",0,10,5,"5""",,11.42
ssr,13,"oOo"" dd 2"" 3"" 4q"" 5"" 6"" 7"" 8"" g"" 10"" TI""",0,10,6,"6""",,11.50
ssr,13,"oOo"" dd 2"" 3"" 4q"" 5"" 6"" 7"" 8"" g"" 10"" TI""",0,10,7,"7""",,11.59
ssr,13,"oOo"" dd 2"" 3"" 4q"" 5"" 6"" 7"" 8"" g"" 10"" TI""",0,10,8,"8""",,11.67
ssr,13,"oOo"" dd 2"" 3"" 4q"" 5"" 6"" 7"" 8"" g"" 10"" TI""",0,10,9,"9""",,11.75
ssr,13,"oOo"" dd 2"" 3"" 4q"" 5"" 6"" 7"" 8"" g"" 10"" TI""",0,10,10,"10""",,11.84
ssr,13,"oOo"" dd 2"" 3"" 4q"" 5"" 6"" 7"" 8"" g"" 10"" TI""",0,10,n,"n""",,11.92
ssr,13,"oOo"" dd 2"" 3"" 4q"" 5"" 6"" 7"" 8"" g"" 10"" TI""",0,11,column_1,,,12 FT.
ssr,13,"oOo"" dd 2"" 3"" 4q"" 5"" 6"" 7"" 8"" g"" 10"" TI""",0,11,o,"o""",,12.00
ssr,13,"oOo"" dd 2"" 3"" 4q"" 5"" 6"" 7"" 8"" g"" 10"" TI""",0,11,1,"1""",,12.08
ssr,13,"oOo"" dd 2"" 3"" 4q"" 5"" 6"" 7"" 8"" g"" 10"" TI""",0,11,2,"2""",,12.17
ssr,13,"oOo"" dd 2"" 3"" 4q"" 5"" 6"" 7"" 8"" g"" 10"" TI""",0,11,3,"3""",,12.25
ssr,13,"oOo"" dd 2"" 3"" 4q"" 5"" 6"" 7"" 8"" g"" 10"" TI""",0,11,4,"4""",,12.34
ssr,13,"oOo"" dd 2"" 3"" 4q"" 5"" 6"" 7"" 8"" g"" 10"" TI""",0,11,5,"5""",,12.42
ssr,13,"oOo"" dd 2"" 3"" 4q"" 5"" 6"" 7"" 8"" g"" 10"" TI""",0,11,6,"6""",,12.50
ssr,13,"oOo"" dd 2"" 3"" 4q"" 5"" 6"" 7"" 8"" g"" 10"" TI""",0,11,7,"7""",,12.59
ssr,13,"oOo"" dd 2"" 3"" 4q"" 5"" 6"" 7"" 8"" g"" 10"" TI""",0,11,8,"8""",,12.67
ssr,13,"oOo"" dd 2"" 3"" 4q"" 5"" 6"" 7"" 8"" g"" 10"" TI""",0,11,9,"9""",,12.75
ssr,13,"oOo"" dd 2"" 3"" 4q"" 5"" 6"" 7"" 8"" g"" 10"" TI""",0,11,10,"10""",,12.84
ssr,13,"oOo"" dd 2"" 3"" 4q"" 5"" 6"" 7"" 8"" g"" 10"" TI""",0,11,n,"n""",,12.92
ssr,13,"oOo"" dd 2"" 3"" 4q"" 5"" 6"" 7"" 8"" g"" 10"" TI""",0,12,column_1,,,13 FT.
ssr,13,"oOo"" dd 2"" 3"" 4q"" 5"" 6"" 7"" 8"" g"" 10"" TI""",0,12,o,"o""",,13.00
ssr,13,"oOo"" dd 2"" 3"" 4q"" 5"" 6"" 7"" 8"" g"" 10"" TI""",0,12,1,"1""",,13.08
ssr,13,"oOo"" dd 2"" 3"" 4q"" 5"" 6"" 7"" 8"" g"" 10"" TI""",0,12,2,"2""",,13.17
ssr,13,"oOo"" dd 2"" 3"" 4q"" 5"" 6"" 7"" 8"" g"" 10"" TI""",0,12,3,"3""",,13.25
ssr,13,"oOo"" dd 2"" 3"" 4q"" 5"" 6"" 7"" 8"" g"" 10"" TI""",0,12,4,"4""",,13.34
ssr,13,"oOo"" dd 2"" 3"" 4q"" 5"" 6"" 7"" 8"" g"" 10"" TI""",0,12,5,"5""",,13.42
ssr,13,"oOo"" dd 2"" 3"" 4q"" 5"" 6"" 7"" 8"" g"" 10"" TI""",0,12,6,"6""",,13.50
ssr,13,"oOo"" dd 2"" 3"" 4q"" 5"" 6"" 7"" 8"" g"" 10"" TI""",0,12,7,"7""",,13.59
ssr,13,"oOo"" dd 2"" 3"" 4q"" 5"" 6"" 7"" 8"" g"" 10"" TI""",0,12,8,"8""",,13.67
ssr,13,"oOo"" dd 2"" 3"" 4q"" 5"" 6"" 7"" 8"" g"" 10"" TI""",0,12,9,"9""",,13.75
ssr,13,"oOo"" dd 2"" 3"" 4q"" 5"" 6"" 7"" 8"" g"" 10"" TI""",0,12,10,"10""",,13.84
ssr,13,"oOo"" dd 2"" 3"" 4q"" 5"" 6"" 7"" 8"" g"" 10"" TI""",0,12,n,"n""",,13.92
ssr,13,"oOo"" dd 2"" 3"" 4q"" 5"" 6"" 7"" 8"" g"" 10"" TI""",0,13,column_1,,,14 FT.
ssr,13,"oOo"" dd 2"" 3"" 4q"" 5"" 6"" 7"" 8"" g"" 10"" TI""",0,13,o,"o""",,14.00
ssr,13,"oOo"" dd 2"" 3"" 4q"" 5"" 6"" 7"" 8"" g"" 10"" TI""",0,13,1,"1""",,14.08
ssr,13,"oOo"" dd 2"" 3"" 4q"" 5"" 6"" 7"" 8"" g"" 10"" TI""",0,13,2,"2""",,14.17
ssr,13,"oOo"" dd 2"" 3"" 4q"" 5"" 6"" 7"" 8"" g"" 10"" TI""",0,13,3,"3""",,14.25
ssr,13,"oOo"" dd 2"" 3"" 4q"" 5"" 6"" 7"" 8"" g"" 10"" TI""",0,13,4,"4""",,14.34
ssr,13,"oOo"" dd 2"" 3"" 4q"" 5"" 6"" 7"" 8"" g"" 10"" TI""",0,13,5,"5""",,14.42
ssr,13,"oOo"" dd 2"" 3"" 4q"" 5"" 6"" 7"" 8"" g"" 10"" TI""",0,13,6,"6""",,14.50
ssr,13,"oOo"" dd 2"" 3"" 4q"" 5"" 6"" 7"" 8"" g"" 10"" TI""",0,13,7,"7""",,14.59
ssr,13,"oOo"" dd 2"" 3"" 4q"" 5"" 6"" 7"" 8"" g"" 10"" TI""",0,13,8,"8""",,14.67
ssr,13,"oOo"" dd 2"" 3"" 4q"" 5"" 6"" 7"" 8"" g"" 10"" TI""",0,13,9,"9""",,14.75
ssr,13,"oOo"" dd 2"" 3"" 4q"" 5"" 6"" 7"" 8"" g"" 10"" TI""",0,13,10,"10""",,14.84
ssr,13,"oOo"" dd 2"" 3"" 4q"" 5"" 6"" 7"" 8"" g"" 10"" TI""",0,13,n,"n""",,14.92
ssr,13,"oOo"" dd 2"" 3"" 4q"" 5"" 6"" 7"" 8"" g"" 10"" TI""",0,14,column_1,,,15 FT
ssr,13,"oOo"" dd 2"" 3"" 4q"" 5"" 6"" 7"" 8"" g"" 10"" TI""",0,14,o,"o""",,15.00
ssr,13,"oOo"" dd 2"" 3"" 4q"" 5"" 6"" 7"" 8"" g"" 10"" TI""",0,14,1,"1""",,15.08
ssr,13,"oOo"" dd 2"" 3"" 4q"" 5"" 6"" 7"" 8"" g"" 10"" TI""",0,14,2,"2""",,15.17
ssr,13,"oOo"" dd 2"" 3"" 4q"" 5"" 6"" 7"" 8"" g"" 10"" TI""",0,14,3,"3""",,15.25
ssr,13,"oOo"" dd 2"" 3"" 4q"" 5"" 6"" 7"" 8"" g"" 10"" TI""",0,14,4,"4""",,15.34
ssr,13,"oOo"" dd 2"" 3"" 4q"" 5"" 6"" 7"" 8"" g"" 10"" TI""",0,14,5,"5""",,15.42
ssr,13,"oOo"" dd 2"" 3"" 4q"" 5"" 6"" 7"" 8"" g"" 10"" TI""",0,14,6,"6""",,15.50
ssr,13,"oOo"" dd 2"" 3"" 4q"" 5"" 6"" 7"" 8"" g"" 10"" TI""",0,14,7,"7""",,15.59
ssr,13,"oOo"" dd 2"" 3"" 4q"" 5"" 6"" 7"" 8"" g"" 10"" TI""",0,14,8,"8""",,15.67
ssr,13,"oOo"" dd 2"" 3"" 4q"" 5"" 6"" 7"" 8"" g"" 10"" TI""",0,14,9,"9""",,15.75
ssr,13,"oOo"" dd 2"" 3"" 4q"" 5"" 6"" 7"" 8"" g"" 10"" TI""",0,14,10,"10""",,15.84
ssr,13,"oOo"" dd 2"" 3"" 4q"" 5"" 6"" 7"" 8"" g"" 10"" TI""",0,14,n,"n""",,15.92
ssr,13,"oOo"" dd 2"" 3"" 4q"" 5"" 6"" 7"" 8"" g"" 10"" TI""",0,15,column_1,,,16 FT.
ssr,13,"oOo"" dd 2"" 3"" 4q"" 5"" 6"" 7"" 8"" g"" 10"" TI""",0,15,o,"o""",,16.00
ssr,13,"oOo"" dd 2"" 3"" 4q"" 5"" 6"" 7"" 8"" g"" 10"" TI""",0,15,1,"1""",,16.08
ssr,13,"oOo"" dd 2"" 3"" 4q"" 5"" 6"" 7"" 8"" g"" 10"" TI""",0,15,2,"2""",,16.17
ssr,13,"oOo"" dd 2"" 3"" 4q"" 5"" 6"" 7"" 8"" g"" 10"" TI""",0,15,3,"3""",,16.25
ssr,13,"oOo"" dd 2"" 3"" 4q"" 5"" 6"" 7"" 8"" g"" 10"" TI""",0,15,4,"4""",,16.34
ssr,13,"oOo"" dd 2"" 3"" 4q"" 5"" 6"" 7"" 8"" g"" 10"" TI""",0,15,5,"5""",,16.42
ssr,13,"oOo"" dd 2"" 3"" 4q"" 5"" 6"" 7"" 8"" g"" 10"" TI""",0,15,6,"6""",,16.50
ssr,13,"oOo"" dd 2"" 3"" 4q"" 5"" 6"" 7"" 8"" g"" 10"" TI""",0,15,7,"7""",,16.59
ssr,13,"oOo"" dd 2"" 3"" 4q"" 5"" 6"" 7"" 8"" g"" 10"" TI""",0,15,8,"8""",,16.67
ssr,13,"oOo"" dd 2"" 3"" 4q"" 5"" 6"" 7"" 8"" g"" 10"" TI""",0,15,9,"9""",,16.75
ssr,13,"oOo"" dd 2"" 3"" 4q"" 5"" 6"" 7"" 8"" g"" 10"" TI""",0,15,10,"10""",,16.84
ssr,13,"oOo"" dd 2"" 3"" 4q"" 5"" 6"" 7"" 8"" g"" 10"" TI""",0,15,n,"n""",,16.92
ssr,13,"oOo"" dd 2"" 3"" 4q"" 5"" 6"" 7"" 8"" g"" 10"" TI""",0,16,column_1,,,17 FT.
ssr,13,"oOo"" dd 2"" 3"" 4q"" 5"" 6"" 7"" 8"" g"" 10"" TI""",0,16,o,"o""",,17.00
ssr,13,"oOo"" dd 2"" 3"" 4q"" 5"" 6"" 7"" 8"" g"" 10"" TI""",0,16,1,"1""",,17.08
ssr,13,"oOo"" dd 2"" 3"" 4q"" 5"" 6"" 7"" 8"" g"" 10"" TI""",0,16,2,"2""",,17.17
ssr,13,"oOo"" dd 2"" 3"" 4q"" 5"" 6"" 7"" 8"" g"" 10"" TI""",0,16,3,"3""",,17.25
ssr,13,"oOo"" dd 2"" 3"" 4q"" 5"" 6"" 7"" 8"" g"" 10"" TI""",0,16,4,"4""",,17.34
ssr,13,"oOo"" dd 2"" 3"" 4q"" 5"" 6"" 7"" 8"" g"" 10"" TI""",0,16,5,"5""",,17.42
ssr,13,"oOo"" dd 2"" 3"" 4q"" 5"" 6"" 7"" 8"" g"" 10"" TI""",0,16,6,"6""",,17.50
ssr,13,"oOo"" dd 2"" 3"" 4q"" 5"" 6"" 7"" 8"" g"" 10"" TI""",0,16,7,"7""",,17.59
ssr,13,"oOo"" dd 2"" 3"" 4q"" 5"" 6"" 7"" 8"" g"" 10"" TI""",0,16,8,"8""",,17.67
ssr,13,"oOo"" dd 2"" 3"" 4q"" 5"" 6"" 7"" 8"" g"" 10"" TI""",0,16,9,"9""",,17.75
ssr,13,"oOo"" dd 2"" 3"" 4q"" 5"" 6"" 7"" 8"" g"" 10"" TI""",0,16,10,"10""",,17.84
ssr,13,"oOo"" dd 2"" 3"" 4q"" 5"" 6"" 7"" 8"" g"" 10"" TI""",0,16,n,"n""",,17.92
ssr,13,"oOo"" dd 2"" 3"" 4q"" 5"" 6"" 7"" 8"" g"" 10"" TI""",0,17,column_1,,,18 FT.
ssr,13,"oOo"" dd 2"" 3"" 4q"" 5"" 6"" 7"" 8"" g"" 10"" TI""",0,17,o,"o""",,18.00
ssr,13,"oOo"" dd 2"" 3"" 4q"" 5"" 6"" 7"" 8"" g"" 10"" TI""",0,17,1,"1""",,18.08
ssr,13,"oOo"" dd 2"" 3"" 4q"" 5"" 6"" 7"" 8"" g"" 10"" TI""",0,17,2,"2""",,18.17
ssr,13,"oOo"" dd 2"" 3"" 4q"" 5"" 6"" 7"" 8"" g"" 10"" TI""",0,17,3,"3""",,18.25
ssr,13,"oOo"" dd 2"" 3"" 4q"" 5"" 6"" 7"" 8"" g"" 10"" TI""",0,17,4,"4""",,18.34
ssr,13,"oOo"" dd 2"" 3"" 4q"" 5"" 6"" 7"" 8"" g"" 10"" TI""",0,17,5,"5""",,18.42
ssr,13,"oOo"" dd 2"" 3"" 4q"" 5"" 6"" 7"" 8"" g"" 10"" TI""",0,17,6,"6""",,18.50
ssr,13,"oOo"" dd 2"" 3"" 4q"" 5"" 6"" 7"" 8"" g"" 10"" TI""",0,17,7,"7""",,18.59
ssr,13,"oOo"" dd 2"" 3"" 4q"" 5"" 6"" 7"" 8"" g"" 10"" TI""",0,17,8,"8""",,18.67
ssr,13,"oOo"" dd 2"" 3"" 4q"" 5"" 6"" 7"" 8"" g"" 10"" TI""",0,17,9,"9""",,18.75
ssr,13,"oOo"" dd 2"" 3"" 4q"" 5"" 6"" 7"" 8"" g"" 10"" TI""",0,17,10,"10""",,18.84
ssr,13,"oOo"" dd 2"" 3"" 4q"" 5"" 6"" 7"" 8"" g"" 10"" TI""",0,17,n,"n""",,18.92
ssr,13,"oOo"" dd 2"" 3"" 4q"" 5"" 6"" 7"" 8"" g"" 10"" TI""",0,18,column_1,,,19 FT.
ssr,13,"oOo"" dd 2"" 3"" 4q"" 5"" 6"" 7"" 8"" g"" 10"" TI""",0,18,o,"o""",,19.00
ssr,13,"oOo"" dd 2"" 3"" 4q"" 5"" 6"" 7"" 8"" g"" 10"" TI""",0,18,1,"1""",,19.08
ssr,13,"oOo"" dd 2"" 3"" 4q"" 5"" 6"" 7"" 8"" g"" 10"" TI""",0,18,2,"2""",,19.17
ssr,13,"oOo"" dd 2"" 3"" 4q"" 5"" 6"" 7"" 8"" g"" 10"" TI""",0,18,3,"3""",,19.25
ssr,13,"oOo"" dd 2"" 3"" 4q"" 5"" 6"" 7"" 8"" g"" 10"" TI""",0,18,4,"4""",,19.34
ssr,13,"oOo"" dd 2"" 3"" 4q"" 5"" 6"" 7"" 8"" g"" 10"" TI""",0,18,5,"5""",,19.42
ssr,13,"oOo"" dd 2"" 3"" 4q"" 5"" 6"" 7"" 8"" g"" 10"" TI""",0,18,6,"6""",,19.50
ssr,13,"oOo"" dd 2"" 3"" 4q"" 5"" 6"" 7"" 8"" g"" 10"" TI""",0,18,7,"7""",,19.59
ssr,13,"oOo"" dd 2"" 3"" 4q"" 5"" 6"" 7"" 8"" g"" 10"" TI""",0,18,8,"8""",,19.67
ssr,13,"oOo"" dd 2"" 3"" 4q"" 5"" 6"" 7"" 8"" g"" 10"" TI""",0,18,9,"9""",,19.75
ssr,13,"oOo"" dd 2"" 3"" 4q"" 5"" 6"" 7"" 8"" g"" 10"" TI""",0,18,10,"10""",,19.84
ssr,13,"oOo"" dd 2"" 3"" 4q"" 5"" 6"" 7"" 8"" g"" 10"" TI""",0,18,n,"n""",,19.92
ssr,13,"oOo"" dd 2"" 3"" 4q"" 5"" 6"" 7"" 8"" g"" 10"" TI""",0,19,column_1,,,20 FT.
ssr,13,"oOo"" dd 2"" 3"" 4q"" 5"" 6"" 7"" 8"" g"" 10"" TI""",0,19,o,"o""",,20.00
ssr,13,"oOo"" dd 2"" 3"" 4q"" 5"" 6"" 7"" 8"" g"" 10"" TI""",0,19,1,"1""",,20.08
ssr,13,"oOo"" dd 2"" 3"" 4q"" 5"" 6"" 7"" 8"" g"" 10"" TI""",0,19,2,"2""",,20.17
ssr,13,"oOo"" dd 2"" 3"" 4q"" 5"" 6"" 7"" 8"" g"" 10"" TI""",0,19,3,"3""",,20.25
ssr,13,"oOo"" dd 2"" 3"" 4q"" 5"" 6"" 7"" 8"" g"" 10"" TI""",0,19,4,"4""",,20.34
ssr,13,"oOo"" dd 2"" 3"" 4q"" 5"" 6"" 7"" 8"" g"" 10"" TI""",0,19,5,"5""",,20.42
ssr,13,"oOo"" dd 2"" 3"" 4q"" 5"" 6"" 7"" 8"" g"" 10"" TI""",0,19,6,"6""",,20.50
ssr,13,"oOo"" dd 2"" 3"" 4q"" 5"" 6"" 7"" 8"" g"" 10"" TI""",0,19,7,"7""",,20.59
ssr,13,"oOo"" dd 2"" 3"" 4q"" 5"" 6"" 7"" 8"" g"" 10"" TI""",0,19,8,"8""",,20.67
ssr,13,"oOo"" dd 2"" 3"" 4q"" 5"" 6"" 7"" 8"" g"" 10"" TI""",0,19,9,"9""",,20.75
ssr,13,"oOo"" dd 2"" 3"" 4q"" 5"" 6"" 7"" 8"" g"" 10"" TI""",0,19,10,"10""",,20.84
ssr,13,"oOo"" dd 2"" 3"" 4q"" 5"" 6"" 7"" 8"" g"" 10"" TI""",0,19,n,"n""",,20.92
ssr,13,"oOo"" dd 2"" 3"" 4q"" 5"" 6"" 7"" 8"" g"" 10"" TI""",0,20,column_1,,,21 FT.
ssr,13,"oOo"" dd 2"" 3"" 4q"" 5"" 6"" 7"" 8"" g"" 10"" TI""",0,20,o,"o""",,21.00
ssr,13,"oOo"" dd 2"" 3"" 4q"" 5"" 6"" 7"" 8"" g"" 10"" TI""",0,20,1,"1""",,21.08
ssr,13,"oOo"" dd 2"" 3"" 4q"" 5"" 6"" 7"" 8"" g"" 10"" TI""",0,20,2,"2""",,21.17
ssr,13,"oOo"" dd 2"" 3"" 4q"" 5"" 6"" 7"" 8"" g"" 10"" TI""",0,20,3,"3""",,21.25
ssr,13,"oOo"" dd 2"" 3"" 4q"" 5"" 6"" 7"" 8"" g"" 10"" TI""",0,20,4,"4""",,21.34
ssr,13,"oOo"" dd 2"" 3"" 4q"" 5"" 6"" 7"" 8"" g"" 10"" TI""",0,20,5,"5""",,21.42
ssr,13,"oOo"" dd 2"" 3"" 4q"" 5"" 6"" 7"" 8"" g"" 10"" TI""",0,20,6,"6""",,21.50
ssr,13,"oOo"" dd 2"" 3"" 4q"" 5"" 6"" 7"" 8"" g"" 10"" TI""",0,20,7,"7""",,21.59
ssr,13,"oOo"" dd 2"" 3"" 4q"" 5"" 6"" 7"" 8"" g"" 10"" TI""",0,20,8,"8""",,21.67
ssr,13,"oOo"" dd 2"" 3"" 4q"" 5"" 6"" 7"" 8"" g"" 10"" TI""",0,20,9,"9""",,21.75
ssr,13,"oOo"" dd 2"" 3"" 4q"" 5"" 6"" 7"" 8"" g"" 10"" TI""",0,20,10,"10""",,21.84
ssr,13,"oOo"" dd 2"" 3"" 4q"" 5"" 6"" 7"" 8"" g"" 10"" TI""",0,20,n,"n""",,21.92
ssr,13,"oOo"" dd 2"" 3"" 4q"" 5"" 6"" 7"" 8"" g"" 10"" TI""",0,21,column_1,,,22 FT.
ssr,13,"oOo"" dd 2"" 3"" 4q"" 5"" 6"" 7"" 8"" g"" 10"" TI""",0,21,o,"o""",,22.00
ssr,13,"oOo"" dd 2"" 3"" 4q"" 5"" 6"" 7"" 8"" g"" 10"" TI""",0,21,1,"1""",,22.08
ssr,13,"oOo"" dd 2"" 3"" 4q"" 5"" 6"" 7"" 8"" g"" 10"" TI""",0,21,2,"2""",,22.17
ssr,13,"oOo"" dd 2"" 3"" 4q"" 5"" 6"" 7"" 8"" g"" 10"" TI""",0,21,3,"3""",,22.25
ssr,13,"oOo"" dd 2"" 3"" 4q"" 5"" 6"" 7"" 8"" g"" 10"" TI""",0,21,4,"4""",,22.34
ssr,13,"oOo"" dd 2"" 3"" 4q"" 5"" 6"" 7"" 8"" g"" 10"" TI""",0,21,5,"5""",,22.42
ssr,13,"oOo"" dd 2"" 3"" 4q"" 5"" 6"" 7"" 8"" g"" 10"" TI""",0,21,6,"6""",,22.50
ssr,13,"oOo"" dd 2"" 3"" 4q"" 5"" 6"" 7"" 8"" g"" 10"" TI""",0,21,7,"7""",,22.59
ssr,13,"oOo"" dd 2"" 3"" 4q"" 5"" 6"" 7"" 8"" g"" 10"" TI""",0,21,8,"8""",,22.67
ssr,13,"oOo"" dd 2"" 3"" 4q"" 5"" 6"" 7"" 8"" g"" 10"" TI""",0,21,9,"9""",,22.75
ssr,13,"oOo"" dd 2"" 3"" 4q"" 5"" 6"" 7"" 8"" g"" 10"" TI""",0,21,10,"10""",,22.84
ssr,13,"oOo"" dd 2"" 3"" 4q"" 5"" 6"" 7"" 8"" g"" 10"" TI""",0,21,n,"n""",,22.92
ssr,13,"oOo"" dd 2"" 3"" 4q"" 5"" 6"" 7"" 8"" g"" 10"" TI""",0,22,column_1,,,23 FT.
ssr,13,"oOo"" dd 2"" 3"" 4q"" 5"" 6"" 7"" 8"" g"" 10"" TI""",0,22,o,"o""",,23.00
ssr,13,"oOo"" dd 2"" 3"" 4q"" 5"" 6"" 7"" 8"" g"" 10"" TI""",0,22,1,"1""",,23.08
ssr,13,"oOo"" dd 2"" 3"" 4q"" 5"" 6"" 7"" 8"" g"" 10"" TI""",0,22,2,"2""",,23.17
ssr,13,"oOo"" dd 2"" 3"" 4q"" 5"" 6"" 7"" 8"" g"" 10"" TI""",0,22,3,"3""",,23.25
ssr,13,"oOo"" dd 2"" 3"" 4q"" 5"" 6"" 7"" 8"" g"" 10"" TI""",0,22,4,"4""",,23.34
ssr,13,"oOo"" dd 2"" 3"" 4q"" 5"" 6"" 7"" 8"" g"" 10"" TI""",0,22,5,"5""",,23.42
ssr,13,"oOo"" dd 2"" 3"" 4q"" 5"" 6"" 7"" 8"" g"" 10"" TI""",0,22,6,"6""",,23.50
ssr,13,"oOo"" dd 2"" 3"" 4q"" 5"" 6"" 7"" 8"" g"" 10"" TI""",0,22,7,"7""",,23.59
ssr,13,"oOo"" dd 2"" 3"" 4q"" 5"" 6"" 7"" 8"" g"" 10"" TI""",0,22,8,"8""",,23.67
ssr,13,"oOo"" dd 2"" 3"" 4q"" 5"" 6"" 7"" 8"" g"" 10"" TI""",0,22,9,"9""",,23.75
ssr,13,"oOo"" dd 2"" 3"" 4q"" 5"" 6"" 7"" 8"" g"" 10"" TI""",0,22,10,"10""",,23.84
ssr,13,"oOo"" dd 2"" 3"" 4q"" 5"" 6"" 7"" 8"" g"" 10"" TI""",0,22,n,"n""",,23.92
ssr,13,"oOo"" dd 2"" 3"" 4q"" 5"" 6"" 7"" 8"" g"" 10"" TI""",0,23,column_1,,,24 FT.
ssr,13,"oOo"" dd 2"" 3"" 4q"" 5"" 6"" 7"" 8"" g"" 10"" TI""",0,23,o,"o""",,24.00
ssr,13,"oOo"" dd 2"" 3"" 4q"" 5"" 6"" 7"" 8"" g"" 10"" TI""",0,23,1,"1""",,24.08
ssr,13,"oOo"" dd 2"" 3"" 4q"" 5"" 6"" 7"" 8"" g"" 10"" TI""",0,23,2,"2""",,24.17
ssr,13,"oOo"" dd 2"" 3"" 4q"" 5"" 6"" 7"" 8"" g"" 10"" TI""",0,23,3,"3""",,24.25
ssr,13,"oOo"" dd 2"" 3"" 4q"" 5"" 6"" 7"" 8"" g"" 10"" TI""",0,23,4,"4""",,24.34
ssr,13,"oOo"" dd 2"" 3"" 4q"" 5"" 6"" 7"" 8"" g"" 10"" TI""",0,23,5,"5""",,24.42
ssr,13,"oOo"" dd 2"" 3"" 4q"" 5"" 6"" 7"" 8"" g"" 10"" TI""",0,23,6,"6""",,24.50
ssr,13,"oOo"" dd 2"" 3"" 4q"" 5"" 6"" 7"" 8"" g"" 10"" TI""",0,23,7,"7""",,24.59
ssr,13,"oOo"" dd 2"" 3"" 4q"" 5"" 6"" 7"" 8"" g"" 10"" TI""",0,23,8,"8""",,24.67
ssr,13,"oOo"" dd 2"" 3"" 4q"" 5"" 6"" 7"" 8"" g"" 10"" TI""",0,23,9,"9""",,24.75
ssr,13,"oOo"" dd 2"" 3"" 4q"" 5"" 6"" 7"" 8"" g"" 10"" TI""",0,23,10,"10""",,24.84
ssr,13,"oOo"" dd 2"" 3"" 4q"" 5"" 6"" 7"" 8"" g"" 10"" TI""",0,23,n,"n""",,24.92
ssr,13,"oOo"" dd 2"" 3"" 4q"" 5"" 6"" 7"" 8"" g"" 10"" TI""",0,24,column_1,,,95 FT
ssr,13,"oOo"" dd 2"" 3"" 4q"" 5"" 6"" 7"" 8"" g"" 10"" TI""",0,24,o,"o""",,25.00
ssr,13,"oOo"" dd 2"" 3"" 4q"" 5"" 6"" 7"" 8"" g"" 10"" TI""",0,24,1,"1""",,25.08
ssr,13,"oOo"" dd 2"" 3"" 4q"" 5"" 6"" 7"" 8"" g"" 10"" TI""",0,24,2,"2""",,25.17
ssr,13,"oOo"" dd 2"" 3"" 4q"" 5"" 6"" 7"" 8"" g"" 10"" TI""",0,24,3,"3""",,25.25
ssr,13,"oOo"" dd 2"" 3"" 4q"" 5"" 6"" 7"" 8"" g"" 10"" TI""",0,24,4,"4""",,25.34
ssr,13,"oOo"" dd 2"" 3"" 4q"" 5"" 6"" 7"" 8"" g"" 10"" TI""",0,24,5,"5""",,25.42
ssr,13,"oOo"" dd 2"" 3"" 4q"" 5"" 6"" 7"" 8"" g"" 10"" TI""",0,24,6,"6""",,25.50
ssr,13,"oOo"" dd 2"" 3"" 4q"" 5"" 6"" 7"" 8"" g"" 10"" TI""",0,24,7,"7""",,25.59
ssr,13,"oOo"" dd 2"" 3"" 4q"" 5"" 6"" 7"" 8"" g"" 10"" TI""",0,24,8,"8""",,25.67
ssr,13,"oOo"" dd 2"" 3"" 4q"" 5"" 6"" 7"" 8"" g"" 10"" TI""",0,24,9,"9""",,25.75
ssr,13,"oOo"" dd 2"" 3"" 4q"" 5"" 6"" 7"" 8"" g"" 10"" TI""",0,24,10,"10""",,25.84
ssr,13,"oOo"" dd 2"" 3"" 4q"" 5"" 6"" 7"" 8"" g"" 10"" TI""",0,24,n,"n""",,25.92
ssr,13,"oOo"" dd 2"" 3"" 4q"" 5"" 6"" 7"" 8"" g"" 10"" TI""",0,25,column_1,,,26 FT.
ssr,13,"oOo"" dd 2"" 3"" 4q"" 5"" 6"" 7"" 8"" g"" 10"" TI""",0,25,o,"o""",,26.00
ssr,13,"oOo"" dd 2"" 3"" 4q"" 5"" 6"" 7"" 8"" g"" 10"" TI""",0,25,1,"1""",,26.08
ssr,13,"oOo"" dd 2"" 3"" 4q"" 5"" 6"" 7"" 8"" g"" 10"" TI""",0,25,2,"2""",,26.17
ssr,13,"oOo"" dd 2"" 3"" 4q"" 5"" 6"" 7"" 8"" g"" 10"" TI""",0,25,3,"3""",,26.25
ssr,13,"oOo"" dd 2"" 3"" 4q"" 5"" 6"" 7"" 8"" g"" 10"" TI""",0,25,4,"4""",,26.34
ssr,13,"oOo"" dd 2"" 3"" 4q"" 5"" 6"" 7"" 8"" g"" 10"" TI""",0,25,5,"5""",,26.42
ssr,13,"oOo"" dd 2"" 3"" 4q"" 5"" 6"" 7"" 8"" g"" 10"" TI""",0,25,6,"6""",,26.50
ssr,13,"oOo"" dd 2"" 3"" 4q"" 5"" 6"" 7"" 8"" g"" 10"" TI""",0,25,7,"7""",,26.59
ssr,13,"oOo"" dd 2"" 3"" 4q"" 5"" 6"" 7"" 8"" g"" 10"" TI""",0,25,8,"8""",,26.67
ssr,13,"oOo"" dd 2"" 3"" 4q"" 5"" 6"" 7"" 8"" g"" 10"" TI""",0,25,9,"9""",,26.75
ssr,13,"oOo"" dd 2"" 3"" 4q"" 5"" 6"" 7"" 8"" g"" 10"" TI""",0,25,10,"10""",,26.84
ssr,13,"oOo"" dd 2"" 3"" 4q"" 5"" 6"" 7"" 8"" g"" 10"" TI""",0,25,n,"n""",,26.92
ssr,13,"oOo"" dd 2"" 3"" 4q"" 5"" 6"" 7"" 8"" g"" 10"" TI""",0,26,column_1,,,27 FT.
ssr,13,"oOo"" dd 2"" 3"" 4q"" 5"" 6"" 7"" 8"" g"" 10"" TI""",0,26,o,"o""",,27.00
ssr,13,"oOo"" dd 2"" 3"" 4q"" 5"" 6"" 7"" 8"" g"" 10"" TI""",0,26,1,"1""",,27.08
ssr,13,"oOo"" dd 2"" 3"" 4q"" 5"" 6"" 7"" 8"" g"" 10"" TI""",0,26,2,"2""",,27.17
ssr,13,"oOo"" dd 2"" 3"" 4q"" 5"" 6"" 7"" 8"" g"" 10"" TI""",0,26,3,"3""",,27.25
ssr,13,"oOo"" dd 2"" 3"" 4q"" 5"" 6"" 7"" 8"" g"" 10"" TI""",0,26,4,"4""",,27.34
ssr,13,"oOo"" dd 2"" 3"" 4q"" 5"" 6"" 7"" 8"" g"" 10"" TI""",0,26,5,"5""",,27.42
ssr,13,"oOo"" dd 2"" 3"" 4q"" 5"" 6"" 7"" 8"" g"" 10"" TI""",0,26,6,"6""",,27.50
ssr,13,"oOo"" dd 2"" 3"" 4q"" 5"" 6"" 7"" 8"" g"" 10"" TI""",0,26,7,"7""",,27.59
ssr,13,"oOo"" dd 2"" 3"" 4q"" 5"" 6"" 7"" 8"" g"" 10"" TI""",0,26,8,"8""",,27.67
ssr,13,"oOo"" dd 2"" 3"" 4q"" 5"" 6"" 7"" 8"" g"" 10"" TI""",0,26,9,"9""",,27.75
ssr,13,"oOo"" dd 2"" 3"" 4q"" 5"" 6"" 7"" 8"" g"" 10"" TI""",0,26,10,"10""",,27.84
ssr,13,"oOo"" dd 2"" 3"" 4q"" 5"" 6"" 7"" 8"" g"" 10"" TI""",0,26,n,"n""",,27.92
ssr,13,"oOo"" dd 2"" 3"" 4q"" 5"" 6"" 7"" 8"" g"" 10"" TI""",0,27,column_1,,,28 FT.
ssr,13,"oOo"" dd 2"" 3"" 4q"" 5"" 6"" 7"" 8"" g"" 10"" TI""",0,27,o,"o""",,28.00
ssr,13,"oOo"" dd 2"" 3"" 4q"" 5"" 6"" 7"" 8"" g"" 10"" TI""",0,27,1,"1""",,28.08
ssr,13,"oOo"" dd 2"" 3"" 4q"" 5"" 6"" 7"" 8"" g"" 10"" TI""",0,27,2,"2""",,28.17
ssr,13,"oOo"" dd 2"" 3"" 4q"" 5"" 6"" 7"" 8"" g"" 10"" TI""",0,27,3,"3""",,28.25
ssr,13,"oOo"" dd 2"" 3"" 4q"" 5"" 6"" 7"" 8"" g"" 10"" TI""",0,27,4,"4""",,28.34
ssr,13,"oOo"" dd 2"" 3"" 4q"" 5"" 6"" 7"" 8"" g"" 10"" TI""",0,27,5,"5""",,28.42
ssr,13,"oOo"" dd 2"" 3"" 4q"" 5"" 6"" 7"" 8"" g"" 10"" TI""",0,27,6,"6""",,28.50
ssr,13,"oOo"" dd 2"" 3"" 4q"" 5"" 6"" 7"" 8"" g"" 10"" TI""",0,27,7,"7""",,28.59
ssr,13,"oOo"" dd 2"" 3"" 4q"" 5"" 6"" 7"" 8"" g"" 10"" TI""",0,27,8,"8""",,28.67
ssr,13,"oOo"" dd 2"" 3"" 4q"" 5"" 6"" 7"" 8"" g"" 10"" TI""",0,27,9,"9""",,28.75
ssr,13,"oOo"" dd 2"" 3"" 4q"" 5"" 6"" 7"" 8"" g"" 10"" TI""",0,27,10,"10""",,28.84
ssr,13,"oOo"" dd 2"" 3"" 4q"" 5"" 6"" 7"" 8"" g"" 10"" TI""",0,27,n,"n""",,28.92
ssr,13,"oOo"" dd 2"" 3"" 4q"" 5"" 6"" 7"" 8"" g"" 10"" TI""",0,28,column_1,,,29 FT.
ssr,13,"oOo"" dd 2"" 3"" 4q"" 5"" 6"" 7"" 8"" g"" 10"" TI""",0,28,o,"o""",,29.00
ssr,13,"oOo"" dd 2"" 3"" 4q"" 5"" 6"" 7"" 8"" g"" 10"" TI""",0,28,1,"1""",,29.08
ssr,13,"oOo"" dd 2"" 3"" 4q"" 5"" 6"" 7"" 8"" g"" 10"" TI""",0,28,2,"2""",,29.17
ssr,13,"oOo"" dd 2"" 3"" 4q"" 5"" 6"" 7"" 8"" g"" 10"" TI""",0,28,3,"3""",,29.25
ssr,13,"oOo"" dd 2"" 3"" 4q"" 5"" 6"" 7"" 8"" g"" 10"" TI""",0,28,4,"4""",,29.34
ssr,13,"oOo"" dd 2"" 3"" 4q"" 5"" 6"" 7"" 8"" g"" 10"" TI""",0,28,5,"5""",,29.42
ssr,13,"oOo"" dd 2"" 3"" 4q"" 5"" 6"" 7"" 8"" g"" 10"" TI""",0,28,6,"6""",,29.50
ssr,13,"oOo"" dd 2"" 3"" 4q"" 5"" 6"" 7"" 8"" g"" 10"" TI""",0,28,7,"7""",,29.59
ssr,13,"oOo"" dd 2"" 3"" 4q"" 5"" 6"" 7"" 8"" g"" 10"" TI""",0,28,8,"8""",,29.67
ssr,13,"oOo"" dd 2"" 3"" 4q"" 5"" 6"" 7"" 8"" g"" 10"" TI""",0,28,9,"9""",,29.75
ssr,13,"oOo"" dd 2"" 3"" 4q"" 5"" 6"" 7"" 8"" g"" 10"" TI""",0,28,10,"10""",,29.84
ssr,13,"oOo"" dd 2"" 3"" 4q"" 5"" 6"" 7"" 8"" g"" 10"" TI""",0,28,n,"n""",,29.92
ssr,13,"oOo"" dd 2"" 3"" 4q"" 5"" 6"" 7"" 8"" g"" 10"" TI""",0,29,column_1,,,30 FT.
ssr,13,"oOo"" dd 2"" 3"" 4q"" 5"" 6"" 7"" 8"" g"" 10"" TI""",0,29,o,"o""",,30.00
ssr,13,"oOo"" dd 2"" 3"" 4q"" 5"" 6"" 7"" 8"" g"" 10"" TI""",0,29,1,"1""",,30.08
ssr,13,"oOo"" dd 2"" 3"" 4q"" 5"" 6"" 7"" 8"" g"" 10"" TI""",0,29,2,"2""",,30.17
ssr,13,"oOo"" dd 2"" 3"" 4q"" 5"" 6"" 7"" 8"" g"" 10"" TI""",0,29,3,"3""",,30.25
ssr,13,"oOo"" dd 2"" 3"" 4q"" 5"" 6"" 7"" 8"" g"" 10"" TI""",0,29,4,"4""",,30.34
ssr,13,"oOo"" dd 2"" 3"" 4q"" 5"" 6"" 7"" 8"" g"" 10"" TI""",0,29,5,"5""",,30.42
ssr,13,"oOo"" dd 2"" 3"" 4q"" 5"" 6"" 7"" 8"" g"" 10"" TI""",0,29,6,"6""",,30.50
ssr,13,"oOo"" dd 2"" 3"" 4q"" 5"" 6"" 7"" 8"" g"" 10"" TI""",0,29,7,"7""",,30.59
ssr,13,"oOo"" dd 2"" 3"" 4q"" 5"" 6"" 7"" 8"" g"" 10"" TI""",0,29,8,"8""",,30.67
ssr,13,"oOo"" dd 2"" 3"" 4q"" 5"" 6"" 7"" 8"" g"" 10"" TI""",0,29,9,"9""",,30.75
ssr,13,"oOo"" dd 2"" 3"" 4q"" 5"" 6"" 7"" 8"" g"" 10"" TI""",0,29,10,"10""",,30.84
ssr,13,"oOo"" dd 2"" 3"" 4q"" 5"" 6"" 7"" 8"" g"" 10"" TI""",0,29,n,"n""",,30.92
ssr,13,"oOo"" dd 2"" 3"" 4q"" 5"" 6"" 7"" 8"" g"" 10"" TI""",0,30,column_1,,,31 FT.
ssr,13,"oOo"" dd 2"" 3"" 4q"" 5"" 6"" 7"" 8"" g"" 10"" TI""",0,30,o,"o""",,31.00
ssr,13,"oOo"" dd 2"" 3"" 4q"" 5"" 6"" 7"" 8"" g"" 10"" TI""",0,30,1,"1""",,31.08
ssr,13,"oOo"" dd 2"" 3"" 4q"" 5"" 6"" 7"" 8"" g"" 10"" TI""",0,30,2,"2""",,31.17
ssr,13,"oOo"" dd 2"" 3"" 4q"" 5"" 6"" 7"" 8"" g"" 10"" TI""",0,30,3,"3""",,31.25
ssr,13,"oOo"" dd 2"" 3"" 4q"" 5"" 6"" 7"" 8"" g"" 10"" TI""",0,30,4,"4""",,31.34
ssr,13,"oOo"" dd 2"" 3"" 4q"" 5"" 6"" 7"" 8"" g"" 10"" TI""",0,30,5,"5""",,31.42
ssr,13,"oOo"" dd 2"" 3"" 4q"" 5"" 6"" 7"" 8"" g"" 10"" TI""",0,30,6,"6""",,31.50
ssr,13,"oOo"" dd 2"" 3"" 4q"" 5"" 6"" 7"" 8"" g"" 10"" TI""",0,30,7,"7""",,31.59
ssr,13,"oOo"" dd 2"" 3"" 4q"" 5"" 6"" 7"" 8"" g"" 10"" TI""",0,30,8,"8""",,31.67
ssr,13,"oOo"" dd 2"" 3"" 4q"" 5"" 6"" 7"" 8"" g"" 10"" TI""",0,30,9,"9""",,31.75
ssr,13,"oOo"" dd 2"" 3"" 4q"" 5"" 6"" 7"" 8"" g"" 10"" TI""",0,30,10,"10""",,31.84
ssr,13,"oOo"" dd 2"" 3"" 4q"" 5"" 6"" 7"" 8"" g"" 10"" TI""",0,30,n,"n""",,31.92
ssr,13,"oOo"" dd 2"" 3"" 4q"" 5"" 6"" 7"" 8"" g"" 10"" TI""",0,31,column_1,,,32 FT.
ssr,13,"oOo"" dd 2"" 3"" 4q"" 5"" 6"" 7"" 8"" g"" 10"" TI""",0,31,o,"o""",,32.00
ssr,13,"oOo"" dd 2"" 3"" 4q"" 5"" 6"" 7"" 8"" g"" 10"" TI""",0,31,1,"1""",,32.08
ssr,13,"oOo"" dd 2"" 3"" 4q"" 5"" 6"" 7"" 8"" g"" 10"" TI""",0,31,2,"2""",,32.17
ssr,13,"oOo"" dd 2"" 3"" 4q"" 5"" 6"" 7"" 8"" g"" 10"" TI""",0,31,3,"3""",,32.25
ssr,13,"oOo"" dd 2"" 3"" 4q"" 5"" 6"" 7"" 8"" g"" 10"" TI""",0,31,4,"4""",,32.34
ssr,13,"oOo"" dd 2"" 3"" 4q"" 5"" 6"" 7"" 8"" g"" 10"" TI""",0,31,5,"5""",,32.42
ssr,13,"oOo"" dd 2"" 3"" 4q"" 5"" 6"" 7"" 8"" g"" 10"" TI""",0,31,6,"6""",,32.50
ssr,13,"oOo"" dd 2"" 3"" 4q"" 5"" 6"" 7"" 8"" g"" 10"" TI""",0,31,7,"7""",,32.59
ssr,13,"oOo"" dd 2"" 3"" 4q"" 5"" 6"" 7"" 8"" g"" 10"" TI""",0,31,8,"8""",,32.67
ssr,13,"oOo"" dd 2"" 3"" 4q"" 5"" 6"" 7"" 8"" g"" 10"" TI""",0,31,9,"9""",,32.75
ssr,13,"oOo"" dd 2"" 3"" 4q"" 5"" 6"" 7"" 8"" g"" 10"" TI""",0,31,10,"10""",,32.84
ssr,13,"oOo"" dd 2"" 3"" 4q"" 5"" 6"" 7"" 8"" g"" 10"" TI""",0,31,n,"n""",,32.92
ssr,13,"oOo"" dd 2"" 3"" 4q"" 5"" 6"" 7"" 8"" g"" 10"" TI""",0,32,column_1,,,33 FT.
ssr,13,"oOo"" dd 2"" 3"" 4q"" 5"" 6"" 7"" 8"" g"" 10"" TI""",0,32,o,"o""",,33.00
ssr,13,"oOo"" dd 2"" 3"" 4q"" 5"" 6"" 7"" 8"" g"" 10"" TI""",0,32,1,"1""",,33.08
ssr,13,"oOo"" dd 2"" 3"" 4q"" 5"" 6"" 7"" 8"" g"" 10"" TI""",0,32,2,"2""",,33.17
ssr,13,"oOo"" dd 2"" 3"" 4q"" 5"" 6"" 7"" 8"" g"" 10"" TI""",0,32,3,"3""",,33.25
ssr,13,"oOo"" dd 2"" 3"" 4q"" 5"" 6"" 7"" 8"" g"" 10"" TI""",0,32,4,"4""",,33.34
ssr,13,"oOo"" dd 2"" 3"" 4q"" 5"" 6"" 7"" 8"" g"" 10"" TI""",0,32,5,"5""",,33.42
ssr,13,"oOo"" dd 2"" 3"" 4q"" 5"" 6"" 7"" 8"" g"" 10"" TI""",0,32,6,"6""",,33.50
ssr,13,"oOo"" dd 2"" 3"" 4q"" 5"" 6"" 7"" 8"" g"" 10"" TI""",0,32,7,"7""",,33.59
ssr,13,"oOo"" dd 2"" 3"" 4q"" 5"" 6"" 7"" 8"" g"" 10"" TI""",0,32,8,"8""",,33.67
ssr,13,"oOo"" dd 2"" 3"" 4q"" 5"" 6"" 7"" 8"" g"" 10"" TI""",0,32,9,"9""",,33.75
ssr,13,"oOo"" dd 2"" 3"" 4q"" 5"" 6"" 7"" 8"" g"" 10"" TI""",0,32,10,"10""",,33.84
ssr,13,"oOo"" dd 2"" 3"" 4q"" 5"" 6"" 7"" 8"" g"" 10"" TI""",0,32,n,"n""",,33.92
ssr,13,"oOo"" dd 2"" 3"" 4q"" 5"" 6"" 7"" 8"" g"" 10"" TI""",0,33,column_1,,,34 FT.
ssr,13,"oOo"" dd 2"" 3"" 4q"" 5"" 6"" 7"" 8"" g"" 10"" TI""",0,33,o,"o""",,34.00
ssr,13,"oOo"" dd 2"" 3"" 4q"" 5"" 6"" 7"" 8"" g"" 10"" TI""",0,33,1,"1""",,34.08
ssr,13,"oOo"" dd 2"" 3"" 4q"" 5"" 6"" 7"" 8"" g"" 10"" TI""",0,33,2,"2""",,34.17
ssr,13,"oOo"" dd 2"" 3"" 4q"" 5"" 6"" 7"" 8"" g"" 10"" TI""",0,33,3,"3""",,34.25
ssr,13,"oOo"" dd 2"" 3"" 4q"" 5"" 6"" 7"" 8"" g"" 10"" TI""",0,33,4,"4""",,34.34
ssr,13,"oOo"" dd 2"" 3"" 4q"" 5"" 6"" 7"" 8"" g"" 10"" TI""",0,33,5,"5""",,34.42
ssr,13,"oOo"" dd 2"" 3"" 4q"" 5"" 6"" 7"" 8"" g"" 10"" TI""",0,33,6,"6""",,34.50
ssr,13,"oOo"" dd 2"" 3"" 4q"" 5"" 6"" 7"" 8"" g"" 10"" TI""",0,33,7,"7""",,34.59
ssr,13,"oOo"" dd 2"" 3"" 4q"" 5"" 6"" 7"" 8"" g"" 10"" TI""",0,33,8,"8""",,34.67
ssr,13,"oOo"" dd 2"" 3"" 4q"" 5"" 6"" 7"" 8"" g"" 10"" TI""",0,33,9,"9""",,34.75
ssr,13,"oOo"" dd 2"" 3"" 4q"" 5"" 6"" 7"" 8"" g"" 10"" TI""",0,33,10,"10""",,34.84
ssr,13,"oOo"" dd 2"" 3"" 4q"" 5"" 6"" 7"" 8"" g"" 10"" TI""",0,33,n,"n""",,34.92
ssr,13,"oOo"" dd 2"" 3"" 4q"" 5"" 6"" 7"" 8"" g"" 10"" TI""",0,34,column_1,,,45 ET
ssr,13,"oOo"" dd 2"" 3"" 4q"" 5"" 6"" 7"" 8"" g"" 10"" TI""",0,34,o,"o""",,35.00
ssr,13,"oOo"" dd 2"" 3"" 4q"" 5"" 6"" 7"" 8"" g"" 10"" TI""",0,34,1,"1""",,35.08
ssr,13,"oOo"" dd 2"" 3"" 4q"" 5"" 6"" 7"" 8"" g"" 10"" TI""",0,34,2,"2""",,35.17
ssr,13,"oOo"" dd 2"" 3"" 4q"" 5"" 6"" 7"" 8"" g"" 10"" TI""",0,34,3,"3""",,35.25
ssr,13,"oOo"" dd 2"" 3"" 4q"" 5"" 6"" 7"" 8"" g"" 10"" TI""",0,34,4,"4""",,35.34
ssr,13,"oOo"" dd 2"" 3"" 4q"" 5"" 6"" 7"" 8"" g"" 10"" TI""",0,34,5,"5""",,35.42
ssr,13,"oOo"" dd 2"" 3"" 4q"" 5"" 6"" 7"" 8"" g"" 10"" TI""",0,34,6,"6""",,35.50
ssr,13,"oOo"" dd 2"" 3"" 4q"" 5"" 6"" 7"" 8"" g"" 10"" TI""",0,34,7,"7""",,35.59
ssr,13,"oOo"" dd 2"" 3"" 4q"" 5"" 6"" 7"" 8"" g"" 10"" TI""",0,34,8,"8""",,35.67
ssr,13,"oOo"" dd 2"" 3"" 4q"" 5"" 6"" 7"" 8"" g"" 10"" TI""",0,34,9,"9""",,35.75
ssr,13,"oOo"" dd 2"" 3"" 4q"" 5"" 6"" 7"" 8"" g"" 10"" TI""",0,34,10,"10""",,35.84
ssr,13,"oOo"" dd 2"" 3"" 4q"" 5"" 6"" 7"" 8"" g"" 10"" TI""",0,34,n,"n""",,35.92
ssr,13,"oOo"" dd 2"" 3"" 4q"" 5"" 6"" 7"" 8"" g"" 10"" TI""",0,35,column_1,,,56 FT.
ssr,13,"oOo"" dd 2"" 3"" 4q"" 5"" 6"" 7"" 8"" g"" 10"" TI""",0,35,o,"o""",,36.00
ssr,13,"oOo"" dd 2"" 3"" 4q"" 5"" 6"" 7"" 8"" g"" 10"" TI""",0,35,1,"1""",,36.08
ssr,13,"oOo"" dd 2"" 3"" 4q"" 5"" 6"" 7"" 8"" g"" 10"" TI""",0,35,2,"2""",,36.17
ssr,13,"oOo"" dd 2"" 3"" 4q"" 5"" 6"" 7"" 8"" g"" 10"" TI""",0,35,3,"3""",,36.25
ssr,13,"oOo"" dd 2"" 3"" 4q"" 5"" 6"" 7"" 8"" g"" 10"" TI""",0,35,4,"4""",,36.34
ssr,13,"oOo"" dd 2"" 3"" 4q"" 5"" 6"" 7"" 8"" g"" 10"" TI""",0,35,5,"5""",,36.42
ssr,13,"oOo"" dd 2"" 3"" 4q"" 5"" 6"" 7"" 8"" g"" 10"" TI""",0,35,6,"6""",,36.50
ssr,13,"oOo"" dd 2"" 3"" 4q"" 5"" 6"" 7"" 8"" g"" 10"" TI""",0,35,7,"7""",,36.59
ssr,13,"oOo"" dd 2"" 3"" 4q"" 5"" 6"" 7"" 8"" g"" 10"" TI""",0,35,8,"8""",,36.67
ssr,13,"oOo"" dd 2"" 3"" 4q"" 5"" 6"" 7"" 8"" g"" 10"" TI""",0,35,9,"9""",,36.75
ssr,13,"oOo"" dd 2"" 3"" 4q"" 5"" 6"" 7"" 8"" g"" 10"" TI""",0,35,10,"10""",,36.84
ssr,13,"oOo"" dd 2"" 3"" 4q"" 5"" 6"" 7"" 8"" g"" 10"" TI""",0,35,n,"n""",,36.92
ssr,13,"oOo"" dd 2"" 3"" 4q"" 5"" 6"" 7"" 8"" g"" 10"" TI""",0,36,column_1,,,37 FT.
ssr,13,"oOo"" dd 2"" 3"" 4q"" 5"" 6"" 7"" 8"" g"" 10"" TI""",0,36,o,"o""",,37.00
ssr,13,"oOo"" dd 2"" 3"" 4q"" 5"" 6"" 7"" 8"" g"" 10"" TI""",0,36,1,"1""",,37.08
ssr,13,"oOo"" dd 2"" 3"" 4q"" 5"" 6"" 7"" 8"" g"" 10"" TI""",0,36,2,"2""",,37.17
ssr,13,"oOo"" dd 2"" 3"" 4q"" 5"" 6"" 7"" 8"" g"" 10"" TI""",0,36,3,"3""",,37.25
ssr,13,"oOo"" dd 2"" 3"" 4q"" 5"" 6"" 7"" 8"" g"" 10"" TI""",0,36,4,"4""",,37.34
ssr,13,"oOo"" dd 2"" 3"" 4q"" 5"" 6"" 7"" 8"" g"" 10"" TI""",0,36,5,"5""",,37.42
ssr,13,"oOo"" dd 2"" 3"" 4q"" 5"" 6"" 7"" 8"" g"" 10"" TI""",0,36,6,"6""",,37.50
ssr,13,"oOo"" dd 2"" 3"" 4q"" 5"" 6"" 7"" 8"" g"" 10"" TI""",0,36,7,"7""",,37.59
ssr,13,"oOo"" dd 2"" 3"" 4q"" 5"" 6"" 7"" 8"" g"" 10"" TI""",0,36,8,"8""",,37.67
ssr,13,"oOo"" dd 2"" 3"" 4q"" 5"" 6"" 7"" 8"" g"" 10"" TI""",0,36,9,"9""",,37.75
ssr,13,"oOo"" dd 2"" 3"" 4q"" 5"" 6"" 7"" 8"" g"" 10"" TI""",0,36,10,"10""",,37.84
ssr,13,"oOo"" dd 2"" 3"" 4q"" 5"" 6"" 7"" 8"" g"" 10"" TI""",0,36,n,"n""",,37.92
ssr,13,"oOo"" dd 2"" 3"" 4q"" 5"" 6"" 7"" 8"" g"" 10"" TI""",0,37,column_1,,,38 FT.
ssr,13,"oOo"" dd 2"" 3"" 4q"" 5"" 6"" 7"" 8"" g"" 10"" TI""",0,37,o,"o""",,38.00
ssr,13,"oOo"" dd 2"" 3"" 4q"" 5"" 6"" 7"" 8"" g"" 10"" TI""",0,37,1,"1""",,38.08
ssr,13,"oOo"" dd 2"" 3"" 4q"" 5"" 6"" 7"" 8"" g"" 10"" TI""",0,37,2,"2""",,38.17
ssr,13,"oOo"" dd 2"" 3"" 4q"" 5"" 6"" 7"" 8"" g"" 10"" TI""",0,37,3,"3""",,38.25
ssr,13,"oOo"" dd 2"" 3"" 4q"" 5"" 6"" 7"" 8"" g"" 10"" TI""",0,37,4,"4""",,38.34
ssr,13,"oOo"" dd 2"" 3"" 4q"" 5"" 6"" 7"" 8"" g"" 10"" TI""",0,37,5,"5""",,38.42
ssr,13,"oOo"" dd 2"" 3"" 4q"" 5"" 6"" 7"" 8"" g"" 10"" TI""",0,37,6,"6""",,38.50
ssr,13,"oOo"" dd 2"" 3"" 4q"" 5"" 6"" 7"" 8"" g"" 10"" TI""",0,37,7,"7""",,38.59
ssr,13,"oOo"" dd 2"" 3"" 4q"" 5"" 6"" 7"" 8"" g"" 10"" TI""",0,37,8,"8""",,38.67
ssr,13,"oOo"" dd 2"" 3"" 4q"" 5"" 6"" 7"" 8"" g"" 10"" TI""",0,37,9,"9""",,38.75
ssr,13,"oOo"" dd 2"" 3"" 4q"" 5"" 6"" 7"" 8"" g"" 10"" TI""",0,37,10,"10""",,38.84
ssr,13,"oOo"" dd 2"" 3"" 4q"" 5"" 6"" 7"" 8"" g"" 10"" TI""",0,37,n,"n""",,38.92
ssr,13,"oOo"" dd 2"" 3"" 4q"" 5"" 6"" 7"" 8"" g"" 10"" TI""",0,38,column_1,,,39 FT.
ssr,13,"oOo"" dd 2"" 3"" 4q"" 5"" 6"" 7"" 8"" g"" 10"" TI""",0,38,o,"o""",,39.00
ssr,13,"oOo"" dd 2"" 3"" 4q"" 5"" 6"" 7"" 8"" g"" 10"" TI""",0,38,1,"1""",,39.08
ssr,13,"oOo"" dd 2"" 3"" 4q"" 5"" 6"" 7"" 8"" g"" 10"" TI""",0,38,2,"2""",,39.17
ssr,13,"oOo"" dd 2"" 3"" 4q"" 5"" 6"" 7"" 8"" g"" 10"" TI""",0,38,3,"3""",,39.25
ssr,13,"oOo"" dd 2"" 3"" 4q"" 5"" 6"" 7"" 8"" g"" 10"" TI""",0,38,4,"4""",,39.34
ssr,13,"oOo"" dd 2"" 3"" 4q"" 5"" 6"" 7"" 8"" g"" 10"" TI""",0,38,5,"5""",,39.42
ssr,13,"oOo"" dd 2"" 3"" 4q"" 5"" 6"" 7"" 8"" g"" 10"" TI""",0,38,6,"6""",,39.50
ssr,13,"oOo"" dd 2"" 3"" 4q"" 5"" 6"" 7"" 8"" g"" 10"" TI""",0,38,7,"7""",,39.59
ssr,13,"oOo"" dd 2"" 3"" 4q"" 5"" 6"" 7"" 8"" g"" 10"" TI""",0,38,8,"8""",,39.67
ssr,13,"oOo"" dd 2"" 3"" 4q"" 5"" 6"" 7"" 8"" g"" 10"" TI""",0,38,9,"9""",,39.75
ssr,13,"oOo"" dd 2"" 3"" 4q"" 5"" 6"" 7"" 8"" g"" 10"" TI""",0,38,10,"10""",,39.84
ssr,13,"oOo"" dd 2"" 3"" 4q"" 5"" 6"" 7"" 8"" g"" 10"" TI""",0,38,n,"n""",,39.92
ssr,13,"oOo"" dd 2"" 3"" 4q"" 5"" 6"" 7"" 8"" g"" 10"" TI""",0,39,column_1,,,40 ET
ssr,13,"oOo"" dd 2"" 3"" 4q"" 5"" 6"" 7"" 8"" g"" 10"" TI""",0,39,o,"o""",,40.00
ssr,13,"oOo"" dd 2"" 3"" 4q"" 5"" 6"" 7"" 8"" g"" 10"" TI""",0,39,1,"1""",,40.08
ssr,13,"oOo"" dd 2"" 3"" 4q"" 5"" 6"" 7"" 8"" g"" 10"" TI""",0,39,2,"2""",,40.17
ssr,13,"oOo"" dd 2"" 3"" 4q"" 5"" 6"" 7"" 8"" g"" 10"" TI""",0,39,3,"3""",,40.25
ssr,13,"oOo"" dd 2"" 3"" 4q"" 5"" 6"" 7"" 8"" g"" 10"" TI""",0,39,4,"4""",,40.34
ssr,13,"oOo"" dd 2"" 3"" 4q"" 5"" 6"" 7"" 8"" g"" 10"" TI""",0,39,5,"5""",,40.42
ssr,13,"oOo"" dd 2"" 3"" 4q"" 5"" 6"" 7"" 8"" g"" 10"" TI""",0,39,6,"6""",,40.50
ssr,13,"oOo"" dd 2"" 3"" 4q"" 5"" 6"" 7"" 8"" g"" 10"" TI""",0,39,7,"7""",,40.59
ssr,13,"oOo"" dd 2"" 3"" 4q"" 5"" 6"" 7"" 8"" g"" 10"" TI""",0,39,8,"8""",,40.67
ssr,13,"oOo"" dd 2"" 3"" 4q"" 5"" 6"" 7"" 8"" g"" 10"" TI""",0,39,9,"9""",,40.75
ssr,13,"oOo"" dd 2"" 3"" 4q"" 5"" 6"" 7"" 8"" g"" 10"" TI""",0,39,10,"10""",,40.84
ssr,13,"oOo"" dd 2"" 3"" 4q"" 5"" 6"" 7"" 8"" g"" 10"" TI""",0,39,n,"n""",,40.92
ssr,14,"SuperLok' 12""",0,0,gauge,GAUGE,DESCRIPTION,24
ssr,14,"SuperLok' 12""",0,0,coverage,COVERAGE,DESCRIPTION,"12"""
ssr,14,"SuperLok' 12""",0,0,yield_psi,YIELD (PSI),DESCRIPTION,"50,000"
ssr,14,"SuperLok' 12""",0,0,weight_per_sq,WEIGHT PER SQ.,DESCRIPTION,154#
ssr,14,"SuperLok' 12""",0,0,finish,FINISH*,DESCRIPTION,Galvalume' Plus &
ssr,14,"SuperLok' 12""",0,0,price,PRICE,,✓
ssr,14,"SuperLok' 12""",0,1,gauge,GAUGE,DESCRIPTION,24
ssr,14,"SuperLok' 12""",0,1,coverage,COVERAGE,DESCRIPTION,"12"""
ssr,14,"SuperLok' 12""",0,1,yield_psi,YIELD (PSI),DESCRIPTION,"50,000"
ssr,14,"SuperLok' 12""",0,1,weight_per_sq,WEIGHT PER SQ.,DESCRIPTION,154#
ssr,14,"SuperLok' 12""",0,1,finish,FINISH*,DESCRIPTION,Signature' 200
ssr,14,"SuperLok' 12""",0,1,price,PRICE,,✓
ssr,14,"SuperLok' 12""",0,2,gauge,GAUGE,DESCRIPTION,24
ssr,14,"SuperLok' 12""",0,2,coverage,COVERAGE,DESCRIPTION,"12"""
ssr,14,"SuperLok' 12""",0,2,yield_psi,YIELD (PSI),DESCRIPTION,"50,000"
ssr,14,"SuperLok' 12""",0,2,weight_per_sq,WEIGHT PER SQ.,DESCRIPTION,154#
ssr,14,"SuperLok' 12""",0,2,finish,FINISH*,DESCRIPTION,Signature' 300
ssr,14,"SuperLok' 12""",0,2,price,PRICE,,✓
ssr,14,"SuperLok' 12""",0,3,gauge,GAUGE,DESCRIPTION,24
ssr,14,"SuperLok' 12""",0,3,coverage,COVERAGE,DESCRIPTION,"12"""
ssr,14,"SuperLok' 12""",0,3,yield_psi,YIELD (PSI),DESCRIPTION,"50,000"
ssr,14,"SuperLok' 12""",0,3,weight_per_sq,WEIGHT PER SQ.,DESCRIPTION,154#
ssr,14,"SuperLok' 12""",0,3,finish,FINISH*,DESCRIPTION,Signature' 300 Metallic
ssr,14,"SuperLok' 12""",0,3,price,PRICE,,Please Inquire
ssr,14,"SuperLok' 12""",0,4,gauge,GAUGE,DESCRIPTION,22
ssr,14,"SuperLok' 12""",0,4,coverage,COVERAGE,DESCRIPTION,"12"""
ssr,14,"SuperLok' 12""",0,4,yield_psi,YIELD (PSI),DESCRIPTION,"50,000"
ssr,14,"SuperLok' 12""",0,4,weight_per_sq,WEIGHT PER SQ.,DESCRIPTION,193#
ssr,14,"SuperLok' 12""",0,4,finish,FINISH*,DESCRIPTION,Galvalume' Plus &
ssr,14,"SuperLok' 12""",0,4,price,PRICE,,Please Inquire
ssr,14,"SuperLok' 12""",0,5,gauge,GAUGE,DESCRIPTION,22
ssr,14,"SuperLok' 12""",0,5,coverage,COVERAGE,DESCRIPTION,"12"""
ssr,14,"SuperLok' 12""",0,5,yield_psi,YIELD (PSI),DESCRIPTION,"50,000"
ssr,14,"SuperLok' 12""",0,5,weight_per_sq,WEIGHT PER SQ.,DESCRIPTION,193#
ssr,14,"SuperLok' 12""",0,5,finish,FINISH*,DESCRIPTION,Signature' 200
ssr,14,"SuperLok' 12""",0,5,price,PRICE,,Please Inquire
ssr,14,"SuperLok' 12""",0,6,gauge,GAUGE,DESCRIPTION,22
ssr,14,"SuperLok' 12""",0,6,coverage,COVERAGE,DESCRIPTION,"12"""
ssr,14,"SuperLok' 12""",0,6,yield_psi,YIELD (PSI),DESCRIPTION,"50,000"
ssr,14,"SuperLok' 12""",0,6,weight_per_sq,WEIGHT PER SQ.,DESCRIPTION,193#
ssr,14,"SuperLok' 12""",0,6,finish,FINISH*,DESCRIPTION,Signature' 300
ssr,14,"SuperLok' 12""",0,6,price,PRICE,,Please Inquire
ssr,14,"SuperLok' 12""",0,7,gauge,GAUGE,DESCRIPTION,22
ssr,14,"SuperLok' 12""",0,7,coverage,COVERAGE,DESCRIPTION,"12"""
ssr,14,"SuperLok' 12""",0,7,yield_psi,YIELD (PSI),DESCRIPTION,"50,000"
ssr,14,"SuperLok' 12""",0,7,weight_per_sq,WEIGHT PER SQ.,DESCRIPTION,193#
ssr,14,"SuperLok' 12""",0,7,finish,FINISH*,DESCRIPTION,Signature' 300 Metallic
ssr,14,"SuperLok' 12""",0,7,price,PRICE,,Please Inquire
ssr,15,Hat Section CHS-1),0,0,part,PART #,DESCRIPTION,HW-3100
ssr,15,Hat Section CHS-1),0,0,gauge,GAUGE,DESCRIPTION,22
ssr,15,Hat Section CHS-1),0,0,finish,FINISH,DESCRIPTION,Galvanized
ssr,15,Hat Section CHS-1),0,0,weight_each,WEIGHT EACH,DESCRIPTION,14.00#
ssr,15,Hat Section CHS-1),0,0,length,LENGTH,DESCRIPTION,"20'-0"""
ssr,15,Hat Section CHS-1),0,0,price,PRICE,,✓
ssr,15,Hat Section CHS-1),0,1,part,PART #,DESCRIPTION,HW-3105
ssr,15,Hat Section CHS-1),0,1,gauge,GAUGE,DESCRIPTION,16
ssr,15,Hat Section CHS-1),0,1,finish,FINISH,DESCRIPTION,Red Oxide
ssr,15,Hat Section CHS-1),0,1,weight_each,WEIGHT EACH,DESCRIPTION,"25,.20#"
ssr,15,Hat Section CHS-1),0,1,length,LENGTH,DESCRIPTION,"20'-0"""
ssr,15,Hat Section CHS-1),0,1,price,PRICE,,✓
ssr,15,Hat Section CHS-1),0,2,part,PART #,DESCRIPTION,HW-3105
ssr,15,Hat Section CHS-1),0,2,gauge,GAUGE,DESCRIPTION,16
ssr,15,Hat Section CHS-1),0,2,finish,FINISH,DESCRIPTION,Galvanized
ssr,15,Hat Section CHS-1),0,2,weight_each,WEIGHT EACH,DESCRIPTION,"25,.80#"
ssr,15,Hat Section CHS-1),0,2,length,LENGTH,DESCRIPTION,"20'-0"""
ssr,15,Hat Section CHS-1),0,2,price,PRICE,,✓
ssr,15,Channel Section (CS-1),1,0,part,PART #,DESCRIPTION,HW-3110
ssr,15,Channel Section (CS-1),1,0,gauge,GAUGE,DESCRIPTION,18
ssr,15,Channel Section (CS-1),1,0,finish,FINISH,DESCRIPTION,Galvanized
ssr,15,Channel Section (CS-1),1,0,weight_each,WEIGHT EACH,DESCRIPTION,15.70#
ssr,15,Channel Section (CS-1),1,0,length,LENGTH,DESCRIPTION,"20'-0"""
ssr,15,Channel Section (CS-1),1,0,price,PRICE,,✓
ssr,15,"1"" Sub-Girt (SG-1)",2,0,part,PART #,DESCRIPTION,HW-3120
ssr,15,"1"" Sub-Girt (SG-1)",2,0,gauge,GAUGE,DESCRIPTION,18
ssr,15,"1"" Sub-Girt (SG-1)",2,0,finish,FINISH,DESCRIPTION,Galvanized
ssr,15,"1"" Sub-Girt (SG-1)",2,0,weight_each,WEIGHT EACH,DESCRIPTION,22.00#
ssr,15,"1"" Sub-Girt (SG-1)",2,0,length,LENGTH,DESCRIPTION,"20'-0"""
ssr,15,"1"" Sub-Girt (SG-1)",2,0,price,PRICE,,✓
ssr,15,"1"" Sub-Girt (SG-1)",2,1,part,PART #,DESCRIPTION,HW-3121
ssr,15,"1"" Sub-Girt (SG-1)",2,1,gauge,GAUGE,DESCRIPTION,16
ssr,15,"1"" Sub-Girt (SG-1)",2,1,finish,FINISH,DESCRIPTION,Red Oxide
ssr,15,"1"" Sub-Girt (SG-1)",2,1,weight_each,WEIGHT EACH,DESCRIPTION,27.40#
ssr,15,"1"" Sub-Girt (SG-1)",2,1,length,LENGTH,DESCRIPTION,"20'-0"""
ssr,15,"1"" Sub-Girt (SG-1)",2,1,price,PRICE,,✓
ssr,16,"Ya"" Sub-Girt (SG-2)",0,0,part,PART #,DESCRIPTION,HW-3130
ssr,16,"Ya"" Sub-Girt (SG-2)",0,0,gauge,GAUGE,DESCRIPTION,18
ssr,16,"Ya"" Sub-Girt (SG-2)",0,0,finish,FINISH,DESCRIPTION,Galvanized
ssr,16,"Ya"" Sub-Girt (SG-2)",0,0,weight_each,WEIGHT EACH,DESCRIPTION,13.60#
ssr,16,"Ya"" Sub-Girt (SG-2)",0,0,length,LENGTH,DESCRIPTION,"20'-0"""
ssr,16,"Ya"" Sub-Girt (SG-2)",0,0,price,PRICE,,✓
ssr,16,"Ya"" Sub-Girt (SG-2)",0,1,part,PART #,DESCRIPTION,HW-3131
ssr,16,"Ya"" Sub-Girt (SG-2)",0,1,gauge,GAUGE,DESCRIPTION,16
ssr,16,"Ya"" Sub-Girt (SG-2)",0,1,finish,FINISH,DESCRIPTION,Red Oxide
ssr,16,"Ya"" Sub-Girt (SG-2)",0,1,weight_each,WEIGHT EACH,DESCRIPTION,16.40#
ssr,16,"Ya"" Sub-Girt (SG-2)",0,1,length,LENGTH,DESCRIPTION,"20'-0"""
ssr,16,"Ya"" Sub-Girt (SG-2)",0,1,price,PRICE,,✓
ssr,16,Furring Zee,1,0,part,PART #,DESCRIPTION,HW-3020
ssr,16,Furring Zee,1,0,dim_a,"DIM ""A""",DESCRIPTION,"1%"""
ssr,16,Furring Zee,1,0,gauge,GAUGE,DESCRIPTION,22
ssr,16,Furring Zee,1,0,finish,FINISH,DESCRIPTION,Galvanized
ssr,16,Furring Zee,1,0,weight_each,WEIGHT EACH,DESCRIPTION,3.33#
ssr,16,Furring Zee,1,0,length,LENGTH,DESCRIPTION,"10'-0"""
ssr,16,Furring Zee,1,0,price,PRICE,,✓
ssr,16,Furring Zee,1,1,part,PART #,DESCRIPTION,HW-3021
ssr,16,Furring Zee,1,1,dim_a,"DIM ""A""",DESCRIPTION,"2 Ve"""
ssr,16,Furring Zee,1,1,gauge,GAUGE,DESCRIPTION,22
ssr,16,Furring Zee,1,1,finish,FINISH,DESCRIPTION,Galvanized
ssr,16,Furring Zee,1,1,weight_each,WEIGHT EACH,DESCRIPTION,4.39#
ssr,16,Furring Zee,1,1,length,LENGTH,DESCRIPTION,"10'-0"""
ssr,16,Furring Zee,1,1,price,PRICE,,✓
ssr,16,Furring Zee,1,2,part,PART #,DESCRIPTION,HW-3022
ssr,16,Furring Zee,1,2,dim_a,"DIM ""A""",DESCRIPTION,Byer
ssr,16,Furring Zee,1,2,gauge,GAUGE,DESCRIPTION,18
ssr,16,Furring Zee,1,2,finish,FINISH,DESCRIPTION,Galvanized
ssr,16,Furring Zee,1,2,weight_each,WEIGHT EACH,DESCRIPTION,8.66#
ssr,16,Furring Zee,1,2,length,LENGTH,DESCRIPTION,"10'-0"""
ssr,16,Furring Zee,1,2,price,PRICE,,✓
ssr,16,Furring Zee,1,3,part,PART #,DESCRIPTION,HW-3023
ssr,16,Furring Zee,1,3,dim_a,"DIM ""A""",DESCRIPTION,"4 Ye"""
ssr,16,Furring Zee,1,3,gauge,GAUGE,DESCRIPTION,18
ssr,16,Furring Zee,1,3,finish,FINISH,DESCRIPTION,Galvanized
ssr,16,Furring Zee,1,3,weight_each,WEIGHT EACH,DESCRIPTION,10.35#
ssr,16,Furring Zee,1,3,length,LENGTH,DESCRIPTION,"10'-0"""
ssr,16,Furring Zee,1,3,price,PRICE,,✓
ssr,16,Furring Zee,1,4,part,PART #,DESCRIPTION,HW-3024
ssr,16,Furring Zee,1,4,dim_a,"DIM ""A""",DESCRIPTION,3 yal
ssr,16,Furring Zee,1,4,gauge,GAUGE,DESCRIPTION,16
ssr,16,Furring Zee,1,4,finish,FINISH,DESCRIPTION,Red Oxide
ssr,16,Furring Zee,1,4,weight_each,WEIGHT EACH,DESCRIPTION,10.54#
ssr,16,Furring Zee,1,4,length,LENGTH,DESCRIPTION,"10'-0"""
ssr,16,Furring Zee,1,4,price,PRICE,,✓
ssr,16,Furring Zee,1,5,part,PART #,DESCRIPTION,HW-3025
ssr,16,Furring Zee,1,5,dim_a,"DIM ""A""",DESCRIPTION,"AV"""
ssr,16,Furring Zee,1,5,gauge,GAUGE,DESCRIPTION,16
ssr,16,Furring Zee,1,5,finish,FINISH,DESCRIPTION,Red Oxide
ssr,16,Furring Zee,1,5,weight_each,WEIGHT EACH,DESCRIPTION,12.60#
ssr,16,Furring Zee,1,5,length,LENGTH,DESCRIPTION,"10'-0"""
ssr,16,Furring Zee,1,5,price,PRICE,,✓
ssr,16,Strapping,2,0,part,PART #,DESCRIPTION,FL-569
ssr,16,Strapping,2,0,gauge,GAUGE,DESCRIPTION,24
ssr,16,Strapping,2,0,finish,FINISH,DESCRIPTION,White Wash Coat
ssr,16,Strapping,2,0,weight_each,WEIGHT EACH,DESCRIPTION,84.024
ssr,16,Strapping,2,0,length,LENGTH,DESCRIPTION,"SOO'-0"""
ssr,16,Strapping,2,0,price,PRICE,,✓
ssr,16,Strapping,2,1,part,PART #,DESCRIPTION,FL-569
ssr,16,Strapping,2,1,gauge,GAUGE,DESCRIPTION,24
ssr,16,Strapping,2,1,finish,FINISH,DESCRIPTION,Galvalume?' Plus*
ssr,16,Strapping,2,1,weight_each,WEIGHT EACH,DESCRIPTION,84.02#
ssr,16,Strapping,2,1,length,LENGTH,DESCRIPTION,"SOO'-0"""
ssr,16,Strapping,2,1,price,PRICE,,✓
ssr,17,Clip - Low Fixed,0,0,part,PART #,DESCRIPTION,HW-200
ssr,17,Clip - Low Fixed,0,0,ssr_system,SSR SYSTEM,DESCRIPTION,"Ultra-Dek"""
ssr,17,Clip - Low Fixed,0,0,height,HEIGHT,DESCRIPTION,"3%"""
ssr,17,Clip - Low Fixed,0,0,weight_each,WEIGHT EACH,DESCRIPTION,.3#
ssr,17,Clip - Low Fixed,0,0,price,PRICE,,✓
ssr,17,Clip - Low Fixed,0,1,part,PART #,DESCRIPTION,HW-226
ssr,17,Clip - Low Fixed,0,1,ssr_system,SSR SYSTEM,DESCRIPTION,BattenLok' HS
ssr,17,Clip - Low Fixed,0,1,height,HEIGHT,DESCRIPTION,"DQ ¥e!"""
ssr,17,Clip - Low Fixed,0,1,weight_each,WEIGHT EACH,DESCRIPTION,.13#
ssr,17,Clip - Low Fixed,0,1,price,PRICE,,✓
ssr,17,Clip - Low Fixed,0,2,part,PART #,DESCRIPTION,HW-236
ssr,17,Clip - Low Fixed,0,2,ssr_system,SSR SYSTEM,DESCRIPTION,SuperLok'
ssr,17,Clip - Low Fixed,0,2,height,HEIGHT,DESCRIPTION,"2%"""
ssr,17,Clip - Low Fixed,0,2,weight_each,WEIGHT EACH,DESCRIPTION,.13#
ssr,17,Clip - Low Fixed,0,2,price,PRICE,,✓
ssr,17,Clip - High Fixed,1,0,part,PART #,DESCRIPTION,HW-204
ssr,17,Clip - High Fixed,1,0,ssr_system,SSR SYSTEM,DESCRIPTION,Ultra-Dek®
ssr,17,Clip - High Fixed,1,0,height,HEIGHT,DESCRIPTION,4
ssr,17,Clip - High Fixed,1,0,weight_each,WEIGHT EACH,DESCRIPTION,.24#
ssr,17,Clip - High Fixed,1,0,price,PRICE,,✓
ssr,17,Clip - High Fixed,1,1,part,PART #,DESCRIPTION,HW-224
ssr,17,Clip - High Fixed,1,1,ssr_system,SSR SYSTEM,DESCRIPTION,BattenLok' HS
ssr,17,Clip - High Fixed,1,1,height,HEIGHT,DESCRIPTION,"3"""
ssr,17,Clip - High Fixed,1,1,weight_each,WEIGHT EACH,DESCRIPTION,.6#
ssr,17,Clip - High Fixed,1,1,price,PRICE,,✓
ssr,17,Clip - High Fixed,1,2,part,PART #,DESCRIPTION,HW-234
ssr,17,Clip - High Fixed,1,2,ssr_system,SSR SYSTEM,DESCRIPTION,SuperLok
ssr,17,Clip - High Fixed,1,2,height,HEIGHT,DESCRIPTION,"3"""
ssr,17,Clip - High Fixed,1,2,weight_each,WEIGHT EACH,DESCRIPTION,.16#
ssr,17,Clip - High Fixed,1,2,price,PRICE,,✓
ssr,17,Clip - Utility,2,0,part,PART #,DESCRIPTION,HW-208
ssr,17,Clip - Utility,2,0,ssr_system,SSR SYSTEM,DESCRIPTION,Ultra-Dek*®
ssr,17,Clip - Utility,2,0,height,HEIGHT,DESCRIPTION,"3"""
ssr,17,Clip - Utility,2,0,weight_each,WEIGHT EACH,DESCRIPTION,.2#
ssr,17,Clip - Utility,2,0,price,PRICE,,✓
ssr,17,Clip - Utility,2,1,part,PART #,DESCRIPTION,HW-218
ssr,17,Clip - Utility,2,1,ssr_system,SSR SYSTEM,DESCRIPTION,BattenLok' HS
ssr,17,Clip - Utility,2,1,height,HEIGHT,DESCRIPTION,"2"""
ssr,17,Clip - Utility,2,1,weight_each,WEIGHT EACH,DESCRIPTION,.12#
ssr,17,Clip - Utility,2,1,price,PRICE,,✓
ssr,18,Clip - Low Floating,0,0,part,PART #,DESCRIPTION,HW-220
ssr,18,Clip - Low Floating,0,0,ssr_system,SSR SYSTEM,DESCRIPTION,BattenLok' HS
ssr,18,Clip - Low Floating,0,0,height,HEIGHT,DESCRIPTION,"2%"""
ssr,18,Clip - Low Floating,0,0,weight_each,WEIGHT EACH,DESCRIPTION,.24#
ssr,18,Clip - Low Floating,0,0,price,PRICE,,✓
ssr,18,Clip - Low Floating,0,1,part,PART #,DESCRIPTION,HW-230
ssr,18,Clip - Low Floating,0,1,ssr_system,SSR SYSTEM,DESCRIPTION,SuperLok'
ssr,18,Clip - Low Floating,0,1,height,HEIGHT,DESCRIPTION,"2%"""
ssr,18,Clip - Low Floating,0,1,weight_each,WEIGHT EACH,DESCRIPTION,.244
ssr,18,Clip - Low Floating,0,1,price,PRICE,,✓
ssr,18,Clip - Low Floating,0,2,part,PART #,DESCRIPTION,HW-240
ssr,18,Clip - Low Floating,0,2,ssr_system,SSR SYSTEM,DESCRIPTION,tBattenLok' HS
ssr,18,Clip - Low Floating,0,2,height,HEIGHT,DESCRIPTION,"2%"""
ssr,18,Clip - Low Floating,0,2,weight_each,WEIGHT EACH,DESCRIPTION,.274
ssr,18,Clip - Low Floating,0,2,price,PRICE,,✓
ssr,18,Clip - High Floating,1,0,part,PART #,DESCRIPTION,HW-222
ssr,18,Clip - High Floating,1,0,ssr_system,SSR SYSTEM,DESCRIPTION,BattenLok'® HS
ssr,18,Clip - High Floating,1,0,height,HEIGHT,DESCRIPTION,"3"""
ssr,18,Clip - High Floating,1,0,weight_each,WEIGHT EACH,DESCRIPTION,.28#
ssr,18,Clip - High Floating,1,0,price,PRICE,,✓
ssr,18,Clip - High Floating,1,1,part,PART #,DESCRIPTION,HW-232
ssr,18,Clip - High Floating,1,1,ssr_system,SSR SYSTEM,DESCRIPTION,SuperLok'
ssr,18,Clip - High Floating,1,1,height,HEIGHT,DESCRIPTION,"3"""
ssr,18,Clip - High Floating,1,1,weight_each,WEIGHT EACH,DESCRIPTION,.28#
ssr,18,Clip - High Floating,1,1,price,PRICE,,✓
ssr,18,Clip - High Floating,1,2,part,PART #,DESCRIPTION,HW-242
ssr,18,Clip - High Floating,1,2,ssr_system,SSR SYSTEM,DESCRIPTION,tBattenLok HS
ssr,18,Clip - High Floating,1,2,height,HEIGHT,DESCRIPTION,"3"""
ssr,18,Clip - High Floating,1,2,weight_each,WEIGHT EACH,DESCRIPTION,.2
ssr,18,Clip - High Floating,1,2,price,PRICE,,✓
ssr,18,"Clip - 2"" Sliding (Low)",2,0,part,PART #,DESCRIPTION,HW-2102
ssr,18,"Clip - 2"" Sliding (Low)",2,0,ssr_system,SSR SYSTEM,DESCRIPTION,Ultra-Dek'
ssr,18,"Clip - 2"" Sliding (Low)",2,0,height,HEIGHT,DESCRIPTION,"3%"""
ssr,18,"Clip - 2"" Sliding (Low)",2,0,weight_each,WEIGHT EACH,DESCRIPTION,.0
ssr,18,"Clip - 2"" Sliding (Low)",2,0,price,PRICE,,✓
ssr,18,"Clip - 2"" Sliding (Low)",2,1,part,PART #,DESCRIPTION,HW-2122
ssr,18,"Clip - 2"" Sliding (Low)",2,1,ssr_system,SSR SYSTEM,DESCRIPTION,Double-Lok'
ssr,18,"Clip - 2"" Sliding (Low)",2,1,height,HEIGHT,DESCRIPTION,"Zyl"""
ssr,18,"Clip - 2"" Sliding (Low)",2,1,weight_each,WEIGHT EACH,DESCRIPTION,.0
ssr,18,"Clip - 2"" Sliding (Low)",2,1,price,PRICE,,✓
ssr,19,"Clip - 2"" Sliding (High)",0,0,part,PART #,DESCRIPTION,HW-2104
ssr,19,"Clip - 2"" Sliding (High)",0,0,ssr_system,SSR SYSTEM,DESCRIPTION,Ultra-Dek*
ssr,19,"Clip - 2"" Sliding (High)",0,0,height,HEIGHT,DESCRIPTION,"4%"""
ssr,19,"Clip - 2"" Sliding (High)",0,0,weight_each,WEIGHT EACH,DESCRIPTION,.60#
ssr,19,"Clip - 2"" Sliding (High)",0,0,price,PRICE,,✓
ssr,19,"Clip - 2"" Sliding (High)",0,1,part,PART #,DESCRIPTION,HW-2124
ssr,19,"Clip - 2"" Sliding (High)",0,1,ssr_system,SSR SYSTEM,DESCRIPTION,Double-Lok'
ssr,19,"Clip - 2"" Sliding (High)",0,1,height,HEIGHT,DESCRIPTION,"43"""
ssr,19,"Clip - 2"" Sliding (High)",0,1,weight_each,WEIGHT EACH,DESCRIPTION,.60#
ssr,19,"Clip - 2"" Sliding (High)",0,1,price,PRICE,,✓
ssr,19,"Clip - 4"" Sliding",1,0,part,PART #,DESCRIPTION,HW-2126
ssr,19,"Clip - 4"" Sliding",1,0,ssr_system,SSR SYSTEM,DESCRIPTION,Double-Lok'
ssr,19,"Clip - 4"" Sliding",1,0,height,HEIGHT,DESCRIPTION,"3%"" (Low)"
ssr,19,"Clip - 4"" Sliding",1,0,weight_each,WEIGHT EACH,DESCRIPTION,.80#
ssr,19,"Clip - 4"" Sliding",1,0,price,PRICE,,✓
ssr,19,"Clip - 4"" Sliding",1,1,part,PART #,DESCRIPTION,HW-2128
ssr,19,"Clip - 4"" Sliding",1,1,ssr_system,SSR SYSTEM,DESCRIPTION,Double-Lok'
ssr,19,"Clip - 4"" Sliding",1,1,height,HEIGHT,DESCRIPTION,"4%"" (High)"
ssr,19,"Clip - 4"" Sliding",1,1,weight_each,WEIGHT EACH,DESCRIPTION,.95#
ssr,19,"Clip - 4"" Sliding",1,1,price,PRICE,,✓
ssr,19,"Clip - 2"" Standoff, Sliding (Hi-Thermal)",2,0,part,PART #,DESCRIPTION,HW-2129
ssr,19,"Clip - 2"" Standoff, Sliding (Hi-Thermal)",2,0,ssr_system,SSR SYSTEM,DESCRIPTION,Double-Lok'
ssr,19,"Clip - 2"" Standoff, Sliding (Hi-Thermal)",2,0,height,HEIGHT,DESCRIPTION,"5"""
ssr,19,"Clip - 2"" Standoff, Sliding (Hi-Thermal)",2,0,weight_each,WEIGHT EACH,DESCRIPTION,.0#
ssr,19,"Clip - 2"" Standoff, Sliding (Hi-Thermal)",2,0,price,PRICE,,✓
ssr,20,Ultra-Dek' and Double-Lok' Clip Alignment Strap,0,0,part,PART #,DESCRIPTION,HW-213
ssr,20,Ultra-Dek' and Double-Lok' Clip Alignment Strap,0,0,ssr_system,SSR SYSTEM,DESCRIPTION,Ultra-Dek® and Double-Lok'
ssr,20,Ultra-Dek' and Double-Lok' Clip Alignment Strap,0,0,weight_each,WEIGHT EACH,DESCRIPTION,1.314
ssr,20,Ultra-Dek' and Double-Lok' Clip Alignment Strap,0,0,price,PRICE,,✓
ssr,20,Eave Plate - Low,1,0,part,PART #,DESCRIPTION,HW-7600
ssr,20,Eave Plate - Low,1,0,size,SIZE,DESCRIPTION,"Wa"" x Yl"" x 17/6"""
ssr,20,Eave Plate - Low,1,0,gauge,GAUGE,DESCRIPTION,14
ssr,20,Eave Plate - Low,1,0,finish,FINISH,DESCRIPTION,"g'-E"""
ssr,20,Eave Plate - Low,1,0,weight_each,WEIGHT EACH,DESCRIPTION,Red Oxide
ssr,20,Eave Plate - Low,1,0,length,LENGTH,DESCRIPTION,7.154
ssr,20,Eave Plate - Low,1,0,price,PRICE,,✓
ssr,20,Eave Plate - Low,1,1,part,PART #,DESCRIPTION,HW-7600
ssr,20,Eave Plate - Low,1,1,size,SIZE,DESCRIPTION,"1"" x Ye"" x 176"""
ssr,20,Eave Plate - Low,1,1,gauge,GAUGE,DESCRIPTION,14
ssr,20,Eave Plate - Low,1,1,finish,FINISH,DESCRIPTION,"31-0"""
ssr,20,Eave Plate - Low,1,1,weight_each,WEIGHT EACH,DESCRIPTION,Galvanized
ssr,20,Eave Plate - Low,1,1,length,LENGTH,DESCRIPTION,7.754
ssr,20,Eave Plate - Low,1,1,price,PRICE,,✓
ssr,20,Eave Plate - High,2,0,part,PART #,DESCRIPTION,HW-7616
ssr,20,Eave Plate - High,2,0,size,SIZE,DESCRIPTION,"Ww"" x"" x 1%"""
ssr,20,Eave Plate - High,2,0,gauge,GAUGE,DESCRIPTION,14
ssr,20,Eave Plate - High,2,0,finish,FINISH,DESCRIPTION,"31-0"""
ssr,20,Eave Plate - High,2,0,weight_each,WEIGHT EACH,DESCRIPTION,Red Oxide
ssr,20,Eave Plate - High,2,0,length,LENGTH,DESCRIPTION,7.754
ssr,20,Eave Plate - High,2,0,price,PRICE,,✓
ssr,20,Eave Plate - High,2,1,part,PART #,DESCRIPTION,HW-7616
ssr,20,Eave Plate - High,2,1,size,SIZE,DESCRIPTION,"Wa"" xX"" x WA"""
ssr,20,Eave Plate - High,2,1,gauge,GAUGE,DESCRIPTION,14
ssr,20,Eave Plate - High,2,1,finish,FINISH,DESCRIPTION,"8'-E"""
ssr,20,Eave Plate - High,2,1,weight_each,WEIGHT EACH,DESCRIPTION,Galvanized
ssr,20,Eave Plate - High,2,1,length,LENGTH,DESCRIPTION,7.7154
ssr,20,Eave Plate - High,2,1,price,PRICE,,✓
ssr,21,Eave Plate - High,0,0,part,PART #,DESCRIPTION,HW-7654
ssr,21,Eave Plate - High,0,0,size,SIZE,DESCRIPTION,"Wa"" x 1%"" x 3 Ye"""
ssr,21,Eave Plate - High,0,0,gauge,GAUGE,DESCRIPTION,14
ssr,21,Eave Plate - High,0,0,finish,FINISH,DESCRIPTION,"3'-0"""
ssr,21,Eave Plate - High,0,0,weight_each,WEIGHT EACH,DESCRIPTION,Red Oxide
ssr,21,Eave Plate - High,0,0,length,LENGTH,DESCRIPTION,ll.lo#
ssr,21,Eave Plate - High,0,0,price,PRICE,,✓
ssr,21,Eave Plate - High,0,1,part,PART #,DESCRIPTION,HW-7654
ssr,21,Eave Plate - High,0,1,size,SIZE,DESCRIPTION,"Wa"" x Tr"" x 3%"""
ssr,21,Eave Plate - High,0,1,gauge,GAUGE,DESCRIPTION,14
ssr,21,Eave Plate - High,0,1,finish,FINISH,DESCRIPTION,"3'-0"""
ssr,21,Eave Plate - High,0,1,weight_each,WEIGHT EACH,DESCRIPTION,Galvanized
ssr,21,Eave Plate - High,0,1,length,LENGTH,DESCRIPTION,11.69#
ssr,21,Eave Plate - High,0,1,price,PRICE,,✓
ssr,21,"Eave Plate - 2"" Standoff",1,0,part,PART #,DESCRIPTION,HW-7661
ssr,21,"Eave Plate - 2"" Standoff",1,0,size,SIZE,DESCRIPTION,"26"" x 1/6"" x 234"""
ssr,21,"Eave Plate - 2"" Standoff",1,0,gauge,GAUGE,DESCRIPTION,14
ssr,21,"Eave Plate - 2"" Standoff",1,0,finish,FINISH,DESCRIPTION,"8'-EO"""""
ssr,21,"Eave Plate - 2"" Standoff",1,0,weight_each,WEIGHT EACH,DESCRIPTION,Red Oxide
ssr,21,"Eave Plate - 2"" Standoff",1,0,length,LENGTH,DESCRIPTION,11.16#
ssr,21,"Eave Plate - 2"" Standoff",1,0,price,PRICE,,✓
ssr,21,Floating Eave Plate - Low,2,0,part,PART #,DESCRIPTION,HW-7617
ssr,21,Floating Eave Plate - Low,2,0,size,SIZE,DESCRIPTION,"VA"" x ¥"" xX 4"""
ssr,21,Floating Eave Plate - Low,2,0,gauge,GAUGE,DESCRIPTION,14
ssr,21,Floating Eave Plate - Low,2,0,finish,FINISH,DESCRIPTION,"g'-0"""""
ssr,21,Floating Eave Plate - Low,2,0,weight_each,WEIGHT EACH,DESCRIPTION,Red Oxide
ssr,21,Floating Eave Plate - Low,2,0,length,LENGTH,DESCRIPTION,13.65#
ssr,21,Floating Eave Plate - Low,2,0,price,PRICE,,✓
ssr,22,Floating Eave Plate - High,0,0,part,PART #,DESCRIPTION,HW-7618
ssr,22,Floating Eave Plate - High,0,0,size,SIZE,DESCRIPTION,"1%"" x 1"" x 5 7A6"""
ssr,22,Floating Eave Plate - High,0,0,gauge,GAUGE,DESCRIPTION,14
ssr,22,Floating Eave Plate - High,0,0,finish,FINISH,DESCRIPTION,"3'-0"""
ssr,22,Floating Eave Plate - High,0,0,weight_each,WEIGHT EACH,DESCRIPTION,Red Oxide
ssr,22,Floating Eave Plate - High,0,0,length,LENGTH,DESCRIPTION,15.624
ssr,22,Floating Eave Plate - High,0,0,price,PRICE,,✓
ssr,22,"Floating Eave Plate - 2"" Standoff",1,0,part,PART #,DESCRIPTION,HW-7663
ssr,22,"Floating Eave Plate - 2"" Standoff",1,0,size,SIZE,DESCRIPTION,"2"" x 16"" x 46"""
ssr,22,"Floating Eave Plate - 2"" Standoff",1,0,gauge,GAUGE,DESCRIPTION,14
ssr,22,"Floating Eave Plate - 2"" Standoff",1,0,finish,FINISH,DESCRIPTION,"g'-E"""""
ssr,22,"Floating Eave Plate - 2"" Standoff",1,0,weight_each,WEIGHT EACH,DESCRIPTION,Red Oxide
ssr,22,"Floating Eave Plate - 2"" Standoff",1,0,length,LENGTH,DESCRIPTION,14.92#
ssr,22,"Floating Eave Plate - 2"" Standoff",1,0,price,PRICE,,✓
ssr,22,Mid-Slope Fixed Plate - Low,2,0,part,PART #,DESCRIPTION,HW-7630
ssr,22,Mid-Slope Fixed Plate - Low,2,0,size,SIZE,DESCRIPTION,"46"" x 3%"" x 74"""
ssr,22,Mid-Slope Fixed Plate - Low,2,0,gauge,GAUGE,DESCRIPTION,14
ssr,22,Mid-Slope Fixed Plate - Low,2,0,finish,FINISH,DESCRIPTION,"10'-0"""
ssr,22,Mid-Slope Fixed Plate - Low,2,0,weight_each,WEIGHT EACH,DESCRIPTION,Red Oxide
ssr,22,Mid-Slope Fixed Plate - Low,2,0,length,LENGTH,DESCRIPTION,16.28#
ssr,22,Mid-Slope Fixed Plate - Low,2,0,price,PRICE,,✓
ssr,22,Mid-Slope Fixed Plate - Low,2,1,part,PART #,DESCRIPTION,HW-7630
ssr,22,Mid-Slope Fixed Plate - Low,2,1,size,SIZE,DESCRIPTION,"46"" x %"" x 17"""
ssr,22,Mid-Slope Fixed Plate - Low,2,1,gauge,GAUGE,DESCRIPTION,14
ssr,22,Mid-Slope Fixed Plate - Low,2,1,finish,FINISH,DESCRIPTION,"10'-0"""
ssr,22,Mid-Slope Fixed Plate - Low,2,1,weight_each,WEIGHT EACH,DESCRIPTION,Galvanized
ssr,22,Mid-Slope Fixed Plate - Low,2,1,length,LENGTH,DESCRIPTION,16.7/6#
ssr,22,Mid-Slope Fixed Plate - Low,2,1,price,PRICE,,✓
ssr,22,Mid-Slope Fixed Plate - Low,2,2,part,PART #,DESCRIPTION,HW-7631
ssr,22,Mid-Slope Fixed Plate - Low,2,2,size,SIZE,DESCRIPTION,"4/6"" x 3%"" x 7A"""
ssr,22,Mid-Slope Fixed Plate - Low,2,2,gauge,GAUGE,DESCRIPTION,14
ssr,22,Mid-Slope Fixed Plate - Low,2,2,finish,FINISH,DESCRIPTION,"20'-0"""
ssr,22,Mid-Slope Fixed Plate - Low,2,2,weight_each,WEIGHT EACH,DESCRIPTION,Red Oxide
ssr,22,Mid-Slope Fixed Plate - Low,2,2,length,LENGTH,DESCRIPTION,32.56#
ssr,22,Mid-Slope Fixed Plate - Low,2,2,price,PRICE,,✓
ssr,22,Mid-Slope Fixed Plate - Low,2,3,part,PART #,DESCRIPTION,HW-7631
ssr,22,Mid-Slope Fixed Plate - Low,2,3,size,SIZE,DESCRIPTION,"4iA6"" x ¥4"" x 17%"""
ssr,22,Mid-Slope Fixed Plate - Low,2,3,gauge,GAUGE,DESCRIPTION,14
ssr,22,Mid-Slope Fixed Plate - Low,2,3,finish,FINISH,DESCRIPTION,"20'-0"""
ssr,22,Mid-Slope Fixed Plate - Low,2,3,weight_each,WEIGHT EACH,DESCRIPTION,Galvanized
ssr,22,Mid-Slope Fixed Plate - Low,2,3,length,LENGTH,DESCRIPTION,33.52#
ssr,22,Mid-Slope Fixed Plate - Low,2,3,price,PRICE,,✓
ssr,22,Mid-Slope Fixed Plate - Low,2,4,part,PART #,DESCRIPTION,HW-7632
ssr,22,Mid-Slope Fixed Plate - Low,2,4,size,SIZE,DESCRIPTION,"46"" x 3%"" x 174"""
ssr,22,Mid-Slope Fixed Plate - Low,2,4,gauge,GAUGE,DESCRIPTION,14
ssr,22,Mid-Slope Fixed Plate - Low,2,4,finish,FINISH,DESCRIPTION,"6'-0"""""
ssr,22,Mid-Slope Fixed Plate - Low,2,4,weight_each,WEIGHT EACH,DESCRIPTION,Red Oxide
ssr,22,Mid-Slope Fixed Plate - Low,2,4,length,LENGTH,DESCRIPTION,10.24#
ssr,22,Mid-Slope Fixed Plate - Low,2,4,price,PRICE,,✓
ssr,22,Mid-Slope Fixed Plate - Low,2,5,part,PART #,DESCRIPTION,HW-7632
ssr,22,Mid-Slope Fixed Plate - Low,2,5,size,SIZE,DESCRIPTION,"46"" x 3%"" x 7"""
ssr,22,Mid-Slope Fixed Plate - Low,2,5,gauge,GAUGE,DESCRIPTION,14
ssr,22,Mid-Slope Fixed Plate - Low,2,5,finish,FINISH,DESCRIPTION,"6'-0"""
ssr,22,Mid-Slope Fixed Plate - Low,2,5,weight_each,WEIGHT EACH,DESCRIPTION,Galvanized
ssr,22,Mid-Slope Fixed Plate - Low,2,5,length,LENGTH,DESCRIPTION,10.55#
ssr,22,Mid-Slope Fixed Plate - Low,2,5,price,PRICE,,✓
ssr,23,Mid-Slope Fixed Plate - High,0,0,part,PART #,DESCRIPTION,HW-7634
ssr,23,Mid-Slope Fixed Plate - High,0,0,size,SIZE,DESCRIPTION,"Ab"" x A"" x a"""
ssr,23,Mid-Slope Fixed Plate - High,0,0,gauge,GAUGE,DESCRIPTION,14
ssr,23,Mid-Slope Fixed Plate - High,0,0,finish,FINISH,DESCRIPTION,"10'-0"""
ssr,23,Mid-Slope Fixed Plate - High,0,0,weight_each,WEIGHT EACH,DESCRIPTION,Red Oxide
ssr,23,Mid-Slope Fixed Plate - High,0,0,length,LENGTH,DESCRIPTION,18.62#
ssr,23,Mid-Slope Fixed Plate - High,0,0,price,PRICE,,✓
ssr,23,Mid-Slope Fixed Plate - High,0,1,part,PART #,DESCRIPTION,HW-7634
ssr,23,Mid-Slope Fixed Plate - High,0,1,size,SIZE,DESCRIPTION,"4/6"" x PA"" x A"""
ssr,23,Mid-Slope Fixed Plate - High,0,1,gauge,GAUGE,DESCRIPTION,14
ssr,23,Mid-Slope Fixed Plate - High,0,1,finish,FINISH,DESCRIPTION,"10'-0"""
ssr,23,Mid-Slope Fixed Plate - High,0,1,weight_each,WEIGHT EACH,DESCRIPTION,Galvanized
ssr,23,Mid-Slope Fixed Plate - High,0,1,length,LENGTH,DESCRIPTION,19.18#
ssr,23,Mid-Slope Fixed Plate - High,0,1,price,PRICE,,✓
ssr,23,Mid-Slope Fixed Plate - High,0,2,part,PART #,DESCRIPTION,HW-7635
ssr,23,Mid-Slope Fixed Plate - High,0,2,size,SIZE,DESCRIPTION,"A/6"" x PA"" x a"""
ssr,23,Mid-Slope Fixed Plate - High,0,2,gauge,GAUGE,DESCRIPTION,14
ssr,23,Mid-Slope Fixed Plate - High,0,2,finish,FINISH,DESCRIPTION,"20'-0"""
ssr,23,Mid-Slope Fixed Plate - High,0,2,weight_each,WEIGHT EACH,DESCRIPTION,Red Oxide
ssr,23,Mid-Slope Fixed Plate - High,0,2,length,LENGTH,DESCRIPTION,37.25#
ssr,23,Mid-Slope Fixed Plate - High,0,2,price,PRICE,,✓
ssr,23,Mid-Slope Fixed Plate - High,0,3,part,PART #,DESCRIPTION,HW-7635
ssr,23,Mid-Slope Fixed Plate - High,0,3,size,SIZE,DESCRIPTION,"4/6"" x PA"" x 1"""
ssr,23,Mid-Slope Fixed Plate - High,0,3,gauge,GAUGE,DESCRIPTION,14
ssr,23,Mid-Slope Fixed Plate - High,0,3,finish,FINISH,DESCRIPTION,"20'-0"""
ssr,23,Mid-Slope Fixed Plate - High,0,3,weight_each,WEIGHT EACH,DESCRIPTION,Galvanized
ssr,23,Mid-Slope Fixed Plate - High,0,3,length,LENGTH,DESCRIPTION,38.36#
ssr,23,Mid-Slope Fixed Plate - High,0,3,price,PRICE,,✓
ssr,23,Mid-Slope Fixed Plate - High,0,4,part,PART #,DESCRIPTION,HW-7636
ssr,23,Mid-Slope Fixed Plate - High,0,4,size,SIZE,DESCRIPTION,"4/6"" x A"" x 1"""
ssr,23,Mid-Slope Fixed Plate - High,0,4,gauge,GAUGE,DESCRIPTION,14
ssr,23,Mid-Slope Fixed Plate - High,0,4,finish,FINISH,DESCRIPTION,"6'-0"""
ssr,23,Mid-Slope Fixed Plate - High,0,4,weight_each,WEIGHT EACH,DESCRIPTION,Red Oxide
ssr,23,Mid-Slope Fixed Plate - High,0,4,length,LENGTH,DESCRIPTION,11.72#
ssr,23,Mid-Slope Fixed Plate - High,0,4,price,PRICE,,✓
ssr,23,Mid-Slope Fixed Plate - High,0,5,part,PART #,DESCRIPTION,HW-7636
ssr,23,Mid-Slope Fixed Plate - High,0,5,size,SIZE,DESCRIPTION,"4/6"" x PA"" x a"""
ssr,23,Mid-Slope Fixed Plate - High,0,5,gauge,GAUGE,DESCRIPTION,14
ssr,23,Mid-Slope Fixed Plate - High,0,5,finish,FINISH,DESCRIPTION,"6'-0"""
ssr,23,Mid-Slope Fixed Plate - High,0,5,weight_each,WEIGHT EACH,DESCRIPTION,Galvanized
ssr,23,Mid-Slope Fixed Plate - High,0,5,length,LENGTH,DESCRIPTION,12.07#
ssr,23,Mid-Slope Fixed Plate - High,0,5,price,PRICE,,✓
ssr,23,Mid-Slope Fixed Plate - High,1,0,part,PART #,DESCRIPTION,HW-7637
ssr,23,Mid-Slope Fixed Plate - High,1,0,size,SIZE,DESCRIPTION,"4 Ae"" x 1"" x 25/0"""
ssr,23,Mid-Slope Fixed Plate - High,1,0,gauge,GAUGE,DESCRIPTION,14
ssr,23,Mid-Slope Fixed Plate - High,1,0,finish,FINISH,DESCRIPTION,"6'-0"""
ssr,23,Mid-Slope Fixed Plate - High,1,0,weight_each,WEIGHT EACH,DESCRIPTION,Red Oxide
ssr,23,Mid-Slope Fixed Plate - High,1,0,length,LENGTH,DESCRIPTION,11.724
ssr,23,Mid-Slope Fixed Plate - High,1,0,price,PRICE,,✓
ssr,23,Mid-Slope Fixed Plate - High,1,1,part,PART #,DESCRIPTION,HW-7637
ssr,23,Mid-Slope Fixed Plate - High,1,1,size,SIZE,DESCRIPTION,"4Me"" x 1"" x 2%e"""
ssr,23,Mid-Slope Fixed Plate - High,1,1,gauge,GAUGE,DESCRIPTION,14
ssr,23,Mid-Slope Fixed Plate - High,1,1,finish,FINISH,DESCRIPTION,"6'-0"""
ssr,23,Mid-Slope Fixed Plate - High,1,1,weight_each,WEIGHT EACH,DESCRIPTION,Galvanized
ssr,23,Mid-Slope Fixed Plate - High,1,1,length,LENGTH,DESCRIPTION,12.07#
ssr,23,Mid-Slope Fixed Plate - High,1,1,price,PRICE,,✓
ssr,23,Mid-Slope Fixed Plate - High,1,2,part,PART #,DESCRIPTION,HW-7638
ssr,23,Mid-Slope Fixed Plate - High,1,2,size,SIZE,DESCRIPTION,"4\re"" x 1"" x 2%/6"""
ssr,23,Mid-Slope Fixed Plate - High,1,2,gauge,GAUGE,DESCRIPTION,14
ssr,23,Mid-Slope Fixed Plate - High,1,2,finish,FINISH,DESCRIPTION,"10'-0"""
ssr,23,Mid-Slope Fixed Plate - High,1,2,weight_each,WEIGHT EACH,DESCRIPTION,Red Oxide
ssr,23,Mid-Slope Fixed Plate - High,1,2,length,LENGTH,DESCRIPTION,18.62#
ssr,23,Mid-Slope Fixed Plate - High,1,2,price,PRICE,,✓
ssr,23,Mid-Slope Fixed Plate - High,1,3,part,PART #,DESCRIPTION,HW-7638
ssr,23,Mid-Slope Fixed Plate - High,1,3,size,SIZE,DESCRIPTION,"4 Ae"" x 1"" x 2%A0"""
ssr,23,Mid-Slope Fixed Plate - High,1,3,gauge,GAUGE,DESCRIPTION,14
ssr,23,Mid-Slope Fixed Plate - High,1,3,finish,FINISH,DESCRIPTION,"10'-0"""
ssr,23,Mid-Slope Fixed Plate - High,1,3,weight_each,WEIGHT EACH,DESCRIPTION,Galvanized
ssr,23,Mid-Slope Fixed Plate - High,1,3,length,LENGTH,DESCRIPTION,20.118
ssr,23,Mid-Slope Fixed Plate - High,1,3,price,PRICE,,✓
ssr,23,Mid-Slope Fixed Plate - High,1,4,part,PART #,DESCRIPTION,HW-7639
ssr,23,Mid-Slope Fixed Plate - High,1,4,size,SIZE,DESCRIPTION,"4Me"" x 1"" x 2%e"""
ssr,23,Mid-Slope Fixed Plate - High,1,4,gauge,GAUGE,DESCRIPTION,14
ssr,23,Mid-Slope Fixed Plate - High,1,4,finish,FINISH,DESCRIPTION,"20'-0"""
ssr,23,Mid-Slope Fixed Plate - High,1,4,weight_each,WEIGHT EACH,DESCRIPTION,Red Oxide
ssr,23,Mid-Slope Fixed Plate - High,1,4,length,LENGTH,DESCRIPTION,37.254
ssr,23,Mid-Slope Fixed Plate - High,1,4,price,PRICE,,✓
ssr,23,Mid-Slope Fixed Plate - High,1,5,part,PART #,DESCRIPTION,HW-7639
ssr,23,Mid-Slope Fixed Plate - High,1,5,size,SIZE,DESCRIPTION,"4 ire"" x 1"" x 2%/e"""
ssr,23,Mid-Slope Fixed Plate - High,1,5,gauge,GAUGE,DESCRIPTION,14
ssr,23,Mid-Slope Fixed Plate - High,1,5,finish,FINISH,DESCRIPTION,"20'-0"""
ssr,23,Mid-Slope Fixed Plate - High,1,5,weight_each,WEIGHT EACH,DESCRIPTION,Galvanized
ssr,23,Mid-Slope Fixed Plate - High,1,5,length,LENGTH,DESCRIPTION,40.224
ssr,23,Mid-Slope Fixed Plate - High,1,5,price,PRICE,,✓
ssr,23,"Mid-Slope Fixed Plate - 2"" Standoff",2,0,part,PART #,DESCRIPTION,HW-7662
ssr,23,"Mid-Slope Fixed Plate - 2"" Standoff",2,0,size,SIZE,DESCRIPTION,"5"" x 2"" x 1/6"""
ssr,23,"Mid-Slope Fixed Plate - 2"" Standoff",2,0,gauge,GAUGE,DESCRIPTION,14
ssr,23,"Mid-Slope Fixed Plate - 2"" Standoff",2,0,finish,FINISH,DESCRIPTION,"6'-0"""""
ssr,23,"Mid-Slope Fixed Plate - 2"" Standoff",2,0,weight_each,WEIGHT EACH,DESCRIPTION,Red Oxide
ssr,23,"Mid-Slope Fixed Plate - 2"" Standoff",2,0,length,LENGTH,DESCRIPTION,12.60#
ssr,23,"Mid-Slope Fixed Plate - 2"" Standoff",2,0,price,PRICE,,✓
ssr,24,Floating Eave Plate - High,0,0,part,PART #,DESCRIPTION,HW-7655
ssr,24,Floating Eave Plate - High,0,0,size,SIZE,DESCRIPTION,"WV"" x a"" x 56"""
ssr,24,Floating Eave Plate - High,0,0,gauge,GAUGE,DESCRIPTION,14
ssr,24,Floating Eave Plate - High,0,0,finish,FINISH,DESCRIPTION,"3'-0"""
ssr,24,Floating Eave Plate - High,0,0,weight_each,WEIGHT EACH,DESCRIPTION,Red Oxide
ssr,24,Floating Eave Plate - High,0,0,length,LENGTH,DESCRIPTION,15.624
ssr,24,Floating Eave Plate - High,0,0,price,PRICE,,✓
ssr,24,"4"" Floating Eave Plate - Low",1,0,part,PART #,DESCRIPTION,HW-7628
ssr,24,"4"" Floating Eave Plate - Low",1,0,size,SIZE,DESCRIPTION,"1%"" x %"" x 6 Ve"""
ssr,24,"4"" Floating Eave Plate - Low",1,0,gauge,GAUGE,DESCRIPTION,14
ssr,24,"4"" Floating Eave Plate - Low",1,0,finish,FINISH,DESCRIPTION,"3'-0"""
ssr,24,"4"" Floating Eave Plate - Low",1,0,weight_each,WEIGHT EACH,DESCRIPTION,Red Oxide
ssr,24,"4"" Floating Eave Plate - Low",1,0,length,LENGTH,DESCRIPTION,16.78#
ssr,24,"4"" Floating Eave Plate - Low",1,0,price,PRICE,,✓
ssr,24,"4"" Floating Eave Plate - High",2,0,part,PART #,DESCRIPTION,HW-7629
ssr,24,"4"" Floating Eave Plate - High",2,0,size,SIZE,DESCRIPTION,"2%"" x 1"" x 6 6"""
ssr,24,"4"" Floating Eave Plate - High",2,0,gauge,GAUGE,DESCRIPTION,14
ssr,24,"4"" Floating Eave Plate - High",2,0,finish,FINISH,DESCRIPTION,"8'-0"""
ssr,24,"4"" Floating Eave Plate - High",2,0,weight_each,WEIGHT EACH,DESCRIPTION,Red Oxide
ssr,24,"4"" Floating Eave Plate - High",2,0,length,LENGTH,DESCRIPTION,18.65#
ssr,24,"4"" Floating Eave Plate - High",2,0,price,PRICE,,✓
ssr,25,Rake Support - Low,0,0,part,PART #,DESCRIPTION,HW-7710
ssr,25,Rake Support - Low,0,0,ssr_system,SSR SYSTEM,DESCRIPTION,UD & DL
ssr,25,Rake Support - Low,0,0,size,SIZE,DESCRIPTION,"3%"" xX 2Y2"""
ssr,25,Rake Support - Low,0,0,gauge,GAUGE,DESCRIPTION,14
ssr,25,Rake Support - Low,0,0,length,LENGTH,DESCRIPTION,"20'-0"""
ssr,25,Rake Support - Low,0,0,finish,FINISH,DESCRIPTION,Red Oxide
ssr,25,Rake Support - Low,0,0,weight_each,WEIGHT EACH,DESCRIPTION,27.57#
ssr,25,Rake Support - Low,0,0,price,PRICE,,✓
ssr,25,Rake Support - Low,0,1,part,PART #,DESCRIPTION,HW-7710
ssr,25,Rake Support - Low,0,1,ssr_system,SSR SYSTEM,DESCRIPTION,UD & DL
ssr,25,Rake Support - Low,0,1,size,SIZE,DESCRIPTION,"3 ¥3"" x 272"""
ssr,25,Rake Support - Low,0,1,gauge,GAUGE,DESCRIPTION,14
ssr,25,Rake Support - Low,0,1,length,LENGTH,DESCRIPTION,"20'-0"""
ssr,25,Rake Support - Low,0,1,finish,FINISH,DESCRIPTION,Galvanized
ssr,25,Rake Support - Low,0,1,weight_each,WEIGHT EACH,DESCRIPTION,28.39#
ssr,25,Rake Support - Low,0,1,price,PRICE,,✓
ssr,25,Rake Support - Low,0,2,part,PART #,DESCRIPTION,HW-7712
ssr,25,Rake Support - Low,0,2,ssr_system,SSR SYSTEM,DESCRIPTION,BL & SLK
ssr,25,Rake Support - Low,0,2,size,SIZE,DESCRIPTION,"2%8"" x SY"""
ssr,25,Rake Support - Low,0,2,gauge,GAUGE,DESCRIPTION,14
ssr,25,Rake Support - Low,0,2,length,LENGTH,DESCRIPTION,"20'-0"""
ssr,25,Rake Support - Low,0,2,finish,FINISH,DESCRIPTION,Red Oxide
ssr,25,Rake Support - Low,0,2,weight_each,WEIGHT EACH,DESCRIPTION,27.57#
ssr,25,Rake Support - Low,0,2,price,PRICE,,✓
ssr,25,Rake Support - Low,0,3,part,PART #,DESCRIPTION,HW-7712
ssr,25,Rake Support - Low,0,3,ssr_system,SSR SYSTEM,DESCRIPTION,BL & SLK
ssr,25,Rake Support - Low,0,3,size,SIZE,DESCRIPTION,"29%"" x SYA"""
ssr,25,Rake Support - Low,0,3,gauge,GAUGE,DESCRIPTION,14
ssr,25,Rake Support - Low,0,3,length,LENGTH,DESCRIPTION,"20'-0"""
ssr,25,Rake Support - Low,0,3,finish,FINISH,DESCRIPTION,Galvanized
ssr,25,Rake Support - Low,0,3,weight_each,WEIGHT EACH,DESCRIPTION,28.39#
ssr,25,Rake Support - Low,0,3,price,PRICE,,✓
ssr,25,Rake Support - High,1,0,part,PART #,DESCRIPTION,HW-7720
ssr,25,Rake Support - High,1,0,ssr_system,SSR SYSTEM,DESCRIPTION,UD & DL
ssr,25,Rake Support - High,1,0,size,SIZE,DESCRIPTION,"4A Ye"" x 1Y2"""
ssr,25,Rake Support - High,1,0,gauge,GAUGE,DESCRIPTION,14
ssr,25,Rake Support - High,1,0,length,LENGTH,DESCRIPTION,"20'-0"""
ssr,25,Rake Support - High,1,0,finish,FINISH,DESCRIPTION,Red Oxide
ssr,25,Rake Support - High,1,0,weight_each,WEIGHT EACH,DESCRIPTION,27.57#
ssr,25,Rake Support - High,1,0,price,PRICE,,✓
ssr,25,Rake Support - High,1,1,part,PART #,DESCRIPTION,HW-7720
ssr,25,Rake Support - High,1,1,ssr_system,SSR SYSTEM,DESCRIPTION,UD & DL
ssr,25,Rake Support - High,1,1,size,SIZE,DESCRIPTION,"AY"" xX 1/2"""
ssr,25,Rake Support - High,1,1,gauge,GAUGE,DESCRIPTION,14
ssr,25,Rake Support - High,1,1,length,LENGTH,DESCRIPTION,"20'-0"""
ssr,25,Rake Support - High,1,1,finish,FINISH,DESCRIPTION,Galvanized
ssr,25,Rake Support - High,1,1,weight_each,WEIGHT EACH,DESCRIPTION,28.39#
ssr,25,Rake Support - High,1,1,price,PRICE,,✓
ssr,25,Rake Support - High,1,2,part,PART #,DESCRIPTION,HW-7722
ssr,25,Rake Support - High,1,2,ssr_system,SSR SYSTEM,DESCRIPTION,BL & SLK
ssr,25,Rake Support - High,1,2,size,SIZE,DESCRIPTION,"3"" xX 27%"""
ssr,25,Rake Support - High,1,2,gauge,GAUGE,DESCRIPTION,14
ssr,25,Rake Support - High,1,2,length,LENGTH,DESCRIPTION,"20'-0"""
ssr,25,Rake Support - High,1,2,finish,FINISH,DESCRIPTION,Red Oxide
ssr,25,Rake Support - High,1,2,weight_each,WEIGHT EACH,DESCRIPTION,27.57#
ssr,25,Rake Support - High,1,2,price,PRICE,,✓
ssr,25,Rake Support - High,1,3,part,PART #,DESCRIPTION,HW-7722
ssr,25,Rake Support - High,1,3,ssr_system,SSR SYSTEM,DESCRIPTION,BL & SLK
ssr,25,Rake Support - High,1,3,size,SIZE,DESCRIPTION,"3"" xX 27%"""
ssr,25,Rake Support - High,1,3,gauge,GAUGE,DESCRIPTION,14
ssr,25,Rake Support - High,1,3,length,LENGTH,DESCRIPTION,"20'-0"""
ssr,25,Rake Support - High,1,3,finish,FINISH,DESCRIPTION,Galvanized
ssr,25,Rake Support - High,1,3,weight_each,WEIGHT EACH,DESCRIPTION,28.39#
ssr,25,Rake Support - High,1,3,price,PRICE,,✓
ssr,25,Rake Support - Utility,2,0,part,PART #,DESCRIPTION,HW-7722
ssr,25,Rake Support - Utility,2,0,ssr_system,SSR SYSTEM,DESCRIPTION,UD
ssr,25,Rake Support - Utility,2,0,size,SIZE,DESCRIPTION,"3"" x 27%"""
ssr,25,Rake Support - Utility,2,0,gauge,GAUGE,DESCRIPTION,14
ssr,25,Rake Support - Utility,2,0,length,LENGTH,DESCRIPTION,"20'-0"""
ssr,25,Rake Support - Utility,2,0,finish,FINISH,DESCRIPTION,Red Oxide
ssr,25,Rake Support - Utility,2,0,weight_each,WEIGHT EACH,DESCRIPTION,27.57#
ssr,25,Rake Support - Utility,2,0,price,PRICE,,✓
ssr,25,Rake Support - Utility,2,1,part,PART #,DESCRIPTION,HW-7722
ssr,25,Rake Support - Utility,2,1,ssr_system,SSR SYSTEM,DESCRIPTION,UD
ssr,25,Rake Support - Utility,2,1,size,SIZE,DESCRIPTION,"3"" x 27%"""
ssr,25,Rake Support - Utility,2,1,gauge,GAUGE,DESCRIPTION,14
ssr,25,Rake Support - Utility,2,1,length,LENGTH,DESCRIPTION,"20'-0"""
ssr,25,Rake Support - Utility,2,1,finish,FINISH,DESCRIPTION,Galvanized
ssr,25,Rake Support - Utility,2,1,weight_each,WEIGHT EACH,DESCRIPTION,28.39#
ssr,25,Rake Support - Utility,2,1,price,PRICE,,✓
ssr,25,Rake Support - Utility,2,2,part,PART #,DESCRIPTION,HW-7732
ssr,25,Rake Support - Utility,2,2,ssr_system,SSR SYSTEM,DESCRIPTION,BL & SLK
ssr,25,Rake Support - Utility,2,2,size,SIZE,DESCRIPTION,"2"" x 37%"""
ssr,25,Rake Support - Utility,2,2,gauge,GAUGE,DESCRIPTION,14
ssr,25,Rake Support - Utility,2,2,length,LENGTH,DESCRIPTION,"20'-0"""
ssr,25,Rake Support - Utility,2,2,finish,FINISH,DESCRIPTION,Red Oxide
ssr,25,Rake Support - Utility,2,2,weight_each,WEIGHT EACH,DESCRIPTION,27.57#
ssr,25,Rake Support - Utility,2,2,price,PRICE,,✓
ssr,25,Rake Support - Utility,2,3,part,PART #,DESCRIPTION,HW-7732
ssr,25,Rake Support - Utility,2,3,ssr_system,SSR SYSTEM,DESCRIPTION,BL & SLK
ssr,25,Rake Support - Utility,2,3,size,SIZE,DESCRIPTION,"2"" x 37%"""
ssr,25,Rake Support - Utility,2,3,gauge,GAUGE,DESCRIPTION,14
ssr,25,Rake Support - Utility,2,3,length,LENGTH,DESCRIPTION,"20'-0"""
ssr,25,Rake Support - Utility,2,3,finish,FINISH,DESCRIPTION,Galvanized
ssr,25,Rake Support - Utility,2,3,weight_each,WEIGHT EACH,DESCRIPTION,28.39#
ssr,25,Rake Support - Utility,2,3,price,PRICE,,✓
ssr,26,"Rake Support 2"" Standoff",0,0,part,PART #,DESCRIPTION,HW-7664
ssr,26,"Rake Support 2"" Standoff",0,0,ssr_system,SSR SYSTEM,DESCRIPTION,DL
ssr,26,"Rake Support 2"" Standoff",0,0,size,SIZE,DESCRIPTION,"5"" x 2 1SAg"""
ssr,26,"Rake Support 2"" Standoff",0,0,gauge,GAUGE,DESCRIPTION,14
ssr,26,"Rake Support 2"" Standoff",0,0,length,LENGTH,DESCRIPTION,"20'-0"""
ssr,26,"Rake Support 2"" Standoff",0,0,finish,FINISH,DESCRIPTION,Red Oxide
ssr,26,"Rake Support 2"" Standoff",0,0,weight_each,WEIGHT EACH,DESCRIPTION,37.31#
ssr,26,"Rake Support 2"" Standoff",0,0,price,PRICE,,✓
ssr,26,Retro-Fit Clip Zee,1,0,part,PART #,DESCRIPTION,HW-4657
ssr,26,Retro-Fit Clip Zee,1,0,ssr_system,SSR SYSTEM,DESCRIPTION,DL
ssr,26,Retro-Fit Clip Zee,1,0,gauge,GAUGE,DESCRIPTION,14
ssr,26,Retro-Fit Clip Zee,1,0,length,LENGTH,DESCRIPTION,"10'-6"""
ssr,26,Retro-Fit Clip Zee,1,0,finish,FINISH,DESCRIPTION,Red Oxide
ssr,26,Retro-Fit Clip Zee,1,0,weight_each,WEIGHT EACH,DESCRIPTION,15.344
ssr,26,Retro-Fit Clip Zee,1,0,price,PRICE,,✓
ssr,26,Retro-Fit Eave Angle,2,0,part,PART #,DESCRIPTION,HW-4658
ssr,26,Retro-Fit Eave Angle,2,0,ssr_system,SSR SYSTEM,DESCRIPTION,DL
ssr,26,Retro-Fit Eave Angle,2,0,gauge,GAUGE,DESCRIPTION,16
ssr,26,Retro-Fit Eave Angle,2,0,length,LENGTH,DESCRIPTION,"3-0"""
ssr,26,Retro-Fit Eave Angle,2,0,finish,FINISH,DESCRIPTION,Galvanized
ssr,26,Retro-Fit Eave Angle,2,0,weight_each,WEIGHT EACH,DESCRIPTION,13.06#
ssr,26,Retro-Fit Eave Angle,2,0,price,PRICE,,✓
ssr,26,Retro-Fit Eave Angle,2,1,part,PART #,DESCRIPTION,HW-4658
ssr,26,Retro-Fit Eave Angle,2,1,ssr_system,SSR SYSTEM,DESCRIPTION,DL
ssr,26,Retro-Fit Eave Angle,2,1,gauge,GAUGE,DESCRIPTION,14
ssr,26,Retro-Fit Eave Angle,2,1,length,LENGTH,DESCRIPTION,"8'-E"""
ssr,26,Retro-Fit Eave Angle,2,1,finish,FINISH,DESCRIPTION,Galvanized
ssr,26,Retro-Fit Eave Angle,2,1,weight_each,WEIGHT EACH,DESCRIPTION,15.62#
ssr,26,Retro-Fit Eave Angle,2,1,price,PRICE,,✓
ssr,26,Retro-Fit Eave Angle,2,2,part,PART #,DESCRIPTION,HW-4658
ssr,26,Retro-Fit Eave Angle,2,2,ssr_system,SSR SYSTEM,DESCRIPTION,DL
ssr,26,Retro-Fit Eave Angle,2,2,gauge,GAUGE,DESCRIPTION,12
ssr,26,Retro-Fit Eave Angle,2,2,length,LENGTH,DESCRIPTION,"8'-0"""
ssr,26,Retro-Fit Eave Angle,2,2,finish,FINISH,DESCRIPTION,Galvanized
ssr,26,Retro-Fit Eave Angle,2,2,weight_each,WEIGHT EACH,DESCRIPTION,23.324
ssr,26,Retro-Fit Eave Angle,2,2,price,PRICE,,✓
ssr,27,Valley Support Plate,0,0,part,PART #,DESCRIPTION,P-100
ssr,27,Valley Support Plate,0,0,ssr_system,SSR SYSTEM,DESCRIPTION,UD & DL BL & SLK
ssr,27,Valley Support Plate,0,0,gauge,GAUGE,DESCRIPTION,14
ssr,27,Valley Support Plate,0,0,girth,GIRTH,DESCRIPTION,"36"""
ssr,27,Valley Support Plate,0,0,length,LENGTH,DESCRIPTION,"10'-0"""
ssr,27,Valley Support Plate,0,0,finish,FINISH,DESCRIPTION,Red Oxide
ssr,27,Valley Support Plate,0,0,weight_each,WEIGHT EACH,DESCRIPTION,84.47#
ssr,27,Valley Support Plate,0,0,price,PRICE,,✓
ssr,27,Valley Support Plate,1,0,part,PART #,DESCRIPTION,P-101
ssr,27,Valley Support Plate,1,0,ssr_system,SSR SYSTEM,DESCRIPTION,UD & DL. BL &SLK
ssr,27,Valley Support Plate,1,0,gauge,GAUGE,DESCRIPTION,14
ssr,27,Valley Support Plate,1,0,girth,GIRTH,DESCRIPTION,"36"""
ssr,27,Valley Support Plate,1,0,length,LENGTH,DESCRIPTION,"10'-0"""
ssr,27,Valley Support Plate,1,0,finish,FINISH,DESCRIPTION,Red Oxide
ssr,27,Valley Support Plate,1,0,weight_each,WEIGHT EACH,DESCRIPTION,84.47#
ssr,27,Valley Support Plate,1,0,price,PRICE,,✓
ssr,27,Valley Support Plate,2,0,part,PART #,DESCRIPTION,P-105
ssr,27,Valley Support Plate,2,0,ssr_system,SSR SYSTEM,DESCRIPTION,BL & SLK
ssr,27,Valley Support Plate,2,0,gauge,GAUGE,DESCRIPTION,14
ssr,27,Valley Support Plate,2,0,girth,GIRTH,DESCRIPTION,"36"""
ssr,27,Valley Support Plate,2,0,length,LENGTH,DESCRIPTION,"10'-0"""
ssr,27,Valley Support Plate,2,0,finish,FINISH,DESCRIPTION,Red Oxide
ssr,27,Valley Support Plate,2,0,weight_each,WEIGHT EACH,DESCRIPTION,70.39#
ssr,27,Valley Support Plate,2,0,price,PRICE,,✓
ssr,28,Valley Support Plate,0,0,part,PART #,DESCRIPTION,P-106
ssr,28,Valley Support Plate,0,0,ssr_system,SSR SYSTEM,DESCRIPTION,BL & SLK
ssr,28,Valley Support Plate,0,0,gauge,GAUGE,DESCRIPTION,14
ssr,28,Valley Support Plate,0,0,girth,GIRTH,DESCRIPTION,"30"""
ssr,28,Valley Support Plate,0,0,length,LENGTH,DESCRIPTION,"10'-0"""
ssr,28,Valley Support Plate,0,0,finish,FINISH,DESCRIPTION,Red Oxide
ssr,28,Valley Support Plate,0,0,weight_each,WEIGHT EACH,DESCRIPTION,70.39#
ssr,28,Valley Support Plate,0,0,price,PRICE,,✓
ssr,28,Valley Support Plate,1,0,part,PART #,DESCRIPTION,P-110
ssr,28,Valley Support Plate,1,0,ssr_system,SSR SYSTEM,DESCRIPTION,UD & DL
ssr,28,Valley Support Plate,1,0,gauge,GAUGE,DESCRIPTION,14
ssr,28,Valley Support Plate,1,0,girth,GIRTH,DESCRIPTION,"48"""
ssr,28,Valley Support Plate,1,0,length,LENGTH,DESCRIPTION,"10'-0"""
ssr,28,Valley Support Plate,1,0,finish,FINISH,DESCRIPTION,Red Oxide
ssr,28,Valley Support Plate,1,0,weight_each,WEIGHT EACH,DESCRIPTION,112.62#
ssr,28,Valley Support Plate,1,0,price,PRICE,,✓
ssr,28,Valley Support Plate,2,0,part,PART #,DESCRIPTION,P-111
ssr,28,Valley Support Plate,2,0,ssr_system,SSR SYSTEM,DESCRIPTION,UD & DL
ssr,28,Valley Support Plate,2,0,gauge,GAUGE,DESCRIPTION,14
ssr,28,Valley Support Plate,2,0,girth,GIRTH,DESCRIPTION,"48"""
ssr,28,Valley Support Plate,2,0,length,LENGTH,DESCRIPTION,"10'-0"""
ssr,28,Valley Support Plate,2,0,finish,FINISH,DESCRIPTION,Red Oxide
ssr,28,Valley Support Plate,2,0,weight_each,WEIGHT EACH,DESCRIPTION,112.624
ssr,28,Valley Support Plate,2,0,price,PRICE,,✓
ssr,28,Valley Support Plate,3,0,part,PART #,DESCRIPTION,P-164
ssr,28,Valley Support Plate,3,0,ssr_system,SSR SYSTEM,DESCRIPTION,BL & SLK UD & OL
ssr,28,Valley Support Plate,3,0,gauge,GAUGE,DESCRIPTION,14
ssr,28,Valley Support Plate,3,0,girth,GIRTH,DESCRIPTION,"30"""
ssr,28,Valley Support Plate,3,0,length,LENGTH,DESCRIPTION,"10'-0"""
ssr,28,Valley Support Plate,3,0,finish,FINISH,DESCRIPTION,Red Oxide
ssr,28,Valley Support Plate,3,0,weight_each,WEIGHT EACH,DESCRIPTION,70.39#
ssr,28,Valley Support Plate,3,0,price,PRICE,,✓
ssr,29,Valley Support Plate,0,0,part,PART #,DESCRIPTION,P-162
ssr,29,Valley Support Plate,0,0,ssr_system,SSR SYSTEM,DESCRIPTION,BL &SLK UD & DL.
ssr,29,Valley Support Plate,0,0,gauge,GAUGE,DESCRIPTION,14
ssr,29,Valley Support Plate,0,0,girth,GIRTH,DESCRIPTION,"48"""
ssr,29,Valley Support Plate,0,0,length,LENGTH,DESCRIPTION,"10'-0"""
ssr,29,Valley Support Plate,0,0,finish,FINISH,DESCRIPTION,Red Oxide
ssr,29,Valley Support Plate,0,0,weight_each,WEIGHT EACH,DESCRIPTION,112.62#
ssr,29,Valley Support Plate,0,0,price,PRICE,,✓
ssr,29,Valley Support Plate,1,0,part,PART #,DESCRIPTION,P-163
ssr,29,Valley Support Plate,1,0,ssr_system,SSR SYSTEM,DESCRIPTION,DL
ssr,29,Valley Support Plate,1,0,gauge,GAUGE,DESCRIPTION,14
ssr,29,Valley Support Plate,1,0,girth,GIRTH,DESCRIPTION,"48"""
ssr,29,Valley Support Plate,1,0,length,LENGTH,DESCRIPTION,"10'-0"""
ssr,29,Valley Support Plate,1,0,finish,FINISH,DESCRIPTION,Red Oxide
ssr,29,Valley Support Plate,1,0,weight_each,WEIGHT EACH,DESCRIPTION,112.62#
ssr,29,Valley Support Plate,1,0,price,PRICE,,✓
ssr,29,Hip Support Plate,2,0,part,PART #,DESCRIPTION,P-140
ssr,29,Hip Support Plate,2,0,ssr_system,SSR SYSTEM,DESCRIPTION,BL & SLK UD & DL
ssr,29,Hip Support Plate,2,0,gauge,GAUGE,DESCRIPTION,14
ssr,29,Hip Support Plate,2,0,girth,GIRTH,DESCRIPTION,"23%"""
ssr,29,Hip Support Plate,2,0,length,LENGTH,DESCRIPTION,"10'-0"""
ssr,29,Hip Support Plate,2,0,finish,FINISH,DESCRIPTION,Red Oxide
ssr,29,Hip Support Plate,2,0,weight_each,WEIGHT EACH,DESCRIPTION,54.85#
ssr,29,Hip Support Plate,2,0,price,PRICE,,✓
ssr,29,Hip Support Plate,3,0,part,PART #,DESCRIPTION,P-141
ssr,29,Hip Support Plate,3,0,ssr_system,SSR SYSTEM,DESCRIPTION,BL & SLK UD & DL
ssr,29,Hip Support Plate,3,0,gauge,GAUGE,DESCRIPTION,14
ssr,29,Hip Support Plate,3,0,girth,GIRTH,DESCRIPTION,"23%"""
ssr,29,Hip Support Plate,3,0,length,LENGTH,DESCRIPTION,"10'-0"""
ssr,29,Hip Support Plate,3,0,finish,FINISH,DESCRIPTION,Red Oxide
ssr,29,Hip Support Plate,3,0,weight_each,WEIGHT EACH,DESCRIPTION,54.85#
ssr,29,Hip Support Plate,3,0,price,PRICE,,✓
ssr,30,Ridge/Hip Support Plate,0,0,part,PART #,DESCRIPTION,P-145
ssr,30,Ridge/Hip Support Plate,0,0,ssr_system,SSR SYSTEM,DESCRIPTION,BL & SLK
ssr,30,Ridge/Hip Support Plate,0,0,gauge,GAUGE,DESCRIPTION,14
ssr,30,Ridge/Hip Support Plate,0,0,girth,GIRTH,DESCRIPTION,"36"""
ssr,30,Ridge/Hip Support Plate,0,0,length,LENGTH,DESCRIPTION,"10'-0"""
ssr,30,Ridge/Hip Support Plate,0,0,finish,FINISH,DESCRIPTION,Red Oxide
ssr,30,Ridge/Hip Support Plate,0,0,weight_each,WEIGHT EACH,DESCRIPTION,84.47#
ssr,30,Ridge/Hip Support Plate,0,0,price,PRICE,,✓
ssr,30,Ridge/Hip Support Plate,1,0,part,PART #,DESCRIPTION,P-155
ssr,30,Ridge/Hip Support Plate,1,0,ssr_system,SSR SYSTEM,DESCRIPTION,BL & SLK
ssr,30,Ridge/Hip Support Plate,1,0,gauge,GAUGE,DESCRIPTION,14
ssr,30,Ridge/Hip Support Plate,1,0,girth,GIRTH,DESCRIPTION,"36"""
ssr,30,Ridge/Hip Support Plate,1,0,length,LENGTH,DESCRIPTION,"10'-0"""
ssr,30,Ridge/Hip Support Plate,1,0,finish,FINISH,DESCRIPTION,Red Oxide
ssr,30,Ridge/Hip Support Plate,1,0,weight_each,WEIGHT EACH,DESCRIPTION,84.47#
ssr,30,Ridge/Hip Support Plate,1,0,price,PRICE,,✓
ssr,30,Back-Up Plate,2,0,part,PART #,DESCRIPTION,HW-7760
ssr,30,Back-Up Plate,2,0,ssr_system,SSR SYSTEM,DESCRIPTION,UD & DL
ssr,30,Back-Up Plate,2,0,width,WIDTH,DESCRIPTION,"24"""
ssr,30,Back-Up Plate,2,0,gauge,GAUGE,DESCRIPTION,16
ssr,30,Back-Up Plate,2,0,finish,FINISH,DESCRIPTION,Red Oxide
ssr,30,Back-Up Plate,2,0,weight_each,WEIGHT EACH,DESCRIPTION,2.45#
ssr,30,Back-Up Plate,2,0,price,PRICE,,✓
ssr,30,Back-Up Plate,2,1,part,PART #,DESCRIPTION,HW-7760
ssr,30,Back-Up Plate,2,1,ssr_system,SSR SYSTEM,DESCRIPTION,UD & DL
ssr,30,Back-Up Plate,2,1,width,WIDTH,DESCRIPTION,"24"""
ssr,30,Back-Up Plate,2,1,gauge,GAUGE,DESCRIPTION,16
ssr,30,Back-Up Plate,2,1,finish,FINISH,DESCRIPTION,Galvanized
ssr,30,Back-Up Plate,2,1,weight_each,WEIGHT EACH,DESCRIPTION,2.45#
ssr,30,Back-Up Plate,2,1,price,PRICE,,✓
ssr,30,Back-Up Plate,2,2,part,PART #,DESCRIPTION,HW-7769
ssr,30,Back-Up Plate,2,2,ssr_system,SSR SYSTEM,DESCRIPTION,UD & DL
ssr,30,Back-Up Plate,2,2,width,WIDTH,DESCRIPTION,"18"""
ssr,30,Back-Up Plate,2,2,gauge,GAUGE,DESCRIPTION,16
ssr,30,Back-Up Plate,2,2,finish,FINISH,DESCRIPTION,Red Oxide
ssr,30,Back-Up Plate,2,2,weight_each,WEIGHT EACH,DESCRIPTION,1.85#
ssr,30,Back-Up Plate,2,2,price,PRICE,,✓
ssr,31,Back-Up Plate,0,0,part,PART #,DESCRIPTION,HW-7766
ssr,31,Back-Up Plate,0,0,ssr_system,SSR SYSTEM,DESCRIPTION,BL & SLK
ssr,31,Back-Up Plate,0,0,width,WIDTH,DESCRIPTION,"16"""
ssr,31,Back-Up Plate,0,0,gauge,GAUGE,DESCRIPTION,16
ssr,31,Back-Up Plate,0,0,finish,FINISH,DESCRIPTION,Red Oxide
ssr,31,Back-Up Plate,0,0,weight_each,WEIGHT EACH,DESCRIPTION,2.01#
ssr,31,Back-Up Plate,0,0,price,PRICE,,✓
ssr,31,Back-Up Plate,0,1,part,PART #,DESCRIPTION,HW-7766
ssr,31,Back-Up Plate,0,1,ssr_system,SSR SYSTEM,DESCRIPTION,BL & SLK
ssr,31,Back-Up Plate,0,1,width,WIDTH,DESCRIPTION,"16"""
ssr,31,Back-Up Plate,0,1,gauge,GAUGE,DESCRIPTION,16
ssr,31,Back-Up Plate,0,1,finish,FINISH,DESCRIPTION,Galvanized
ssr,31,Back-Up Plate,0,1,weight_each,WEIGHT EACH,DESCRIPTION,2.08#
ssr,31,Back-Up Plate,0,1,price,PRICE,,✓
ssr,31,Back-Up Plate,0,2,part,PART #,DESCRIPTION,HW-7764
ssr,31,Back-Up Plate,0,2,ssr_system,SSR SYSTEM,DESCRIPTION,BL & SLK
ssr,31,Back-Up Plate,0,2,width,WIDTH,DESCRIPTION,"12"""
ssr,31,Back-Up Plate,0,2,gauge,GAUGE,DESCRIPTION,16
ssr,31,Back-Up Plate,0,2,finish,FINISH,DESCRIPTION,Red Oxide
ssr,31,Back-Up Plate,0,2,weight_each,WEIGHT EACH,DESCRIPTION,1.49#
ssr,31,Back-Up Plate,0,2,price,PRICE,,✓
ssr,31,Back-Up Plate,0,3,part,PART #,DESCRIPTION,HW-7764
ssr,31,Back-Up Plate,0,3,ssr_system,SSR SYSTEM,DESCRIPTION,BL & SLK
ssr,31,Back-Up Plate,0,3,width,WIDTH,DESCRIPTION,"12"""
ssr,31,Back-Up Plate,0,3,gauge,GAUGE,DESCRIPTION,16
ssr,31,Back-Up Plate,0,3,finish,FINISH,DESCRIPTION,Galvanized
ssr,31,Back-Up Plate,0,3,weight_each,WEIGHT EACH,DESCRIPTION,1.55#
ssr,31,Back-Up Plate,0,3,price,PRICE,,✓
ssr,31,Outside Closure,1,0,part,PART #,DESCRIPTION,HW-430
ssr,31,Outside Closure,1,0,ssr_system,SSR SYSTEM,DESCRIPTION,UD & DL
ssr,31,Outside Closure,1,0,width,WIDTH,DESCRIPTION,"24"""
ssr,31,Outside Closure,1,0,gauge,GAUGE,DESCRIPTION,24
ssr,31,Outside Closure,1,0,finish,FINISH,DESCRIPTION,Galvalume' Plus
ssr,31,Outside Closure,1,0,weight_each,WEIGHT EACH,DESCRIPTION,.Slt
ssr,31,Outside Closure,1,0,price,PRICE,,✓
ssr,31,Outside Closure,1,1,gauge,GAUGE,DESCRIPTION,24
ssr,31,Outside Closure,1,1,finish,FINISH,DESCRIPTION,Signature 200
ssr,31,Outside Closure,1,1,weight_each,WEIGHT EACH,DESCRIPTION,.1#
ssr,31,Outside Closure,1,1,price,PRICE,,✓
ssr,31,Outside Closure,1,2,gauge,GAUGE,DESCRIPTION,24
ssr,31,Outside Closure,1,2,finish,FINISH,DESCRIPTION,Signature' 300
ssr,31,Outside Closure,1,2,weight_each,WEIGHT EACH,DESCRIPTION,.1#
ssr,31,Outside Closure,1,2,price,PRICE,,✓
ssr,31,Outside Closure,1,3,gauge,GAUGE,DESCRIPTION,24
ssr,31,Outside Closure,1,3,finish,FINISH,DESCRIPTION,Sig. 300 Metallic
ssr,31,Outside Closure,1,3,weight_each,WEIGHT EACH,DESCRIPTION,.1#
ssr,31,Outside Closure,1,3,price,PRICE,,✓
ssr,31,Outside Closure,1,4,part,PART #,DESCRIPTION,HW-432
ssr,31,Outside Closure,1,4,ssr_system,SSR SYSTEM,DESCRIPTION,UD & DL
ssr,31,Outside Closure,1,4,width,WIDTH,DESCRIPTION,"18"""
ssr,31,Outside Closure,1,4,gauge,GAUGE,DESCRIPTION,24
ssr,31,Outside Closure,1,4,finish,FINISH,DESCRIPTION,Galvalume' Plus
ssr,31,Outside Closure,1,4,weight_each,WEIGHT EACH,DESCRIPTION,.65#
ssr,31,Outside Closure,1,4,price,PRICE,,✓
ssr,31,Outside Closure,1,5,gauge,GAUGE,DESCRIPTION,24
ssr,31,Outside Closure,1,5,finish,FINISH,DESCRIPTION,Signature 200
ssr,31,Outside Closure,1,5,weight_each,WEIGHT EACH,DESCRIPTION,.65#
ssr,31,Outside Closure,1,5,price,PRICE,,✓
ssr,31,Outside Closure,1,6,gauge,GAUGE,DESCRIPTION,24
ssr,31,Outside Closure,1,6,finish,FINISH,DESCRIPTION,Signature' 300
ssr,31,Outside Closure,1,6,weight_each,WEIGHT EACH,DESCRIPTION,.65#
ssr,31,Outside Closure,1,6,price,PRICE,,✓
ssr,31,Outside Closure,1,7,gauge,GAUGE,DESCRIPTION,24
ssr,31,Outside Closure,1,7,finish,FINISH,DESCRIPTION,Sig. 300 Metallic
ssr,31,Outside Closure,1,7,weight_each,WEIGHT EACH,DESCRIPTION,.65#
ssr,31,Outside Closure,1,7,price,PRICE,,✓
ssr,32,Outside Closure,0,0,part,PART #,DESCRIPTION,HW-440
ssr,32,Outside Closure,0,0,ssr_system,SSR SYSTEM,DESCRIPTION,BL & SLK
ssr,32,Outside Closure,0,0,width,WIDTH,DESCRIPTION,"16"""
ssr,32,Outside Closure,0,0,gauge,GAUGE,DESCRIPTION,24
ssr,32,Outside Closure,0,0,finish,FINISH,DESCRIPTION,Galvalume' Plus
ssr,32,Outside Closure,0,0,weight_each,WEIGHT EACH,DESCRIPTION,.65#
ssr,32,Outside Closure,0,0,price,PRICE,,✓
ssr,32,Outside Closure,0,1,gauge,GAUGE,DESCRIPTION,24
ssr,32,Outside Closure,0,1,finish,FINISH,DESCRIPTION,Signature' 200
ssr,32,Outside Closure,0,1,weight_each,WEIGHT EACH,DESCRIPTION,.65#
ssr,32,Outside Closure,0,1,price,PRICE,,✓
ssr,32,Outside Closure,0,2,gauge,GAUGE,DESCRIPTION,24
ssr,32,Outside Closure,0,2,finish,FINISH,DESCRIPTION,Signature' 300
ssr,32,Outside Closure,0,2,weight_each,WEIGHT EACH,DESCRIPTION,.65#
ssr,32,Outside Closure,0,2,price,PRICE,,✓
ssr,32,Outside Closure,0,3,gauge,GAUGE,DESCRIPTION,24
ssr,32,Outside Closure,0,3,finish,FINISH,DESCRIPTION,Sig. 300 Metallic
ssr,32,Outside Closure,0,3,weight_each,WEIGHT EACH,DESCRIPTION,.65#
ssr,32,Outside Closure,0,3,price,PRICE,,✓
ssr,32,Outside Closure,0,4,part,PART #,DESCRIPTION,HW-446
ssr,32,Outside Closure,0,4,ssr_system,SSR SYSTEM,DESCRIPTION,BL & SLK
ssr,32,Outside Closure,0,4,width,WIDTH,DESCRIPTION,"12"""
ssr,32,Outside Closure,0,4,gauge,GAUGE,DESCRIPTION,24
ssr,32,Outside Closure,0,4,finish,FINISH,DESCRIPTION,Galvalume' Plus
ssr,32,Outside Closure,0,4,weight_each,WEIGHT EACH,DESCRIPTION,.49#
ssr,32,Outside Closure,0,4,price,PRICE,,✓
ssr,32,Outside Closure,0,5,gauge,GAUGE,DESCRIPTION,24
ssr,32,Outside Closure,0,5,finish,FINISH,DESCRIPTION,Signature' 200
ssr,32,Outside Closure,0,5,weight_each,WEIGHT EACH,DESCRIPTION,.49#
ssr,32,Outside Closure,0,5,price,PRICE,,✓
ssr,32,Outside Closure,0,6,gauge,GAUGE,DESCRIPTION,24
ssr,32,Outside Closure,0,6,finish,FINISH,DESCRIPTION,Signature' 300
ssr,32,Outside Closure,0,6,weight_each,WEIGHT EACH,DESCRIPTION,.49#
ssr,32,Outside Closure,0,6,price,PRICE,,✓
ssr,32,Outside Closure,0,7,gauge,GAUGE,DESCRIPTION,24
ssr,32,Outside Closure,0,7,finish,FINISH,DESCRIPTION,Sig. 300 Metallic
ssr,32,Outside Closure,0,7,weight_each,WEIGHT EACH,DESCRIPTION,.49#
ssr,32,Outside Closure,0,7,price,PRICE,,✓
ssr,32,Outside Closure,0,8,part,PART #,DESCRIPTION,Metal Inside Closure
ssr,32,Outside Closure,1,0,part,PART #,DESCRIPTION,HW-426
ssr,32,Outside Closure,1,0,ssr_system,SSR SYSTEM,DESCRIPTION,UD & DL
ssr,32,Outside Closure,1,0,width,WIDTH,DESCRIPTION,"3/4"""
ssr,32,Outside Closure,1,0,gauge,GAUGE,DESCRIPTION,18
ssr,32,Outside Closure,1,0,finish,FINISH,DESCRIPTION,"Galvalume"""
ssr,32,Outside Closure,1,0,weight_each,WEIGHT EACH,DESCRIPTION,.224
ssr,32,Outside Closure,1,0,price,PRICE,,✓
ssr,32,Rubber Inside Closure,2,0,part,PART #,DESCRIPTION,HW-428
ssr,32,Rubber Inside Closure,2,0,ssr_system,SSR SYSTEM,DESCRIPTION,UD & DL
ssr,32,Rubber Inside Closure,2,0,width,WIDTH,DESCRIPTION,"1"""
ssr,32,Rubber Inside Closure,2,0,material,MATERIAL,DESCRIPTION,E.P.D.M.
ssr,32,Rubber Inside Closure,2,0,weight_each,WEIGHT EACH,DESCRIPTION,.03#
ssr,32,Rubber Inside Closure,2,0,price,PRICE,,✓
ssr,33,Tape Sealer - Triple Bead,0,0,part,PART #,DESCRIPTION,HW-502
ssr,33,Tape Sealer - Triple Bead,0,0,type,TYPE,DESCRIPTION,Butyl
ssr,33,Tape Sealer - Triple Bead,0,0,width,WIDTH,DESCRIPTION,"2 Va"""
ssr,33,Tape Sealer - Triple Bead,0,0,thickness,THICKNESS,DESCRIPTION,36
ssr,33,Tape Sealer - Triple Bead,0,0,length,LENGTH,DESCRIPTION,"20'-0"""
ssr,33,Tape Sealer - Triple Bead,0,0,carton_qty,CARTON QTY,DESCRIPTION,6 rolls
ssr,33,Tape Sealer - Triple Bead,0,0,carton_weight,"CARTON
WEIGHT",DESCRIPTION,23.00#
ssr,33,Tape Sealer - Triple Bead,0,0,price,PRICE,,✓
ssr,33,Tape Sealer - Tri-Bead,1,0,part,PART #,DESCRIPTION,HW-504
ssr,33,Tape Sealer - Tri-Bead,1,0,type,TYPE,DESCRIPTION,Butyl
ssr,33,Tape Sealer - Tri-Bead,1,0,width,WIDTH,DESCRIPTION,"Ya""!"
ssr,33,Tape Sealer - Tri-Bead,1,0,thickness,THICKNESS,DESCRIPTION,36
ssr,33,Tape Sealer - Tri-Bead,1,0,length,LENGTH,DESCRIPTION,"25'-0"""
ssr,33,Tape Sealer - Tri-Bead,1,0,carton_qty,CARTON QTY,DESCRIPTION,8 rolls
ssr,33,Tape Sealer - Tri-Bead,1,0,carton_weight,"CARTON
WEIGHT",DESCRIPTION,"20,.00#"
ssr,33,Tape Sealer - Tri-Bead,1,0,price,PRICE,,✓
ssr,33,Tape Sealer - Round,2,0,part,PART #,DESCRIPTION,HW-5S11
ssr,33,Tape Sealer - Round,2,0,type,TYPE,DESCRIPTION,Butyl
ssr,33,Tape Sealer - Round,2,0,width,WIDTH,DESCRIPTION,N/A
ssr,33,Tape Sealer - Round,2,0,thickness,THICKNESS,DESCRIPTION,1
ssr,33,Tape Sealer - Round,2,0,length,LENGTH,DESCRIPTION,"10'-0"""
ssr,33,Tape Sealer - Round,2,0,carton_qty,CARTON QTY,DESCRIPTION,6 rolls
ssr,33,Tape Sealer - Round,2,0,carton_weight,"CARTON
WEIGHT",DESCRIPTION,9.00#
ssr,33,Tape Sealer - Round,2,0,price,PRICE,,✓
ssr,33,Tape Sealer - Minor Rib,3,0,part,PART #,DESCRIPTION,HW-512
ssr,33,Tape Sealer - Minor Rib,3,0,type,TYPE,DESCRIPTION,Butyl
ssr,33,Tape Sealer - Minor Rib,3,0,width,WIDTH,DESCRIPTION,"134"""
ssr,33,Tape Sealer - Minor Rib,3,0,thickness,THICKNESS,DESCRIPTION,732
ssr,33,Tape Sealer - Minor Rib,3,0,length,LENGTH,DESCRIPTION,"4"""
ssr,33,Tape Sealer - Minor Rib,3,0,carton_qty,CARTON QTY,DESCRIPTION,144 pcs
ssr,33,Tape Sealer - Minor Rib,3,0,carton_weight,"CARTON
WEIGHT",DESCRIPTION,10.00#
ssr,33,Tape Sealer - Minor Rib,3,0,price,PRICE,,✓
ssr,34,Tape Sealer - Swaged Endlap,0,0,part,PART #,DESCRIPTION,HW-515
ssr,34,Tape Sealer - Swaged Endlap,0,0,type,TYPE,DESCRIPTION,Butyl
ssr,34,Tape Sealer - Swaged Endlap,0,0,width,WIDTH,DESCRIPTION,"DV,"""
ssr,34,Tape Sealer - Swaged Endlap,0,0,thickness,THICKNESS,DESCRIPTION,3
ssr,34,Tape Sealer - Swaged Endlap,0,0,length,LENGTH,DESCRIPTION,"6"""
ssr,34,Tape Sealer - Swaged Endlap,0,0,carton_qty,CARTON QTY,DESCRIPTION,60 pcs
ssr,34,Tape Sealer - Swaged Endlap,0,0,carton_weight,"CARTON
WEIGHT",DESCRIPTION,6.50#
ssr,34,Tape Sealer - Swaged Endlap,0,0,price,PRICE,,✓
ssr,34,Dekstrip,1,0,part,PART #,DESCRIPTION,HW-5227
ssr,34,Dekstrip,1,0,type,TYPE,DESCRIPTION,Dekstrip
ssr,34,Dekstrip,1,0,width,WIDTH,DESCRIPTION,"7"""
ssr,34,Dekstrip,1,0,weight_per_lf,WEIGHT PER LF,DESCRIPTION,.34#
ssr,34,Dekstrip,1,0,price,PRICE,,✓
ssr,34,Dekstrip,1,1,part,PART #,DESCRIPTION,HW-5228
ssr,34,Dekstrip,1,1,type,TYPE,DESCRIPTION,Dekstrip
ssr,34,Dekstrip,1,1,width,WIDTH,DESCRIPTION,9
ssr,34,Dekstrip,1,1,weight_per_lf,WEIGHT PER LF,DESCRIPTION,.Al#
ssr,34,Dekstrip,1,1,price,PRICE,,✓
ssr,34,Dekstrip,1,2,part,PART #,DESCRIPTION,HW-5229
ssr,34,Dekstrip,1,2,type,TYPE,DESCRIPTION,Dekstrip
ssr,34,Dekstrip,1,2,width,WIDTH,DESCRIPTION,"12"""
ssr,34,Dekstrip,1,2,weight_per_lf,WEIGHT PER LF,DESCRIPTION,.0#
ssr,34,Dekstrip,1,2,price,PRICE,,✓
ssr,34,Dekstrip,1,3,part,PART #,DESCRIPTION,HW-5305
ssr,34,Dekstrip,1,3,type,TYPE,DESCRIPTION,Termination Strip
ssr,34,Dekstrip,1,3,width,WIDTH,DESCRIPTION,1
ssr,34,Dekstrip,1,3,weight_per_lf,WEIGHT PER LF,DESCRIPTION,.35
ssr,34,Dekstrip,1,3,price,PRICE,,✓
ssr,34,Flexible Membrane,2,0,part,PART #,DESCRIPTION,HW-520
ssr,34,Flexible Membrane,2,0,type,TYPE,DESCRIPTION,E.P.D.M.
ssr,34,Flexible Membrane,2,0,width,WIDTH,DESCRIPTION,"16"""
ssr,34,Flexible Membrane,2,0,thickness,THICKNESS,DESCRIPTION,45
ssr,34,Flexible Membrane,2,0,roll_length,ROLL LENGTH,DESCRIPTION,"50'-0"""
ssr,34,Flexible Membrane,2,0,roll_weight,ROLL WEIGHT,DESCRIPTION,20.00#
ssr,34,Flexible Membrane,2,0,price,PRICE,,✓
ssr,34,Flexible Membrane,2,1,part,PART #,DESCRIPTION,HW-521
ssr,34,Flexible Membrane,2,1,type,TYPE,DESCRIPTION,E.P.D.M.
ssr,34,Flexible Membrane,2,1,width,WIDTH,DESCRIPTION,"24"""
ssr,34,Flexible Membrane,2,1,thickness,THICKNESS,DESCRIPTION,45
ssr,34,Flexible Membrane,2,1,roll_length,ROLL LENGTH,DESCRIPTION,"50'-0"""
ssr,34,Flexible Membrane,2,1,roll_weight,ROLL WEIGHT,DESCRIPTION,30.00#
ssr,34,Flexible Membrane,2,1,price,PRICE,,✓
ssr,35,Double Faced Tape,0,0,part,PART #,DESCRIPTION,HW-522
ssr,35,Double Faced Tape,0,0,width,WIDTH,DESCRIPTION,"yA"""
ssr,35,Double Faced Tape,0,0,roll_length,ROLL LENGTH,DESCRIPTION,"180'-0"""
ssr,35,Double Faced Tape,0,0,roll_weight,ROLL WEIGHT,DESCRIPTION,1.00#
ssr,35,Double Faced Tape,0,0,price,PRICE,,✓
ssr,35,Thermal Spacers,1,0,part,PART #,DESCRIPTION,HW-5S75
ssr,35,Thermal Spacers,1,0,ssr_system,SSR SYSTEM,DESCRIPTION,UD & DL
ssr,35,Thermal Spacers,1,0,width,WIDTH,DESCRIPTION,"3"""
ssr,35,Thermal Spacers,1,0,thickness,THICKNESS,DESCRIPTION,1
ssr,35,Thermal Spacers,1,0,length,LENGTH,DESCRIPTION,"2373"""
ssr,35,Thermal Spacers,1,0,material,MATERIAL,DESCRIPTION,Polystyrene
ssr,35,Thermal Spacers,1,0,weight_each,WEIGHT EACH,DESCRIPTION,.08#
ssr,35,Thermal Spacers,1,0,price,PRICE,,✓
ssr,35,Thermal Spacers,1,1,part,PART #,DESCRIPTION,HW-576
ssr,35,Thermal Spacers,1,1,ssr_system,SSR SYSTEM,DESCRIPTION,UD & DL
ssr,35,Thermal Spacers,1,1,width,WIDTH,DESCRIPTION,"3"""
ssr,35,Thermal Spacers,1,1,thickness,THICKNESS,DESCRIPTION,54
ssr,35,Thermal Spacers,1,1,length,LENGTH,DESCRIPTION,"23 73"""
ssr,35,Thermal Spacers,1,1,material,MATERIAL,DESCRIPTION,Polystyrene
ssr,35,Thermal Spacers,1,1,weight_each,WEIGHT EACH,DESCRIPTION,.07#
ssr,35,Thermal Spacers,1,1,price,PRICE,,✓
ssr,35,Thermal Spacers,1,2,part,PART #,DESCRIPTION,HW-577
ssr,35,Thermal Spacers,1,2,ssr_system,SSR SYSTEM,DESCRIPTION,UD & DL
ssr,35,Thermal Spacers,1,2,width,WIDTH,DESCRIPTION,"3"""
ssr,35,Thermal Spacers,1,2,thickness,THICKNESS,DESCRIPTION,3
ssr,35,Thermal Spacers,1,2,length,LENGTH,DESCRIPTION,"23 73"""
ssr,35,Thermal Spacers,1,2,material,MATERIAL,DESCRIPTION,Polystyrene
ssr,35,Thermal Spacers,1,2,weight_each,WEIGHT EACH,DESCRIPTION,.6#
ssr,35,Thermal Spacers,1,2,price,PRICE,,✓
ssr,35,Thermal Spacers,1,3,part,PART #,DESCRIPTION,HW-578
ssr,35,Thermal Spacers,1,3,ssr_system,SSR SYSTEM,DESCRIPTION,UD & DL
ssr,35,Thermal Spacers,1,3,width,WIDTH,DESCRIPTION,"3"""
ssr,35,Thermal Spacers,1,3,thickness,THICKNESS,DESCRIPTION,1
ssr,35,Thermal Spacers,1,3,length,LENGTH,DESCRIPTION,"17 7%"""
ssr,35,Thermal Spacers,1,3,material,MATERIAL,DESCRIPTION,Polystyrene
ssr,35,Thermal Spacers,1,3,weight_each,WEIGHT EACH,DESCRIPTION,.8#
ssr,35,Thermal Spacers,1,3,price,PRICE,,✓
ssr,35,Thermal Spacers,1,4,part,PART #,DESCRIPTION,HW-579
ssr,35,Thermal Spacers,1,4,ssr_system,SSR SYSTEM,DESCRIPTION,UD & DL
ssr,35,Thermal Spacers,1,4,width,WIDTH,DESCRIPTION,"3"""
ssr,35,Thermal Spacers,1,4,thickness,THICKNESS,DESCRIPTION,5
ssr,35,Thermal Spacers,1,4,length,LENGTH,DESCRIPTION,"177%"""
ssr,35,Thermal Spacers,1,4,material,MATERIAL,DESCRIPTION,Polystyrene
ssr,35,Thermal Spacers,1,4,weight_each,WEIGHT EACH,DESCRIPTION,.07#
ssr,35,Thermal Spacers,1,4,price,PRICE,,✓
ssr,35,Thermal Spacers,1,5,part,PART #,DESCRIPTION,HW-580
ssr,35,Thermal Spacers,1,5,ssr_system,SSR SYSTEM,DESCRIPTION,UD & DL
ssr,35,Thermal Spacers,1,5,width,WIDTH,DESCRIPTION,"3"""
ssr,35,Thermal Spacers,1,5,thickness,THICKNESS,DESCRIPTION,3
ssr,35,Thermal Spacers,1,5,length,LENGTH,DESCRIPTION,"17 7%"""
ssr,35,Thermal Spacers,1,5,material,MATERIAL,DESCRIPTION,Polystyrene
ssr,35,Thermal Spacers,1,5,weight_each,WEIGHT EACH,DESCRIPTION,.06#
ssr,35,Thermal Spacers,1,5,price,PRICE,,✓
ssr,35,Thermal Spacers,1,6,part,PART #,DESCRIPTION,HW-581
ssr,35,Thermal Spacers,1,6,ssr_system,SSR SYSTEM,DESCRIPTION,BL & SLK
ssr,35,Thermal Spacers,1,6,width,WIDTH,DESCRIPTION,"3"""
ssr,35,Thermal Spacers,1,6,thickness,THICKNESS,DESCRIPTION,1
ssr,35,Thermal Spacers,1,6,length,LENGTH,DESCRIPTION,"15%"""
ssr,35,Thermal Spacers,1,6,material,MATERIAL,DESCRIPTION,Polystyrene
ssr,35,Thermal Spacers,1,6,weight_each,WEIGHT EACH,DESCRIPTION,.05#
ssr,35,Thermal Spacers,1,6,price,PRICE,,✓
ssr,35,Thermal Spacers,1,7,part,PART #,DESCRIPTION,HW-582
ssr,35,Thermal Spacers,1,7,ssr_system,SSR SYSTEM,DESCRIPTION,BL & SLK
ssr,35,Thermal Spacers,1,7,width,WIDTH,DESCRIPTION,"3"""
ssr,35,Thermal Spacers,1,7,thickness,THICKNESS,DESCRIPTION,5
ssr,35,Thermal Spacers,1,7,length,LENGTH,DESCRIPTION,"15 Ys"""
ssr,35,Thermal Spacers,1,7,material,MATERIAL,DESCRIPTION,Polystyrene
ssr,35,Thermal Spacers,1,7,weight_each,WEIGHT EACH,DESCRIPTION,.4#
ssr,35,Thermal Spacers,1,7,price,PRICE,,✓
ssr,35,Thermal Spacers,1,8,part,PART #,DESCRIPTION,HW-583
ssr,35,Thermal Spacers,1,8,ssr_system,SSR SYSTEM,DESCRIPTION,BL & SLK
ssr,35,Thermal Spacers,1,8,width,WIDTH,DESCRIPTION,"3"""
ssr,35,Thermal Spacers,1,8,thickness,THICKNESS,DESCRIPTION,3
ssr,35,Thermal Spacers,1,8,length,LENGTH,DESCRIPTION,"15 7%"""
ssr,35,Thermal Spacers,1,8,material,MATERIAL,DESCRIPTION,Polystyrene
ssr,35,Thermal Spacers,1,8,weight_each,WEIGHT EACH,DESCRIPTION,.03#
ssr,35,Thermal Spacers,1,8,price,PRICE,,✓
ssr,36,Tube Sealant,0,0,part,PART #,DESCRIPTION,HW-548
ssr,36,Tube Sealant,0,0,type,TYPE,DESCRIPTION,Acrylic
ssr,36,Tube Sealant,0,0,color,COLOR,DESCRIPTION,White
ssr,36,Tube Sealant,0,0,tube_size,TUBE SIZE,DESCRIPTION,11 ounce
ssr,36,Tube Sealant,0,0,tube_weight,TUBE WEIGHT,DESCRIPTION,.5#
ssr,36,Tube Sealant,0,0,price,PRICE,,✓
ssr,36,Tube Sealant,0,1,part,PART #,DESCRIPTION,HW-550
ssr,36,Tube Sealant,0,1,type,TYPE,DESCRIPTION,Acrylic
ssr,36,Tube Sealant,0,1,color,COLOR,DESCRIPTION,Gray
ssr,36,Tube Sealant,0,1,tube_size,TUBE SIZE,DESCRIPTION,Tl ounce
ssr,36,Tube Sealant,0,1,tube_weight,TUBE WEIGHT,DESCRIPTION,.5#
ssr,36,Tube Sealant,0,1,price,PRICE,,✓
ssr,36,Tube Sealant,0,2,part,PART #,DESCRIPTION,HW-540
ssr,36,Tube Sealant,0,2,type,TYPE,DESCRIPTION,Urethane
ssr,36,Tube Sealant,0,2,color,COLOR,DESCRIPTION,White
ssr,36,Tube Sealant,0,2,tube_size,TUBE SIZE,DESCRIPTION,Tl ounce
ssr,36,Tube Sealant,0,2,tube_weight,TUBE WEIGHT,DESCRIPTION,.Rslores
ssr,36,Tube Sealant,0,2,price,PRICE,,✓
ssr,36,Tube Sealant,0,3,part,PART #,DESCRIPTION,HW-541
ssr,36,Tube Sealant,0,3,type,TYPE,DESCRIPTION,Urethane
ssr,36,Tube Sealant,0,3,color,COLOR,DESCRIPTION,Gray
ssr,36,Tube Sealant,0,3,tube_size,TUBE SIZE,DESCRIPTION,11 ounce
ssr,36,Tube Sealant,0,3,tube_weight,TUBE WEIGHT,DESCRIPTION,.85#
ssr,36,Tube Sealant,0,3,price,PRICE,,✓
ssr,36,Tube Sealant,0,4,part,PART #,DESCRIPTION,HW-542
ssr,36,Tube Sealant,0,4,type,TYPE,DESCRIPTION,Urethane
ssr,36,Tube Sealant,0,4,color,COLOR,DESCRIPTION,Bronze
ssr,36,Tube Sealant,0,4,tube_size,TUBE SIZE,DESCRIPTION,Tl ounce
ssr,36,Tube Sealant,0,4,tube_weight,TUBE WEIGHT,DESCRIPTION,.85#
ssr,36,Tube Sealant,0,4,price,PRICE,,✓
ssr,36,Tube Sealant,0,5,part,PART #,DESCRIPTION,HW-544
ssr,36,Tube Sealant,0,5,type,TYPE,DESCRIPTION,Urethane
ssr,36,Tube Sealant,0,5,color,COLOR,DESCRIPTION,Almond
ssr,36,Tube Sealant,0,5,tube_size,TUBE SIZE,DESCRIPTION,Tl ounce
ssr,36,Tube Sealant,0,5,tube_weight,TUBE WEIGHT,DESCRIPTION,.85#
ssr,36,Tube Sealant,0,5,price,PRICE,,✓
ssr,36,Tube Sealant,0,6,part,PART #,DESCRIPTION,HW-549
ssr,36,Tube Sealant,0,6,type,TYPE,DESCRIPTION,Non-Skinning Butyl
ssr,36,Tube Sealant,0,6,color,COLOR,DESCRIPTION,White
ssr,36,Tube Sealant,0,6,tube_size,TUBE SIZE,DESCRIPTION,10 ounce
ssr,36,Tube Sealant,0,6,tube_weight,TUBE WEIGHT,DESCRIPTION,1.00#
ssr,36,Tube Sealant,0,6,price,PRICE,,✓
ssr,36,Reflective Insulation,1,0,part,PART #,DESCRIPTION,HW-3925
ssr,36,Reflective Insulation,1,0,type,TYPE,DESCRIPTION,SolarGuard
ssr,36,Reflective Insulation,1,0,width,WIDTH,DESCRIPTION,"A'-0O"""
ssr,36,Reflective Insulation,1,0,length,LENGTH,DESCRIPTION,"125'-0"""
ssr,36,Reflective Insulation,1,0,roll_weight,ROLL WEIGHT,DESCRIPTION,31.00#
ssr,36,Reflective Insulation,1,0,price,PRICE,,✓
ssr,36,Reflective Insulation,1,1,part,PART #,DESCRIPTION,HW-3926
ssr,36,Reflective Insulation,1,1,type,TYPE,DESCRIPTION,SolarGuard
ssr,36,Reflective Insulation,1,1,width,WIDTH,DESCRIPTION,"6'-0"""
ssr,36,Reflective Insulation,1,1,length,LENGTH,DESCRIPTION,"125'-0"""
ssr,36,Reflective Insulation,1,1,roll_weight,ROLL WEIGHT,DESCRIPTION,46.50#
ssr,36,Reflective Insulation,1,1,price,PRICE,,✓
ssr,36,Scrimless Aluminum Tape,2,0,part,PART #,DESCRIPTION,HW-514
ssr,36,Scrimless Aluminum Tape,2,0,width,WIDTH,DESCRIPTION,"3"""
ssr,36,Scrimless Aluminum Tape,2,0,length,LENGTH,DESCRIPTION,"150'-0"""
ssr,36,Scrimless Aluminum Tape,2,0,roll_weight,ROLL WEIGHT,DESCRIPTION,1.50#
ssr,36,Scrimless Aluminum Tape,2,0,price,PRICE,,✓
ssr,37,Bearing Plate,0,0,part,PART #,DESCRIPTION,HW-7500
ssr,37,Bearing Plate,0,0,ssr_system,SSR SYSTEM,DESCRIPTION,UD & OL BL & SLK
ssr,37,Bearing Plate,0,0,gauge,GAUGE,DESCRIPTION,16
ssr,37,Bearing Plate,0,0,finish,FINISH,DESCRIPTION,Red Oxide
ssr,37,Bearing Plate,0,0,weight_per_100,WEIGHT PER 100,DESCRIPTION,.524
ssr,37,Bearing Plate,0,0,price,PRICE,,✓
ssr,37,Bearing Plate,0,1,part,PART #,DESCRIPTION,HW-7500
ssr,37,Bearing Plate,0,1,ssr_system,SSR SYSTEM,DESCRIPTION,UD & DL BL &SLK
ssr,37,Bearing Plate,0,1,gauge,GAUGE,DESCRIPTION,16
ssr,37,Bearing Plate,0,1,finish,FINISH,DESCRIPTION,Galvanized
ssr,37,Bearing Plate,0,1,weight_per_100,WEIGHT PER 100,DESCRIPTION,.55#
ssr,37,Bearing Plate,0,1,price,PRICE,,✓
ssr,37,Utility Clamp,1,0,part,PART #,DESCRIPTION,HW-562
ssr,37,Utility Clamp,1,0,ssr_system,SSR SYSTEM,DESCRIPTION,UD & DL BL &SLK
ssr,37,Utility Clamp,1,0,material,MATERIAL,DESCRIPTION,Aluminum
ssr,37,Utility Clamp,1,0,weight_each,WEIGHT EACH,DESCRIPTION,.35#
ssr,37,Utility Clamp,1,0,price,PRICE,,✓
ssr,37,Wind Clamp,2,0,part,PART #,DESCRIPTION,HW-568
ssr,37,Wind Clamp,2,0,ssr_system,SSR SYSTEM,DESCRIPTION,UD
ssr,37,Wind Clamp,2,0,material,MATERIAL,DESCRIPTION,Aluminum
ssr,37,Wind Clamp,2,0,weight_each,WEIGHT EACH,DESCRIPTION,.9#
ssr,37,Wind Clamp,2,0,price,PRICE,,✓
ssr,37,Wind Clamp,2,1,part,PART #,DESCRIPTION,HW-569
ssr,37,Wind Clamp,2,1,ssr_system,SSR SYSTEM,DESCRIPTION,DL
ssr,37,Wind Clamp,2,1,material,MATERIAL,DESCRIPTION,Aluminum
ssr,37,Wind Clamp,2,1,weight_each,WEIGHT EACH,DESCRIPTION,.9#
ssr,37,Wind Clamp,2,1,price,PRICE,,✓
ssr,38,ColorGard Cross Member - Unpunched,0,0,part,PART #,DESCRIPTION,HW-7672
ssr,38,ColorGard Cross Member - Unpunched,0,0,ssr_system,SSR SYSTEM,DESCRIPTION,All
ssr,38,ColorGard Cross Member - Unpunched,0,0,material,MATERIAL,DESCRIPTION,Aluminum
ssr,38,ColorGard Cross Member - Unpunched,0,0,length,LENGTH,DESCRIPTION,"7'-3"""
ssr,38,ColorGard Cross Member - Unpunched,0,0,weight_each,WEIGHT EACH,DESCRIPTION,3.90#
ssr,38,ColorGard Cross Member - Unpunched,0,0,price,PRICE,,✓
ssr,38,ColorGard VersaClip,1,0,part,PART #,DESCRIPTION,HW-7674
ssr,38,ColorGard VersaClip,1,0,ssr_system,SSR SYSTEM,DESCRIPTION,All
ssr,38,ColorGard VersaClip,1,0,material,MATERIAL,DESCRIPTION,Aluminum
ssr,38,ColorGard VersaClip,1,0,weight_each,WEIGHT EACH,DESCRIPTION,.05#
ssr,38,ColorGard VersaClip,1,0,price,PRICE,,✓
ssr,38,ColorGard SnoClip Ill,2,0,part,PART #,DESCRIPTION,HW-7675
ssr,38,ColorGard SnoClip Ill,2,0,ssr_system,SSR SYSTEM,DESCRIPTION,All
ssr,38,ColorGard SnoClip Ill,2,0,material,MATERIAL,DESCRIPTION,Aluminum
ssr,38,ColorGard SnoClip Ill,2,0,weight_each,WEIGHT EACH,DESCRIPTION,.27#
ssr,38,ColorGard SnoClip Ill,2,0,price,PRICE,,✓
ssr,39,S-5-H90O Clamp,0,0,part,PART #,DESCRIPTION,HW-7677
ssr,39,S-5-H90O Clamp,0,0,ssr_system,SSR SYSTEM,DESCRIPTION,BattenLok HS
ssr,39,S-5-H90O Clamp,0,0,material,MATERIAL,DESCRIPTION,Aluminum
ssr,39,S-5-H90O Clamp,0,0,weight_each,WEIGHT EACH,DESCRIPTION,.40#
ssr,39,S-5-H90O Clamp,0,0,price,PRICE,,✓
ssr,39,Color Strip,1,0,part,PART #,DESCRIPTION,FL-955
ssr,39,Color Strip,1,0,ssr_system,SSR SYSTEM,DESCRIPTION,All
ssr,39,Color Strip,1,0,length,LENGTH,DESCRIPTION,"10'-2"""
ssr,39,Color Strip,1,0,weight_each,WEIGHT EACH,DESCRIPTION,1.30#
ssr,39,Color Strip,1,0,signature_plus,"SIGNATURE
PLUS'",,✓
ssr,39,Color Strip,1,0,signature_200,"SIGNATURE
200",,✓
ssr,39,Color Strip,1,0,signature_300,"SIGNATURE
300",,✓
ssr,39,Color Strip,1,0,column_8,,".SIGNATURE""
300 METALLIC",✓
ssr,40,Spacer Tool,0,0,part,PART #,DESCRIPTION,HW-619
ssr,40,Spacer Tool,0,0,ssr_system,SSR SYSTEM,DESCRIPTION,UD
ssr,40,Spacer Tool,0,0,length,LENGTH,DESCRIPTION,"26"""
ssr,40,Spacer Tool,0,0,material,MATERIAL,DESCRIPTION,Aluminum
ssr,40,Spacer Tool,0,0,weight_each,WEIGHT EACH,DESCRIPTION,.20#
ssr,40,Spacer Tool,0,0,price,PRICE,,✓
ssr,40,Shaping Tool,1,0,part,PART #,DESCRIPTION,HW-600
ssr,40,Shaping Tool,1,0,ssr_system,SSR SYSTEM,DESCRIPTION,UD
ssr,40,Shaping Tool,1,0,height,HEIGHT,DESCRIPTION,"3'-EQ"""
ssr,40,Shaping Tool,1,0,weight_each,WEIGHT EACH,DESCRIPTION,5.00#
ssr,40,Shaping Tool,1,0,price,PRICE,,✓
ssr,40,Ultra-Dek' Unseaming Tool,2,0,part,PART #,DESCRIPTION,HW-7770
ssr,40,Ultra-Dek' Unseaming Tool,2,0,ssr_system,SSR SYSTEM,DESCRIPTION,UD
ssr,40,Ultra-Dek' Unseaming Tool,2,0,width,WIDTH,DESCRIPTION,2Van
ssr,40,Ultra-Dek' Unseaming Tool,2,0,length,LENGTH,DESCRIPTION,"12"""
ssr,40,Ultra-Dek' Unseaming Tool,2,0,weight_each,WEIGHT EACH,DESCRIPTION,1.384
ssr,40,Ultra-Dek' Unseaming Tool,2,0,price,PRICE,,✓
ssr,41,Panel Hemming Tool,0,0,part,PART #,DESCRIPTION,HW-602
ssr,41,Panel Hemming Tool,0,0,ssr_system,SSR SYSTEM,DESCRIPTION,BL & SLK
ssr,41,Panel Hemming Tool,0,0,width,WIDTH,DESCRIPTION,"19"""
ssr,41,Panel Hemming Tool,0,0,height,HEIGHT,DESCRIPTION,"13%"""
ssr,41,Panel Hemming Tool,0,0,weight_each,WEIGHT EACH,DESCRIPTION,4.25#
ssr,41,Panel Hemming Tool,0,0,price,PRICE,,✓
ssr,41,Rib Locker,1,0,part,PART #,DESCRIPTION,HW-624
ssr,41,Rib Locker,1,0,ssr_system,SSR SYSTEM,DESCRIPTION,BL
ssr,41,Rib Locker,1,0,width,WIDTH,DESCRIPTION,"3"""
ssr,41,Rib Locker,1,0,height,HEIGHT,DESCRIPTION,"18"""
ssr,41,Rib Locker,1,0,weight_each,WEIGHT EACH,DESCRIPTION,25.00#
ssr,41,Rib Locker,1,0,price,PRICE,,✓
ssr,41,Roof Hugger - Model D,2,0,part,PART #,,HW-1240D
ssr,41,Roof Hugger - Model D,2,0,1_249,"1-
249",,✓
ssr,41,Roof Hugger - Model D,2,0,250_499,"250 -
499",,✓
ssr,41,Roof Hugger - Model D,2,0,500_749,"500 -
749",,✓
ssr,41,Roof Hugger - Model D,2,0,750_999,"750 -
999",,✓
ssr,41,Roof Hugger - Model D,2,0,1_000_1_499,"1,000 -
1,499",,✓
ssr,41,Roof Hugger - Model D,2,0,1_500_1_999,"1,500 -
1,999",,✓
ssr,41,Roof Hugger - Model D,2,0,2_000_2_999,"2,000 -
2,999",,✓
ssr,41,Roof Hugger - Model D,2,0,3_000_3_999,"3,000 -
3,999",,✓
ssr,41,Roof Hugger - Model D,2,0,4_000_4_999,"4,000 -
4,999",,✓
ssr,41,Roof Hugger - Model D,2,0,5_000_7_499,"5,000 -
7,499",,✓
ssr,41,Roof Hugger - Model D,2,0,7_500_9_999,"7,500 -
9,999",,✓
ssr,41,Roof Hugger - Model D,2,0,over_10_000,"OVER
10,000",,✓
ssr,42,Roof Hugger - Model T,0,0,part,PART #,,HW-1240T
ssr,42,Roof Hugger - Model T,0,0,1_149,1-149,,✓
ssr,42,Roof Hugger - Model T,0,0,150_249,150 - 249,,✓
ssr,42,Roof Hugger - Model T,0,0,250_499,250 - 499,,✓
ssr,42,Roof Hugger - Model T,0,0,500_749,500 - 749,,✓
ssr,42,Roof Hugger - Model T,0,0,750_999,750 - 999,,✓
ssr,42,Roof Hugger - Model T,0,0,1_000_1_499,"1,000 -
1,499",,✓
ssr,42,Roof Hugger - Model T,0,0,1_500_1_999,"1,500 -
1,999",,✓
ssr,42,Roof Hugger - Model T,0,0,2_000_2_999,"2,000 -
2,999",,✓
ssr,42,Roof Hugger - Model T,0,0,3_000_3_999,"3,000 -
3,999",,✓
ssr,42,Roof Hugger - Model T,0,0,over_4_000,"OVER
4,000",,✓
ssr,42,Roof Hugger - Vertical Rib,1,0,part,PART #,DESCRIPTION,HW-1240VRI12
ssr,42,Roof Hugger - Vertical Rib,1,0,existing_panel_width,"EXISTING PANEL
WIDTH",DESCRIPTION,"12"""
ssr,42,Roof Hugger - Vertical Rib,1,0,1_149,1-149,,✓
ssr,42,Roof Hugger - Vertical Rib,1,0,150_249,150 - 249,,✓
ssr,42,Roof Hugger - Vertical Rib,1,0,250_499,"250 -
499",,✓
ssr,42,Roof Hugger - Vertical Rib,1,0,500_749,"500 -
749",,✓
ssr,42,Roof Hugger - Vertical Rib,1,0,750_999,"750 -
999",,✓
ssr,42,Roof Hugger - Vertical Rib,1,0,1_000_1_499,"1,000 -
1,499",,✓
ssr,42,Roof Hugger - Vertical Rib,1,0,1_500_1_999,"1,500 -
1,999",,✓
ssr,42,Roof Hugger - Vertical Rib,1,0,2_000_2_999,"2,000 -
2,999",,✓
ssr,42,Roof Hugger - Vertical Rib,1,0,3_000_3_999,"3,000 -
3,999",,✓
ssr,42,Roof Hugger - Vertical Rib,1,0,over_4_000,"OVER
4,000",,✓
ssr,42,Roof Hugger - Vertical Rib,1,1,part,PART #,DESCRIPTION,HW-1240VRI6
ssr,42,Roof Hugger - Vertical Rib,1,1,existing_panel_width,"EXISTING PANEL
WIDTH",DESCRIPTION,"16"""
ssr,42,Roof Hugger - Vertical Rib,1,1,1_149,1-149,,✓
ssr,42,Roof Hugger - Vertical Rib,1,1,150_249,150 - 249,,✓
ssr,42,Roof Hugger - Vertical Rib,1,1,250_499,"250 -
499",,✓
ssr,42,Roof Hugger - Vertical Rib,1,1,500_749,"500 -
749",,✓
ssr,42,Roof Hugger - Vertical Rib,1,1,750_999,"750 -
999",,✓
ssr,42,Roof Hugger - Vertical Rib,1,1,1_000_1_499,"1,000 -
1,499",,✓
ssr,42,Roof Hugger - Vertical Rib,1,1,1_500_1_999,"1,500 -
1,999",,✓
ssr,42,Roof Hugger - Vertical Rib,1,1,2_000_2_999,"2,000 -
2,999",,✓
ssr,42,Roof Hugger - Vertical Rib,1,1,3_000_3_999,"3,000 -
3,999",,✓
ssr,42,Roof Hugger - Vertical Rib,1,1,over_4_000,"OVER
4,000",,✓
ssr,42,Roof Hugger - Vertical Rib,1,2,part,PART #,DESCRIPTION,HW-1240VRI18
ssr,42,Roof Hugger - Vertical Rib,1,2,existing_panel_width,"EXISTING PANEL
WIDTH",DESCRIPTION,"18"""
ssr,42,Roof Hugger - Vertical Rib,1,2,1_149,1-149,,✓
ssr,42,Roof Hugger - Vertical Rib,1,2,150_249,150 - 249,,✓
ssr,42,Roof Hugger - Vertical Rib,1,2,250_499,"250 -
499",,✓
ssr,42,Roof Hugger - Vertical Rib,1,2,500_749,"500 -
749",,✓
ssr,42,Roof Hugger - Vertical Rib,1,2,750_999,"750 -
999",,✓
ssr,42,Roof Hugger - Vertical Rib,1,2,1_000_1_499,"1,000 -
1,499",,✓
ssr,42,Roof Hugger - Vertical Rib,1,2,1_500_1_999,"1,500 -
1,999",,✓
ssr,42,Roof Hugger - Vertical Rib,1,2,2_000_2_999,"2,000 -
2,999",,✓
ssr,42,Roof Hugger - Vertical Rib,1,2,3_000_3_999,"3,000 -
3,999",,✓
ssr,42,Roof Hugger - Vertical Rib,1,2,over_4_000,"OVER
4,000",,✓
ssr,43,Touch-Up Paint,0,0,part,PART #,DESCRIPTION,HW-304
ssr,43,Touch-Up Paint,0,0,finish,FINISH,DESCRIPTION,Signature' 200
ssr,43,Touch-Up Paint,0,0,size,SIZE,DESCRIPTION,2 ounce
ssr,43,Touch-Up Paint,0,0,color,COLOR,DESCRIPTION,See Color Chart
ssr,43,Touch-Up Paint,0,0,weight_each,WEIGHT EACH,DESCRIPTION,.0#
ssr,43,Touch-Up Paint,0,0,price,PRICE,,✓
ssr,43,Touch-Up Paint,0,1,part,PART #,DESCRIPTION,HW-305
ssr,43,Touch-Up Paint,0,1,finish,FINISH,DESCRIPTION,Signature' 300
ssr,43,Touch-Up Paint,0,1,size,SIZE,DESCRIPTION,2 ounce
ssr,43,Touch-Up Paint,0,1,color,COLOR,DESCRIPTION,See Color Chart
ssr,43,Touch-Up Paint,0,1,weight_each,WEIGHT EACH,DESCRIPTION,.0#
ssr,43,Touch-Up Paint,0,1,price,PRICE,,✓
ssr,43,Metal Vent Material,1,0,part,PART #,DESCRIPTION,HW-525
ssr,43,Metal Vent Material,1,0,type,TYPE,DESCRIPTION,Metal
ssr,43,Metal Vent Material,1,0,width,WIDTH,DESCRIPTION,"A Yo"""
ssr,43,Metal Vent Material,1,0,gauge,GAUGE,DESCRIPTION,24
ssr,43,Metal Vent Material,1,0,length,LENGTH,DESCRIPTION,"8'-E"""
ssr,43,Metal Vent Material,1,0,weight_each,WEIGHT EACH,DESCRIPTION,4.25#
ssr,43,Metal Vent Material,1,0,price,PRICE,,✓
ssr,43,Continuous Vents,2,0,part,PART #,DESCRIPTION,HW-702
ssr,43,Continuous Vents,2,0,size,SIZE,DESCRIPTION,"9"" x 10'-0"""
ssr,43,Continuous Vents,2,0,gauge,GAUGE,DESCRIPTION,26
ssr,43,Continuous Vents,2,0,weight_each,WEIGHT EACH,DESCRIPTION,115.00#
ssr,43,Continuous Vents,2,0,galvalume_plus,GALVALUME PLUS',PRICED PER EACH,✓
ssr,43,Continuous Vents,2,0,white,WHITE,PRICED PER EACH,✓
ssr,43,Continuous Vents,2,1,part,PART #,DESCRIPTION,HW-704
ssr,43,Continuous Vents,2,1,size,SIZE,DESCRIPTION,"12"" x 10'-0"""
ssr,43,Continuous Vents,2,1,gauge,GAUGE,DESCRIPTION,26
ssr,43,Continuous Vents,2,1,weight_each,WEIGHT EACH,DESCRIPTION,150.00#
ssr,43,Continuous Vents,2,1,galvalume_plus,GALVALUME PLUS',PRICED PER EACH,✓
ssr,43,Continuous Vents,2,1,white,WHITE,PRICED PER EACH,✓
ssr,44,Vent Damper Operator Parts,0,0,part,PART #,DESCRIPTION,HW-705
ssr,44,Vent Damper Operator Parts,0,0,description,DESCRIPTION,DESCRIPTION,"Vent Cable (%e"")"
ssr,44,Vent Damper Operator Parts,0,0,priced_per,PRICED PER,DESCRIPTION,Foot
ssr,44,Vent Damper Operator Parts,0,0,weight_each,WEIGHT EACH,DESCRIPTION,.0#
ssr,44,Vent Damper Operator Parts,0,0,price,PRICE,,✓
ssr,44,Vent Damper Operator Parts,0,1,part,PART #,DESCRIPTION,HW-706
ssr,44,Vent Damper Operator Parts,0,1,description,DESCRIPTION,DESCRIPTION,Vent Pully
ssr,44,Vent Damper Operator Parts,0,1,priced_per,PRICED PER,DESCRIPTION,Each
ssr,44,Vent Damper Operator Parts,0,1,weight_each,WEIGHT EACH,DESCRIPTION,.25#
ssr,44,Vent Damper Operator Parts,0,1,price,PRICE,,✓
ssr,44,Vent Damper Operator Parts,0,2,part,PART #,DESCRIPTION,HW-708
ssr,44,Vent Damper Operator Parts,0,2,description,DESCRIPTION,DESCRIPTION,Vent Cable Clamp
ssr,44,Vent Damper Operator Parts,0,2,priced_per,PRICED PER,DESCRIPTION,Each
ssr,44,Vent Damper Operator Parts,0,2,weight_each,WEIGHT EACH,DESCRIPTION,.0#
ssr,44,Vent Damper Operator Parts,0,2,price,PRICE,,✓
ssr,44,Vent Damper Operator Parts,0,3,part,PART #,DESCRIPTION,HW-710
ssr,44,Vent Damper Operator Parts,0,3,description,DESCRIPTION,DESCRIPTION,"Vent Eye Bolt C4"" x 2"")"
ssr,44,Vent Damper Operator Parts,0,3,priced_per,PRICED PER,DESCRIPTION,Each
ssr,44,Vent Damper Operator Parts,0,3,weight_each,WEIGHT EACH,DESCRIPTION,.0#
ssr,44,Vent Damper Operator Parts,0,3,price,PRICE,,✓
ssr,44,Vent Damper Operator Parts,0,4,part,PART #,DESCRIPTION,HW-712
ssr,44,Vent Damper Operator Parts,0,4,description,DESCRIPTION,DESCRIPTION,Vent Pull Chain With Handle
ssr,44,Vent Damper Operator Parts,0,4,priced_per,PRICED PER,DESCRIPTION,"3'-0"" Section"
ssr,44,Vent Damper Operator Parts,0,4,weight_each,WEIGHT EACH,DESCRIPTION,1.00#
ssr,44,Vent Damper Operator Parts,0,4,price,PRICE,,✓
ssr,44,Vent Damper Operator Parts,0,5,part,PART #,DESCRIPTION,HW-714
ssr,44,Vent Damper Operator Parts,0,5,description,DESCRIPTION,DESCRIPTION,"Vent ""S"" Hook (1%"")"
ssr,44,Vent Damper Operator Parts,0,5,priced_per,PRICED PER,DESCRIPTION,Each
ssr,44,Vent Damper Operator Parts,0,5,weight_each,WEIGHT EACH,DESCRIPTION,.1#
ssr,44,Vent Damper Operator Parts,0,5,price,PRICE,,✓
ssr,45,Light Transmitting Panel - UL9O - Field Installed LTP kit,0,0,part,PART #,DESCRIPTION,HW-1472
ssr,45,Light Transmitting Panel - UL9O - Field Installed LTP kit,0,0,type,TYPE,DESCRIPTION,Uninsulated
ssr,45,Light Transmitting Panel - UL9O - Field Installed LTP kit,0,0,ssr_system,SSR SYSTEM,DESCRIPTION,UD & DL
ssr,45,Light Transmitting Panel - UL9O - Field Installed LTP kit,0,0,width,WIDTH,DESCRIPTION,"24"""
ssr,45,Light Transmitting Panel - UL9O - Field Installed LTP kit,0,0,length,LENGTH,DESCRIPTION,"10'-3"""
ssr,45,Light Transmitting Panel - UL9O - Field Installed LTP kit,0,0,ltp_color,LTP COLOR,DESCRIPTION,See Note
ssr,45,Light Transmitting Panel - UL9O - Field Installed LTP kit,0,0,weight_each,WEIGHT EACH,DESCRIPTION,32.95#
ssr,45,Light Transmitting Panel - UL9O - Field Installed LTP kit,0,0,price,PRICE,,✓
ssr,45,Light Transmitting Panel - UL9O - Field Installed LTP kit,0,1,part,PART #,DESCRIPTION,HW-1473
ssr,45,Light Transmitting Panel - UL9O - Field Installed LTP kit,0,1,type,TYPE,DESCRIPTION,Insulated
ssr,45,Light Transmitting Panel - UL9O - Field Installed LTP kit,0,1,ssr_system,SSR SYSTEM,DESCRIPTION,UD & DL
ssr,45,Light Transmitting Panel - UL9O - Field Installed LTP kit,0,1,width,WIDTH,DESCRIPTION,"24"""
ssr,45,Light Transmitting Panel - UL9O - Field Installed LTP kit,0,1,length,LENGTH,DESCRIPTION,"10'-3"""
ssr,45,Light Transmitting Panel - UL9O - Field Installed LTP kit,0,1,ltp_color,LTP COLOR,DESCRIPTION,See Note
ssr,45,Light Transmitting Panel - UL9O - Field Installed LTP kit,0,1,weight_each,WEIGHT EACH,DESCRIPTION,39.70#
ssr,45,Light Transmitting Panel - UL9O - Field Installed LTP kit,0,1,price,PRICE,,✓
ssr,45,Light Transmitting Panel - UL9O - Riveted Rail LTP,1,0,part,PART #,DESCRIPTION,HW-1446U
ssr,45,Light Transmitting Panel - UL9O - Riveted Rail LTP,1,0,type,TYPE,DESCRIPTION,Uninsulated
ssr,45,Light Transmitting Panel - UL9O - Riveted Rail LTP,1,0,ssr_system,SSR SYSTEM,DESCRIPTION,UD
ssr,45,Light Transmitting Panel - UL9O - Riveted Rail LTP,1,0,width,WIDTH,DESCRIPTION,"24"""
ssr,45,Light Transmitting Panel - UL9O - Riveted Rail LTP,1,0,length,LENGTH,DESCRIPTION,"10'-3"""
ssr,45,Light Transmitting Panel - UL9O - Riveted Rail LTP,1,0,color,COLOR,DESCRIPTION,Snow White Side Rail
ssr,45,Light Transmitting Panel - UL9O - Riveted Rail LTP,1,0,weight_each,WEIGHT EACH,DESCRIPTION,34.00#
ssr,45,Light Transmitting Panel - UL9O - Riveted Rail LTP,1,0,price,PRICE,,✓
ssr,45,Light Transmitting Panel - UL9O - Riveted Rail LTP,1,1,part,PART #,DESCRIPTION,HW-1446D
ssr,45,Light Transmitting Panel - UL9O - Riveted Rail LTP,1,1,type,TYPE,DESCRIPTION,Uninsulated
ssr,45,Light Transmitting Panel - UL9O - Riveted Rail LTP,1,1,ssr_system,SSR SYSTEM,DESCRIPTION,DL
ssr,45,Light Transmitting Panel - UL9O - Riveted Rail LTP,1,1,width,WIDTH,DESCRIPTION,"24"""
ssr,45,Light Transmitting Panel - UL9O - Riveted Rail LTP,1,1,length,LENGTH,DESCRIPTION,"10'-3"""
ssr,45,Light Transmitting Panel - UL9O - Riveted Rail LTP,1,1,color,COLOR,DESCRIPTION,Snow White Side Rail
ssr,45,Light Transmitting Panel - UL9O - Riveted Rail LTP,1,1,weight_each,WEIGHT EACH,DESCRIPTION,34.00#
ssr,45,Light Transmitting Panel - UL9O - Riveted Rail LTP,1,1,price,PRICE,,✓
ssr,45,Light Transmitting Panel - UL9O - Riveted Rail LTP,1,2,part,PART #,DESCRIPTION,HW-1445U
ssr,45,Light Transmitting Panel - UL9O - Riveted Rail LTP,1,2,type,TYPE,DESCRIPTION,Insulated
ssr,45,Light Transmitting Panel - UL9O - Riveted Rail LTP,1,2,ssr_system,SSR SYSTEM,DESCRIPTION,UD
ssr,45,Light Transmitting Panel - UL9O - Riveted Rail LTP,1,2,width,WIDTH,DESCRIPTION,"24"""
ssr,45,Light Transmitting Panel - UL9O - Riveted Rail LTP,1,2,length,LENGTH,DESCRIPTION,"10'-3"""
ssr,45,Light Transmitting Panel - UL9O - Riveted Rail LTP,1,2,color,COLOR,DESCRIPTION,Snow White Side Rail
ssr,45,Light Transmitting Panel - UL9O - Riveted Rail LTP,1,2,weight_each,WEIGHT EACH,DESCRIPTION,41.00#
ssr,45,Light Transmitting Panel - UL9O - Riveted Rail LTP,1,2,price,PRICE,,✓
ssr,45,Light Transmitting Panel - UL9O - Riveted Rail LTP,1,3,part,PART #,DESCRIPTION,HW-1445D
ssr,45,Light Transmitting Panel - UL9O - Riveted Rail LTP,1,3,type,TYPE,DESCRIPTION,Insulated
ssr,45,Light Transmitting Panel - UL9O - Riveted Rail LTP,1,3,ssr_system,SSR SYSTEM,DESCRIPTION,DL
ssr,45,Light Transmitting Panel - UL9O - Riveted Rail LTP,1,3,width,WIDTH,DESCRIPTION,"24"""
ssr,45,Light Transmitting Panel - UL9O - Riveted Rail LTP,1,3,length,LENGTH,DESCRIPTION,"10'-3"""
ssr,45,Light Transmitting Panel - UL9O - Riveted Rail LTP,1,3,color,COLOR,DESCRIPTION,Snow White Side Rail
ssr,45,Light Transmitting Panel - UL9O - Riveted Rail LTP,1,3,weight_each,WEIGHT EACH,DESCRIPTION,41.00#
ssr,45,Light Transmitting Panel - UL9O - Riveted Rail LTP,1,3,price,PRICE,,✓
ssr,46,Light Transmitting Panel - UL9O,0,0,part,PART #,DESCRIPTION,HW-1800HSB
ssr,46,Light Transmitting Panel - UL9O,0,0,type,TYPE,DESCRIPTION,Uninsulated
ssr,46,Light Transmitting Panel - UL9O,0,0,ssr_system,SSR SYSTEM,DESCRIPTION,BL
ssr,46,Light Transmitting Panel - UL9O,0,0,width,WIDTH,DESCRIPTION,"16"""
ssr,46,Light Transmitting Panel - UL9O,0,0,length,LENGTH,DESCRIPTION,"10'-6"""
ssr,46,Light Transmitting Panel - UL9O,0,0,color,COLOR,DESCRIPTION,White
ssr,46,Light Transmitting Panel - UL9O,0,0,weight_each,WEIGHT EACH,DESCRIPTION,25.00#
ssr,46,Light Transmitting Panel - UL9O,0,0,price,PRICE,,✓
ssr,46,Light Transmitting Panel - UL9O,0,1,part,PART #,DESCRIPTION,HW-1800S
ssr,46,Light Transmitting Panel - UL9O,0,1,type,TYPE,DESCRIPTION,Uninsulated
ssr,46,Light Transmitting Panel - UL9O,0,1,ssr_system,SSR SYSTEM,DESCRIPTION,SLK
ssr,46,Light Transmitting Panel - UL9O,0,1,width,WIDTH,DESCRIPTION,"16"""
ssr,46,Light Transmitting Panel - UL9O,0,1,length,LENGTH,DESCRIPTION,"10'-6"""
ssr,46,Light Transmitting Panel - UL9O,0,1,color,COLOR,DESCRIPTION,White
ssr,46,Light Transmitting Panel - UL9O,0,1,weight_each,WEIGHT EACH,DESCRIPTION,25.00#
ssr,46,Light Transmitting Panel - UL9O,0,1,price,PRICE,,✓
ssr,46,Light Transmitting Panel - Standard,1,0,part,PART #,DESCRIPTION,HW-1802HSB
ssr,46,Light Transmitting Panel - Standard,1,0,type,TYPE,DESCRIPTION,Uninsulated
ssr,46,Light Transmitting Panel - Standard,1,0,ssr_system,SSR SYSTEM,DESCRIPTION,BL
ssr,46,Light Transmitting Panel - Standard,1,0,width,WIDTH,DESCRIPTION,"16"""
ssr,46,Light Transmitting Panel - Standard,1,0,length,LENGTH,DESCRIPTION,"10'-6"""
ssr,46,Light Transmitting Panel - Standard,1,0,color,COLOR,DESCRIPTION,White
ssr,46,Light Transmitting Panel - Standard,1,0,weight_each,WEIGHT EACH,DESCRIPTION,25.00#
ssr,46,Light Transmitting Panel - Standard,1,0,price,PRICE,,✓
ssr,46,Light Transmitting Panel - Standard,1,1,part,PART #,DESCRIPTION,HW-1802S
ssr,46,Light Transmitting Panel - Standard,1,1,type,TYPE,DESCRIPTION,Uninsulated
ssr,46,Light Transmitting Panel - Standard,1,1,ssr_system,SSR SYSTEM,DESCRIPTION,SLK
ssr,46,Light Transmitting Panel - Standard,1,1,width,WIDTH,DESCRIPTION,"16"""
ssr,46,Light Transmitting Panel - Standard,1,1,length,LENGTH,DESCRIPTION,"10'-6"""
ssr,46,Light Transmitting Panel - Standard,1,1,color,COLOR,DESCRIPTION,White
ssr,46,Light Transmitting Panel - Standard,1,1,weight_each,WEIGHT EACH,DESCRIPTION,25.00#
ssr,46,Light Transmitting Panel - Standard,1,1,price,PRICE,,✓
ssr,47,Flat Sheet Selection Chart,0,0,column_1,,,Width
ssr,47,Flat Sheet Selection Chart,0,0,column_2,,,"40-7/8"""
ssr,47,Flat Sheet Selection Chart,0,0,column_3,,,"42-3/4"""
ssr,47,Flat Sheet Selection Chart,0,0,column_4,,,"48 - 3/8"""
ssr,47,Flat Sheet Selection Chart,0,1,column_1,,,Gauge
ssr,47,Flat Sheet Selection Chart,0,1,column_2,,,29 ga
ssr,47,Flat Sheet Selection Chart,0,1,column_3,,,26 ga
ssr,47,Flat Sheet Selection Chart,0,1,column_4,,,24 ga
ssr,47,Flat Sheet Selection Chart,0,2,column_1,,,Weight per LF
ssr,47,Flat Sheet Selection Chart,0,2,column_2,,,2.00#
ssr,47,Flat Sheet Selection Chart,0,2,column_3,,,3.32#
ssr,47,Flat Sheet Selection Chart,0,2,column_4,,,3.75#
ssr,47,Flat Sheet Selection Chart,0,3,column_1,,,Signature® 200 (Polyester)
ssr,48,Ridge Flashing - Floating,0,0,part,PART #,DESCRIPTION,FL-200
ssr,48,Ridge Flashing - Floating,0,0,dim_a,"DIM ""A""",DESCRIPTION,"By"""
ssr,48,Ridge Flashing - Floating,0,0,length,LENGTH,DESCRIPTION,"10'-2"""
ssr,48,Ridge Flashing - Floating,0,0,girth,GIRTH,DESCRIPTION,"15%"""
ssr,48,Ridge Flashing - Floating,0,0,roof_slope,"ROOF
SLOPE",DESCRIPTION,Ya- 24212
ssr,48,Ridge Flashing - Floating,0,0,weight_each,"WEIGHT
EACH",DESCRIPTION,10.224
ssr,48,Ridge Flashing - Floating,0,0,peak_purlin_spacing,"PEAK
PURLIN.
SPACING",DESCRIPTION,"18"""
ssr,48,Ridge Flashing - Floating,0,0,ssr_system,".SSR
SYSTEM",DESCRIPTION,UD & DL
ssr,48,Ridge Flashing - Floating,0,0,galvalume_plus,"GALVALUME*
PLUS",,✓
ssr,48,Ridge Flashing - Floating,0,0,signature_200,"SIGNATURE
200",,✓
ssr,48,Ridge Flashing - Floating,0,0,signature_300,"SIGNATURE""
300",,✓
ssr,48,Ridge Flashing - Floating,0,0,signature_300_metallic,".SIGNATURE""
300 METALLIC",,✓
ssr,48,Ridge Flashing - Floating,0,1,part,PART #,DESCRIPTION,FL-202
ssr,48,Ridge Flashing - Floating,0,1,dim_a,"DIM ""A""",DESCRIPTION,"AVY"""
ssr,48,Ridge Flashing - Floating,0,1,length,LENGTH,DESCRIPTION,"10'-2"""
ssr,48,Ridge Flashing - Floating,0,1,girth,GIRTH,DESCRIPTION,"17 72"""
ssr,48,Ridge Flashing - Floating,0,1,roof_slope,"ROOF
SLOPE",DESCRIPTION,2%6-4:12
ssr,48,Ridge Flashing - Floating,0,1,weight_each,"WEIGHT
EACH",DESCRIPTION,"12,.00#"
ssr,48,Ridge Flashing - Floating,0,1,peak_purlin_spacing,"PEAK
PURLIN.
SPACING",DESCRIPTION,"18"""
ssr,48,Ridge Flashing - Floating,0,1,ssr_system,".SSR
SYSTEM",DESCRIPTION,UD & DL
ssr,48,Ridge Flashing - Floating,0,1,galvalume_plus,"GALVALUME*
PLUS",,✓
ssr,48,Ridge Flashing - Floating,0,1,signature_200,"SIGNATURE
200",,✓
ssr,48,Ridge Flashing - Floating,0,1,signature_300,"SIGNATURE""
300",,✓
ssr,48,Ridge Flashing - Floating,0,1,signature_300_metallic,".SIGNATURE""
300 METALLIC",,✓
ssr,48,Ridge Flashing - Floating,0,2,part,PART #,DESCRIPTION,FL-213
ssr,48,Ridge Flashing - Floating,0,2,dim_a,"DIM ""A""",DESCRIPTION,"6%"""
ssr,48,Ridge Flashing - Floating,0,2,length,LENGTH,DESCRIPTION,"10'-2"""
ssr,48,Ridge Flashing - Floating,0,2,girth,GIRTH,DESCRIPTION,"2172"""
ssr,48,Ridge Flashing - Floating,0,2,roof_slope,"ROOF
SLOPE",DESCRIPTION,Ya-2 Y2i12
ssr,48,Ridge Flashing - Floating,0,2,weight_each,"WEIGHT
EACH",DESCRIPTION,14.74#
ssr,48,Ridge Flashing - Floating,0,2,peak_purlin_spacing,"PEAK
PURLIN.
SPACING",DESCRIPTION,"24"""
ssr,48,Ridge Flashing - Floating,0,2,ssr_system,".SSR
SYSTEM",DESCRIPTION,UD & DL
ssr,48,Ridge Flashing - Floating,0,2,galvalume_plus,"GALVALUME*
PLUS",,✓
ssr,48,Ridge Flashing - Floating,0,2,signature_200,"SIGNATURE
200",,✓
ssr,48,Ridge Flashing - Floating,0,2,signature_300,"SIGNATURE""
300",,✓
ssr,48,Ridge Flashing - Floating,0,2,signature_300_metallic,".SIGNATURE""
300 METALLIC",,✓
ssr,48,Ridge Flashing - Floating,0,3,part,PART #,DESCRIPTION,FL-214
ssr,48,Ridge Flashing - Floating,0,3,dim_a,"DIM ""A""",DESCRIPTION,7 Vat
ssr,48,Ridge Flashing - Floating,0,3,length,LENGTH,DESCRIPTION,"10'-2"""
ssr,48,Ridge Flashing - Floating,0,3,girth,GIRTH,DESCRIPTION,"2372"""
ssr,48,Ridge Flashing - Floating,0,3,roof_slope,"ROOF
SLOPE",DESCRIPTION,2%6-4:12
ssr,48,Ridge Flashing - Floating,0,3,weight_each,"WEIGHT
EACH",DESCRIPTION,15.49#
ssr,48,Ridge Flashing - Floating,0,3,peak_purlin_spacing,"PEAK
PURLIN.
SPACING",DESCRIPTION,"24"""
ssr,48,Ridge Flashing - Floating,0,3,ssr_system,".SSR
SYSTEM",DESCRIPTION,UD & DL
ssr,48,Ridge Flashing - Floating,0,3,galvalume_plus,"GALVALUME*
PLUS",,✓
ssr,48,Ridge Flashing - Floating,0,3,signature_200,"SIGNATURE
200",,✓
ssr,48,Ridge Flashing - Floating,0,3,signature_300,"SIGNATURE""
300",,✓
ssr,48,Ridge Flashing - Floating,0,3,signature_300_metallic,".SIGNATURE""
300 METALLIC",,✓
ssr,48,Ridge Flashing - Floating,1,0,7_use_w,"7""
Use w",,"10%"""
ssr,48,Ridge Flashing - Floating,1,0,10_2_thout_v,".10-2""
thout v",,"10'-2"""
ssr,48,Ridge Flashing - Floating,1,0,23_ontilat,"23%""
ontilat:",,"29"""
ssr,48,Ridge Flashing - Floating,1,0,2_6_4_12_1,".2%6-4:12
1""",,VYa-2Y212
ssr,48,Ridge Flashing - Floating,1,0,15_49,15.49#,,19.124
ssr,48,Ridge Flashing - Floating,1,0,24,"24""",,"32"""
ssr,48,Ridge Flashing - Floating,1,0,ud_dl,UD & DL,,UD & DL
ssr,48,Ridge Flashing - Floating,1,0,v,v,,✓
ssr,48,Ridge Flashing - Floating,1,0,v_2,v,,✓
ssr,48,Ridge Flashing - Floating,1,0,v_3,v,,✓
ssr,48,Ridge Flashing - Floating,1,0,v_4,v,,✓
ssr,48,Ridge Flashing - Floating,1,1,7_use_w,"7""
Use w",,W
ssr,48,Ridge Flashing - Floating,1,1,10_2_thout_v,".10-2""
thout v",,"10'-2"""
ssr,48,Ridge Flashing - Floating,1,1,23_ontilat,"23%""
ontilat:",,"30 12"""
ssr,48,Ridge Flashing - Floating,1,1,2_6_4_12_1,".2%6-4:12
1""",,2%6-4:12
ssr,48,Ridge Flashing - Floating,1,1,15_49,15.49#,,20.114
ssr,48,Ridge Flashing - Floating,1,1,24,"24""",,"30"""
ssr,48,Ridge Flashing - Floating,1,1,ud_dl,UD & DL,,UD & DL
ssr,48,Ridge Flashing - Floating,1,1,v,v,,✓
ssr,48,Ridge Flashing - Floating,1,1,v_2,v,,✓
ssr,48,Ridge Flashing - Floating,1,1,v_3,v,,✓
ssr,48,Ridge Flashing - Floating,1,1,v_4,v,,✓
ssr,48,Ridge Flashing - Floating,2,0,column_1,,,"3 Yo"""
ssr,48,Ridge Flashing - Floating,2,0,column_2,,,"10'-2"""
ssr,48,Ridge Flashing - Floating,2,0,column_3,,,"15%"""
ssr,48,Ridge Flashing - Floating,2,0,column_4,,,Ya-3 Yal2
ssr,48,Ridge Flashing - Floating,2,0,column_5,,,10.22#
ssr,48,Ridge Flashing - Floating,2,0,column_6,,,"18"""
ssr,48,Ridge Flashing - Floating,2,0,column_7,,,BL & SLK
ssr,48,Ridge Flashing - Floating,2,0,column_8,,,✓
ssr,48,Ridge Flashing - Floating,2,0,column_9,,,✓
ssr,48,Ridge Flashing - Floating,2,0,column_10,,,✓
ssr,48,Ridge Flashing - Floating,2,0,column_11,,,✓
ssr,48,Ridge Flashing - Floating,2,1,column_1,,,AVyt
ssr,48,Ridge Flashing - Floating,2,1,column_2,,,"10'-2"""
ssr,48,Ridge Flashing - Floating,2,1,column_3,,,"17%"""
ssr,48,Ridge Flashing - Floating,2,1,column_4,,,3'%A6-6:12
ssr,48,Ridge Flashing - Floating,2,1,column_5,,,12.00#
ssr,48,Ridge Flashing - Floating,2,1,column_6,,,"18"""
ssr,48,Ridge Flashing - Floating,2,1,column_7,,,BL & SLK
ssr,48,Ridge Flashing - Floating,2,1,column_8,,,✓
ssr,48,Ridge Flashing - Floating,2,1,column_9,,,✓
ssr,48,Ridge Flashing - Floating,2,1,column_10,,,✓
ssr,48,Ridge Flashing - Floating,2,1,column_11,,,✓
ssr,48,Ridge Flashing - Floating,2,2,column_1,,,"6%"""
ssr,48,Ridge Flashing - Floating,2,2,column_2,,,"10'-2"""
ssr,48,Ridge Flashing - Floating,2,2,column_3,,,"21%"""
ssr,48,Ridge Flashing - Floating,2,2,column_4,,,Ya- 3 Yal2
ssr,48,Ridge Flashing - Floating,2,2,column_5,,,14.744
ssr,48,Ridge Flashing - Floating,2,2,column_6,,,"24"""
ssr,48,Ridge Flashing - Floating,2,2,column_7,,,BL & SLK
ssr,48,Ridge Flashing - Floating,2,2,column_8,,,✓
ssr,48,Ridge Flashing - Floating,2,2,column_9,,,✓
ssr,48,Ridge Flashing - Floating,2,2,column_10,,,✓
ssr,48,Ridge Flashing - Floating,2,2,column_11,,,✓
ssr,48,Ridge Flashing - Floating,2,3,column_1,,,"7 Va"""
ssr,48,Ridge Flashing - Floating,2,3,column_2,,,"10'-2"""
ssr,48,Ridge Flashing - Floating,2,3,column_3,,,"23%"""
ssr,48,Ridge Flashing - Floating,2,3,column_4,,,3'%A6-6:12
ssr,48,Ridge Flashing - Floating,2,3,column_5,,,15. 49#
ssr,48,Ridge Flashing - Floating,2,3,column_6,,,"24"""
ssr,48,Ridge Flashing - Floating,2,3,column_7,,,BL & SLK
ssr,48,Ridge Flashing - Floating,2,3,column_8,,,✓
ssr,48,Ridge Flashing - Floating,2,3,column_9,,,✓
ssr,48,Ridge Flashing - Floating,2,3,column_10,,,✓
ssr,48,Ridge Flashing - Floating,2,3,column_11,,,✓
ssr,48,Ridge/Hip Flashing - Fixed,3,0,part,PART #,DESCRIPTION,FL-209
ssr,48,Ridge/Hip Flashing - Fixed,3,0,dim_a,"DIM ""A""",DESCRIPTION,"6"""
ssr,48,Ridge/Hip Flashing - Fixed,3,0,length,LENGTH,DESCRIPTION,"10'-2"""
ssr,48,Ridge/Hip Flashing - Fixed,3,0,girth,GIRTH,DESCRIPTION,"13"""
ssr,48,Ridge/Hip Flashing - Fixed,3,0,roof_slope,"ROOF
SLOPE",DESCRIPTION,Ya-3 Ya12
ssr,48,Ridge/Hip Flashing - Fixed,3,0,weight_each,"WEIGHT
EACH",DESCRIPTION,8.91#
ssr,48,Ridge/Hip Flashing - Fixed,3,0,peak_purlin_spacing,"PEAK
PURLIN.
SPACING",DESCRIPTION,"18"""
ssr,48,Ridge/Hip Flashing - Fixed,3,0,ssr_system,".SSR
SYSTEM",DESCRIPTION,BL & SLK
ssr,48,Ridge/Hip Flashing - Fixed,3,0,galvalume_plus,"GALVALUME*
PLUS",,✓
ssr,48,Ridge/Hip Flashing - Fixed,3,0,signature_200,"SIGNATURE*
200",,✓
ssr,48,Ridge/Hip Flashing - Fixed,3,0,signature_300,"SIGNATURE*
300",,✓
ssr,48,Ridge/Hip Flashing - Fixed,3,0,signature_300_metallic,".SIGNATURE""
300 METALLIC",,✓
ssr,48,Ridge/Hip Flashing - Fixed,3,1,part,PART #,DESCRIPTION,FL-211
ssr,48,Ridge/Hip Flashing - Fixed,3,1,dim_a,"DIM ""A""",DESCRIPTION,"7"""
ssr,48,Ridge/Hip Flashing - Fixed,3,1,length,LENGTH,DESCRIPTION,"10'-2"""
ssr,48,Ridge/Hip Flashing - Fixed,3,1,girth,GIRTH,DESCRIPTION,"15"""
ssr,48,Ridge/Hip Flashing - Fixed,3,1,roof_slope,"ROOF
SLOPE",DESCRIPTION,316-6112
ssr,48,Ridge/Hip Flashing - Fixed,3,1,weight_each,"WEIGHT
EACH",DESCRIPTION,10.28#
ssr,48,Ridge/Hip Flashing - Fixed,3,1,peak_purlin_spacing,"PEAK
PURLIN.
SPACING",DESCRIPTION,"18"""
ssr,48,Ridge/Hip Flashing - Fixed,3,1,ssr_system,".SSR
SYSTEM",DESCRIPTION,BL & SLK
ssr,48,Ridge/Hip Flashing - Fixed,3,1,galvalume_plus,"GALVALUME*
PLUS",,✓
ssr,48,Ridge/Hip Flashing - Fixed,3,1,signature_200,"SIGNATURE*
200",,✓
ssr,48,Ridge/Hip Flashing - Fixed,3,1,signature_300,"SIGNATURE*
300",,✓
ssr,48,Ridge/Hip Flashing - Fixed,3,1,signature_300_metallic,".SIGNATURE""
300 METALLIC",,✓
ssr,48,Ridge/Hip Flashing - Fixed,3,2,part,PART #,DESCRIPTION,FL-212
ssr,48,Ridge/Hip Flashing - Fixed,3,2,dim_a,"DIM ""A""",DESCRIPTION,"ny"""
ssr,48,Ridge/Hip Flashing - Fixed,3,2,length,LENGTH,DESCRIPTION,"10'-2"""
ssr,48,Ridge/Hip Flashing - Fixed,3,2,girth,GIRTH,DESCRIPTION,"24"""
ssr,48,Ridge/Hip Flashing - Fixed,3,2,roof_slope,"ROOF
SLOPE",DESCRIPTION,Ya-3 Ya 12
ssr,48,Ridge/Hip Flashing - Fixed,3,2,weight_each,"WEIGHT
EACH",DESCRIPTION,15.88#
ssr,48,Ridge/Hip Flashing - Fixed,3,2,peak_purlin_spacing,"PEAK
PURLIN.
SPACING",DESCRIPTION,"24"""
ssr,48,Ridge/Hip Flashing - Fixed,3,2,ssr_system,".SSR
SYSTEM",DESCRIPTION,BL & SLK
ssr,48,Ridge/Hip Flashing - Fixed,3,2,galvalume_plus,"GALVALUME*
PLUS",,✓
ssr,48,Ridge/Hip Flashing - Fixed,3,2,signature_200,"SIGNATURE*
200",,✓
ssr,48,Ridge/Hip Flashing - Fixed,3,2,signature_300,"SIGNATURE*
300",,✓
ssr,48,Ridge/Hip Flashing - Fixed,3,2,signature_300_metallic,".SIGNATURE""
300 METALLIC",,✓
ssr,49,Ridge Flashing,0,0,part,PART #,DESCRIPTION,FL-300
ssr,49,Ridge Flashing,0,0,dim_a,"DIM ""A""",DESCRIPTION,"A Yo"""
ssr,49,Ridge Flashing,0,0,length,LENGTH,DESCRIPTION,"10'-2"""
ssr,49,Ridge Flashing,0,0,girth,GIRTH,DESCRIPTION,"19%"""
ssr,49,Ridge Flashing,0,0,roof_slope,"ROOF
SLOPE",DESCRIPTION,Yo-3 Yal2
ssr,49,Ridge Flashing,0,0,weight_each,"WEIGHT
EACH",DESCRIPTION,13.57#
ssr,49,Ridge Flashing,0,0,peak_purlin_spacing,"PEAK
PURLIN.
SPACING",DESCRIPTION,"18"""
ssr,49,Ridge Flashing,0,0,galvalume_plus,"GALVALUME
PLUS",,✓
ssr,49,Ridge Flashing,0,0,signature_200,"SIGNATURE""
200",,✓
ssr,49,Ridge Flashing,0,0,signature_300,"SIGNATURE""
300",,✓
ssr,49,Ridge Flashing,0,0,signature_300_metallic,".SIGNATURE
300 METALLIC",,✓
ssr,49,Ridge Flashing,0,1,part,PART #,DESCRIPTION,FL-302
ssr,49,Ridge Flashing,0,1,dim_a,"DIM ""A""",DESCRIPTION,"5"""
ssr,49,Ridge Flashing,0,1,length,LENGTH,DESCRIPTION,"10'-2"""
ssr,49,Ridge Flashing,0,1,girth,GIRTH,DESCRIPTION,"21%."""
ssr,49,Ridge Flashing,0,1,roof_slope,"ROOF
SLOPE",DESCRIPTION,3'%A6-6:12
ssr,49,Ridge Flashing,0,1,weight_each,"WEIGHT
EACH",DESCRIPTION,14.18#
ssr,49,Ridge Flashing,0,1,peak_purlin_spacing,"PEAK
PURLIN.
SPACING",DESCRIPTION,"18"""
ssr,49,Ridge Flashing,0,1,galvalume_plus,"GALVALUME
PLUS",,✓
ssr,49,Ridge Flashing,0,1,signature_200,"SIGNATURE""
200",,✓
ssr,49,Ridge Flashing,0,1,signature_300,"SIGNATURE""
300",,✓
ssr,49,Ridge Flashing,0,1,signature_300_metallic,".SIGNATURE
300 METALLIC",,✓
ssr,49,Ridge Flashing,0,2,part,PART #,DESCRIPTION,FL-303
ssr,49,Ridge Flashing,0,2,dim_a,"DIM ""A""",DESCRIPTION,"7 Vp"""
ssr,49,Ridge Flashing,0,2,length,LENGTH,DESCRIPTION,"10'-2"""
ssr,49,Ridge Flashing,0,2,girth,GIRTH,DESCRIPTION,"25%"""
ssr,49,Ridge Flashing,0,2,roof_slope,"ROOF
SLOPE",DESCRIPTION,Ya-3 Yal2
ssr,49,Ridge Flashing,0,2,weight_each,"WEIGHT
EACH",DESCRIPTION,18.37#
ssr,49,Ridge Flashing,0,2,peak_purlin_spacing,"PEAK
PURLIN.
SPACING",DESCRIPTION,"24"""
ssr,49,Ridge Flashing,0,2,galvalume_plus,"GALVALUME
PLUS",,✓
ssr,49,Ridge Flashing,0,2,signature_200,"SIGNATURE""
200",,✓
ssr,49,Ridge Flashing,0,2,signature_300,"SIGNATURE""
300",,✓
ssr,49,Ridge Flashing,0,2,signature_300_metallic,".SIGNATURE
300 METALLIC",,✓
ssr,49,Ridge Flashing,0,3,part,PART #,DESCRIPTION,FL-304
ssr,49,Ridge Flashing,0,3,dim_a,"DIM ""A""",DESCRIPTION,"38y%"""
ssr,49,Ridge Flashing,0,3,length,LENGTH,DESCRIPTION,"10'-2"""
ssr,49,Ridge Flashing,0,3,girth,GIRTH,DESCRIPTION,"272"""
ssr,49,Ridge Flashing,0,3,roof_slope,"ROOF
SLOPE",DESCRIPTION,316-6112
ssr,49,Ridge Flashing,0,3,weight_each,"WEIGHT
EACH",DESCRIPTION,19.74#
ssr,49,Ridge Flashing,0,3,peak_purlin_spacing,"PEAK
PURLIN.
SPACING",DESCRIPTION,"24"""
ssr,49,Ridge Flashing,0,3,galvalume_plus,"GALVALUME
PLUS",,✓
ssr,49,Ridge Flashing,0,3,signature_200,"SIGNATURE""
200",,✓
ssr,49,Ridge Flashing,0,3,signature_300,"SIGNATURE""
300",,✓
ssr,49,Ridge Flashing,0,3,signature_300_metallic,".SIGNATURE
300 METALLIC",,✓
ssr,49,Ridge Flashing For Metal Vent,1,0,part,PART #,DESCRIPTION,FL-540
ssr,49,Ridge Flashing For Metal Vent,1,0,dim_a,"DIM ""A""",DESCRIPTION,"By"""
ssr,49,Ridge Flashing For Metal Vent,1,0,length,LENGTH,DESCRIPTION,"10'-2"""
ssr,49,Ridge Flashing For Metal Vent,1,0,girth,GIRTH,DESCRIPTION,"22 Ya"""
ssr,49,Ridge Flashing For Metal Vent,1,0,roof_slope,"ROOF
SLOPE",DESCRIPTION,Va- 3:12
ssr,49,Ridge Flashing For Metal Vent,1,0,weight_each,"WEIGHT
EACH",DESCRIPTION,14.67#
ssr,49,Ridge Flashing For Metal Vent,1,0,peak_purlin_spacing,"PEAK
PURLIN
'SPACING",DESCRIPTION,"18"""
ssr,49,Ridge Flashing For Metal Vent,1,0,column_9,,"GALVALUME
PLUS",✓
ssr,49,Ridge Flashing For Metal Vent,1,0,signature_200,"SIGNATURE""
200",,✓
ssr,49,Ridge Flashing For Metal Vent,1,0,signature_300,"SIGNATURE""
300",,✓
ssr,49,Ridge Flashing For Metal Vent,1,0,signature_300_metallic,".SIGNATURE""
300 METALLIC",,✓
ssr,49,Ridge Flashing For Metal Vent,1,1,part,PART #,DESCRIPTION,FL-541
ssr,49,Ridge Flashing For Metal Vent,1,1,dim_a,"DIM ""A""",DESCRIPTION,"6"""
ssr,49,Ridge Flashing For Metal Vent,1,1,length,LENGTH,DESCRIPTION,"10'-2"""
ssr,49,Ridge Flashing For Metal Vent,1,1,girth,GIRTH,DESCRIPTION,"23 Ya"""
ssr,49,Ridge Flashing For Metal Vent,1,1,roof_slope,"ROOF
SLOPE",DESCRIPTION,3iA6-5:12
ssr,49,Ridge Flashing For Metal Vent,1,1,weight_each,"WEIGHT
EACH",DESCRIPTION,15.64#
ssr,49,Ridge Flashing For Metal Vent,1,1,peak_purlin_spacing,"PEAK
PURLIN
'SPACING",DESCRIPTION,"18"""
ssr,49,Ridge Flashing For Metal Vent,1,1,column_9,,"GALVALUME
PLUS",✓
ssr,49,Ridge Flashing For Metal Vent,1,1,signature_200,"SIGNATURE""
200",,✓
ssr,49,Ridge Flashing For Metal Vent,1,1,signature_300,"SIGNATURE""
300",,✓
ssr,49,Ridge Flashing For Metal Vent,1,1,signature_300_metallic,".SIGNATURE""
300 METALLIC",,✓
ssr,49,Ridge Flashing For Metal Vent,1,2,part,PART #,DESCRIPTION,FL-543
ssr,49,Ridge Flashing For Metal Vent,1,2,dim_a,"DIM ""A""",DESCRIPTION,"By"""
ssr,49,Ridge Flashing For Metal Vent,1,2,length,LENGTH,DESCRIPTION,"10'-2"""
ssr,49,Ridge Flashing For Metal Vent,1,2,girth,GIRTH,DESCRIPTION,"28%"""
ssr,49,Ridge Flashing For Metal Vent,1,2,roof_slope,"ROOF
SLOPE",DESCRIPTION,Yo- 3:12
ssr,49,Ridge Flashing For Metal Vent,1,2,weight_each,"WEIGHT
EACH",DESCRIPTION,18.94#
ssr,49,Ridge Flashing For Metal Vent,1,2,peak_purlin_spacing,"PEAK
PURLIN
'SPACING",DESCRIPTION,"24"""
ssr,49,Ridge Flashing For Metal Vent,1,2,column_9,,"GALVALUME
PLUS",✓
ssr,49,Ridge Flashing For Metal Vent,1,2,signature_200,"SIGNATURE""
200",,✓
ssr,49,Ridge Flashing For Metal Vent,1,2,signature_300,"SIGNATURE""
300",,✓
ssr,49,Ridge Flashing For Metal Vent,1,2,signature_300_metallic,".SIGNATURE""
300 METALLIC",,✓
ssr,49,Ridge Flashing For Metal Vent,1,3,part,PART #,DESCRIPTION,FL-544
ssr,49,Ridge Flashing For Metal Vent,1,3,dim_a,"DIM ""A""",DESCRIPTION,"Q"""
ssr,49,Ridge Flashing For Metal Vent,1,3,length,LENGTH,DESCRIPTION,"10'-2"""
ssr,49,Ridge Flashing For Metal Vent,1,3,girth,GIRTH,DESCRIPTION,"29%"""
ssr,49,Ridge Flashing For Metal Vent,1,3,roof_slope,"ROOF
SLOPE",DESCRIPTION,3iA6-5:12
ssr,49,Ridge Flashing For Metal Vent,1,3,weight_each,"WEIGHT
EACH",DESCRIPTION,19.67#
ssr,49,Ridge Flashing For Metal Vent,1,3,peak_purlin_spacing,"PEAK
PURLIN
'SPACING",DESCRIPTION,"24"""
ssr,49,Ridge Flashing For Metal Vent,1,3,column_9,,"GALVALUME
PLUS",✓
ssr,49,Ridge Flashing For Metal Vent,1,3,signature_200,"SIGNATURE""
200",,✓
ssr,49,Ridge Flashing For Metal Vent,1,3,signature_300,"SIGNATURE""
300",,✓
ssr,49,Ridge Flashing For Metal Vent,1,3,signature_300_metallic,".SIGNATURE""
300 METALLIC",,✓
ssr,49,Ridge Flash Metal Vent - Fixed,2,0,part,PART #,DESCRIPTION,FL-545
ssr,49,Ridge Flash Metal Vent - Fixed,2,0,dim_a,"DIM ""A""",DESCRIPTION,"87%"""
ssr,49,Ridge Flash Metal Vent - Fixed,2,0,length,LENGTH,DESCRIPTION,"10'-2"""
ssr,49,Ridge Flash Metal Vent - Fixed,2,0,girth,GIRTH,DESCRIPTION,"21/2"""
ssr,49,Ridge Flash Metal Vent - Fixed,2,0,roof_slope,"ROOF
SLOPE",DESCRIPTION,Ya- 3:12
ssr,49,Ridge Flash Metal Vent - Fixed,2,0,weight_each,"WEIGHT
EACH",DESCRIPTION,14.74#
ssr,49,Ridge Flash Metal Vent - Fixed,2,0,peak_purlin_spacing,"PEAK
PURLIN,
SPACING",DESCRIPTION,"18"""
ssr,49,Ridge Flash Metal Vent - Fixed,2,0,ssr_system,".SSR
SYSTEM",DESCRIPTION,BL & SLK
ssr,49,Ridge Flash Metal Vent - Fixed,2,0,galvalume_plus,"GALVALUME
PLUS",,✓
ssr,49,Ridge Flash Metal Vent - Fixed,2,0,signature_200,"SIGNATURE""
200",,✓
ssr,49,Ridge Flash Metal Vent - Fixed,2,0,signature_300,"SIGNATURE""
300",,✓
ssr,49,Ridge Flash Metal Vent - Fixed,2,0,signature_300_metallic,".SIGNATURE""
300 METALLIC",,✓
ssr,49,Ridge Flash Metal Vent - Fixed,2,1,part,PART #,DESCRIPTION,FL-546
ssr,49,Ridge Flash Metal Vent - Fixed,2,1,dim_a,"DIM ""A""",DESCRIPTION,"gy"""
ssr,49,Ridge Flash Metal Vent - Fixed,2,1,length,LENGTH,DESCRIPTION,"10'-2"""
ssr,49,Ridge Flash Metal Vent - Fixed,2,1,girth,GIRTH,DESCRIPTION,"22%"""
ssr,49,Ridge Flash Metal Vent - Fixed,2,1,roof_slope,"ROOF
SLOPE",DESCRIPTION,36-512
ssr,49,Ridge Flash Metal Vent - Fixed,2,1,weight_each,"WEIGHT
EACH",DESCRIPTION,16.37#
ssr,49,Ridge Flash Metal Vent - Fixed,2,1,peak_purlin_spacing,"PEAK
PURLIN,
SPACING",DESCRIPTION,"18"""
ssr,49,Ridge Flash Metal Vent - Fixed,2,1,ssr_system,".SSR
SYSTEM",DESCRIPTION,BL & SLK
ssr,49,Ridge Flash Metal Vent - Fixed,2,1,galvalume_plus,"GALVALUME
PLUS",,✓
ssr,49,Ridge Flash Metal Vent - Fixed,2,1,signature_200,"SIGNATURE""
200",,✓
ssr,49,Ridge Flash Metal Vent - Fixed,2,1,signature_300,"SIGNATURE""
300",,✓
ssr,49,Ridge Flash Metal Vent - Fixed,2,1,signature_300_metallic,".SIGNATURE""
300 METALLIC",,✓
ssr,49,Ridge Flash Metal Vent - Fixed,2,2,part,PART #,DESCRIPTION,FL-547
ssr,49,Ridge Flash Metal Vent - Fixed,2,2,dim_a,"DIM ""A""",DESCRIPTION,"Ws"""
ssr,49,Ridge Flash Metal Vent - Fixed,2,2,length,LENGTH,DESCRIPTION,"10'-2"""
ssr,49,Ridge Flash Metal Vent - Fixed,2,2,girth,GIRTH,DESCRIPTION,"27 V2"""
ssr,49,Ridge Flash Metal Vent - Fixed,2,2,roof_slope,"ROOF
SLOPE",DESCRIPTION,Va- 3:12
ssr,49,Ridge Flash Metal Vent - Fixed,2,2,weight_each,"WEIGHT
EACH",DESCRIPTION,18.85#
ssr,49,Ridge Flash Metal Vent - Fixed,2,2,peak_purlin_spacing,"PEAK
PURLIN,
SPACING",DESCRIPTION,"24"""
ssr,49,Ridge Flash Metal Vent - Fixed,2,2,ssr_system,".SSR
SYSTEM",DESCRIPTION,BL & SLK
ssr,49,Ridge Flash Metal Vent - Fixed,2,2,galvalume_plus,"GALVALUME
PLUS",,✓
ssr,49,Ridge Flash Metal Vent - Fixed,2,2,signature_200,"SIGNATURE""
200",,✓
ssr,49,Ridge Flash Metal Vent - Fixed,2,2,signature_300,"SIGNATURE""
300",,✓
ssr,49,Ridge Flash Metal Vent - Fixed,2,2,signature_300_metallic,".SIGNATURE""
300 METALLIC",,✓
ssr,49,Ridge Flash Metal Vent - Fixed,2,3,part,PART #,DESCRIPTION,FL-548
ssr,49,Ridge Flash Metal Vent - Fixed,2,3,dim_a,"DIM ""A""",DESCRIPTION,"12%"""
ssr,49,Ridge Flash Metal Vent - Fixed,2,3,length,LENGTH,DESCRIPTION,"10'-2"""
ssr,49,Ridge Flash Metal Vent - Fixed,2,3,girth,GIRTH,DESCRIPTION,"28%"""
ssr,49,Ridge Flash Metal Vent - Fixed,2,3,roof_slope,"ROOF
SLOPE",DESCRIPTION,36-5:12
ssr,49,Ridge Flash Metal Vent - Fixed,2,3,weight_each,"WEIGHT
EACH",DESCRIPTION,19.42#
ssr,49,Ridge Flash Metal Vent - Fixed,2,3,peak_purlin_spacing,"PEAK
PURLIN,
SPACING",DESCRIPTION,"24"""
ssr,49,Ridge Flash Metal Vent - Fixed,2,3,ssr_system,".SSR
SYSTEM",DESCRIPTION,BL & SLK
ssr,49,Ridge Flash Metal Vent - Fixed,2,3,galvalume_plus,"GALVALUME
PLUS",,✓
ssr,49,Ridge Flash Metal Vent - Fixed,2,3,signature_200,"SIGNATURE""
200",,✓
ssr,49,Ridge Flash Metal Vent - Fixed,2,3,signature_300,"SIGNATURE""
300",,✓
ssr,49,Ridge Flash Metal Vent - Fixed,2,3,signature_300_metallic,".SIGNATURE""
300 METALLIC",,✓
ssr,50,Ridge End Cap,0,0,part,PART #,DESCRIPTION,FL-201
ssr,50,Ridge End Cap,0,0,weight_each,WEIGHT EACH,DESCRIPTION,.5#
ssr,50,Ridge End Cap,0,0,galvalume_plus,"GALVALUME®
PLUS",,✓
ssr,50,Ridge End Cap,0,0,signature_200,"SIGNATURE®
200",,✓
ssr,50,Ridge End Cap,0,0,signature_300,"SIGNATURE®
300",,✓
ssr,50,Ridge End Cap,0,0,signature_300_metallic,".SIGNATURE®
300 METALLIC",,✓
ssr,50,Ridge End Cap,0,1,part,PART #,DESCRIPTION,Perforated Vent Drip
ssr,50,Ridge End Cap,1,0,part_plus,"PART #
PLUS""",DESCRIPTION,FL-254
ssr,50,Ridge End Cap,1,0,length,LENGTH,DESCRIPTION,"10'-2"""
ssr,50,Ridge End Cap,1,0,girth,GIRTH,DESCRIPTION,"6%"""
ssr,50,Ridge End Cap,1,0,weight_each,WEIGHT EACH,DESCRIPTION,5.58#
ssr,50,Ridge End Cap,1,0,galvalume,GALVALUME,,✓
ssr,50,Ridge End Cap,1,1,part_plus,"PART #
PLUS""",DESCRIPTION,"""Z"" Closure"
ssr,50,Ridge End Cap,2,0,part,PART #,DESCRIPTION,FL-360
ssr,50,Ridge End Cap,2,0,dim_a,"DIM ""A""",DESCRIPTION,"3"""
ssr,50,Ridge End Cap,2,0,length,LENGTH,DESCRIPTION,"10'-2"""
ssr,50,Ridge End Cap,2,0,girth,GIRTH,DESCRIPTION,"5"""
ssr,50,Ridge End Cap,2,0,ssr_system,".SSR
SYSTEM",DESCRIPTION,UD & DL
ssr,50,Ridge End Cap,2,0,weight_each,"WEIGHT
EACH",DESCRIPTION,4#
ssr,50,Ridge End Cap,2,0,galvalume_plus,"GALVALUME""
PLus""",,✓
ssr,50,Ridge End Cap,2,0,signature_200,"SIGNATURE*
200",,✓
ssr,50,Ridge End Cap,2,0,signature_300,"SIGNATURE""
300",,✓
ssr,50,Ridge End Cap,2,0,signature_300_metallic,".SIGNATURE*
300 METALLIC",,✓
ssr,50,Ridge End Cap,2,1,part,PART #,DESCRIPTION,FL-361
ssr,50,Ridge End Cap,2,1,dim_a,"DIM ""A""",DESCRIPTION,Qn
ssr,50,Ridge End Cap,2,1,length,LENGTH,DESCRIPTION,"10'-2"""
ssr,50,Ridge End Cap,2,1,girth,GIRTH,DESCRIPTION,"4"""
ssr,50,Ridge End Cap,2,1,ssr_system,".SSR
SYSTEM",DESCRIPTION,BL & SLK
ssr,50,Ridge End Cap,2,1,weight_each,"WEIGHT
EACH",DESCRIPTION,3.31#
ssr,50,Ridge End Cap,2,1,galvalume_plus,"GALVALUME""
PLus""",,✓
ssr,50,Ridge End Cap,2,1,signature_200,"SIGNATURE*
200",,✓
ssr,50,Ridge End Cap,2,1,signature_300,"SIGNATURE""
300",,✓
ssr,50,Ridge End Cap,2,1,signature_300_metallic,".SIGNATURE*
300 METALLIC",,✓
ssr,51,Gutter Strap,0,0,part,PART #,DESCRIPTION,FL-246
ssr,51,Gutter Strap,0,0,length,LENGTH,DESCRIPTION,"10"""
ssr,51,Gutter Strap,0,0,girth,GIRTH,DESCRIPTION,ayn
ssr,51,Gutter Strap,0,0,weight_each,WEIGHT EACH,DESCRIPTION,.0#
ssr,51,Gutter Strap,0,0,galvalume,GALVALUME,PRICED PER EACH,✓
ssr,51,Gutter Strap,0,0,painted,PAINTED,PRICED PER EACH,✓
ssr,51,Sculptured Gutter - Standard,1,0,part,PART #,DESCRIPTION,FL- 240A
ssr,51,Sculptured Gutter - Standard,1,0,dim_a,"DIM ""A""",DESCRIPTION,"6A 6"""
ssr,51,Sculptured Gutter - Standard,1,0,length,LENGTH,DESCRIPTION,"10'-2"""
ssr,51,Sculptured Gutter - Standard,1,0,girth,GIRTH,DESCRIPTION,"23 \3h6"""
ssr,51,Sculptured Gutter - Standard,1,0,roof_slope,"ROOF
SLOPE",DESCRIPTION,Ya-4.12
ssr,51,Sculptured Gutter - Standard,1,0,weight_each,"WEIGHT
EACH",DESCRIPTION,15.70#
ssr,51,Sculptured Gutter - Standard,1,0,galvalume_plus,"GALVALUME""
PLUS",,✓
ssr,51,Sculptured Gutter - Standard,1,0,signature_200,"SIGNATURE'
200",,✓
ssr,51,Sculptured Gutter - Standard,1,0,signature_300,"SIGNATURE'
300",,✓
ssr,51,Sculptured Gutter - Standard,1,0,signature_300_metallic,".SIGNATURE""
300 METALLIC",,✓
ssr,51,Sculptured Gutter - Standard,1,1,part,PART #,DESCRIPTION,FL- 241A
ssr,51,Sculptured Gutter - Standard,1,1,dim_a,"DIM ""A""",DESCRIPTION,"67 gi"""
ssr,51,Sculptured Gutter - Standard,1,1,length,LENGTH,DESCRIPTION,"20'-2"""
ssr,51,Sculptured Gutter - Standard,1,1,girth,GIRTH,DESCRIPTION,"23 \*Ae"""
ssr,51,Sculptured Gutter - Standard,1,1,roof_slope,"ROOF
SLOPE",DESCRIPTION,Y-4:12
ssr,51,Sculptured Gutter - Standard,1,1,weight_each,"WEIGHT
EACH",DESCRIPTION,31.14#
ssr,51,Sculptured Gutter - Standard,1,1,galvalume_plus,"GALVALUME""
PLUS",,✓
ssr,51,Sculptured Gutter - Standard,1,1,signature_200,"SIGNATURE'
200",,✓
ssr,51,Sculptured Gutter - Standard,1,1,signature_300,"SIGNATURE'
300",,✓
ssr,51,Sculptured Gutter - Standard,1,1,signature_300_metallic,".SIGNATURE""
300 METALLIC",,✓
ssr,51,Sculptured Gutter - Standard,1,2,part,PART #,DESCRIPTION,FL- 240B
ssr,51,Sculptured Gutter - Standard,1,2,dim_a,"DIM ""A""",DESCRIPTION,"6!5A6"""
ssr,51,Sculptured Gutter - Standard,1,2,length,LENGTH,DESCRIPTION,"10'-2"""
ssr,51,Sculptured Gutter - Standard,1,2,girth,GIRTH,DESCRIPTION,"24 7/6"""
ssr,51,Sculptured Gutter - Standard,1,2,roof_slope,"ROOF
SLOPE",DESCRIPTION,4\A6-6:12
ssr,51,Sculptured Gutter - Standard,1,2,weight_each,"WEIGHT
EACH",DESCRIPTION,16.11#
ssr,51,Sculptured Gutter - Standard,1,2,galvalume_plus,"GALVALUME""
PLUS",,✓
ssr,51,Sculptured Gutter - Standard,1,2,signature_200,"SIGNATURE'
200",,✓
ssr,51,Sculptured Gutter - Standard,1,2,signature_300,"SIGNATURE'
300",,✓
ssr,51,Sculptured Gutter - Standard,1,2,signature_300_metallic,".SIGNATURE""
300 METALLIC",,✓
ssr,51,Sculptured Gutter - Standard,1,3,part,PART #,DESCRIPTION,FL-241B
ssr,51,Sculptured Gutter - Standard,1,3,dim_a,"DIM ""A""",DESCRIPTION,"6!5A6"""
ssr,51,Sculptured Gutter - Standard,1,3,length,LENGTH,DESCRIPTION,"20'-2"""
ssr,51,Sculptured Gutter - Standard,1,3,girth,GIRTH,DESCRIPTION,"24 7/6"""
ssr,51,Sculptured Gutter - Standard,1,3,roof_slope,"ROOF
SLOPE",DESCRIPTION,4\A6-6:12
ssr,51,Sculptured Gutter - Standard,1,3,weight_each,"WEIGHT
EACH",DESCRIPTION,31.96#
ssr,51,Sculptured Gutter - Standard,1,3,galvalume_plus,"GALVALUME""
PLUS",,✓
ssr,51,Sculptured Gutter - Standard,1,3,signature_200,"SIGNATURE'
200",,✓
ssr,51,Sculptured Gutter - Standard,1,3,signature_300,"SIGNATURE'
300",,✓
ssr,51,Sculptured Gutter - Standard,1,3,signature_300_metallic,".SIGNATURE""
300 METALLIC",,✓
ssr,52,Sculptured Gutter - Optional,0,0,part,PART #,DESCRIPTION,FL-240F
ssr,52,Sculptured Gutter - Optional,0,0,length,LENGTH,DESCRIPTION,"10'-2"""
ssr,52,Sculptured Gutter - Optional,0,0,girth,GIRTH,DESCRIPTION,"24"""
ssr,52,Sculptured Gutter - Optional,0,0,roof_slope,"ROOF
SLOPE",DESCRIPTION,Ya-4:12
ssr,52,Sculptured Gutter - Optional,0,0,weight_each,"WEIGHT
EACH",DESCRIPTION,15.82#
ssr,52,Sculptured Gutter - Optional,0,0,galvalume_plus,"GALVALUME'
PLUS",,✓
ssr,52,Sculptured Gutter - Optional,0,0,signature_200,"SIGNATURE'
200",,✓
ssr,52,Sculptured Gutter - Optional,0,0,signature_300,"SIGNATURE""
300",,✓
ssr,52,Sculptured Gutter - Optional,0,0,signature_300_metallic,".SIGNATURE'
300 METALLIC",,✓
ssr,52,Sculptured Gutter - Optional,0,1,part,PART #,DESCRIPTION,FL-241F
ssr,52,Sculptured Gutter - Optional,0,1,length,LENGTH,DESCRIPTION,"20'-2"""
ssr,52,Sculptured Gutter - Optional,0,1,girth,GIRTH,DESCRIPTION,"24"""
ssr,52,Sculptured Gutter - Optional,0,1,roof_slope,"ROOF
SLOPE",DESCRIPTION,Ya- 4:12
ssr,52,Sculptured Gutter - Optional,0,1,weight_each,"WEIGHT
EACH",DESCRIPTION,31.394
ssr,52,Sculptured Gutter - Optional,0,1,galvalume_plus,"GALVALUME'
PLUS",,✓
ssr,52,Sculptured Gutter - Optional,0,1,signature_200,"SIGNATURE'
200",,✓
ssr,52,Sculptured Gutter - Optional,0,1,signature_300,"SIGNATURE""
300",,✓
ssr,52,Sculptured Gutter - Optional,0,1,signature_300_metallic,".SIGNATURE'
300 METALLIC",,✓
ssr,52,Sculptured Gutter - Optional,0,2,part,PART #,DESCRIPTION,Sculptured Gutter - Standard
ssr,52,Sculptured Gutter - Optional,1,0,part,PART #,DESCRIPTION,FL-247A
ssr,52,Sculptured Gutter - Optional,1,0,dim_a,"DIM ""A""",DESCRIPTION,"70"""
ssr,52,Sculptured Gutter - Optional,1,0,length,LENGTH,DESCRIPTION,"10'-2"""
ssr,52,Sculptured Gutter - Optional,1,0,girth,GIRTH,DESCRIPTION,"23 '3h6"""
ssr,52,Sculptured Gutter - Optional,1,0,roof_slope,"ROOF
SLOPE",DESCRIPTION,Ya-4:12
ssr,52,Sculptured Gutter - Optional,1,0,weight_each,"WEIGHT
EACH",DESCRIPTION,17.73#
ssr,52,Sculptured Gutter - Optional,1,0,galvalume_plus,"GALVALUME'
PLUS",,✓
ssr,52,Sculptured Gutter - Optional,1,0,signature_200,"SIGNATURE'
200",,✓
ssr,52,Sculptured Gutter - Optional,1,0,signature_300,"SIGNATURE""
300",,✓
ssr,52,Sculptured Gutter - Optional,1,0,signature_300_metallic,".SIGNATURE'
300 METALLIC",,✓
ssr,52,Sculptured Gutter - Optional,1,1,part,PART #,DESCRIPTION,FL-248A
ssr,52,Sculptured Gutter - Optional,1,1,dim_a,"DIM ""A""",DESCRIPTION,"7 56"""
ssr,52,Sculptured Gutter - Optional,1,1,length,LENGTH,DESCRIPTION,"20'-2"""
ssr,52,Sculptured Gutter - Optional,1,1,girth,GIRTH,DESCRIPTION,"23°68"""
ssr,52,Sculptured Gutter - Optional,1,1,roof_slope,"ROOF
SLOPE",DESCRIPTION,Y-412
ssr,52,Sculptured Gutter - Optional,1,1,weight_each,"WEIGHT
EACH",DESCRIPTION,35.50#
ssr,52,Sculptured Gutter - Optional,1,1,galvalume_plus,"GALVALUME'
PLUS",,✓
ssr,52,Sculptured Gutter - Optional,1,1,signature_200,"SIGNATURE'
200",,✓
ssr,52,Sculptured Gutter - Optional,1,1,signature_300,"SIGNATURE""
300",,✓
ssr,52,Sculptured Gutter - Optional,1,1,signature_300_metallic,".SIGNATURE'
300 METALLIC",,✓
ssr,52,Sculptured Gutter - Optional,1,2,part,PART #,DESCRIPTION,FL-247B
ssr,52,Sculptured Gutter - Optional,1,2,dim_a,"DIM ""A""",DESCRIPTION,"7 She"""
ssr,52,Sculptured Gutter - Optional,1,2,length,LENGTH,DESCRIPTION,"10'-2"""
ssr,52,Sculptured Gutter - Optional,1,2,girth,GIRTH,DESCRIPTION,"24 7/6"""
ssr,52,Sculptured Gutter - Optional,1,2,roof_slope,"ROOF
SLOPE",DESCRIPTION,4 Yc-6:12
ssr,52,Sculptured Gutter - Optional,1,2,weight_each,"WEIGHT
EACH",DESCRIPTION,18.88#
ssr,52,Sculptured Gutter - Optional,1,2,galvalume_plus,"GALVALUME'
PLUS",,✓
ssr,52,Sculptured Gutter - Optional,1,2,signature_200,"SIGNATURE'
200",,✓
ssr,52,Sculptured Gutter - Optional,1,2,signature_300,"SIGNATURE""
300",,✓
ssr,52,Sculptured Gutter - Optional,1,2,signature_300_metallic,".SIGNATURE'
300 METALLIC",,✓
ssr,52,Sculptured Gutter - Optional,1,3,part,PART #,DESCRIPTION,FL-248B
ssr,52,Sculptured Gutter - Optional,1,3,dim_a,"DIM ""A""",DESCRIPTION,"7 18/6"""
ssr,52,Sculptured Gutter - Optional,1,3,length,LENGTH,DESCRIPTION,"20'-2"""
ssr,52,Sculptured Gutter - Optional,1,3,girth,GIRTH,DESCRIPTION,"24 7/6"""
ssr,52,Sculptured Gutter - Optional,1,3,roof_slope,"ROOF
SLOPE",DESCRIPTION,4 A6-6:12
ssr,52,Sculptured Gutter - Optional,1,3,weight_each,"WEIGHT
EACH",DESCRIPTION,35.77#
ssr,52,Sculptured Gutter - Optional,1,3,galvalume_plus,"GALVALUME'
PLUS",,✓
ssr,52,Sculptured Gutter - Optional,1,3,signature_200,"SIGNATURE'
200",,✓
ssr,52,Sculptured Gutter - Optional,1,3,signature_300,"SIGNATURE""
300",,✓
ssr,52,Sculptured Gutter - Optional,1,3,signature_300_metallic,".SIGNATURE'
300 METALLIC",,✓
ssr,52,Sculptured Gutter - Optional,1,4,part,PART #,DESCRIPTION,Sculptured Gutter - Optional
ssr,52,Sculptured Gutter - Optional,2,0,part,PART #,DESCRIPTION,FL-247H
ssr,52,Sculptured Gutter - Optional,2,0,length,LENGTH,DESCRIPTION,"10'-2"""
ssr,52,Sculptured Gutter - Optional,2,0,girth,GIRTH,DESCRIPTION,"24"""
ssr,52,Sculptured Gutter - Optional,2,0,roof_slope,"ROOF
SLOPE",DESCRIPTION,Ya-4:12
ssr,52,Sculptured Gutter - Optional,2,0,weight_each,"WEIGHT
EACH",DESCRIPTION,17.92#
ssr,52,Sculptured Gutter - Optional,2,0,galvalume_plus,"GALVALUME""
PLUS",,✓
ssr,52,Sculptured Gutter - Optional,2,0,signature_200,"SIGNATURE'
200",,✓
ssr,52,Sculptured Gutter - Optional,2,0,signature_300,"SIGNATURE'
300",,✓
ssr,52,Sculptured Gutter - Optional,2,0,signature_300_metallic,".SIGNATURE'
300 METALLIC",,✓
ssr,52,Sculptured Gutter - Optional,2,1,part,PART #,DESCRIPTION,FL-248H
ssr,52,Sculptured Gutter - Optional,2,1,length,LENGTH,DESCRIPTION,"20'-2"""
ssr,52,Sculptured Gutter - Optional,2,1,girth,GIRTH,DESCRIPTION,"24"""
ssr,52,Sculptured Gutter - Optional,2,1,roof_slope,"ROOF
SLOPE",DESCRIPTION,Ya- 4:12
ssr,52,Sculptured Gutter - Optional,2,1,weight_each,"WEIGHT
EACH",DESCRIPTION,38.824
ssr,52,Sculptured Gutter - Optional,2,1,galvalume_plus,"GALVALUME""
PLUS",,✓
ssr,52,Sculptured Gutter - Optional,2,1,signature_200,"SIGNATURE'
200",,✓
ssr,52,Sculptured Gutter - Optional,2,1,signature_300,"SIGNATURE'
300",,✓
ssr,52,Sculptured Gutter - Optional,2,1,signature_300_metallic,".SIGNATURE'
300 METALLIC",,✓
ssr,53,Gutter Ends,0,0,part,PART #,DESCRIPTION,FL-245
ssr,53,Gutter Ends,0,0,weight_each,WEIGHT EACH,DESCRIPTION,.58#
ssr,53,Gutter Ends,0,0,galvalume_plus,"GALVALUME®
PLUS",,✓
ssr,53,Gutter Ends,0,0,signature_200,"SIGNATURE®
200",,✓
ssr,53,Gutter Ends,0,0,signature_300,"SIGNATURE®*
300",,✓
ssr,53,Gutter Ends,0,0,signature_300_metallic,".SIGNATURE®
300 METALLIC",,✓
ssr,53,Gutter Ends,0,1,part,PART #,DESCRIPTION,Sculptured Eave Trim
ssr,53,Gutter Ends,1,0,part,PART #,DESCRIPTION,FL-250
ssr,53,Gutter Ends,1,0,length,LENGTH,DESCRIPTION,"10'-2"""
ssr,53,Gutter Ends,1,0,girth,GIRTH,DESCRIPTION,"14%"""
ssr,53,Gutter Ends,1,0,weight_each,"WEIGHT
EACH",DESCRIPTION,9.77#
ssr,53,Gutter Ends,1,0,galvalume_plus,"GALVALUME*
PLUS",,✓
ssr,53,Gutter Ends,1,0,signature_200,"SIGNATURE*
200",,✓
ssr,53,Gutter Ends,1,0,signature_300,"SIGNATURE*
300",,✓
ssr,53,Gutter Ends,1,0,signature_300_metallic,".SIGNATURE*
300 METALLIC",,✓
ssr,53,Gutter Ends,1,1,part,PART #,DESCRIPTION,FL-251
ssr,53,Gutter Ends,1,1,length,LENGTH,DESCRIPTION,"20'-2"""
ssr,53,Gutter Ends,1,1,girth,GIRTH,DESCRIPTION,"14%"""
ssr,53,Gutter Ends,1,1,weight_each,"WEIGHT
EACH",DESCRIPTION,19.62#
ssr,53,Gutter Ends,1,1,galvalume_plus,"GALVALUME*
PLUS",,✓
ssr,53,Gutter Ends,1,1,signature_200,"SIGNATURE*
200",,✓
ssr,53,Gutter Ends,1,1,signature_300,"SIGNATURE*
300",,✓
ssr,53,Gutter Ends,1,1,signature_300_metallic,".SIGNATURE*
300 METALLIC",,✓
ssr,53,Gutter Ends,1,2,part,PART #,DESCRIPTION,Sculptured Eave Trim
ssr,53,Gutter Ends,2,0,part,PART #,DESCRIPTION,FL-252
ssr,53,Gutter Ends,2,0,length,LENGTH,DESCRIPTION,"10'-2"""
ssr,53,Gutter Ends,2,0,girth,GIRTH,DESCRIPTION,"15%"""
ssr,53,Gutter Ends,2,0,weight_each,"WEIGHT
EACH",DESCRIPTION,10.46#
ssr,53,Gutter Ends,2,0,galvalume_plus,"GALVALUME*
PLUS.",,✓
ssr,53,Gutter Ends,2,0,signature_200,"SIGNATURE*
200",,✓
ssr,53,Gutter Ends,2,0,signature_300,"SIGNATURE*
300",,✓
ssr,53,Gutter Ends,2,0,signature_300_metallic,".SIGNATURE*
300 METALLIC",,✓
ssr,53,Gutter Ends,2,1,part,PART #,DESCRIPTION,FL-253
ssr,53,Gutter Ends,2,1,length,LENGTH,DESCRIPTION,"20'-2"""
ssr,53,Gutter Ends,2,1,girth,GIRTH,DESCRIPTION,"15%"""
ssr,53,Gutter Ends,2,1,weight_each,"WEIGHT
EACH",DESCRIPTION,21.00#
ssr,53,Gutter Ends,2,1,galvalume_plus,"GALVALUME*
PLUS.",,✓
ssr,53,Gutter Ends,2,1,signature_200,"SIGNATURE*
200",,✓
ssr,53,Gutter Ends,2,1,signature_300,"SIGNATURE*
300",,✓
ssr,53,Gutter Ends,2,1,signature_300_metallic,".SIGNATURE*
300 METALLIC",,✓
ssr,54,Retro-Fit High Eave Trim,0,0,part,PART #,DESCRIPTION,FL-863
ssr,54,Retro-Fit High Eave Trim,0,0,length,LENGTH,DESCRIPTION,"10'-2"""
ssr,54,Retro-Fit High Eave Trim,0,0,girth,GIRTH,DESCRIPTION,"227%"""
ssr,54,Retro-Fit High Eave Trim,0,0,weight_each,"WEIGHT
EACH",DESCRIPTION,18.924
ssr,54,Retro-Fit High Eave Trim,0,0,galvalume_plus,"GALVALUME®
PLUS",,✓
ssr,54,Retro-Fit High Eave Trim,0,0,signature_200,"SIGNATURE*
200",,✓
ssr,54,Retro-Fit High Eave Trim,0,0,signature_300,"SIGNATURE*
300",,✓
ssr,54,Retro-Fit High Eave Trim,0,0,signature_300_metallic,".SIGNATURE®
300 METALLIC",,✓
ssr,54,Retro-Fit High Eave Trim,0,1,part,PART #,DESCRIPTION,Sculptured High Side Eave Trim
ssr,54,Retro-Fit High Eave Trim,1,0,part,PART #,DESCRIPTION,FL-265
ssr,54,Retro-Fit High Eave Trim,1,0,dim_a,"DIM ""A""",DESCRIPTION,"2"""
ssr,54,Retro-Fit High Eave Trim,1,0,length,LENGTH,DESCRIPTION,"10'-2"""
ssr,54,Retro-Fit High Eave Trim,1,0,girth,GIRTH,DESCRIPTION,"20%"""
ssr,54,Retro-Fit High Eave Trim,1,0,roof_slope,"ROOF
SLOPE",DESCRIPTION,Ya-1¥412
ssr,54,Retro-Fit High Eave Trim,1,0,weight_each,"WEIGHT
EACH",DESCRIPTION,14.36#
ssr,54,Retro-Fit High Eave Trim,1,0,galvalume_plus,"GALVALUME""
PLUS",,✓
ssr,54,Retro-Fit High Eave Trim,1,0,signature_200,"SIGNATURE*
200",,✓
ssr,54,Retro-Fit High Eave Trim,1,0,signature_300,"SIGNATURE""
300",,✓
ssr,54,Retro-Fit High Eave Trim,1,0,signature_300_metallic,".SIGNATURE*
300 METALLIC",,✓
ssr,54,Retro-Fit High Eave Trim,1,1,part,PART #,DESCRIPTION,FL-265B
ssr,54,Retro-Fit High Eave Trim,1,1,dim_a,"DIM ""A""",DESCRIPTION,"3 Wig"""
ssr,54,Retro-Fit High Eave Trim,1,1,length,LENGTH,DESCRIPTION,"10'-2"""
ssr,54,Retro-Fit High Eave Trim,1,1,girth,GIRTH,DESCRIPTION,"22 Ve"""
ssr,54,Retro-Fit High Eave Trim,1,1,roof_slope,"ROOF
SLOPE",DESCRIPTION,WA6-4:12
ssr,54,Retro-Fit High Eave Trim,1,1,weight_each,"WEIGHT
EACH",DESCRIPTION,14.57#
ssr,54,Retro-Fit High Eave Trim,1,1,galvalume_plus,"GALVALUME""
PLUS",,✓
ssr,54,Retro-Fit High Eave Trim,1,1,signature_200,"SIGNATURE*
200",,✓
ssr,54,Retro-Fit High Eave Trim,1,1,signature_300,"SIGNATURE""
300",,✓
ssr,54,Retro-Fit High Eave Trim,1,1,signature_300_metallic,".SIGNATURE*
300 METALLIC",,✓
ssr,54,Retro-Fit High Eave Trim,1,2,part,PART #,DESCRIPTION,Offset Panel Cap Trim
ssr,54,Retro-Fit High Eave Trim,2,0,part,PART #,DESCRIPTION,FL-271
ssr,54,Retro-Fit High Eave Trim,2,0,length,LENGTH,DESCRIPTION,"10'-2"""
ssr,54,Retro-Fit High Eave Trim,2,0,girth,GIRTH,DESCRIPTION,7 Vail
ssr,54,Retro-Fit High Eave Trim,2,0,weight_each,"WEIGHT
EACH",DESCRIPTION,4.95#
ssr,54,Retro-Fit High Eave Trim,2,0,galvalume_plus,"GALVALUME*
PLUS.",,✓
ssr,54,Retro-Fit High Eave Trim,2,0,signature_200,"SIGNATURE*
200",,✓
ssr,54,Retro-Fit High Eave Trim,2,0,signature_300,"SIGNATURE*
300",,✓
ssr,54,Retro-Fit High Eave Trim,2,0,signature_300_metallic,".SIGNATURE*
300 METALLIC",,✓
ssr,55,Box Panel Cap Trim,0,0,part,PART #,DESCRIPTION,FL-272
ssr,55,Box Panel Cap Trim,0,0,length,LENGTH,DESCRIPTION,"10'-2"""
ssr,55,Box Panel Cap Trim,0,0,girth,GIRTH,DESCRIPTION,gn
ssr,55,Box Panel Cap Trim,0,0,weight_each,"WEIGHT
EACH",DESCRIPTION,5.27#
ssr,55,Box Panel Cap Trim,0,0,galvalume_plus,"GALVALUME®
PLUS",,✓
ssr,55,Box Panel Cap Trim,0,0,signature_200,"SIGNATURE*
200",,✓
ssr,55,Box Panel Cap Trim,0,0,signature_300,"SIGNATURE*
300",,✓
ssr,55,Box Panel Cap Trim,0,0,signature_300_metallic,".SIGNATURE®
300 METALLIC",,✓
ssr,55,Sculptured Rake Trim,1,0,part,PART #,DESCRIPTION,FL-110
ssr,55,Sculptured Rake Trim,1,0,length,LENGTH,DESCRIPTION,"10'-2"""
ssr,55,Sculptured Rake Trim,1,0,girth,GIRTH,DESCRIPTION,"19%"""
ssr,55,Sculptured Rake Trim,1,0,weight_each,"WEIGHT
EACH",DESCRIPTION,12.69#
ssr,55,Sculptured Rake Trim,1,0,galvalume_plus,"GALVALUME*
PLUS",,✓
ssr,55,Sculptured Rake Trim,1,0,signature_200,"SIGNATURE*
200",,✓
ssr,55,Sculptured Rake Trim,1,0,signature_300,"SIGNATURE*
300",,✓
ssr,55,Sculptured Rake Trim,1,0,signature_300_metallic,".SIGNATURE*
300 METALLIC",,✓
ssr,55,Sculptured Rake Trim,1,1,part,PART #,DESCRIPTION,FL-111
ssr,55,Sculptured Rake Trim,1,1,length,LENGTH,DESCRIPTION,"20'-2"""
ssr,55,Sculptured Rake Trim,1,1,girth,GIRTH,DESCRIPTION,"19%"""
ssr,55,Sculptured Rake Trim,1,1,weight_each,"WEIGHT
EACH",DESCRIPTION,25.184
ssr,55,Sculptured Rake Trim,1,1,galvalume_plus,"GALVALUME*
PLUS",,✓
ssr,55,Sculptured Rake Trim,1,1,signature_200,"SIGNATURE*
200",,✓
ssr,55,Sculptured Rake Trim,1,1,signature_300,"SIGNATURE*
300",,✓
ssr,55,Sculptured Rake Trim,1,1,signature_300_metallic,".SIGNATURE*
300 METALLIC",,✓
ssr,55,Sculptured Rake Trim,1,2,part,PART #,DESCRIPTION,Retro-Fit Rake Trim
ssr,55,Sculptured Rake Trim,2,0,part,PART #,DESCRIPTION,FL-861
ssr,55,Sculptured Rake Trim,2,0,length,LENGTH,DESCRIPTION,"10'-2"""
ssr,55,Sculptured Rake Trim,2,0,girth,GIRTH,DESCRIPTION,"20%"""
ssr,55,Sculptured Rake Trim,2,0,weight_each,"WEIGHT
EACH",DESCRIPTION,16.86#
ssr,55,Sculptured Rake Trim,2,0,galvalume_plus,"GALVALUME*
PLUS.",,✓
ssr,55,Sculptured Rake Trim,2,0,signature_200,"SIGNATURE*
200",,✓
ssr,55,Sculptured Rake Trim,2,0,signature_300,"SIGNATURE*
300",,✓
ssr,55,Sculptured Rake Trim,2,0,signature_300_metallic,".SIGNATURE*
300 METALLIC",,✓
ssr,56,Rake Slide,0,0,part,PART #,DESCRIPTION,FL-115
ssr,56,Rake Slide,0,0,length,LENGTH,DESCRIPTION,"10'-2"""
ssr,56,Rake Slide,0,0,girth,GIRTH,DESCRIPTION,"DHA"""
ssr,56,Rake Slide,0,0,weight_each,"WEIGHT
EACH",DESCRIPTION,2.37#
ssr,56,Rake Slide,0,0,galvalume_plus,"GALVALUME®
PLUS",,✓
ssr,56,Rake Slide,0,0,signature_200,"SIGNATURE*
200",,✓
ssr,56,Rake Slide,0,0,signature_300,"SIGNATURE*
300",,✓
ssr,56,Rake Slide,0,0,signature_300_metallic,".SIGNATURE®
300 METALLIC",,✓
ssr,56,Rake Slide,0,1,part,PART #,DESCRIPTION,Rake Slide - High Wind
ssr,56,Rake Slide,1,0,part,PART #,DESCRIPTION,FL-215
ssr,56,Rake Slide,1,0,length,LENGTH,DESCRIPTION,"10'-2"""
ssr,56,Rake Slide,1,0,girth,GIRTH,DESCRIPTION,"3¾"""
ssr,56,Rake Slide,1,0,weight_each,"WEIGHT
EACH",DESCRIPTION,3.10#
ssr,56,Rake Slide,1,0,galvalume_plus,"GALVALUME*
PLUS",,✓
ssr,56,Rake Slide,1,0,signature_200,"SIGNATURE*
200",,✓
ssr,56,Rake Slide,1,0,signature_300,"SIGNATURE*
300",,✓
ssr,56,Rake Slide,1,0,signature_300_metallic,".SIGNATURE*
300 METALLIC",,✓
ssr,56,Rake Slide,1,1,part,PART #,DESCRIPTION,Variable Termination
ssr,56,Rake Slide,2,0,part,PART #,DESCRIPTION,FL-117
ssr,56,Rake Slide,2,0,length,LENGTH,DESCRIPTION,"14'-2"""
ssr,56,Rake Slide,2,0,girth,GIRTH,DESCRIPTION,"10%"""
ssr,56,Rake Slide,2,0,weight_each,"WEIGHT
EACH",DESCRIPTION,9.42#
ssr,56,Rake Slide,2,0,galvalume_plus,"GALVALUME*
PLUS.",,✓
ssr,56,Rake Slide,2,0,signature_200,"SIGNATURE*
200",,✓
ssr,56,Rake Slide,2,0,signature_300,"SIGNATURE*
300",,✓
ssr,56,Rake Slide,2,0,signature_300_metallic,".SIGNATURE*
300 METALLIC",,✓
ssr,57,Fixed Peak Box - Sculptured Rake,0,0,part,PART #,DESCRIPTION,FL-120
ssr,57,Fixed Peak Box - Sculptured Rake,0,0,length,LENGTH,DESCRIPTION,"1-6"""
ssr,57,Fixed Peak Box - Sculptured Rake,0,0,girth,GIRTH,DESCRIPTION,"2"""
ssr,57,Fixed Peak Box - Sculptured Rake,0,0,roof_slope,"ROOF
SLOPE",DESCRIPTION,Ya- 6:12
ssr,57,Fixed Peak Box - Sculptured Rake,0,0,weight_each,"WEIGHT
EACH",DESCRIPTION,"2,364"
ssr,57,Fixed Peak Box - Sculptured Rake,0,0,galvalume_plus,"GALVALUME®
PLUS",,✓
ssr,57,Fixed Peak Box - Sculptured Rake,0,0,signature_200,"SIGNATURE*
200",,✓
ssr,57,Fixed Peak Box - Sculptured Rake,0,0,signature_300,"SIGNATURE®*
300",,✓
ssr,57,Fixed Peak Box - Sculptured Rake,0,0,signature_300_metallic,".SIGNATURE®
300 METALLIC",,✓
ssr,57,Fixed Peak Box - Sculptured Rake,0,1,part,PART #,DESCRIPTION,FL-121
ssr,57,Fixed Peak Box - Sculptured Rake,0,1,length,LENGTH,DESCRIPTION,"2-6"""
ssr,57,Fixed Peak Box - Sculptured Rake,0,1,girth,GIRTH,DESCRIPTION,?| mr
ssr,57,Fixed Peak Box - Sculptured Rake,0,1,roof_slope,"ROOF
SLOPE",DESCRIPTION,Ya-3 Yal2
ssr,57,Fixed Peak Box - Sculptured Rake,0,1,weight_each,"WEIGHT
EACH",DESCRIPTION,3.71#
ssr,57,Fixed Peak Box - Sculptured Rake,0,1,galvalume_plus,"GALVALUME®
PLUS",,✓
ssr,57,Fixed Peak Box - Sculptured Rake,0,1,signature_200,"SIGNATURE*
200",,✓
ssr,57,Fixed Peak Box - Sculptured Rake,0,1,signature_300,"SIGNATURE®*
300",,✓
ssr,57,Fixed Peak Box - Sculptured Rake,0,1,signature_300_metallic,".SIGNATURE®
300 METALLIC",,✓
ssr,57,Fixed Peak Box - Sculptured Rake,0,2,part,PART #,DESCRIPTION,Floating Peak Box - Sculptured Rake
ssr,57,Fixed Peak Box - Sculptured Rake,1,0,part,PART #,DESCRIPTION,FL-125
ssr,57,Fixed Peak Box - Sculptured Rake,1,0,length,LENGTH,DESCRIPTION,"Qeq"""
ssr,57,Fixed Peak Box - Sculptured Rake,1,0,girth,GIRTH,DESCRIPTION,"33 ""4"""
ssr,57,Fixed Peak Box - Sculptured Rake,1,0,roof_slope,"ROOF
SLOPE",DESCRIPTION,Ya-6:12
ssr,57,Fixed Peak Box - Sculptured Rake,1,0,weight_each,"WEIGHT
EACH",DESCRIPTION,5.92#
ssr,57,Fixed Peak Box - Sculptured Rake,1,0,galvalume_plus,"GALVALUME®
PLUS",,✓
ssr,57,Fixed Peak Box - Sculptured Rake,1,0,signature_200,"SIGNATURE*
200",,✓
ssr,57,Fixed Peak Box - Sculptured Rake,1,0,signature_300,"SIGNATURE®
300",,✓
ssr,57,Fixed Peak Box - Sculptured Rake,1,0,signature_300_metallic,".SIGNATURE®
300 METALLIC",,✓
ssr,57,Fixed Peak Box - Sculptured Rake,1,1,part,PART #,DESCRIPTION,FL-126
ssr,57,Fixed Peak Box - Sculptured Rake,1,1,length,LENGTH,DESCRIPTION,"2'-6"""
ssr,57,Fixed Peak Box - Sculptured Rake,1,1,girth,GIRTH,DESCRIPTION,"37%"""
ssr,57,Fixed Peak Box - Sculptured Rake,1,1,roof_slope,"ROOF
SLOPE",DESCRIPTION,Y%a-6:13
ssr,57,Fixed Peak Box - Sculptured Rake,1,1,weight_each,"WEIGHT
EACH",DESCRIPTION,7#
ssr,57,Fixed Peak Box - Sculptured Rake,1,1,galvalume_plus,"GALVALUME®
PLUS",,✓
ssr,57,Fixed Peak Box - Sculptured Rake,1,1,signature_200,"SIGNATURE*
200",,✓
ssr,57,Fixed Peak Box - Sculptured Rake,1,1,signature_300,"SIGNATURE®
300",,✓
ssr,57,Fixed Peak Box - Sculptured Rake,1,1,signature_300_metallic,".SIGNATURE®
300 METALLIC",,✓
ssr,57,Fixed Peak Box - Sculptured Rake,1,2,part,PART #,DESCRIPTION,Sculptured Low Eave Corner Box
ssr,57,Fixed Peak Box - Sculptured Rake,2,0,part,PART #,DESCRIPTION,FL-132
ssr,57,Fixed Peak Box - Sculptured Rake,2,0,weight_each,WEIGHT EACH,DESCRIPTION,1.69#
ssr,57,Fixed Peak Box - Sculptured Rake,2,0,galvalume_plus,"GALVALUME""
PLUS.",,✓
ssr,57,Fixed Peak Box - Sculptured Rake,2,0,signature_200,"SIGNATURE""
200",,✓
ssr,57,Fixed Peak Box - Sculptured Rake,2,0,signature_300,"SIGNATURE""
300",,✓
ssr,57,Fixed Peak Box - Sculptured Rake,2,0,signature_300_metallic,".SIGNATURE""
300 METALLIC",,✓
ssr,57,Fixed Peak Box - Sculptured Rake,2,1,part,PART #,DESCRIPTION,FL-132B
ssr,57,Fixed Peak Box - Sculptured Rake,2,1,weight_each,WEIGHT EACH,DESCRIPTION,1.69#
ssr,57,Fixed Peak Box - Sculptured Rake,2,1,galvalume_plus,"GALVALUME""
PLUS.",,✓
ssr,57,Fixed Peak Box - Sculptured Rake,2,1,signature_200,"SIGNATURE""
200",,✓
ssr,57,Fixed Peak Box - Sculptured Rake,2,1,signature_300,"SIGNATURE""
300",,✓
ssr,57,Fixed Peak Box - Sculptured Rake,2,1,signature_300_metallic,".SIGNATURE""
300 METALLIC",,✓
ssr,58,Sculptured Rake End,0,0,part,PART #,DESCRIPTION,FL-134
ssr,58,Sculptured Rake End,0,0,weight_each,WEIGHT EACH,DESCRIPTION,1.544
ssr,58,Sculptured Rake End,0,0,galvalume_plus,"GALVALUME®
PLUS",,✓
ssr,58,Sculptured Rake End,0,0,signature_200,"SIGNATURE®
200",,✓
ssr,58,Sculptured Rake End,0,0,signature_300,"SIGNATURE®*
300",,✓
ssr,58,Sculptured Rake End,0,0,signature_300_metallic,".SIGNATURE®
300 METALLIC",,✓
ssr,58,Sculptured Rake End,0,1,part,PART #,DESCRIPTION,Parapet Peak Box
ssr,58,Sculptured Rake End,1,0,part,PART #,DESCRIPTION,FL-295
ssr,58,Sculptured Rake End,1,0,girth,GIRTH,DESCRIPTION,"14"""
ssr,58,Sculptured Rake End,1,0,weight_each,WEIGHT EACH,DESCRIPTION,2.244
ssr,58,Sculptured Rake End,1,0,galvalume_plus,"GALVALUME*
PLUS",,✓
ssr,58,Sculptured Rake End,1,0,signature_200,"SIGNATURE®
200",,✓
ssr,58,Sculptured Rake End,1,0,signature_300,"SIGNATURE*
300",,✓
ssr,58,Sculptured Rake End,1,0,signature_300_metallic,".SIGNATURE
300 METALLIC",,✓
ssr,58,Sculptured Rake End,1,1,part,PART #,DESCRIPTION,FL-297
ssr,58,Sculptured Rake End,1,1,girth,GIRTH,DESCRIPTION,"16"""
ssr,58,Sculptured Rake End,1,1,weight_each,WEIGHT EACH,DESCRIPTION,2.76#
ssr,58,Sculptured Rake End,1,1,galvalume_plus,"GALVALUME*
PLUS",,✓
ssr,58,Sculptured Rake End,1,1,signature_200,"SIGNATURE®
200",,✓
ssr,58,Sculptured Rake End,1,1,signature_300,"SIGNATURE*
300",,✓
ssr,58,Sculptured Rake End,1,1,signature_300_metallic,".SIGNATURE
300 METALLIC",,✓
ssr,58,Sculptured Rake End,1,2,part,PART #,DESCRIPTION,Parapet Corner Box
ssr,58,Sculptured Rake End,2,0,part,PART #,DESCRIPTION,FL-299
ssr,58,Sculptured Rake End,2,0,length,LENGTH,DESCRIPTION,"18"""
ssr,58,Sculptured Rake End,2,0,girth,GIRTH,DESCRIPTION,"18"""
ssr,58,Sculptured Rake End,2,0,weight_each,"WEIGHT
EACH",DESCRIPTION,1.75#
ssr,58,Sculptured Rake End,2,0,galvalume_plus,"GALVALUME*
PLUS",,✓
ssr,58,Sculptured Rake End,2,0,signature_200,"SIGNATURE*
200",,✓
ssr,58,Sculptured Rake End,2,0,signature_300,"SIGNATURE*
300",,✓
ssr,58,Sculptured Rake End,2,0,signature_300_metallic,".SIGNATURE*
300 METALLIC",,✓
ssr,59,Flat Eave Trim,0,0,part,PART #,DESCRIPTION,FL-270
ssr,59,Flat Eave Trim,0,0,length,LENGTH,DESCRIPTION,"10'-2"""
ssr,59,Flat Eave Trim,0,0,girth,GIRTH,DESCRIPTION,"1%"""
ssr,59,Flat Eave Trim,0,0,weight_each,"WEIGHT
EACH",DESCRIPTION,8.38#
ssr,59,Flat Eave Trim,0,0,galvalume_plus,"GALVALUME®
PLUS",,✓
ssr,59,Flat Eave Trim,0,0,signature_200,"SIGNATURE*
200",,✓
ssr,59,Flat Eave Trim,0,0,signature_300,"SIGNATURE*
300",,✓
ssr,59,Flat Eave Trim,0,0,signature_300_metallic,".SIGNATURE®
300 METALLIC",,✓
ssr,59,Flat Eave Trim,0,1,part,PART #,DESCRIPTION,Box Eave Trim
ssr,59,Flat Eave Trim,1,0,part,PART #,DESCRIPTION,FL-325
ssr,59,Flat Eave Trim,1,0,length,LENGTH,DESCRIPTION,"10'-2"""
ssr,59,Flat Eave Trim,1,0,girth,GIRTH,DESCRIPTION,"8%"""
ssr,59,Flat Eave Trim,1,0,weight_each,"WEIGHT
EACH",DESCRIPTION,710#
ssr,59,Flat Eave Trim,1,0,galvalume_plus,"GALVALUME*
PLUS",,✓
ssr,59,Flat Eave Trim,1,0,signature_200,"SIGNATURE*
200",,✓
ssr,59,Flat Eave Trim,1,0,signature_300,"SIGNATURE*
300",,✓
ssr,59,Flat Eave Trim,1,0,signature_300_metallic,".SIGNATURE*
300 METALLIC",,✓
ssr,59,Flat Eave Trim,1,1,part,PART #,DESCRIPTION,FL-326
ssr,59,Flat Eave Trim,1,1,length,LENGTH,DESCRIPTION,"20'-2"""
ssr,59,Flat Eave Trim,1,1,girth,GIRTH,DESCRIPTION,"8%"""
ssr,59,Flat Eave Trim,1,1,weight_each,"WEIGHT
EACH",DESCRIPTION,14.25#
ssr,59,Flat Eave Trim,1,1,galvalume_plus,"GALVALUME*
PLUS",,✓
ssr,59,Flat Eave Trim,1,1,signature_200,"SIGNATURE*
200",,✓
ssr,59,Flat Eave Trim,1,1,signature_300,"SIGNATURE*
300",,✓
ssr,59,Flat Eave Trim,1,1,signature_300_metallic,".SIGNATURE*
300 METALLIC",,✓
ssr,59,Flat Eave Trim,1,2,part,PART #,DESCRIPTION,Box High Side Eave Trim
ssr,59,Flat Eave Trim,2,0,part,PART #,DESCRIPTION,FL-332
ssr,59,Flat Eave Trim,2,0,length,LENGTH,DESCRIPTION,"20'-2"""
ssr,59,Flat Eave Trim,2,0,girth,GIRTH,DESCRIPTION,"16 7%"""
ssr,59,Flat Eave Trim,2,0,weight_each,"WEIGHT
EACH",DESCRIPTION,26.23#
ssr,59,Flat Eave Trim,2,0,galvalume_plus,"GALVALUME*
PLUS.",,✓
ssr,59,Flat Eave Trim,2,0,signature_200,"SIGNATURE*
200",,✓
ssr,59,Flat Eave Trim,2,0,signature_300,"SIGNATURE*
300",,✓
ssr,59,Flat Eave Trim,2,0,signature_300_metallic,".SIGNATURE*
300 METALLIC",,✓
ssr,60,Box Gutter,0,0,part,PART #,DESCRIPTION,FL-307
ssr,60,Box Gutter,0,0,length,LENGTH,DESCRIPTION,"10'-2"""
ssr,60,Box Gutter,0,0,girth,GIRTH,DESCRIPTION,"24"""
ssr,60,Box Gutter,0,0,weight_each,"WEIGHT
EACH",DESCRIPTION,19.86#
ssr,60,Box Gutter,0,0,galvalume_plus,"GALVALUME®
PLUS",,✓
ssr,60,Box Gutter,0,0,signature_200,"SIGNATURE*
200",,✓
ssr,60,Box Gutter,0,0,signature_300,"SIGNATURE*
300",,✓
ssr,60,Box Gutter,0,0,signature_300_metallic,".SIGNATURE®
300 METALLIC",,✓
ssr,60,Box Gutter,0,1,part,PART #,DESCRIPTION,FL-308
ssr,60,Box Gutter,0,1,length,LENGTH,DESCRIPTION,"20'-2"""
ssr,60,Box Gutter,0,1,girth,GIRTH,DESCRIPTION,"24"""
ssr,60,Box Gutter,0,1,weight_each,"WEIGHT
EACH",DESCRIPTION,34.40#
ssr,60,Box Gutter,0,1,galvalume_plus,"GALVALUME®
PLUS",,✓
ssr,60,Box Gutter,0,1,signature_200,"SIGNATURE*
200",,✓
ssr,60,Box Gutter,0,1,signature_300,"SIGNATURE*
300",,✓
ssr,60,Box Gutter,0,1,signature_300_metallic,".SIGNATURE®
300 METALLIC",,✓
ssr,60,Box Gutter,0,2,part,PART #,DESCRIPTION,Box Gutter End Cap
ssr,60,Box Gutter,1,0,part,PART #,DESCRIPTION,FL-309
ssr,60,Box Gutter,1,0,weight_each,WEIGHT EACH,DESCRIPTION,.1#
ssr,60,Box Gutter,1,0,galvalume_plus,"GALVALUME""
PLUS",,✓
ssr,60,Box Gutter,1,0,signature_200,"SIGNATURE®
200",,✓
ssr,60,Box Gutter,1,0,signature_300,"SIGNATURE®
300",,✓
ssr,60,Box Gutter,1,0,signature_300_metallic,".SIGNATURE*
300 METALLIC",,✓
ssr,60,Box Gutter,1,1,part,PART #,DESCRIPTION,Box Gutter Strap
ssr,60,Box Gutter,2,0,part,PART #,DESCRIPTION,FL-310
ssr,60,Box Gutter,2,0,length,LENGTH,DESCRIPTION,"10"""
ssr,60,Box Gutter,2,0,girth,GIRTH,DESCRIPTION,Qn
ssr,60,Box Gutter,2,0,weight_each,"WEIGHT
EACH",DESCRIPTION,.4#
ssr,60,Box Gutter,2,0,galvalume_plus,"GALVALUME*
PLUS.",,✓
ssr,60,Box Gutter,2,0,signature_200,"SIGNATURE*
200",,✓
ssr,60,Box Gutter,2,0,signature_300,"SIGNATURE*
300",,✓
ssr,60,Box Gutter,2,0,signature_300_metallic,".SIGNATURE*
300 METALLIC",,✓
ssr,61,Box Rake Trim,0,0,part,PART #,DESCRIPTION,FL-305
ssr,61,Box Rake Trim,0,0,length,LENGTH,DESCRIPTION,"10'-2"""
ssr,61,Box Rake Trim,0,0,girth,GIRTH,DESCRIPTION,"OQ 5%"""
ssr,61,Box Rake Trim,0,0,weight_each,"WEIGHT
EACH",DESCRIPTION,7.96#
ssr,61,Box Rake Trim,0,0,galvalume_plus,"GALVALUME®
PLUS",,✓
ssr,61,Box Rake Trim,0,0,signature_200,"SIGNATURE*
200",,✓
ssr,61,Box Rake Trim,0,0,signature_300,"SIGNATURE*
300",,✓
ssr,61,Box Rake Trim,0,0,signature_300_metallic,".SIGNATURE®
300 METALLIC",,✓
ssr,61,Box Rake Trim,0,1,part,PART #,DESCRIPTION,FL-306
ssr,61,Box Rake Trim,0,1,length,LENGTH,DESCRIPTION,"20'-2"""
ssr,61,Box Rake Trim,0,1,girth,GIRTH,DESCRIPTION,"Q 5A"""
ssr,61,Box Rake Trim,0,1,weight_each,"WEIGHT
EACH",DESCRIPTION,18.83#
ssr,61,Box Rake Trim,0,1,galvalume_plus,"GALVALUME®
PLUS",,✓
ssr,61,Box Rake Trim,0,1,signature_200,"SIGNATURE*
200",,✓
ssr,61,Box Rake Trim,0,1,signature_300,"SIGNATURE*
300",,✓
ssr,61,Box Rake Trim,0,1,signature_300_metallic,".SIGNATURE®
300 METALLIC",,✓
ssr,61,Counterflash,1,0,part,PART #,DESCRIPTION,FL-341
ssr,61,Counterflash,1,0,length,LENGTH,DESCRIPTION,"10'-2"""
ssr,61,Counterflash,1,0,girth,GIRTH,DESCRIPTION,"417"""
ssr,61,Counterflash,1,0,weight_each,"WEIGHT
EACH",DESCRIPTION,3.48#
ssr,61,Counterflash,1,0,galvalume_plus,"GALVALUME*
PLUS",,✓
ssr,61,Counterflash,1,0,signature_200,"SIGNATURE*
200",,✓
ssr,61,Counterflash,1,0,signature_300,"SIGNATURE*
300",,✓
ssr,61,Counterflash,1,0,signature_300_metallic,".SIGNATURE*
300 METALLIC",,✓
ssr,61,Counterflash,1,1,part,PART #,DESCRIPTION,FL-342
ssr,61,Counterflash,1,1,length,LENGTH,DESCRIPTION,"14'-0"""
ssr,61,Counterflash,1,1,girth,GIRTH,DESCRIPTION,AVYyt
ssr,61,Counterflash,1,1,weight_each,"WEIGHT
EACH",DESCRIPTION,6.96#
ssr,61,Counterflash,1,1,galvalume_plus,"GALVALUME*
PLUS",,✓
ssr,61,Counterflash,1,1,signature_200,"SIGNATURE*
200",,✓
ssr,61,Counterflash,1,1,signature_300,"SIGNATURE*
300",,✓
ssr,61,Counterflash,1,1,signature_300_metallic,".SIGNATURE*
300 METALLIC",,✓
ssr,61,Alternate Counterflash,2,0,part,PART #,DESCRIPTION,FL-343
ssr,61,Alternate Counterflash,2,0,length,LENGTH,DESCRIPTION,"10'-2"""
ssr,61,Alternate Counterflash,2,0,girth,GIRTH,DESCRIPTION,Ayn
ssr,61,Alternate Counterflash,2,0,weight_each,"WEIGHT
EACH",DESCRIPTION,3.484
ssr,61,Alternate Counterflash,2,0,galvalume_plus,"GALVALUME*
PLUS",,✓
ssr,61,Alternate Counterflash,2,0,signature_200,"SIGNATURE®
200",,✓
ssr,61,Alternate Counterflash,2,0,signature_300,"SIGNATURE®
300",,✓
ssr,61,Alternate Counterflash,2,0,signature_300_metallic,".SIGNATURE®
300 METALLIC",,✓
ssr,61,Alternate Counterflash,2,1,part,PART #,DESCRIPTION,FL-344
ssr,61,Alternate Counterflash,2,1,length,LENGTH,DESCRIPTION,"14'-0"""
ssr,61,Alternate Counterflash,2,1,girth,GIRTH,DESCRIPTION,"4 Yo"""
ssr,61,Alternate Counterflash,2,1,weight_each,"WEIGHT
EACH",DESCRIPTION,6.96#
ssr,61,Alternate Counterflash,2,1,galvalume_plus,"GALVALUME*
PLUS",,✓
ssr,61,Alternate Counterflash,2,1,signature_200,"SIGNATURE®
200",,✓
ssr,61,Alternate Counterflash,2,1,signature_300,"SIGNATURE®
300",,✓
ssr,61,Alternate Counterflash,2,1,signature_300_metallic,".SIGNATURE®
300 METALLIC",,✓
ssr,62,Panel Starter,0,0,part,PART #,DESCRIPTION,FL-335
ssr,62,Panel Starter,0,0,length,LENGTH,DESCRIPTION,"10'-2"""
ssr,62,Panel Starter,0,0,girth,GIRTH,DESCRIPTION,"3"""
ssr,62,Panel Starter,0,0,weight_each,"WEIGHT
EACH",DESCRIPTION,2.484
ssr,62,Panel Starter,0,0,galvalume_plus,"GALVALUME*
PLUS",,✓
ssr,62,Panel Starter,0,0,signature_200,"SIGNATURE*
200",,✓
ssr,62,Panel Starter,0,0,signature_300,"SIGNATURE*
300",,✓
ssr,62,Panel Starter,0,0,signature_300_metallic,".SIGNATURE*
300 METALLIC",,✓
ssr,62,Panel Starter,0,1,part,PART #,DESCRIPTION,Continuous Cleat
ssr,62,Panel Starter,1,0,part,PART #,DESCRIPTION,FL-338
ssr,62,Panel Starter,1,0,length,LENGTH,DESCRIPTION,"10'-2"""
ssr,62,Panel Starter,1,0,girth,GIRTH,DESCRIPTION,"3"""
ssr,62,Panel Starter,1,0,weight_each,WEIGHT EACH,DESCRIPTION,2.45#
ssr,62,Panel Starter,1,0,assorted_colors,ASSORTED COLORS,,✓
ssr,62,Panel Starter,1,1,part,PART #,DESCRIPTION,Offset Cleat
ssr,62,Panel Starter,2,0,part,PART #,DESCRIPTION,FL-337
ssr,62,Panel Starter,2,0,length,LENGTH,DESCRIPTION,"10'-2"""
ssr,62,Panel Starter,2,0,girth,GIRTH,DESCRIPTION,ZByyn
ssr,62,Panel Starter,2,0,weight_each,WEIGHT EACH,DESCRIPTION,2.45#
ssr,62,Panel Starter,2,0,assorted_colors,ASSORTED COLORS,,✓
ssr,63,Parapet High Side Eave Flash - Fixed,0,0,part,PART #,DESCRIPTION,FL-276
ssr,63,Parapet High Side Eave Flash - Fixed,0,0,length,LENGTH,DESCRIPTION,"10'-2"""
ssr,63,Parapet High Side Eave Flash - Fixed,0,0,girth,GIRTH,DESCRIPTION,"12"""
ssr,63,Parapet High Side Eave Flash - Fixed,0,0,weight_each,"WEIGHT
EACH",DESCRIPTION,7.914
ssr,63,Parapet High Side Eave Flash - Fixed,0,0,galvalume_plus,"GALVALUME®
PLUS",,✓
ssr,63,Parapet High Side Eave Flash - Fixed,0,0,signature_200,"SIGNATURE*
200",,✓
ssr,63,Parapet High Side Eave Flash - Fixed,0,0,signature_300,"SIGNATURE*
300",,✓
ssr,63,Parapet High Side Eave Flash - Fixed,0,0,signature_300_metallic,".SIGNATURE®
300 METALLIC",,✓
ssr,63,Parapet High Side Eave Flash - Fixed,0,1,part,PART #,DESCRIPTION,Parapet High Side Eave Flash - Floating
ssr,63,Parapet High Side Eave Flash - Fixed,1,0,part,PART #,DESCRIPTION,FL-275
ssr,63,Parapet High Side Eave Flash - Fixed,1,0,dim_a,"DIM ""A""",DESCRIPTION,"By"""
ssr,63,Parapet High Side Eave Flash - Fixed,1,0,length,LENGTH,DESCRIPTION,"10'-2"""
ssr,63,Parapet High Side Eave Flash - Fixed,1,0,girth,GIRTH,DESCRIPTION,"12%"""
ssr,63,Parapet High Side Eave Flash - Fixed,1,0,weight_each,"WEIGHT
EACH",DESCRIPTION,8.244
ssr,63,Parapet High Side Eave Flash - Fixed,1,0,galvalume_plus,"GALVALUME""
PLUS",,✓
ssr,63,Parapet High Side Eave Flash - Fixed,1,0,signature_200,"SIGNATURE*
200",,✓
ssr,63,Parapet High Side Eave Flash - Fixed,1,0,signature_300,"SIGNATURE®
300",,✓
ssr,63,Parapet High Side Eave Flash - Fixed,1,0,signature_300_metallic,".SIGNATURE*
300 METALLIC",,✓
ssr,63,Parapet High Side Eave Flash - Fixed,1,1,part,PART #,DESCRIPTION,FL-274
ssr,63,Parapet High Side Eave Flash - Fixed,1,1,dim_a,"DIM ""A""",DESCRIPTION,"ays"""
ssr,63,Parapet High Side Eave Flash - Fixed,1,1,length,LENGTH,DESCRIPTION,"10'-2"""
ssr,63,Parapet High Side Eave Flash - Fixed,1,1,girth,GIRTH,DESCRIPTION,"13%"""
ssr,63,Parapet High Side Eave Flash - Fixed,1,1,weight_each,"WEIGHT
EACH",DESCRIPTION,9.26#
ssr,63,Parapet High Side Eave Flash - Fixed,1,1,galvalume_plus,"GALVALUME""
PLUS",,✓
ssr,63,Parapet High Side Eave Flash - Fixed,1,1,signature_200,"SIGNATURE*
200",,✓
ssr,63,Parapet High Side Eave Flash - Fixed,1,1,signature_300,"SIGNATURE®
300",,✓
ssr,63,Parapet High Side Eave Flash - Fixed,1,1,signature_300_metallic,".SIGNATURE*
300 METALLIC",,✓
ssr,63,Parapet High Side Eave Flash - Fixed,1,2,part,PART #,DESCRIPTION,Parapet Rake Flash - Fixed
ssr,63,Parapet High Side Eave Flash - Fixed,2,0,part,PART #,DESCRIPTION,FL-280
ssr,63,Parapet High Side Eave Flash - Fixed,2,0,dim_a,"DIM ""A""",DESCRIPTION,2
ssr,63,Parapet High Side Eave Flash - Fixed,2,0,length,LENGTH,DESCRIPTION,"10'-2"""
ssr,63,Parapet High Side Eave Flash - Fixed,2,0,girth,GIRTH,DESCRIPTION,3
ssr,63,Parapet High Side Eave Flash - Fixed,2,0,weight_each,"WEIGHT
EACH",DESCRIPTION,5.27#
ssr,63,Parapet High Side Eave Flash - Fixed,2,0,galvalume_plus,"GALVALUME""
PLUS",,✓
ssr,63,Parapet High Side Eave Flash - Fixed,2,0,signature_200,"SIGNATURE*
200",,✓
ssr,63,Parapet High Side Eave Flash - Fixed,2,0,signature_300,"SIGNATURE""
300",,✓
ssr,63,Parapet High Side Eave Flash - Fixed,2,0,signature_300_metallic,".SIGNATURE*
300 METALLIC",,✓
ssr,63,Parapet High Side Eave Flash - Fixed,2,1,part,PART #,DESCRIPTION,FL-281
ssr,63,Parapet High Side Eave Flash - Fixed,2,1,dim_a,"DIM ""A""",DESCRIPTION,"4"""
ssr,63,Parapet High Side Eave Flash - Fixed,2,1,length,LENGTH,DESCRIPTION,"10'-2"""
ssr,63,Parapet High Side Eave Flash - Fixed,2,1,girth,GIRTH,DESCRIPTION,"10"""
ssr,63,Parapet High Side Eave Flash - Fixed,2,1,weight_each,"WEIGHT
EACH",DESCRIPTION,6.59#
ssr,63,Parapet High Side Eave Flash - Fixed,2,1,galvalume_plus,"GALVALUME""
PLUS",,✓
ssr,63,Parapet High Side Eave Flash - Fixed,2,1,signature_200,"SIGNATURE*
200",,✓
ssr,63,Parapet High Side Eave Flash - Fixed,2,1,signature_300,"SIGNATURE""
300",,✓
ssr,63,Parapet High Side Eave Flash - Fixed,2,1,signature_300_metallic,".SIGNATURE*
300 METALLIC",,✓
ssr,63,Parapet High Side Eave Flash - Fixed,2,2,part,PART #,DESCRIPTION,FL-282
ssr,63,Parapet High Side Eave Flash - Fixed,2,2,dim_a,"DIM ""A""",DESCRIPTION,"6"""
ssr,63,Parapet High Side Eave Flash - Fixed,2,2,length,LENGTH,DESCRIPTION,"10'-2"""
ssr,63,Parapet High Side Eave Flash - Fixed,2,2,girth,GIRTH,DESCRIPTION,"12"""
ssr,63,Parapet High Side Eave Flash - Fixed,2,2,weight_each,"WEIGHT
EACH",DESCRIPTION,8.844
ssr,63,Parapet High Side Eave Flash - Fixed,2,2,galvalume_plus,"GALVALUME""
PLUS",,✓
ssr,63,Parapet High Side Eave Flash - Fixed,2,2,signature_200,"SIGNATURE*
200",,✓
ssr,63,Parapet High Side Eave Flash - Fixed,2,2,signature_300,"SIGNATURE""
300",,✓
ssr,63,Parapet High Side Eave Flash - Fixed,2,2,signature_300_metallic,".SIGNATURE*
300 METALLIC",,✓
ssr,64,Parapet Rake Flash - Floating,0,0,part,PART #,DESCRIPTION,FL-285
ssr,64,Parapet Rake Flash - Floating,0,0,dim_a,"DIM ""A""",DESCRIPTION,"3"""
ssr,64,Parapet Rake Flash - Floating,0,0,length,LENGTH,DESCRIPTION,"10'-2"""
ssr,64,Parapet Rake Flash - Floating,0,0,girth,GIRTH,DESCRIPTION,3
ssr,64,Parapet Rake Flash - Floating,0,0,weight_each,"WEIGHT
EACH",DESCRIPTION,5.27#
ssr,64,Parapet Rake Flash - Floating,0,0,galvalume_plus,"GALVALUME®
PLUS",,✓
ssr,64,Parapet Rake Flash - Floating,0,0,signature_200,"SIGNATURE*
200",,✓
ssr,64,Parapet Rake Flash - Floating,0,0,signature_300,"SIGNATURE®*
300",,✓
ssr,64,Parapet Rake Flash - Floating,0,0,signature_300_metallic,".SIGNATURE®
300 METALLIC",,✓
ssr,64,Parapet Rake Flash - Floating,0,1,part,PART #,DESCRIPTION,FL-286
ssr,64,Parapet Rake Flash - Floating,0,1,dim_a,"DIM ""A""",DESCRIPTION,"5"""
ssr,64,Parapet Rake Flash - Floating,0,1,length,LENGTH,DESCRIPTION,"10'-2"""
ssr,64,Parapet Rake Flash - Floating,0,1,girth,GIRTH,DESCRIPTION,"10"""
ssr,64,Parapet Rake Flash - Floating,0,1,weight_each,"WEIGHT
EACH",DESCRIPTION,6.59#
ssr,64,Parapet Rake Flash - Floating,0,1,galvalume_plus,"GALVALUME®
PLUS",,✓
ssr,64,Parapet Rake Flash - Floating,0,1,signature_200,"SIGNATURE*
200",,✓
ssr,64,Parapet Rake Flash - Floating,0,1,signature_300,"SIGNATURE®*
300",,✓
ssr,64,Parapet Rake Flash - Floating,0,1,signature_300_metallic,".SIGNATURE®
300 METALLIC",,✓
ssr,64,Parapet Rake Flash - Floating,0,2,part,PART #,DESCRIPTION,FL-287
ssr,64,Parapet Rake Flash - Floating,0,2,dim_a,"DIM ""A""",DESCRIPTION,"7"""
ssr,64,Parapet Rake Flash - Floating,0,2,length,LENGTH,DESCRIPTION,"10'-2"""
ssr,64,Parapet Rake Flash - Floating,0,2,girth,GIRTH,DESCRIPTION,"12"""
ssr,64,Parapet Rake Flash - Floating,0,2,weight_each,"WEIGHT
EACH",DESCRIPTION,8.844
ssr,64,Parapet Rake Flash - Floating,0,2,galvalume_plus,"GALVALUME®
PLUS",,✓
ssr,64,Parapet Rake Flash - Floating,0,2,signature_200,"SIGNATURE*
200",,✓
ssr,64,Parapet Rake Flash - Floating,0,2,signature_300,"SIGNATURE®*
300",,✓
ssr,64,Parapet Rake Flash - Floating,0,2,signature_300_metallic,".SIGNATURE®
300 METALLIC",,✓
ssr,64,Parapet Rake Flash - Floating,0,3,part,PART #,DESCRIPTION,Parapet Rake Cleat
ssr,64,Parapet Rake Flash - Floating,1,0,part,PART #,DESCRIPTION,FL-290
ssr,64,Parapet Rake Flash - Floating,1,0,dim_a,"DIM ""A""",DESCRIPTION,"3f,"""""
ssr,64,Parapet Rake Flash - Floating,1,0,length,LENGTH,DESCRIPTION,"10'-2"""
ssr,64,Parapet Rake Flash - Floating,1,0,girth,GIRTH,DESCRIPTION,"ayy"""
ssr,64,Parapet Rake Flash - Floating,1,0,weight_each,"WEIGHT
EACH",DESCRIPTION,1.48#
ssr,64,Parapet Rake Flash - Floating,1,0,galvalume_plus,"GALVALUME®
PLUS",,✓
ssr,64,Parapet Rake Flash - Floating,1,0,signature_200,"SIGNATURE®
200",,✓
ssr,64,Parapet Rake Flash - Floating,1,0,signature_300,"SIGNATURE®
300",,✓
ssr,64,Parapet Rake Flash - Floating,1,0,signature_300_metallic,".SIGNATURE®
300 METALLIC",,✓
ssr,64,Parapet Rake Flash - Floating,1,1,part,PART #,DESCRIPTION,FL-291
ssr,64,Parapet Rake Flash - Floating,1,1,dim_a,"DIM ""A""",DESCRIPTION,"1"""
ssr,64,Parapet Rake Flash - Floating,1,1,length,LENGTH,DESCRIPTION,"10'-2"""
ssr,64,Parapet Rake Flash - Floating,1,1,girth,GIRTH,DESCRIPTION,"2 Vo"""
ssr,64,Parapet Rake Flash - Floating,1,1,weight_each,"WEIGHT
EACH",DESCRIPTION,1.65#
ssr,64,Parapet Rake Flash - Floating,1,1,galvalume_plus,"GALVALUME®
PLUS",,✓
ssr,64,Parapet Rake Flash - Floating,1,1,signature_200,"SIGNATURE®
200",,✓
ssr,64,Parapet Rake Flash - Floating,1,1,signature_300,"SIGNATURE®
300",,✓
ssr,64,Parapet Rake Flash - Floating,1,1,signature_300_metallic,".SIGNATURE®
300 METALLIC",,✓
ssr,64,Parapet Rake Flash - Floating,1,2,part,PART #,DESCRIPTION,Parapet Rake Cleat - High Wind
ssr,64,Parapet Rake Flash - Floating,2,0,part,PART #,DESCRIPTION,FL-292
ssr,64,Parapet Rake Flash - Floating,2,0,length,LENGTH,DESCRIPTION,"10'-2"""
ssr,64,Parapet Rake Flash - Floating,2,0,girth,GIRTH,DESCRIPTION,Zyyn
ssr,64,Parapet Rake Flash - Floating,2,0,weight_each,"WEIGHT
EACH",DESCRIPTION,2.90#
ssr,64,Parapet Rake Flash - Floating,2,0,galvalume_plus,"GALVALUME*
PLUS",,✓
ssr,64,Parapet Rake Flash - Floating,2,0,signature_200,"SIGNATURE®
200",,✓
ssr,64,Parapet Rake Flash - Floating,2,0,signature_300,"SIGNATURE®
300",,✓
ssr,64,Parapet Rake Flash - Floating,2,0,signature_300_metallic,".SIGNATURE®
300 METALLIC",,✓
ssr,65,Downspout - Straight,0,0,part,PART #,DESCRIPTION,FL-31
ssr,65,Downspout - Straight,0,0,length,LENGTH,DESCRIPTION,"10'-2"""
ssr,65,Downspout - Straight,0,0,girth,GIRTH,DESCRIPTION,"16 7%"""
ssr,65,Downspout - Straight,0,0,weight_each,"WEIGHT
EACH",DESCRIPTION,11.12#
ssr,65,Downspout - Straight,0,0,galvalume_plus,"GALVALUME*
PLUS",,✓
ssr,65,Downspout - Straight,0,0,signature_200,"SIGNATURE""
200",,✓
ssr,65,Downspout - Straight,0,0,signature_300,"SIGNATURE""
300",,✓
ssr,65,Downspout - Straight,0,0,signature_300_metallic,".SIGNATURE""
300 METALLIC",,✓
ssr,65,Downspout - Straight,0,1,part,PART #,DESCRIPTION,FL-31C
ssr,65,Downspout - Straight,0,1,length,LENGTH,DESCRIPTION,"12'-0"""
ssr,65,Downspout - Straight,0,1,girth,GIRTH,DESCRIPTION,"16 7%"""
ssr,65,Downspout - Straight,0,1,weight_each,"WEIGHT
EACH",DESCRIPTION,13.13#
ssr,65,Downspout - Straight,0,1,galvalume_plus,"GALVALUME*
PLUS",,✓
ssr,65,Downspout - Straight,0,1,signature_200,"SIGNATURE""
200",,✓
ssr,65,Downspout - Straight,0,1,signature_300,"SIGNATURE""
300",,✓
ssr,65,Downspout - Straight,0,1,signature_300_metallic,".SIGNATURE""
300 METALLIC",,✓
ssr,65,Downspout - Straight,0,2,part,PART #,DESCRIPTION,FL-31B
ssr,65,Downspout - Straight,0,2,length,LENGTH,DESCRIPTION,"14'-0"""
ssr,65,Downspout - Straight,0,2,girth,GIRTH,DESCRIPTION,"16 7%"""
ssr,65,Downspout - Straight,0,2,weight_each,"WEIGHT
EACH",DESCRIPTION,15.32#
ssr,65,Downspout - Straight,0,2,galvalume_plus,"GALVALUME*
PLUS",,✓
ssr,65,Downspout - Straight,0,2,signature_200,"SIGNATURE""
200",,✓
ssr,65,Downspout - Straight,0,2,signature_300,"SIGNATURE""
300",,✓
ssr,65,Downspout - Straight,0,2,signature_300_metallic,".SIGNATURE""
300 METALLIC",,✓
ssr,65,Downspout - Straight,0,3,part,PART #,DESCRIPTION,FL-31J
ssr,65,Downspout - Straight,0,3,length,LENGTH,DESCRIPTION,"16'-0"""
ssr,65,Downspout - Straight,0,3,girth,GIRTH,DESCRIPTION,"16 7%"""
ssr,65,Downspout - Straight,0,3,weight_each,"WEIGHT
EACH",DESCRIPTION,17.51#
ssr,65,Downspout - Straight,0,3,galvalume_plus,"GALVALUME*
PLUS",,✓
ssr,65,Downspout - Straight,0,3,signature_200,"SIGNATURE""
200",,✓
ssr,65,Downspout - Straight,0,3,signature_300,"SIGNATURE""
300",,✓
ssr,65,Downspout - Straight,0,3,signature_300_metallic,".SIGNATURE""
300 METALLIC",,✓
ssr,65,Downspout - Straight,0,4,part,PART #,DESCRIPTION,FL-31H
ssr,65,Downspout - Straight,0,4,length,LENGTH,DESCRIPTION,"20'-2"""
ssr,65,Downspout - Straight,0,4,girth,GIRTH,DESCRIPTION,"16 7%"""
ssr,65,Downspout - Straight,0,4,weight_each,"WEIGHT
EACH",DESCRIPTION,22.07#
ssr,65,Downspout - Straight,0,4,galvalume_plus,"GALVALUME*
PLUS",,✓
ssr,65,Downspout - Straight,0,4,signature_200,"SIGNATURE""
200",,✓
ssr,65,Downspout - Straight,0,4,signature_300,"SIGNATURE""
300",,✓
ssr,65,Downspout - Straight,0,4,signature_300_metallic,".SIGNATURE""
300 METALLIC",,✓
ssr,65,Downspout - Straight,0,5,part,PART #,DESCRIPTION,Downspout With 45° Elbow
ssr,65,Downspout - Straight,1,0,part,PART #,DESCRIPTION,FL-31A
ssr,65,Downspout - Straight,1,0,length,LENGTH,DESCRIPTION,"10'-2"""
ssr,65,Downspout - Straight,1,0,girth,GIRTH,DESCRIPTION,"16 7%"""
ssr,65,Downspout - Straight,1,0,weight_each,"WEIGHT
EACH",DESCRIPTION,11.12#
ssr,65,Downspout - Straight,1,0,galvalume_plus,"GALVALUME*
PLUS",,✓
ssr,65,Downspout - Straight,1,0,signature_200,"SIGNATURE""
200",,✓
ssr,65,Downspout - Straight,1,0,signature_300,"SIGNATURE""
300",,✓
ssr,65,Downspout - Straight,1,0,signature_300_metallic,".SIGNATURE""
300 METALLIC",,✓
ssr,65,Downspout - Straight,1,1,part,PART #,DESCRIPTION,FL-31D
ssr,65,Downspout - Straight,1,1,length,LENGTH,DESCRIPTION,"12'-0"""
ssr,65,Downspout - Straight,1,1,girth,GIRTH,DESCRIPTION,"16%"""
ssr,65,Downspout - Straight,1,1,weight_each,"WEIGHT
EACH",DESCRIPTION,13.13#
ssr,65,Downspout - Straight,1,1,galvalume_plus,"GALVALUME*
PLUS",,✓
ssr,65,Downspout - Straight,1,1,signature_200,"SIGNATURE""
200",,✓
ssr,65,Downspout - Straight,1,1,signature_300,"SIGNATURE""
300",,✓
ssr,65,Downspout - Straight,1,1,signature_300_metallic,".SIGNATURE""
300 METALLIC",,✓
ssr,65,Downspout - Straight,1,2,part,PART #,DESCRIPTION,FL-31E
ssr,65,Downspout - Straight,1,2,length,LENGTH,DESCRIPTION,"14'-Q"""
ssr,65,Downspout - Straight,1,2,girth,GIRTH,DESCRIPTION,"16 7%"""
ssr,65,Downspout - Straight,1,2,weight_each,"WEIGHT
EACH",DESCRIPTION,15.32#
ssr,65,Downspout - Straight,1,2,galvalume_plus,"GALVALUME*
PLUS",,✓
ssr,65,Downspout - Straight,1,2,signature_200,"SIGNATURE""
200",,✓
ssr,65,Downspout - Straight,1,2,signature_300,"SIGNATURE""
300",,✓
ssr,65,Downspout - Straight,1,2,signature_300_metallic,".SIGNATURE""
300 METALLIC",,✓
ssr,65,Downspout - Straight,1,3,part,PART #,DESCRIPTION,FL-31|
ssr,65,Downspout - Straight,1,3,length,LENGTH,DESCRIPTION,"16'-0"""
ssr,65,Downspout - Straight,1,3,girth,GIRTH,DESCRIPTION,"16 7%"""
ssr,65,Downspout - Straight,1,3,weight_each,"WEIGHT
EACH",DESCRIPTION,17.51#
ssr,65,Downspout - Straight,1,3,galvalume_plus,"GALVALUME*
PLUS",,✓
ssr,65,Downspout - Straight,1,3,signature_200,"SIGNATURE""
200",,✓
ssr,65,Downspout - Straight,1,3,signature_300,"SIGNATURE""
300",,✓
ssr,65,Downspout - Straight,1,3,signature_300_metallic,".SIGNATURE""
300 METALLIC",,✓
ssr,65,Downspout - Straight,1,4,part,PART #,DESCRIPTION,FL-31G
ssr,65,Downspout - Straight,1,4,length,LENGTH,DESCRIPTION,"20'-2"""
ssr,65,Downspout - Straight,1,4,girth,GIRTH,DESCRIPTION,"16 7%"""
ssr,65,Downspout - Straight,1,4,weight_each,"WEIGHT
EACH",DESCRIPTION,22.07#
ssr,65,Downspout - Straight,1,4,galvalume_plus,"GALVALUME*
PLUS",,✓
ssr,65,Downspout - Straight,1,4,signature_200,"SIGNATURE""
200",,✓
ssr,65,Downspout - Straight,1,4,signature_300,"SIGNATURE""
300",,✓
ssr,65,Downspout - Straight,1,4,signature_300_metallic,".SIGNATURE""
300 METALLIC",,✓
ssr,65,Downspout - Straight,1,5,part,PART #,DESCRIPTION,Downspout Strap
ssr,65,Downspout - Straight,2,0,part,PART #,DESCRIPTION,FL-797
ssr,65,Downspout - Straight,2,0,length,LENGTH,DESCRIPTION,"1"""
ssr,65,Downspout - Straight,2,0,girth,GIRTH,DESCRIPTION,"10"""
ssr,65,Downspout - Straight,2,0,weight_each,"WEIGHT
EACH",DESCRIPTION,.05#
ssr,65,Downspout - Straight,2,0,galvalume_plus,"GALVALUME*
PLUS",,✓
ssr,65,Downspout - Straight,2,0,signature_200,"SIGNATURE*
200",,✓
ssr,65,Downspout - Straight,2,0,signature_300,"SIGNATURE*
300",,✓
ssr,65,Downspout - Straight,2,0,signature_300_metallic,".SIGNATURE®
300 METALLIC",,✓
ssr,66,Rib Covers,0,0,part,PART #,DESCRIPTION,FL-249A
ssr,66,Rib Covers,0,0,length,LENGTH,DESCRIPTION,gn
ssr,66,Rib Covers,0,0,weight_each,WEIGHT EACH,DESCRIPTION,.21#
ssr,66,Rib Covers,0,0,galvalume_plus,"GALVALUME*
PLUS",,✓
ssr,66,Rib Covers,0,0,signature_200,"SIGNATURE*
200",,✓
ssr,66,Rib Covers,0,0,signature_300,"SIGNATURE'
300",,✓
ssr,66,Rib Covers,0,0,signature_300_metallic,".SIGNATURE*
300 METALLIC",,✓
ssr,66,Rib Covers,0,1,part,PART #,DESCRIPTION,FL-249B
ssr,66,Rib Covers,0,1,length,LENGTH,DESCRIPTION,gn
ssr,66,Rib Covers,0,1,weight_each,WEIGHT EACH,DESCRIPTION,.Wt
ssr,66,Rib Covers,0,1,galvalume_plus,"GALVALUME*
PLUS",,✓
ssr,66,Rib Covers,0,1,signature_200,"SIGNATURE*
200",,✓
ssr,66,Rib Covers,0,1,signature_300,"SIGNATURE'
300",,✓
ssr,66,Rib Covers,0,1,signature_300_metallic,".SIGNATURE*
300 METALLIC",,✓
ssr,66,Light Transmitting Panel Trim,1,0,part,PART #,DESCRIPTION,FL-568
ssr,66,Light Transmitting Panel Trim,1,0,length,LENGTH,DESCRIPTION,"10'-2"""
ssr,66,Light Transmitting Panel Trim,1,0,girth,GIRTH,DESCRIPTION,"6%"""
ssr,66,Light Transmitting Panel Trim,1,0,weight_each,WEIGHT EACH,DESCRIPTION,4.29#
ssr,66,Light Transmitting Panel Trim,1,0,galvalume_plus,"GALVALUME®
PLUS",,✓
ssr,66,Light Transmitting Panel Trim,1,0,signature_200,"SIGNATURE*
200",,✓
ssr,66,Light Transmitting Panel Trim,1,0,signature_300,"SIGNATURE®
300",,✓
ssr,66,Light Transmitting Panel Trim,1,0,signature_300_metallic,".SIGNATURE""
300 METALLIC",,✓
ssr,66,Double-Lok' Repair Cap,2,0,part,PART #,DESCRIPTION,HW-1210
ssr,66,Double-Lok' Repair Cap,2,0,length,LENGTH,DESCRIPTION,"10'-3"""
ssr,66,Double-Lok' Repair Cap,2,0,weight_each,WEIGHT EACH,DESCRIPTION,4.37#
ssr,66,Double-Lok' Repair Cap,2,0,mill_finish,MILL FINISH,PRICED PER EACH,✓
ssr,66,Double-Lok' Repair Cap,2,0,color,COLOR,PRICED PER EACH,✓
ssr,67,Valley,0,0,part,PART #,DESCRIPTION,FL-700
ssr,67,Valley,0,0,length,LENGTH,DESCRIPTION,"10'-2"""
ssr,67,Valley,0,0,girth,GIRTH,DESCRIPTION,"38"""
ssr,67,Valley,0,0,weight_each,WEIGHT EACH,DESCRIPTION,31.44#
ssr,67,Valley,0,0,galvalume_plus,"GALVALUME""
PLUS",,✓
ssr,67,Valley,0,0,signature_200,"SIGNATURE*
200",,✓
ssr,67,Valley,0,0,signature_300,"SIGNATURE""
300",,✓
ssr,67,Valley,0,0,signature_300_metallic,".SIGNATURE""
300 METALLIC",,✓
ssr,67,Valley,0,1,part,PART #,DESCRIPTION,FL-702
ssr,67,Valley,0,1,length,LENGTH,DESCRIPTION,"14'-0"""
ssr,67,Valley,0,1,girth,GIRTH,DESCRIPTION,"38"""
ssr,67,Valley,0,1,weight_each,WEIGHT EACH,DESCRIPTION,43. 29#
ssr,67,Valley,0,1,galvalume_plus,"GALVALUME""
PLUS",,✓
ssr,67,Valley,0,1,signature_200,"SIGNATURE*
200",,✓
ssr,67,Valley,0,1,signature_300,"SIGNATURE""
300",,✓
ssr,67,Valley,0,1,signature_300_metallic,".SIGNATURE""
300 METALLIC",,✓
ssr,67,Valley,0,2,part,PART #,DESCRIPTION,Valley
ssr,67,Valley,1,0,part,PART #,DESCRIPTION,FL-705
ssr,67,Valley,1,0,length,LENGTH,DESCRIPTION,"10'-2"""
ssr,67,Valley,1,0,girth,GIRTH,DESCRIPTION,"27"""
ssr,67,Valley,1,0,weight_each,WEIGHT EACH,DESCRIPTION,22.344
ssr,67,Valley,1,0,galvalume_plus,"GALVALUME*
PLUS",,✓
ssr,67,Valley,1,0,signature_200,"SIGNATURE*
200",,✓
ssr,67,Valley,1,0,signature_300,"SIGNATURE'
300",,✓
ssr,67,Valley,1,0,signature_300_metallic,".SIGNATURE""
300 METALLIC",,✓
ssr,67,Valley,1,1,part,PART #,DESCRIPTION,FL-707
ssr,67,Valley,1,1,length,LENGTH,DESCRIPTION,"20'-2"""
ssr,67,Valley,1,1,girth,GIRTH,DESCRIPTION,"27"""
ssr,67,Valley,1,1,weight_each,WEIGHT EACH,DESCRIPTION,46.16#
ssr,67,Valley,1,1,galvalume_plus,"GALVALUME*
PLUS",,✓
ssr,67,Valley,1,1,signature_200,"SIGNATURE*
200",,✓
ssr,67,Valley,1,1,signature_300,"SIGNATURE'
300",,✓
ssr,67,Valley,1,1,signature_300_metallic,".SIGNATURE""
300 METALLIC",,✓
ssr,67,Valley,1,2,part,PART #,DESCRIPTION,Valley
ssr,67,Valley,2,0,part,PART #,DESCRIPTION,FL-708
ssr,67,Valley,2,0,length,LENGTH,DESCRIPTION,"10'-2"""
ssr,67,Valley,2,0,girth,GIRTH,DESCRIPTION,"48"""
ssr,67,Valley,2,0,weight_each,WEIGHT EACH,DESCRIPTION,39.71#
ssr,67,Valley,2,0,galvalume_plus,"GALVALUME""
PLUS",,✓
ssr,67,Valley,2,0,signature_200,"SIGNATURE®
200",,✓
ssr,67,Valley,2,0,signature_300,"SIGNATURE*
300",,✓
ssr,67,Valley,2,0,signature_300_metallic,".SIGNATURE""
300 METALLIC",,✓
ssr,67,Valley,3,0,part,PART #,DESCRIPTION,FL-711
ssr,67,Valley,3,0,length,LENGTH,DESCRIPTION,"10'-2"""
ssr,67,Valley,3,0,girth,GIRTH,DESCRIPTION,"36"""
ssr,67,Valley,3,0,weight_each,WEIGHT EACH,DESCRIPTION,31.13#
ssr,67,Valley,3,0,galvalume_plus,"GALVALUME""
PLUS",,✓
ssr,67,Valley,3,0,signature_200,"SIGNATURE*
200",,✓
ssr,67,Valley,3,0,signature_300,"SIGNATURE*
300",,✓
ssr,67,Valley,3,0,signature_300_metallic,".SIGNATURE""
300 METALLIC",,✓
ssr,68,BattenLok' HS - Alternate Ridge Channel,0,0,part,PART #,DESCRIPTION,FL-648
ssr,68,BattenLok' HS - Alternate Ridge Channel,0,0,length,LENGTH,DESCRIPTION,"10'-0"""
ssr,68,BattenLok' HS - Alternate Ridge Channel,0,0,girth,GIRTH,DESCRIPTION,"7 Va"""
ssr,68,BattenLok' HS - Alternate Ridge Channel,0,0,weight_each,WEIGHT EACH,DESCRIPTION,12.024
ssr,68,BattenLok' HS - Alternate Ridge Channel,0,0,galvalume,GALVALUME,,✓
ssr,68,BattenLok' HS - Alternate Transition Channel,1,0,part,PART #,DESCRIPTION,FL-649
ssr,68,BattenLok' HS - Alternate Transition Channel,1,0,length,LENGTH,DESCRIPTION,"10'-0"""
ssr,68,BattenLok' HS - Alternate Transition Channel,1,0,girth,GIRTH,DESCRIPTION,"ZH"""
ssr,68,BattenLok' HS - Alternate Transition Channel,1,0,weight_each,WEIGHT EACH,DESCRIPTION,10.57#
ssr,68,BattenLok' HS - Alternate Transition Channel,1,0,galvalume,GALVALUME,,✓
ssr,68,BattenLok' HS - Alternate Channel Coupler,2,0,part,PART #,DESCRIPTION,FL-650
ssr,68,BattenLok' HS - Alternate Channel Coupler,2,0,length,LENGTH,DESCRIPTION,"5"""
ssr,68,BattenLok' HS - Alternate Channel Coupler,2,0,girth,GIRTH,DESCRIPTION,"7 7A0"""
ssr,68,BattenLok' HS - Alternate Channel Coupler,2,0,weight_each,WEIGHT EACH,DESCRIPTION,.29#
ssr,68,BattenLok' HS - Alternate Channel Coupler,2,0,galvalume,GALVALUME,,✓
ssr,69,,0,0,gauge,GAUGE,,26
ssr,69,,0,0,galvalume_plus,"GALVALUME""
PLUS",PRICED PER EACH,✓
ssr,69,,0,0,signature_200,"SIGNATURE""
200",PRICED PER EACH,✓
ssr,69,,0,0,signature_300,"SIGNATURE""
300",PRICED PER EACH,Please Inquire
ssr,69,,0,0,signature_300_metallic,".SIGNATURE""
300 METALLIC",PRICED PER EACH,Please Inquire
ssr,69,,0,1,gauge,GAUGE,,24
ssr,69,,0,1,galvalume_plus,"GALVALUME""
PLUS",PRICED PER EACH,✓
ssr,69,,0,1,signature_200,"SIGNATURE""
200",PRICED PER EACH,✓
ssr,69,,0,1,signature_300,"SIGNATURE""
300",PRICED PER EACH,✓
ssr,69,,0,1,signature_300_metallic,".SIGNATURE""
300 METALLIC",PRICED PER EACH,✓
