catalog,page,section,table,row,column,column_label,column_group,value
commercial-industrial,4,PBR / PBU Panels,0,0,gauge,GAUGE,DESCRIPTION,29
commercial-industrial,4,PBR / PBU Panels,0,0,coverage,COVERAGE,DESCRIPTION,"36"""
commercial-industrial,4,PBR / PBU Panels,0,0,yield_psi,YIELD (PSI),DESCRIPTION,"80,000"
commercial-industrial,4,PBR / PBU Panels,0,0,weight_per_sq,WEIGHT PER SQ.,DESCRIPTION,70#
commercial-industrial,4,PBR / PBU Panels,0,0,finish,FINISH*,DESCRIPTION,Galvalume® Plus &
commercial-industrial,4,PBR / PBU Panels,0,0,price,PRICE,,✓
commercial-industrial,4,PBR / PBU Panels,0,1,gauge,GAUGE,DESCRIPTION,29
commercial-industrial,4,PBR / PBU Panels,0,1,coverage,COVERAGE,DESCRIPTION,"36"""
commercial-industrial,4,PBR / PBU Panels,0,1,yield_psi,YIELD (PSI),DESCRIPTION,"80,000"
commercial-industrial,4,PBR / PBU Panels,0,1,weight_per_sq,WEIGHT PER SQ.,DESCRIPTION,70#
commercial-industrial,4,PBR / PBU Panels,0,1,finish,FINISH*,DESCRIPTION,Signature® 200
commercial-industrial,4,PBR / PBU Panels,0,1,price,PRICE,,✓
commercial-industrial,4,PBR / PBU Panels,0,2,gauge,GAUGE,DESCRIPTION,26
commercial-industrial,4,PBR / PBU Panels,0,2,coverage,COVERAGE,DESCRIPTION,"36"""
commercial-industrial,4,PBR / PBU Panels,0,2,yield_psi,YIELD (PSI),DESCRIPTION,"80,000"
commercial-industrial,4,PBR / PBU Panels,0,2,weight_per_sq,WEIGHT PER SQ.,DESCRIPTION,87#
commercial-industrial,4,PBR / PBU Panels,0,2,finish,FINISH*,DESCRIPTION,Galvalume® Plus &
commercial-industrial,4,PBR / PBU Panels,0,2,price,PRICE,,✓
commercial-industrial,4,PBR / PBU Panels,0,3,gauge,GAUGE,DESCRIPTION,26
commercial-industrial,4,PBR / PBU Panels,0,3,coverage,COVERAGE,DESCRIPTION,"36"""
commercial-industrial,4,PBR / PBU Panels,0,3,yield_psi,YIELD (PSI),DESCRIPTION,"80,000"
commercial-industrial,4,PBR / PBU Panels,0,3,weight_per_sq,WEIGHT PER SQ.,DESCRIPTION,87#
commercial-industrial,4,PBR / PBU Panels,0,3,finish,FINISH*,DESCRIPTION,Signature® 200
commercial-industrial,4,PBR / PBU Panels,0,3,price,PRICE,,✓
commercial-industrial,4,PBR / PBU Panels,0,4,gauge,GAUGE,DESCRIPTION,26
commercial-industrial,4,PBR / PBU Panels,0,4,coverage,COVERAGE,DESCRIPTION,"36"""
commercial-industrial,4,PBR / PBU Panels,0,4,yield_psi,YIELD (PSI),DESCRIPTION,"80,000"
commercial-industrial,4,PBR / PBU Panels,0,4,weight_per_sq,WEIGHT PER SQ.,DESCRIPTION,87#
commercial-industrial,4,PBR / PBU Panels,0,4,finish,FINISH*,DESCRIPTION,Signature® 300
commercial-industrial,4,PBR / PBU Panels,0,4,price,PRICE,,✓
commercial-industrial,4,PBR / PBU Panels,0,5,gauge,GAUGE,DESCRIPTION,24
commercial-industrial,4,PBR / PBU Panels,0,5,coverage,COVERAGE,DESCRIPTION,"36"""
commercial-industrial,4,PBR / PBU Panels,0,5,yield_psi,YIELD (PSI),DESCRIPTION,"50,000"
commercial-industrial,4,PBR / PBU Panels,0,5,weight_per_sq,WEIGHT PER SQ.,DESCRIPTION,109#
commercial-industrial,4,PBR / PBU Panels,0,5,finish,FINISH*,DESCRIPTION,Galvalume® Plus &
commercial-industrial,4,PBR / PBU Panels,0,5,price,PRICE,,✓
commercial-industrial,4,PBR / PBU Panels,0,6,gauge,GAUGE,DESCRIPTION,24
commercial-industrial,4,PBR / PBU Panels,0,6,coverage,COVERAGE,DESCRIPTION,"36"""
commercial-industrial,4,PBR / PBU Panels,0,6,yield_psi,YIELD (PSI),DESCRIPTION,"50,000"
commercial-industrial,4,PBR / PBU Panels,0,6,weight_per_sq,WEIGHT PER SQ.,DESCRIPTION,109#
commercial-industrial,4,PBR / PBU Panels,0,6,finish,FINISH*,DESCRIPTION,Signature® 200
commercial-industrial,4,PBR / PBU Panels,0,6,price,PRICE,,✓
commercial-industrial,4,PBR / PBU Panels,0,7,gauge,GAUGE,DESCRIPTION,24
commercial-industrial,4,PBR / PBU Panels,0,7,coverage,COVERAGE,DESCRIPTION,"36"""
commercial-industrial,4,PBR / PBU Panels,0,7,yield_psi,YIELD (PSI),DESCRIPTION,"50,000"
commercial-industrial,4,PBR / PBU Panels,0,7,weight_per_sq,WEIGHT PER SQ.,DESCRIPTION,109#
commercial-industrial,4,PBR / PBU Panels,0,7,finish,FINISH*,DESCRIPTION,Signature® 300
commercial-industrial,4,PBR / PBU Panels,0,7,price,PRICE,,✓
commercial-industrial,4,PBR / PBU Panels,0,8,gauge,GAUGE,DESCRIPTION,22
commercial-industrial,4,PBR / PBU Panels,0,8,coverage,COVERAGE,DESCRIPTION,"36"""
commercial-industrial,4,PBR / PBU Panels,0,8,yield_psi,YIELD (PSI),DESCRIPTION,"50,000"
commercial-industrial,4,PBR / PBU Panels,0,8,weight_per_sq,WEIGHT PER SQ.,DESCRIPTION,139#
commercial-industrial,4,PBR / PBU Panels,0,8,finish,FINISH*,DESCRIPTION,Galvalume® Plus &
commercial-industrial,4,PBR / PBU Panels,0,8,price,PRICE,,✓
commercial-industrial,4,PBR / PBU Panels,0,9,gauge,GAUGE,DESCRIPTION,22
commercial-industrial,4,PBR / PBU Panels,0,9,coverage,COVERAGE,DESCRIPTION,"36"""
commercial-industrial,4,PBR / PBU Panels,0,9,yield_psi,YIELD (PSI),DESCRIPTION,"50,000"
commercial-industrial,4,PBR / PBU Panels,0,9,weight_per_sq,WEIGHT PER SQ.,DESCRIPTION,139#
commercial-industrial,4,PBR / PBU Panels,0,9,finish,FINISH*,DESCRIPTION,Signature® 200
commercial-industrial,4,PBR / PBU Panels,0,9,price,PRICE,,Please Inquire
commercial-industrial,4,PBR / PBU Panels,0,10,gauge,GAUGE,DESCRIPTION,"024"" Alum tt"
commercial-industrial,4,PBR / PBU Panels,0,10,coverage,COVERAGE,DESCRIPTION,"36"""
commercial-industrial,4,PBR / PBU Panels,0,10,yield_psi,YIELD (PSI),DESCRIPTION,"18,000"
commercial-industrial,4,PBR / PBU Panels,0,10,weight_per_sq,WEIGHT PER SQ.,DESCRIPTION,41#
commercial-industrial,4,PBR / PBU Panels,0,10,finish,FINISH*,DESCRIPTION,Signature® 200 - Polar White Only
commercial-industrial,4,PBR / PBU Panels,0,10,price,PRICE,,✓
commercial-industrial,6,AVP Panels,0,0,gauge,GAUGE,DESCRIPTION,26
commercial-industrial,6,AVP Panels,0,0,coverage,COVERAGE,DESCRIPTION,"36"""
commercial-industrial,6,AVP Panels,0,0,yield_psi,YIELD (PSI),DESCRIPTION,"80,000"
commercial-industrial,6,AVP Panels,0,0,weight_per_sq,WEIGHT PER SQ.,DESCRIPTION,87#
commercial-industrial,6,AVP Panels,0,0,finish,FINISH*,DESCRIPTION,Galvalume® Plus&
commercial-industrial,6,AVP Panels,0,0,price,PRICE,,✓
commercial-industrial,6,AVP Panels,0,1,gauge,GAUGE,DESCRIPTION,26
commercial-industrial,6,AVP Panels,0,1,coverage,COVERAGE,DESCRIPTION,"36"""
commercial-industrial,6,AVP Panels,0,1,yield_psi,YIELD (PSI),DESCRIPTION,"80,000"
commercial-industrial,6,AVP Panels,0,1,weight_per_sq,WEIGHT PER SQ.,DESCRIPTION,87#
commercial-industrial,6,AVP Panels,0,1,finish,FINISH*,DESCRIPTION,Signature® 200
commercial-industrial,6,AVP Panels,0,1,price,PRICE,,✓
commercial-industrial,6,AVP Panels,0,2,gauge,GAUGE,DESCRIPTION,26
commercial-industrial,6,AVP Panels,0,2,coverage,COVERAGE,DESCRIPTION,"36"""
commercial-industrial,6,AVP Panels,0,2,yield_psi,YIELD (PSI),DESCRIPTION,"80,000"
commercial-industrial,6,AVP Panels,0,2,weight_per_sq,WEIGHT PER SQ.,DESCRIPTION,87#
commercial-industrial,6,AVP Panels,0,2,finish,FINISH*,DESCRIPTION,Signature® 300
commercial-industrial,6,AVP Panels,0,2,price,PRICE,,✓
commercial-industrial,6,AVP Panels,0,3,gauge,GAUGE,DESCRIPTION,24
commercial-industrial,6,AVP Panels,0,3,coverage,COVERAGE,DESCRIPTION,"36"""
commercial-industrial,6,AVP Panels,0,3,yield_psi,YIELD (PSI),DESCRIPTION,"50,000"
commercial-industrial,6,AVP Panels,0,3,weight_per_sq,WEIGHT PER SQ.,DESCRIPTION,1094
commercial-industrial,6,AVP Panels,0,3,finish,FINISH*,DESCRIPTION,Galvalume® Plus&
commercial-industrial,6,AVP Panels,0,3,price,PRICE,,✓
commercial-industrial,6,AVP Panels,0,4,gauge,GAUGE,DESCRIPTION,24
commercial-industrial,6,AVP Panels,0,4,coverage,COVERAGE,DESCRIPTION,"36"""
commercial-industrial,6,AVP Panels,0,4,yield_psi,YIELD (PSI),DESCRIPTION,"50,000"
commercial-industrial,6,AVP Panels,0,4,weight_per_sq,WEIGHT PER SQ.,DESCRIPTION,109#
commercial-industrial,6,AVP Panels,0,4,finish,FINISH*,DESCRIPTION,Signature® 200
commercial-industrial,6,AVP Panels,0,4,price,PRICE,,✓
commercial-industrial,6,AVP Panels,0,5,gauge,GAUGE,DESCRIPTION,24
commercial-industrial,6,AVP Panels,0,5,coverage,COVERAGE,DESCRIPTION,"36"""
commercial-industrial,6,AVP Panels,0,5,yield_psi,YIELD (PSI),DESCRIPTION,"50,000"
commercial-industrial,6,AVP Panels,0,5,weight_per_sq,WEIGHT PER SQ.,DESCRIPTION,109#
commercial-industrial,6,AVP Panels,0,5,finish,FINISH*,DESCRIPTION,Signature® 300
commercial-industrial,6,AVP Panels,0,5,price,PRICE,,✓
commercial-industrial,6,AVP Panels,0,6,gauge,GAUGE,DESCRIPTION,22
commercial-industrial,6,AVP Panels,0,6,coverage,COVERAGE,DESCRIPTION,"36"""
commercial-industrial,6,AVP Panels,0,6,yield_psi,YIELD (PSI),DESCRIPTION,"50,000"
commercial-industrial,6,AVP Panels,0,6,weight_per_sq,WEIGHT PER SQ.,DESCRIPTION,139#
commercial-industrial,6,AVP Panels,0,6,finish,FINISH*,DESCRIPTION,Galvalume® Plus
commercial-industrial,6,AVP Panels,0,6,price,PRICE,,✓
commercial-industrial,6,AVP Panels,0,7,gauge,GAUGE,DESCRIPTION,22
commercial-industrial,6,AVP Panels,0,7,coverage,COVERAGE,DESCRIPTION,"36"""
commercial-industrial,6,AVP Panels,0,7,yield_psi,YIELD (PSI),DESCRIPTION,"50,000"
commercial-industrial,6,AVP Panels,0,7,weight_per_sq,WEIGHT PER SQ.,DESCRIPTION,139#
commercial-industrial,6,AVP Panels,0,7,finish,FINISH*,DESCRIPTION,Signature® 200
commercial-industrial,6,AVP Panels,0,7,price,PRICE,,Please Inquire
commercial-industrial,6,AVP Panels,0,8,gauge,GAUGE,DESCRIPTION,024 Alum tt
commercial-industrial,6,AVP Panels,0,8,coverage,COVERAGE,DESCRIPTION,"36"""
commercial-industrial,6,AVP Panels,0,8,yield_psi,YIELD (PSI),DESCRIPTION,"18,000"
commercial-industrial,6,AVP Panels,0,8,weight_per_sq,WEIGHT PER SQ.,DESCRIPTION,41#
commercial-industrial,6,AVP Panels,0,8,finish,FINISH*,DESCRIPTION,Signature® 200 - Polar White Only
commercial-industrial,6,AVP Panels,0,8,price,PRICE,,✓
commercial-industrial,8,PBR Panel with Drip Stop,0,0,gauge,GAUGE,DESCRIPTION,29
commercial-industrial,8,PBR Panel with Drip Stop,0,0,coverage,COVERAGE,DESCRIPTION,"36"""
commercial-industrial,8,PBR Panel with Drip Stop,0,0,yield_psi,YIELD (PSI),DESCRIPTION,"80,000"
commercial-industrial,8,PBR Panel with Drip Stop,0,0,weight_per_sq,WEIGHT PER SQ.,DESCRIPTION,70#
commercial-industrial,8,PBR Panel with Drip Stop,0,0,finish,FINISH*,DESCRIPTION,Galvalume® Plus &
commercial-industrial,8,PBR Panel with Drip Stop,0,0,price,PRICE,,✓
commercial-industrial,8,PBR Panel with Drip Stop,0,1,gauge,GAUGE,DESCRIPTION,29
commercial-industrial,8,PBR Panel with Drip Stop,0,1,coverage,COVERAGE,DESCRIPTION,"36"""
commercial-industrial,8,PBR Panel with Drip Stop,0,1,yield_psi,YIELD (PSI),DESCRIPTION,"80,000"
commercial-industrial,8,PBR Panel with Drip Stop,0,1,weight_per_sq,WEIGHT PER SQ.,DESCRIPTION,70#
commercial-industrial,8,PBR Panel with Drip Stop,0,1,finish,FINISH*,DESCRIPTION,Signature® 200
commercial-industrial,8,PBR Panel with Drip Stop,0,1,price,PRICE,,✓
commercial-industrial,8,PBR Panel with Drip Stop,0,2,gauge,GAUGE,DESCRIPTION,26
commercial-industrial,8,PBR Panel with Drip Stop,0,2,coverage,COVERAGE,DESCRIPTION,"36"""
commercial-industrial,8,PBR Panel with Drip Stop,0,2,yield_psi,YIELD (PSI),DESCRIPTION,"80,000"
commercial-industrial,8,PBR Panel with Drip Stop,0,2,weight_per_sq,WEIGHT PER SQ.,DESCRIPTION,87#
commercial-industrial,8,PBR Panel with Drip Stop,0,2,finish,FINISH*,DESCRIPTION,Galvalume® Plus &
commercial-industrial,8,PBR Panel with Drip Stop,0,2,price,PRICE,,✓
commercial-industrial,8,PBR Panel with Drip Stop,0,3,gauge,GAUGE,DESCRIPTION,26
commercial-industrial,8,PBR Panel with Drip Stop,0,3,coverage,COVERAGE,DESCRIPTION,"36"""
commercial-industrial,8,PBR Panel with Drip Stop,0,3,yield_psi,YIELD (PSI),DESCRIPTION,"80,000"
commercial-industrial,8,PBR Panel with Drip Stop,0,3,weight_per_sq,WEIGHT PER SQ.,DESCRIPTION,87#
commercial-industrial,8,PBR Panel with Drip Stop,0,3,finish,FINISH*,DESCRIPTION,Signature® 200
commercial-industrial,8,PBR Panel with Drip Stop,0,3,price,PRICE,,✓
commercial-industrial,8,PBR Panel with Drip Stop,0,4,gauge,GAUGE,DESCRIPTION,26
commercial-industrial,8,PBR Panel with Drip Stop,0,4,coverage,COVERAGE,DESCRIPTION,"36"""
commercial-industrial,8,PBR Panel with Drip Stop,0,4,yield_psi,YIELD (PSI),DESCRIPTION,"80,000"
commercial-industrial,8,PBR Panel with Drip Stop,0,4,weight_per_sq,WEIGHT PER SQ.,DESCRIPTION,87#
commercial-industrial,8,PBR Panel with Drip Stop,0,4,finish,FINISH*,DESCRIPTION,Signature® 300
commercial-industrial,8,PBR Panel with Drip Stop,0,4,price,PRICE,,✓
commercial-industrial,8,PBR Panel with Drip Stop,0,5,gauge,GAUGE,DESCRIPTION,24
commercial-industrial,8,PBR Panel with Drip Stop,0,5,coverage,COVERAGE,DESCRIPTION,"36"""
commercial-industrial,8,PBR Panel with Drip Stop,0,5,yield_psi,YIELD (PSI),DESCRIPTION,"50,000"
commercial-industrial,8,PBR Panel with Drip Stop,0,5,weight_per_sq,WEIGHT PER SQ.,DESCRIPTION,109#
commercial-industrial,8,PBR Panel with Drip Stop,0,5,finish,FINISH*,DESCRIPTION,Galvalume® Plus &
commercial-industrial,8,PBR Panel with Drip Stop,0,5,price,PRICE,,✓
commercial-industrial,8,PBR Panel with Drip Stop,0,6,gauge,GAUGE,DESCRIPTION,24
commercial-industrial,8,PBR Panel with Drip Stop,0,6,coverage,COVERAGE,DESCRIPTION,"36"""
commercial-industrial,8,PBR Panel with Drip Stop,0,6,yield_psi,YIELD (PSI),DESCRIPTION,"50,000"
commercial-industrial,8,PBR Panel with Drip Stop,0,6,weight_per_sq,WEIGHT PER SQ.,DESCRIPTION,109#
commercial-industrial,8,PBR Panel with Drip Stop,0,6,finish,FINISH*,DESCRIPTION,Signature® 200
commercial-industrial,8,PBR Panel with Drip Stop,0,6,price,PRICE,,✓
commercial-industrial,10,PBC / PBD Panels,0,0,gauge,GAUGE,DESCRIPTION,29
commercial-industrial,10,PBC / PBD Panels,0,0,coverage,COVERAGE,DESCRIPTION,"32"""
commercial-industrial,10,PBC / PBD Panels,0,0,yield_psi,YIELD (PSI),DESCRIPTION,"80,000"
commercial-industrial,10,PBC / PBD Panels,0,0,weight_per_sq,WEIGHT PER SQ.,DESCRIPTION,78#
commercial-industrial,10,PBC / PBD Panels,0,0,finish,FINISH*,DESCRIPTION,Galvalume® Plus &
commercial-industrial,10,PBC / PBD Panels,0,0,price,PRICE,,✓
commercial-industrial,10,PBC / PBD Panels,0,1,gauge,GAUGE,DESCRIPTION,29
commercial-industrial,10,PBC / PBD Panels,0,1,coverage,COVERAGE,DESCRIPTION,"32"""
commercial-industrial,10,PBC / PBD Panels,0,1,yield_psi,YIELD (PSI),DESCRIPTION,"80,000"
commercial-industrial,10,PBC / PBD Panels,0,1,weight_per_sq,WEIGHT PER SQ.,DESCRIPTION,78#
commercial-industrial,10,PBC / PBD Panels,0,1,finish,FINISH*,DESCRIPTION,Signature® 200
commercial-industrial,10,PBC / PBD Panels,0,1,price,PRICE,,✓
commercial-industrial,10,PBC / PBD Panels,0,2,gauge,GAUGE,DESCRIPTION,29
commercial-industrial,10,PBC / PBD Panels,0,2,coverage,COVERAGE,DESCRIPTION,"32"""
commercial-industrial,10,PBC / PBD Panels,0,2,yield_psi,YIELD (PSI),DESCRIPTION,"80,000"
commercial-industrial,10,PBC / PBD Panels,0,2,weight_per_sq,WEIGHT PER SQ.,DESCRIPTION,83#
commercial-industrial,10,PBC / PBD Panels,0,2,finish,FINISH*,DESCRIPTION,Galvanized
commercial-industrial,10,PBC / PBD Panels,0,2,price,PRICE,,Please Inquire
commercial-industrial,10,PBC / PBD Panels,0,3,gauge,GAUGE,DESCRIPTION,26
commercial-industrial,10,PBC / PBD Panels,0,3,coverage,COVERAGE,DESCRIPTION,"32"""
commercial-industrial,10,PBC / PBD Panels,0,3,yield_psi,YIELD (PSI),DESCRIPTION,"80,000"
commercial-industrial,10,PBC / PBD Panels,0,3,weight_per_sq,WEIGHT PER SQ.,DESCRIPTION,98#
commercial-industrial,10,PBC / PBD Panels,0,3,finish,FINISH*,DESCRIPTION,Galvalume® Plus &
commercial-industrial,10,PBC / PBD Panels,0,3,price,PRICE,,✓
commercial-industrial,10,PBC / PBD Panels,0,4,gauge,GAUGE,DESCRIPTION,26
commercial-industrial,10,PBC / PBD Panels,0,4,coverage,COVERAGE,DESCRIPTION,"32"""
commercial-industrial,10,PBC / PBD Panels,0,4,yield_psi,YIELD (PSI),DESCRIPTION,"80,000"
commercial-industrial,10,PBC / PBD Panels,0,4,weight_per_sq,WEIGHT PER SQ.,DESCRIPTION,98#
commercial-industrial,10,PBC / PBD Panels,0,4,finish,FINISH*,DESCRIPTION,Signature® 200
commercial-industrial,10,PBC / PBD Panels,0,4,price,PRICE,,✓
commercial-industrial,10,PBC / PBD Panels,0,5,gauge,GAUGE,DESCRIPTION,26
commercial-industrial,10,PBC / PBD Panels,0,5,coverage,COVERAGE,DESCRIPTION,"32"""
commercial-industrial,10,PBC / PBD Panels,0,5,yield_psi,YIELD (PSI),DESCRIPTION,"80,000"
commercial-industrial,10,PBC / PBD Panels,0,5,weight_per_sq,WEIGHT PER SQ.,DESCRIPTION,98#
commercial-industrial,10,PBC / PBD Panels,0,5,finish,FINISH*,DESCRIPTION,Signature® 300
commercial-industrial,10,PBC / PBD Panels,0,5,price,PRICE,,✓
commercial-industrial,10,PBC / PBD Panels,0,6,gauge,GAUGE,DESCRIPTION,24
commercial-industrial,10,PBC / PBD Panels,0,6,coverage,COVERAGE,DESCRIPTION,"32"""
commercial-industrial,10,PBC / PBD Panels,0,6,yield_psi,YIELD (PSI),DESCRIPTION,"50,000"
commercial-industrial,10,PBC / PBD Panels,0,6,weight_per_sq,WEIGHT PER SQ.,DESCRIPTION,123#
commercial-industrial,10,PBC / PBD Panels,0,6,finish,FINISH*,DESCRIPTION,Galvalume® Plus &
commercial-industrial,10,PBC / PBD Panels,0,6,price,PRICE,,✓
commercial-industrial,10,PBC / PBD Panels,0,7,gauge,GAUGE,DESCRIPTION,24
commercial-industrial,10,PBC / PBD Panels,0,7,coverage,COVERAGE,DESCRIPTION,"32"""
commercial-industrial,10,PBC / PBD Panels,0,7,yield_psi,YIELD (PSI),DESCRIPTION,"50,000"
commercial-industrial,10,PBC / PBD Panels,0,7,weight_per_sq,WEIGHT PER SQ.,DESCRIPTION,123#
commercial-industrial,10,PBC / PBD Panels,0,7,finish,FINISH*,DESCRIPTION,Signature® 200
commercial-industrial,10,PBC / PBD Panels,0,7,price,PRICE,,✓
commercial-industrial,10,PBC / PBD Panels,0,8,gauge,GAUGE,DESCRIPTION,24
commercial-industrial,10,PBC / PBD Panels,0,8,coverage,COVERAGE,DESCRIPTION,"37"""
commercial-industrial,10,PBC / PBD Panels,0,8,yield_psi,YIELD (PSI),DESCRIPTION,"50,000"
commercial-industrial,10,PBC / PBD Panels,0,8,weight_per_sq,WEIGHT PER SQ.,DESCRIPTION,123#
commercial-industrial,10,PBC / PBD Panels,0,8,finish,FINISH*,DESCRIPTION,Signature® 300
commercial-industrial,10,PBC / PBD Panels,0,8,price,PRICE,,✓
commercial-industrial,10,PBC / PBD Panels,0,9,gauge,GAUGE,DESCRIPTION,22
commercial-industrial,10,PBC / PBD Panels,0,9,coverage,COVERAGE,DESCRIPTION,"32"""
commercial-industrial,10,PBC / PBD Panels,0,9,yield_psi,YIELD (PSI),DESCRIPTION,"50,000"
commercial-industrial,10,PBC / PBD Panels,0,9,weight_per_sq,WEIGHT PER SQ.,DESCRIPTION,156#
commercial-industrial,10,PBC / PBD Panels,0,9,finish,FINISH*,DESCRIPTION,Galvalume® Plus &
commercial-industrial,10,PBC / PBD Panels,0,9,price,PRICE,,✓
commercial-industrial,10,PBC / PBD Panels,0,10,gauge,GAUGE,DESCRIPTION,22
commercial-industrial,10,PBC / PBD Panels,0,10,coverage,COVERAGE,DESCRIPTION,"32"""
commercial-industrial,10,PBC / PBD Panels,0,10,yield_psi,YIELD (PSI),DESCRIPTION,"50,000"
commercial-industrial,10,PBC / PBD Panels,0,10,weight_per_sq,WEIGHT PER SQ.,DESCRIPTION,156#
commercial-industrial,10,PBC / PBD Panels,0,10,finish,FINISH*,DESCRIPTION,Signature® 200
commercial-industrial,10,PBC / PBD Panels,0,10,price,PRICE,,Please Inquire
commercial-industrial,10,PBC / PBD Panels,0,11,gauge,GAUGE,DESCRIPTION,"024"" Alum tt"
commercial-industrial,10,PBC / PBD Panels,0,11,coverage,COVERAGE,DESCRIPTION,"32"""
commercial-industrial,10,PBC / PBD Panels,0,11,yield_psi,YIELD (PSI),DESCRIPTION,"18,000"
commercial-industrial,10,PBC / PBD Panels,0,11,weight_per_sq,WEIGHT PER SQ.,DESCRIPTION,40#
commercial-industrial,10,PBC / PBD Panels,0,11,finish,FINISH*,DESCRIPTION,Signature® 200 - Polar White Only
commercial-industrial,10,PBC / PBD Panels,0,11,price,PRICE,,✓
commercial-industrial,12,7.2 Panel,0,0,gauge,GAUGE,DESCRIPTION,29
commercial-industrial,12,7.2 Panel,0,0,coverage,COVERAGE,DESCRIPTION,"36"""
commercial-industrial,12,7.2 Panel,0,0,yield_psi,YIELD (PSI),DESCRIPTION,"80,000"
commercial-industrial,12,7.2 Panel,0,0,weight_per_sq,WEIGHT PER SQ.,DESCRIPTION,724
commercial-industrial,12,7.2 Panel,0,0,finish,FINISH+,DESCRIPTION,Galvalume® Plus &
commercial-industrial,12,7.2 Panel,0,0,price,PRICE,,✓
commercial-industrial,12,7.2 Panel,0,1,gauge,GAUGE,DESCRIPTION,29
commercial-industrial,12,7.2 Panel,0,1,coverage,COVERAGE,DESCRIPTION,"36"""
commercial-industrial,12,7.2 Panel,0,1,yield_psi,YIELD (PSI),DESCRIPTION,"80,000"
commercial-industrial,12,7.2 Panel,0,1,weight_per_sq,WEIGHT PER SQ.,DESCRIPTION,724
commercial-industrial,12,7.2 Panel,0,1,finish,FINISH+,DESCRIPTION,Signature® 200
commercial-industrial,12,7.2 Panel,0,1,price,PRICE,,✓
commercial-industrial,12,7.2 Panel,0,2,gauge,GAUGE,DESCRIPTION,26
commercial-industrial,12,7.2 Panel,0,2,coverage,COVERAGE,DESCRIPTION,"36"""
commercial-industrial,12,7.2 Panel,0,2,yield_psi,YIELD (PSI),DESCRIPTION,"80,000"
commercial-industrial,12,7.2 Panel,0,2,weight_per_sq,WEIGHT PER SQ.,DESCRIPTION,96#
commercial-industrial,12,7.2 Panel,0,2,finish,FINISH+,DESCRIPTION,Galvalume® Plus &
commercial-industrial,12,7.2 Panel,0,2,price,PRICE,,✓
commercial-industrial,12,7.2 Panel,0,3,gauge,GAUGE,DESCRIPTION,26
commercial-industrial,12,7.2 Panel,0,3,coverage,COVERAGE,DESCRIPTION,"36"""
commercial-industrial,12,7.2 Panel,0,3,yield_psi,YIELD (PSI),DESCRIPTION,"80,000"
commercial-industrial,12,7.2 Panel,0,3,weight_per_sq,WEIGHT PER SQ.,DESCRIPTION,90#
commercial-industrial,12,7.2 Panel,0,3,finish,FINISH+,DESCRIPTION,Signature® 200
commercial-industrial,12,7.2 Panel,0,3,price,PRICE,,✓
commercial-industrial,12,7.2 Panel,0,4,gauge,GAUGE,DESCRIPTION,24
commercial-industrial,12,7.2 Panel,0,4,coverage,COVERAGE,DESCRIPTION,"36"""
commercial-industrial,12,7.2 Panel,0,4,yield_psi,YIELD (PSI),DESCRIPTION,"50,000"
commercial-industrial,12,7.2 Panel,0,4,weight_per_sq,WEIGHT PER SQ.,DESCRIPTION,118#
commercial-industrial,12,7.2 Panel,0,4,finish,FINISH+,DESCRIPTION,Galvalume® Plus &
commercial-industrial,12,7.2 Panel,0,4,price,PRICE,,✓
commercial-industrial,12,7.2 Panel,0,5,gauge,GAUGE,DESCRIPTION,24
commercial-industrial,12,7.2 Panel,0,5,coverage,COVERAGE,DESCRIPTION,"36"""
commercial-industrial,12,7.2 Panel,0,5,yield_psi,YIELD (PSI),DESCRIPTION,"50,000"
commercial-industrial,12,7.2 Panel,0,5,weight_per_sq,WEIGHT PER SQ.,DESCRIPTION,118#
commercial-industrial,12,7.2 Panel,0,5,finish,FINISH+,DESCRIPTION,Signature® 200
commercial-industrial,12,7.2 Panel,0,5,price,PRICE,,✓
commercial-industrial,12,7.2 Panel,0,6,gauge,GAUGE,DESCRIPTION,24
commercial-industrial,12,7.2 Panel,0,6,coverage,COVERAGE,DESCRIPTION,"36"""
commercial-industrial,12,7.2 Panel,0,6,yield_psi,YIELD (PSI),DESCRIPTION,"50,000"
commercial-industrial,12,7.2 Panel,0,6,weight_per_sq,WEIGHT PER SQ.,DESCRIPTION,118#
commercial-industrial,12,7.2 Panel,0,6,finish,FINISH+,DESCRIPTION,Signature® 300
commercial-industrial,12,7.2 Panel,0,6,price,PRICE,,✓
commercial-industrial,12,7.2 Panel,0,7,gauge,GAUGE,DESCRIPTION,22
commercial-industrial,12,7.2 Panel,0,7,coverage,COVERAGE,DESCRIPTION,"36"""
commercial-industrial,12,7.2 Panel,0,7,yield_psi,YIELD (PSI),DESCRIPTION,"50,000"
commercial-industrial,12,7.2 Panel,0,7,weight_per_sq,WEIGHT PER SQ.,DESCRIPTION,146#
commercial-industrial,12,7.2 Panel,0,7,finish,FINISH+,DESCRIPTION,Galvalume® Plus &
commercial-industrial,12,7.2 Panel,0,7,price,PRICE,,✓
commercial-industrial,12,7.2 Panel,0,8,gauge,GAUGE,DESCRIPTION,22
commercial-industrial,12,7.2 Panel,0,8,coverage,COVERAGE,DESCRIPTION,"36"""
commercial-industrial,12,7.2 Panel,0,8,yield_psi,YIELD (PSI),DESCRIPTION,"50,000"
commercial-industrial,12,7.2 Panel,0,8,weight_per_sq,WEIGHT PER SQ.,DESCRIPTION,146#
commercial-industrial,12,7.2 Panel,0,8,finish,FINISH+,DESCRIPTION,Signature® 200
commercial-industrial,12,7.2 Panel,0,8,price,PRICE,,Please Inquire
commercial-industrial,12,7.2 Panel,0,9,gauge,GAUGE,DESCRIPTION,22
commercial-industrial,12,7.2 Panel,0,9,coverage,COVERAGE,DESCRIPTION,"36"""
commercial-industrial,12,7.2 Panel,0,9,yield_psi,YIELD (PSI),DESCRIPTION,"50,000"
commercial-industrial,12,7.2 Panel,0,9,weight_per_sq,WEIGHT PER SQ.,DESCRIPTION,146#
commercial-industrial,12,7.2 Panel,0,9,finish,FINISH+,DESCRIPTION,Signature® 300
commercial-industrial,12,7.2 Panel,0,9,price,PRICE,,Please Inquire
commercial-industrial,14,Retro-R® Panel,0,0,gauge,GAUGE,DESCRIPTION,29
commercial-industrial,14,Retro-R® Panel,0,0,coverage,COVERAGE,DESCRIPTION,"36"""
commercial-industrial,14,Retro-R® Panel,0,0,yield_psi,YIELD (PSI),DESCRIPTION,"80,000"
commercial-industrial,14,Retro-R® Panel,0,0,weight_per_sq,WEIGHT PER SQ.,DESCRIPTION,oO4#
commercial-industrial,14,Retro-R® Panel,0,0,finish,FINISH*,DESCRIPTION,Galvalume® Plus &
commercial-industrial,14,Retro-R® Panel,0,0,price,PRICE,,✓
commercial-industrial,14,Retro-R® Panel,0,1,gauge,GAUGE,DESCRIPTION,29
commercial-industrial,14,Retro-R® Panel,0,1,coverage,COVERAGE,DESCRIPTION,"36"""
commercial-industrial,14,Retro-R® Panel,0,1,yield_psi,YIELD (PSI),DESCRIPTION,"80,000"
commercial-industrial,14,Retro-R® Panel,0,1,weight_per_sq,WEIGHT PER SQ.,DESCRIPTION,oO4#
commercial-industrial,14,Retro-R® Panel,0,1,finish,FINISH*,DESCRIPTION,Signature® 200
commercial-industrial,14,Retro-R® Panel,0,1,price,PRICE,,✓
commercial-industrial,14,Retro-R® Panel,0,2,gauge,GAUGE,DESCRIPTION,26
commercial-industrial,14,Retro-R® Panel,0,2,coverage,COVERAGE,DESCRIPTION,"36"""
commercial-industrial,14,Retro-R® Panel,0,2,yield_psi,YIELD (PSI),DESCRIPTION,"80,000"
commercial-industrial,14,Retro-R® Panel,0,2,weight_per_sq,WEIGHT PER SQ.,DESCRIPTION,844
commercial-industrial,14,Retro-R® Panel,0,2,finish,FINISH*,DESCRIPTION,Signature® 200
commercial-industrial,14,Retro-R® Panel,0,2,price,PRICE,,Please Inquire
commercial-industrial,15,Cee or Zee,0,0,normal_size,NORMAL SIZE,DESCRIPTION,4x2
commercial-industrial,15,Cee or Zee,0,0,actual_size,ACTUAL SIZE *,DESCRIPTION,4x2
commercial-industrial,15,Cee or Zee,0,0,gauge,GAUGE,DESCRIPTION,16
commercial-industrial,15,Cee or Zee,0,0,weight_per_lf,WEIGHT PER LF,DESCRIPTION,1.754
commercial-industrial,15,Cee or Zee,0,0,red_oxide,RED OXIDE,PRICED PER 100 LF,✓
commercial-industrial,15,Cee or Zee,0,0,galvanized,GALVANIZED,PRICED PER 100 LF,✓
commercial-industrial,15,Cee or Zee,0,1,normal_size,NORMAL SIZE,DESCRIPTION,4x2
commercial-industrial,15,Cee or Zee,0,1,actual_size,ACTUAL SIZE *,DESCRIPTION,4x2
commercial-industrial,15,Cee or Zee,0,1,gauge,GAUGE,DESCRIPTION,14
commercial-industrial,15,Cee or Zee,0,1,weight_per_lf,WEIGHT PER LF,DESCRIPTION,2.10#
commercial-industrial,15,Cee or Zee,0,1,red_oxide,RED OXIDE,PRICED PER 100 LF,✓
commercial-industrial,15,Cee or Zee,0,1,galvanized,GALVANIZED,PRICED PER 100 LF,✓
commercial-industrial,15,Cee or Zee,0,2,normal_size,NORMAL SIZE,DESCRIPTION,4x 2%2
commercial-industrial,15,Cee or Zee,0,2,actual_size,ACTUAL SIZE *,DESCRIPTION,4x2%x 2%
commercial-industrial,15,Cee or Zee,0,2,gauge,GAUGE,DESCRIPTION,16
commercial-industrial,15,Cee or Zee,0,2,weight_per_lf,WEIGHT PER LF,DESCRIPTION,1.95#
commercial-industrial,15,Cee or Zee,0,2,red_oxide,RED OXIDE,PRICED PER 100 LF,✓
commercial-industrial,15,Cee or Zee,0,2,galvanized,GALVANIZED,PRICED PER 100 LF,✓
commercial-industrial,15,Cee or Zee,0,3,normal_size,NORMAL SIZE,DESCRIPTION,4x 2%2
commercial-industrial,15,Cee or Zee,0,3,actual_size,ACTUAL SIZE *,DESCRIPTION,4x 2% x 2%
commercial-industrial,15,Cee or Zee,0,3,gauge,GAUGE,DESCRIPTION,14
commercial-industrial,15,Cee or Zee,0,3,weight_per_lf,WEIGHT PER LF,DESCRIPTION,2.334
commercial-industrial,15,Cee or Zee,0,3,red_oxide,RED OXIDE,PRICED PER 100 LF,✓
commercial-industrial,15,Cee or Zee,0,3,galvanized,GALVANIZED,PRICED PER 100 LF,✓
commercial-industrial,15,Cee or Zee,0,4,normal_size,NORMAL SIZE,DESCRIPTION,5X 2%
commercial-industrial,15,Cee or Zee,0,4,actual_size,ACTUAL SIZE *,DESCRIPTION,5x2%x 2%
commercial-industrial,15,Cee or Zee,0,4,gauge,GAUGE,DESCRIPTION,16
commercial-industrial,15,Cee or Zee,0,4,weight_per_lf,WEIGHT PER LF,DESCRIPTION,2.15#
commercial-industrial,15,Cee or Zee,0,4,red_oxide,RED OXIDE,PRICED PER 100 LF,✓
commercial-industrial,15,Cee or Zee,0,4,galvanized,GALVANIZED,PRICED PER 100 LF,✓
commercial-industrial,15,Cee or Zee,0,5,normal_size,NORMAL SIZE,DESCRIPTION,5x2%
commercial-industrial,15,Cee or Zee,0,5,actual_size,ACTUAL SIZE *,DESCRIPTION,5 x 2% x 23%
commercial-industrial,15,Cee or Zee,0,5,gauge,GAUGE,DESCRIPTION,14
commercial-industrial,15,Cee or Zee,0,5,weight_per_lf,WEIGHT PER LF,DESCRIPTION,2.57#
commercial-industrial,15,Cee or Zee,0,5,red_oxide,RED OXIDE,PRICED PER 100 LF,✓
commercial-industrial,15,Cee or Zee,0,5,galvanized,GALVANIZED,PRICED PER 100 LF,✓
commercial-industrial,15,Cee or Zee,0,6,normal_size,NORMAL SIZE,DESCRIPTION,6 xX 2Y2
commercial-industrial,15,Cee or Zee,0,6,actual_size,ACTUAL SIZE *,DESCRIPTION,6 x 2% x 2%
commercial-industrial,15,Cee or Zee,0,6,gauge,GAUGE,DESCRIPTION,16
commercial-industrial,15,Cee or Zee,0,6,weight_per_lf,WEIGHT PER LF,DESCRIPTION,2.344
commercial-industrial,15,Cee or Zee,0,6,red_oxide,RED OXIDE,PRICED PER 100 LF,✓
commercial-industrial,15,Cee or Zee,0,6,galvanized,GALVANIZED,PRICED PER 100 LF,✓
commercial-industrial,15,Cee or Zee,0,7,normal_size,NORMAL SIZE,DESCRIPTION,6 xX 2Y2
commercial-industrial,15,Cee or Zee,0,7,actual_size,ACTUAL SIZE *,DESCRIPTION,6X 2% x 2%
commercial-industrial,15,Cee or Zee,0,7,gauge,GAUGE,DESCRIPTION,14
commercial-industrial,15,Cee or Zee,0,7,weight_per_lf,WEIGHT PER LF,DESCRIPTION,2.80#
commercial-industrial,15,Cee or Zee,0,7,red_oxide,RED OXIDE,PRICED PER 100 LF,✓
commercial-industrial,15,Cee or Zee,0,7,galvanized,GALVANIZED,PRICED PER 100 LF,✓
commercial-industrial,15,Cee or Zee,0,8,normal_size,NORMAL SIZE,DESCRIPTION,7X 2%2
commercial-industrial,15,Cee or Zee,0,8,actual_size,ACTUAL SIZE *,DESCRIPTION,7X2%X 2%
commercial-industrial,15,Cee or Zee,0,8,gauge,GAUGE,DESCRIPTION,16
commercial-industrial,15,Cee or Zee,0,8,weight_per_lf,WEIGHT PER LF,DESCRIPTION,2.544
commercial-industrial,15,Cee or Zee,0,8,red_oxide,RED OXIDE,PRICED PER 100 LF,✓
commercial-industrial,15,Cee or Zee,0,8,galvanized,GALVANIZED,PRICED PER 100 LF,✓
commercial-industrial,15,Cee or Zee,0,9,normal_size,NORMAL SIZE,DESCRIPTION,7X 2%2
commercial-industrial,15,Cee or Zee,0,9,actual_size,ACTUAL SIZE *,DESCRIPTION,7X 2V8 xX 2%
commercial-industrial,15,Cee or Zee,0,9,gauge,GAUGE,DESCRIPTION,14
commercial-industrial,15,Cee or Zee,0,9,weight_per_lf,WEIGHT PER LF,DESCRIPTION,3.044
commercial-industrial,15,Cee or Zee,0,9,red_oxide,RED OXIDE,PRICED PER 100 LF,✓
commercial-industrial,15,Cee or Zee,0,9,galvanized,GALVANIZED,PRICED PER 100 LF,✓
commercial-industrial,15,Cee or Zee,0,10,normal_size,NORMAL SIZE,DESCRIPTION,7X3
commercial-industrial,15,Cee or Zee,0,10,actual_size,ACTUAL SIZE *,DESCRIPTION,7X28%X24
commercial-industrial,15,Cee or Zee,0,10,gauge,GAUGE,DESCRIPTION,14
commercial-industrial,15,Cee or Zee,0,10,weight_per_lf,WEIGHT PER LF,DESCRIPTION,3.27#
commercial-industrial,15,Cee or Zee,0,10,red_oxide,RED OXIDE,PRICED PER 100 LF,✓
commercial-industrial,15,Cee or Zee,0,10,galvanized,GALVANIZED,PRICED PER 100 LF,✓
commercial-industrial,15,Cee or Zee,0,11,normal_size,NORMAL SIZE,DESCRIPTION,7X3
commercial-industrial,15,Cee or Zee,0,11,actual_size,ACTUAL SIZE *,DESCRIPTION,7X2BX2k4
commercial-industrial,15,Cee or Zee,0,11,gauge,GAUGE,DESCRIPTION,12
commercial-industrial,15,Cee or Zee,0,11,weight_per_lf,WEIGHT PER LF,DESCRIPTION,4.88#
commercial-industrial,15,Cee or Zee,0,11,red_oxide,RED OXIDE,PRICED PER 100 LF,✓
commercial-industrial,15,Cee or Zee,0,11,galvanized,GALVANIZED,PRICED PER 100 LF,✓
commercial-industrial,15,Cee or Zee,0,12,normal_size,NORMAL SIZE,DESCRIPTION,8x2h
commercial-industrial,15,Cee or Zee,0,12,actual_size,ACTUAL SIZE *,DESCRIPTION,8xX2%x 2%
commercial-industrial,15,Cee or Zee,0,12,gauge,GAUGE,DESCRIPTION,16
commercial-industrial,15,Cee or Zee,0,12,weight_per_lf,WEIGHT PER LF,DESCRIPTION,2.3#
commercial-industrial,15,Cee or Zee,0,12,red_oxide,RED OXIDE,PRICED PER 100 LF,✓
commercial-industrial,15,Cee or Zee,0,12,galvanized,GALVANIZED,PRICED PER 100 LF,✓
commercial-industrial,15,Cee or Zee,0,13,normal_size,NORMAL SIZE,DESCRIPTION,8X 2%
commercial-industrial,15,Cee or Zee,0,13,actual_size,ACTUAL SIZE *,DESCRIPTION,8X 2%xXx 2%
commercial-industrial,15,Cee or Zee,0,13,gauge,GAUGE,DESCRIPTION,14
commercial-industrial,15,Cee or Zee,0,13,weight_per_lf,WEIGHT PER LF,DESCRIPTION,3.27#
commercial-industrial,15,Cee or Zee,0,13,red_oxide,RED OXIDE,PRICED PER 100 LF,✓
commercial-industrial,15,Cee or Zee,0,13,galvanized,GALVANIZED,PRICED PER 100 LF,✓
commercial-industrial,15,Cee or Zee,0,14,normal_size,NORMAL SIZE,DESCRIPTION,8x2h%
commercial-industrial,15,Cee or Zee,0,14,actual_size,ACTUAL SIZE *,DESCRIPTION,8x 2%x 2%
commercial-industrial,15,Cee or Zee,0,14,gauge,GAUGE,DESCRIPTION,13
commercial-industrial,15,Cee or Zee,0,14,weight_per_lf,WEIGHT PER LF,DESCRIPTION,3.95#
commercial-industrial,15,Cee or Zee,0,14,red_oxide,RED OXIDE,PRICED PER 100 LF,✓
commercial-industrial,15,Cee or Zee,0,14,galvanized,GALVANIZED,PRICED PER 100 LF,N/A
commercial-industrial,15,Cee or Zee,0,15,normal_size,NORMAL SIZE,DESCRIPTION,8x 2h
commercial-industrial,15,Cee or Zee,0,15,actual_size,ACTUAL SIZE *,DESCRIPTION,8 xX 2% x 2%
commercial-industrial,15,Cee or Zee,0,15,gauge,GAUGE,DESCRIPTION,12
commercial-industrial,15,Cee or Zee,0,15,weight_per_lf,WEIGHT PER LF,DESCRIPTION,4.88#
commercial-industrial,15,Cee or Zee,0,15,red_oxide,RED OXIDE,PRICED PER 100 LF,✓
commercial-industrial,15,Cee or Zee,0,15,galvanized,GALVANIZED,PRICED PER 100 LF,✓
commercial-industrial,15,Cee or Zee,0,16,normal_size,NORMAL SIZE,DESCRIPTION,8x3
commercial-industrial,15,Cee or Zee,0,16,actual_size,ACTUAL SIZE *,DESCRIPTION,BxXx2%xX2k
commercial-industrial,15,Cee or Zee,0,16,gauge,GAUGE,DESCRIPTION,16
commercial-industrial,15,Cee or Zee,0,16,weight_per_lf,WEIGHT PER LF,DESCRIPTION,2.93#
commercial-industrial,15,Cee or Zee,0,16,red_oxide,RED OXIDE,PRICED PER 100 LF,✓
commercial-industrial,15,Cee or Zee,0,16,galvanized,GALVANIZED,PRICED PER 100 LF,✓
commercial-industrial,15,Cee or Zee,0,17,normal_size,NORMAL SIZE,DESCRIPTION,8x3
commercial-industrial,15,Cee or Zee,0,17,actual_size,ACTUAL SIZE *,DESCRIPTION,8X28BX2k4
commercial-industrial,15,Cee or Zee,0,17,gauge,GAUGE,DESCRIPTION,14
commercial-industrial,15,Cee or Zee,0,17,weight_per_lf,WEIGHT PER LF,DESCRIPTION,3.50#
commercial-industrial,15,Cee or Zee,0,17,red_oxide,RED OXIDE,PRICED PER 100 LF,✓
commercial-industrial,15,Cee or Zee,0,17,galvanized,GALVANIZED,PRICED PER 100 LF,✓
commercial-industrial,15,Cee or Zee,0,18,normal_size,NORMAL SIZE,DESCRIPTION,8x3
commercial-industrial,15,Cee or Zee,0,18,actual_size,ACTUAL SIZE *,DESCRIPTION,8BX2BRX24
commercial-industrial,15,Cee or Zee,0,18,gauge,GAUGE,DESCRIPTION,12
commercial-industrial,15,Cee or Zee,0,18,weight_per_lf,WEIGHT PER LF,DESCRIPTION,5.234
commercial-industrial,15,Cee or Zee,0,18,red_oxide,RED OXIDE,PRICED PER 100 LF,✓
commercial-industrial,15,Cee or Zee,0,18,galvanized,GALVANIZED,PRICED PER 100 LF,✓
commercial-industrial,16,Cee or Zee (Continued),0,0,normal_size,NORMAL SIZE,DESCRIPTION,8x 3h
commercial-industrial,16,Cee or Zee (Continued),0,0,actual_size,ACTUAL SIZE *,DESCRIPTION,8 xX 3% x 3%
commercial-industrial,16,Cee or Zee (Continued),0,0,gauge,GAUGE,DESCRIPTION,14
commercial-industrial,16,Cee or Zee (Continued),0,0,weight_per_lf,WEIGHT PER LF,DESCRIPTION,3.744
commercial-industrial,16,Cee or Zee (Continued),0,0,red_oxide,RED OXIDE,PRICED PER 100 LF,✓
commercial-industrial,16,Cee or Zee (Continued),0,0,galvanized,GALVANIZED,PRICED PER 100 LF,✓
commercial-industrial,16,Cee or Zee (Continued),0,1,normal_size,NORMAL SIZE,DESCRIPTION,8x 3%
commercial-industrial,16,Cee or Zee (Continued),0,1,actual_size,ACTUAL SIZE *,DESCRIPTION,8x 3% x 3%
commercial-industrial,16,Cee or Zee (Continued),0,1,gauge,GAUGE,DESCRIPTION,13
commercial-industrial,16,Cee or Zee (Continued),0,1,weight_per_lf,WEIGHT PER LF,DESCRIPTION,4.52#
commercial-industrial,16,Cee or Zee (Continued),0,1,red_oxide,RED OXIDE,PRICED PER 100 LF,✓
commercial-industrial,16,Cee or Zee (Continued),0,1,galvanized,GALVANIZED,PRICED PER 100 LF,N/A
commercial-industrial,16,Cee or Zee (Continued),0,2,normal_size,NORMAL SIZE,DESCRIPTION,8x 3%
commercial-industrial,16,Cee or Zee (Continued),0,2,actual_size,ACTUAL SIZE *,DESCRIPTION,8x 3% x 3%
commercial-industrial,16,Cee or Zee (Continued),0,2,gauge,GAUGE,DESCRIPTION,12
commercial-industrial,16,Cee or Zee (Continued),0,2,weight_per_lf,WEIGHT PER LF,DESCRIPTION,5.58#
commercial-industrial,16,Cee or Zee (Continued),0,2,red_oxide,RED OXIDE,PRICED PER 100 LF,✓
commercial-industrial,16,Cee or Zee (Continued),0,2,galvanized,GALVANIZED,PRICED PER 100 LF,✓
commercial-industrial,16,Cee or Zee (Continued),0,3,normal_size,NORMAL SIZE,DESCRIPTION,9x 2h
commercial-industrial,16,Cee or Zee (Continued),0,3,actual_size,ACTUAL SIZE *,DESCRIPTION,9x 2% x 2%
commercial-industrial,16,Cee or Zee (Continued),0,3,gauge,GAUGE,DESCRIPTION,16
commercial-industrial,16,Cee or Zee (Continued),0,3,weight_per_lf,WEIGHT PER LF,DESCRIPTION,2.93#
commercial-industrial,16,Cee or Zee (Continued),0,3,red_oxide,RED OXIDE,PRICED PER 100 LF,✓
commercial-industrial,16,Cee or Zee (Continued),0,3,galvanized,GALVANIZED,PRICED PER 100 LF,✓
commercial-industrial,16,Cee or Zee (Continued),0,4,normal_size,NORMAL SIZE,DESCRIPTION,9x 2%
commercial-industrial,16,Cee or Zee (Continued),0,4,actual_size,ACTUAL SIZE *,DESCRIPTION,9x2%x 2%
commercial-industrial,16,Cee or Zee (Continued),0,4,gauge,GAUGE,DESCRIPTION,14
commercial-industrial,16,Cee or Zee (Continued),0,4,weight_per_lf,WEIGHT PER LF,DESCRIPTION,3.50#
commercial-industrial,16,Cee or Zee (Continued),0,4,red_oxide,RED OXIDE,PRICED PER 100 LF,✓
commercial-industrial,16,Cee or Zee (Continued),0,4,galvanized,GALVANIZED,PRICED PER 100 LF,✓
commercial-industrial,16,Cee or Zee (Continued),0,5,normal_size,NORMAL SIZE,DESCRIPTION,9x 2h
commercial-industrial,16,Cee or Zee (Continued),0,5,actual_size,ACTUAL SIZE *,DESCRIPTION,9x 2% x 2%
commercial-industrial,16,Cee or Zee (Continued),0,5,gauge,GAUGE,DESCRIPTION,12
commercial-industrial,16,Cee or Zee (Continued),0,5,weight_per_lf,WEIGHT PER LF,DESCRIPTION,5.23#
commercial-industrial,16,Cee or Zee (Continued),0,5,red_oxide,RED OXIDE,PRICED PER 100 LF,✓
commercial-industrial,16,Cee or Zee (Continued),0,5,galvanized,GALVANIZED,PRICED PER 100 LF,✓
commercial-industrial,16,Cee or Zee (Continued),0,6,normal_size,NORMAL SIZE,DESCRIPTION,9x3
commercial-industrial,16,Cee or Zee (Continued),0,6,actual_size,ACTUAL SIZE *,DESCRIPTION,9x2%x 2h
commercial-industrial,16,Cee or Zee (Continued),0,6,gauge,GAUGE,DESCRIPTION,14
commercial-industrial,16,Cee or Zee (Continued),0,6,weight_per_lf,WEIGHT PER LF,DESCRIPTION,3.744
commercial-industrial,16,Cee or Zee (Continued),0,6,red_oxide,RED OXIDE,PRICED PER 100 LF,✓
commercial-industrial,16,Cee or Zee (Continued),0,6,galvanized,GALVANIZED,PRICED PER 100 LF,✓
commercial-industrial,16,Cee or Zee (Continued),0,7,normal_size,NORMAL SIZE,DESCRIPTION,9x3
commercial-industrial,16,Cee or Zee (Continued),0,7,actual_size,ACTUAL SIZE *,DESCRIPTION,9x 2%x 2k
commercial-industrial,16,Cee or Zee (Continued),0,7,gauge,GAUGE,DESCRIPTION,12
commercial-industrial,16,Cee or Zee (Continued),0,7,weight_per_lf,WEIGHT PER LF,DESCRIPTION,5.58#
commercial-industrial,16,Cee or Zee (Continued),0,7,red_oxide,RED OXIDE,PRICED PER 100 LF,✓
commercial-industrial,16,Cee or Zee (Continued),0,7,galvanized,GALVANIZED,PRICED PER 100 LF,✓
commercial-industrial,16,Cee or Zee (Continued),0,8,normal_size,NORMAL SIZE,DESCRIPTION,10x 2%
commercial-industrial,16,Cee or Zee (Continued),0,8,actual_size,ACTUAL SIZE *,DESCRIPTION,10x 2% x 2%
commercial-industrial,16,Cee or Zee (Continued),0,8,gauge,GAUGE,DESCRIPTION,14
commercial-industrial,16,Cee or Zee (Continued),0,8,weight_per_lf,WEIGHT PER LF,DESCRIPTION,3.744
commercial-industrial,16,Cee or Zee (Continued),0,8,red_oxide,RED OXIDE,PRICED PER 100 LF,✓
commercial-industrial,16,Cee or Zee (Continued),0,8,galvanized,GALVANIZED,PRICED PER 100 LF,✓
commercial-industrial,16,Cee or Zee (Continued),0,9,normal_size,NORMAL SIZE,DESCRIPTION,10x 2h
commercial-industrial,16,Cee or Zee (Continued),0,9,actual_size,ACTUAL SIZE *,DESCRIPTION,10x 2% x 2%
commercial-industrial,16,Cee or Zee (Continued),0,9,gauge,GAUGE,DESCRIPTION,12
commercial-industrial,16,Cee or Zee (Continued),0,9,weight_per_lf,WEIGHT PER LF,DESCRIPTION,5.58#
commercial-industrial,16,Cee or Zee (Continued),0,9,red_oxide,RED OXIDE,PRICED PER 100 LF,✓
commercial-industrial,16,Cee or Zee (Continued),0,9,galvanized,GALVANIZED,PRICED PER 100 LF,✓
commercial-industrial,16,Cee or Zee (Continued),0,10,normal_size,NORMAL SIZE,DESCRIPTION,10x3
commercial-industrial,16,Cee or Zee (Continued),0,10,actual_size,ACTUAL SIZE *,DESCRIPTION,10 xX 2% x 2%
commercial-industrial,16,Cee or Zee (Continued),0,10,gauge,GAUGE,DESCRIPTION,14
commercial-industrial,16,Cee or Zee (Continued),0,10,weight_per_lf,WEIGHT PER LF,DESCRIPTION,3.97#
commercial-industrial,16,Cee or Zee (Continued),0,10,red_oxide,RED OXIDE,PRICED PER 100 LF,✓
commercial-industrial,16,Cee or Zee (Continued),0,10,galvanized,GALVANIZED,PRICED PER 100 LF,✓
commercial-industrial,16,Cee or Zee (Continued),0,11,normal_size,NORMAL SIZE,DESCRIPTION,10x3
commercial-industrial,16,Cee or Zee (Continued),0,11,actual_size,ACTUAL SIZE *,DESCRIPTION,10x 2%x 2%
commercial-industrial,16,Cee or Zee (Continued),0,11,gauge,GAUGE,DESCRIPTION,12
commercial-industrial,16,Cee or Zee (Continued),0,11,weight_per_lf,WEIGHT PER LF,DESCRIPTION,5.93#
commercial-industrial,16,Cee or Zee (Continued),0,11,red_oxide,RED OXIDE,PRICED PER 100 LF,✓
commercial-industrial,16,Cee or Zee (Continued),0,11,galvanized,GALVANIZED,PRICED PER 100 LF,✓
commercial-industrial,16,Cee or Zee (Continued),0,12,normal_size,NORMAL SIZE,DESCRIPTION,10x 3h
commercial-industrial,16,Cee or Zee (Continued),0,12,actual_size,ACTUAL SIZE *,DESCRIPTION,10x 3% x 3%
commercial-industrial,16,Cee or Zee (Continued),0,12,gauge,GAUGE,DESCRIPTION,14
commercial-industrial,16,Cee or Zee (Continued),0,12,weight_per_lf,WEIGHT PER LF,DESCRIPTION,4.214
commercial-industrial,16,Cee or Zee (Continued),0,12,red_oxide,RED OXIDE,PRICED PER 100 LF,✓
commercial-industrial,16,Cee or Zee (Continued),0,12,galvanized,GALVANIZED,PRICED PER 100 LF,✓
commercial-industrial,16,Cee or Zee (Continued),0,13,normal_size,NORMAL SIZE,DESCRIPTION,10x3h%
commercial-industrial,16,Cee or Zee (Continued),0,13,actual_size,ACTUAL SIZE *,DESCRIPTION,10x 3%x 3%
commercial-industrial,16,Cee or Zee (Continued),0,13,gauge,GAUGE,DESCRIPTION,12
commercial-industrial,16,Cee or Zee (Continued),0,13,weight_per_lf,WEIGHT PER LF,DESCRIPTION,6.284
commercial-industrial,16,Cee or Zee (Continued),0,13,red_oxide,RED OXIDE,PRICED PER 100 LF,✓
commercial-industrial,16,Cee or Zee (Continued),0,13,galvanized,GALVANIZED,PRICED PER 100 LF,✓
commercial-industrial,16,Cee or Zee (Continued),0,14,normal_size,NORMAL SIZE,DESCRIPTION,11x 2h
commercial-industrial,16,Cee or Zee (Continued),0,14,actual_size,ACTUAL SIZE *,DESCRIPTION,11 x2%x2%
commercial-industrial,16,Cee or Zee (Continued),0,14,gauge,GAUGE,DESCRIPTION,14
commercial-industrial,16,Cee or Zee (Continued),0,14,weight_per_lf,WEIGHT PER LF,DESCRIPTION,3.97#
commercial-industrial,16,Cee or Zee (Continued),0,14,red_oxide,RED OXIDE,PRICED PER 100 LF,✓
commercial-industrial,16,Cee or Zee (Continued),0,14,galvanized,GALVANIZED,PRICED PER 100 LF,✓
commercial-industrial,16,Cee or Zee (Continued),0,15,normal_size,NORMAL SIZE,DESCRIPTION,11x 2h
commercial-industrial,16,Cee or Zee (Continued),0,15,actual_size,ACTUAL SIZE *,DESCRIPTION,11x 2% x 2%
commercial-industrial,16,Cee or Zee (Continued),0,15,gauge,GAUGE,DESCRIPTION,12
commercial-industrial,16,Cee or Zee (Continued),0,15,weight_per_lf,WEIGHT PER LF,DESCRIPTION,5.93#
commercial-industrial,16,Cee or Zee (Continued),0,15,red_oxide,RED OXIDE,PRICED PER 100 LF,✓
commercial-industrial,16,Cee or Zee (Continued),0,15,galvanized,GALVANIZED,PRICED PER 100 LF,✓
commercial-industrial,16,Cee or Zee (Continued),0,16,normal_size,NORMAL SIZE,DESCRIPTION,11x3h%
commercial-industrial,16,Cee or Zee (Continued),0,16,actual_size,ACTUAL SIZE *,DESCRIPTION,11x3%x3%
commercial-industrial,16,Cee or Zee (Continued),0,16,gauge,GAUGE,DESCRIPTION,14
commercial-industrial,16,Cee or Zee (Continued),0,16,weight_per_lf,WEIGHT PER LF,DESCRIPTION,4.44#
commercial-industrial,16,Cee or Zee (Continued),0,16,red_oxide,RED OXIDE,PRICED PER 100 LF,✓
commercial-industrial,16,Cee or Zee (Continued),0,16,galvanized,GALVANIZED,PRICED PER 100 LF,✓
commercial-industrial,16,Cee or Zee (Continued),0,17,normal_size,NORMAL SIZE,DESCRIPTION,11x3h
commercial-industrial,16,Cee or Zee (Continued),0,17,actual_size,ACTUAL SIZE *,DESCRIPTION,11xX3%x3%
commercial-industrial,16,Cee or Zee (Continued),0,17,gauge,GAUGE,DESCRIPTION,12
commercial-industrial,16,Cee or Zee (Continued),0,17,weight_per_lf,WEIGHT PER LF,DESCRIPTION,6.63#
commercial-industrial,16,Cee or Zee (Continued),0,17,red_oxide,RED OXIDE,PRICED PER 100 LF,✓
commercial-industrial,16,Cee or Zee (Continued),0,17,galvanized,GALVANIZED,PRICED PER 100 LF,✓
commercial-industrial,16,Cee or Zee (Continued),0,18,normal_size,NORMAL SIZE,DESCRIPTION,12x 2%
commercial-industrial,16,Cee or Zee (Continued),0,18,actual_size,ACTUAL SIZE *,DESCRIPTION,12x 2%x 2%
commercial-industrial,16,Cee or Zee (Continued),0,18,gauge,GAUGE,DESCRIPTION,14
commercial-industrial,16,Cee or Zee (Continued),0,18,weight_per_lf,WEIGHT PER LF,DESCRIPTION,4.214
commercial-industrial,16,Cee or Zee (Continued),0,18,red_oxide,RED OXIDE,PRICED PER 100 LF,✓
commercial-industrial,16,Cee or Zee (Continued),0,18,galvanized,GALVANIZED,PRICED PER 100 LF,✓
commercial-industrial,16,Cee or Zee (Continued),0,19,normal_size,NORMAL SIZE,DESCRIPTION,12x 2h
commercial-industrial,16,Cee or Zee (Continued),0,19,actual_size,ACTUAL SIZE *,DESCRIPTION,12 xX 2% x 2%
commercial-industrial,16,Cee or Zee (Continued),0,19,gauge,GAUGE,DESCRIPTION,12
commercial-industrial,16,Cee or Zee (Continued),0,19,weight_per_lf,WEIGHT PER LF,DESCRIPTION,6.284
commercial-industrial,16,Cee or Zee (Continued),0,19,red_oxide,RED OXIDE,PRICED PER 100 LF,✓
commercial-industrial,16,Cee or Zee (Continued),0,19,galvanized,GALVANIZED,PRICED PER 100 LF,✓
commercial-industrial,16,Cee or Zee (Continued),0,20,normal_size,NORMAL SIZE,DESCRIPTION,12x3
commercial-industrial,16,Cee or Zee (Continued),0,20,actual_size,ACTUAL SIZE *,DESCRIPTION,12x 2%x 2h
commercial-industrial,16,Cee or Zee (Continued),0,20,gauge,GAUGE,DESCRIPTION,14
commercial-industrial,16,Cee or Zee (Continued),0,20,weight_per_lf,WEIGHT PER LF,DESCRIPTION,4.444
commercial-industrial,16,Cee or Zee (Continued),0,20,red_oxide,RED OXIDE,PRICED PER 100 LF,✓
commercial-industrial,16,Cee or Zee (Continued),0,20,galvanized,GALVANIZED,PRICED PER 100 LF,✓
commercial-industrial,16,Cee or Zee (Continued),0,21,normal_size,NORMAL SIZE,DESCRIPTION,12x3
commercial-industrial,16,Cee or Zee (Continued),0,21,actual_size,ACTUAL SIZE *,DESCRIPTION,12x 2%x 2h
commercial-industrial,16,Cee or Zee (Continued),0,21,gauge,GAUGE,DESCRIPTION,12
commercial-industrial,16,Cee or Zee (Continued),0,21,weight_per_lf,WEIGHT PER LF,DESCRIPTION,6.63#
commercial-industrial,16,Cee or Zee (Continued),0,21,red_oxide,RED OXIDE,PRICED PER 100 LF,✓
commercial-industrial,16,Cee or Zee (Continued),0,21,galvanized,GALVANIZED,PRICED PER 100 LF,✓
commercial-industrial,16,Cee or Zee (Continued),0,22,normal_size,NORMAL SIZE,DESCRIPTION,12x 3%
commercial-industrial,16,Cee or Zee (Continued),0,22,actual_size,ACTUAL SIZE *,DESCRIPTION,12x 3% x 3%
commercial-industrial,16,Cee or Zee (Continued),0,22,gauge,GAUGE,DESCRIPTION,14
commercial-industrial,16,Cee or Zee (Continued),0,22,weight_per_lf,WEIGHT PER LF,DESCRIPTION,4.68#
commercial-industrial,16,Cee or Zee (Continued),0,22,red_oxide,RED OXIDE,PRICED PER 100 LF,✓
commercial-industrial,16,Cee or Zee (Continued),0,22,galvanized,GALVANIZED,PRICED PER 100 LF,✓
commercial-industrial,16,Cee or Zee (Continued),0,23,normal_size,NORMAL SIZE,DESCRIPTION,12x 3%
commercial-industrial,16,Cee or Zee (Continued),0,23,actual_size,ACTUAL SIZE *,DESCRIPTION,12x 3% x 3%
commercial-industrial,16,Cee or Zee (Continued),0,23,gauge,GAUGE,DESCRIPTION,12
commercial-industrial,16,Cee or Zee (Continued),0,23,weight_per_lf,WEIGHT PER LF,DESCRIPTION,6.98#
commercial-industrial,16,Cee or Zee (Continued),0,23,red_oxide,RED OXIDE,PRICED PER 100 LF,✓
commercial-industrial,16,Cee or Zee (Continued),0,23,galvanized,GALVANIZED,PRICED PER 100 LF,✓
commercial-industrial,17,Cee Only,0,0,column_1,,,DESCRIPTION
commercial-industrial,17,Cee Only,0,0,column_4,,,PRICED PER 100 LF
commercial-industrial,17,Cee Only,0,1,column_1,,,NOMINAL SIZE
commercial-industrial,17,Cee Only,0,1,column_2,,,GAUGE
commercial-industrial,17,Cee Only,0,1,column_3,,,WEIGHT PER LF
commercial-industrial,17,Cee Only,0,1,column_4,,,RED OXIDE
commercial-industrial,17,Cee Only,0,1,column_5,,,GALVANIZED
commercial-industrial,17,Cee Only,0,2,column_1,,,6x3
commercial-industrial,17,Cee Only,0,2,column_2,,,16
commercial-industrial,17,Cee Only,0,2,column_3,,,2.544
commercial-industrial,17,Cee Only,0,2,column_4,,,v
commercial-industrial,17,Cee Only,0,2,column_5,,,v
commercial-industrial,17,Cee Only,0,3,column_1,,,6x3
commercial-industrial,17,Cee Only,0,3,column_2,,,14
commercial-industrial,17,Cee Only,0,3,column_3,,,3.044
commercial-industrial,17,Cee Only,0,3,column_4,,,v
commercial-industrial,17,Cee Only,0,3,column_5,,,v
commercial-industrial,17,Cee Only,0,4,column_1,,,6x 3%
commercial-industrial,17,Cee Only,0,4,column_2,,,14
commercial-industrial,17,Cee Only,0,4,column_3,,,3.27#
commercial-industrial,17,Cee Only,0,4,column_4,,,v
commercial-industrial,17,Cee Only,0,4,column_5,,,v
commercial-industrial,17,Cee Only,0,5,column_1,,,6x 3%
commercial-industrial,17,Cee Only,0,5,column_2,,,12
commercial-industrial,17,Cee Only,0,5,column_3,,,4.884
commercial-industrial,17,Cee Only,0,5,column_4,,,v
commercial-industrial,17,Cee Only,0,5,column_5,,,v
commercial-industrial,17,Cee Only,0,6,column_1,,,6x4
commercial-industrial,17,Cee Only,0,6,column_2,,,14
commercial-industrial,17,Cee Only,0,6,column_3,,,3.50#
commercial-industrial,17,Cee Only,0,6,column_4,,,v
commercial-industrial,17,Cee Only,0,6,column_5,,,v
commercial-industrial,17,Cee Only,0,7,column_1,,,6x4
commercial-industrial,17,Cee Only,0,7,column_2,,,12
commercial-industrial,17,Cee Only,0,7,column_3,,,5.23#
commercial-industrial,17,Cee Only,0,7,column_4,,,v
commercial-industrial,17,Cee Only,0,7,column_5,,,v
commercial-industrial,17,Cee Only,0,8,column_1,,,8x4
commercial-industrial,17,Cee Only,0,8,column_2,,,14
commercial-industrial,17,Cee Only,0,8,column_3,,,3.97#
commercial-industrial,17,Cee Only,0,8,column_4,,,v
commercial-industrial,17,Cee Only,0,8,column_5,,,v
commercial-industrial,17,Cee Only,0,9,column_1,,,8x4
commercial-industrial,17,Cee Only,0,9,column_2,,,12
commercial-industrial,17,Cee Only,0,9,column_3,,,5.93#
commercial-industrial,17,Cee Only,0,9,column_4,,,v
commercial-industrial,17,Cee Only,0,9,column_5,,,v
commercial-industrial,17,Cee Only,0,10,column_1,,,10x4
commercial-industrial,17,Cee Only,0,10,column_2,,,14
commercial-industrial,17,Cee Only,0,10,column_3,,,4.44#
commercial-industrial,17,Cee Only,0,10,column_4,,,v
commercial-industrial,17,Cee Only,0,10,column_5,,,v
commercial-industrial,17,Cee Only,0,11,column_1,,,10x4
commercial-industrial,17,Cee Only,0,11,column_2,,,12
commercial-industrial,17,Cee Only,0,11,column_3,,,6.034
commercial-industrial,17,Cee Only,0,11,column_4,,,v
commercial-industrial,17,Cee Only,0,11,column_5,,,v
commercial-industrial,17,Cee Only,0,12,column_1,,,11x3
commercial-industrial,17,Cee Only,0,12,column_2,,,14
commercial-industrial,17,Cee Only,0,12,column_3,,,4.21#
commercial-industrial,17,Cee Only,0,12,column_4,,,v
commercial-industrial,17,Cee Only,0,12,column_5,,,v
commercial-industrial,17,Cee Only,0,13,column_1,,,11x3
commercial-industrial,17,Cee Only,0,13,column_2,,,12
commercial-industrial,17,Cee Only,0,13,column_3,,,6.284
commercial-industrial,17,Cee Only,0,13,column_4,,,v
commercial-industrial,17,Cee Only,0,13,column_5,,,v
commercial-industrial,17,Cee Only,0,14,column_1,,,12x4
commercial-industrial,17,Cee Only,0,14,column_2,,,14
commercial-industrial,17,Cee Only,0,14,column_3,,,4.91#
commercial-industrial,17,Cee Only,0,14,column_4,,,v
commercial-industrial,17,Cee Only,0,14,column_5,,,v
commercial-industrial,17,Cee Only,0,15,column_1,,,12x4
commercial-industrial,17,Cee Only,0,15,column_2,,,12
commercial-industrial,17,Cee Only,0,15,column_3,,,7.334
commercial-industrial,17,Cee Only,0,15,column_4,,,v
commercial-industrial,17,Cee Only,0,15,column_5,,,v
commercial-industrial,18,Zee Only,0,0,normal_size,NORMAL SIZE,DESCRIPTION,3% x 1%
commercial-industrial,18,Zee Only,0,0,actual_size,ACTUAL SIZE,DESCRIPTION,N/A
commercial-industrial,18,Zee Only,0,0,gauge,GAUGE,DESCRIPTION,16
commercial-industrial,18,Zee Only,0,0,weight_per_lf,WEIGHT PER LF,DESCRIPTION,1.56#
commercial-industrial,18,Zee Only,0,0,red_oxide,RED OXIDE,PRICED PER 100 LF,✓
commercial-industrial,18,Zee Only,0,0,galvanized,GALVANIZED,PRICED PER 100 LF,✓
commercial-industrial,18,Zee Only,0,1,normal_size,NORMAL SIZE,DESCRIPTION,3B%x 1%
commercial-industrial,18,Zee Only,0,1,actual_size,ACTUAL SIZE,DESCRIPTION,N/A
commercial-industrial,18,Zee Only,0,1,gauge,GAUGE,DESCRIPTION,14
commercial-industrial,18,Zee Only,0,1,weight_per_lf,WEIGHT PER LF,DESCRIPTION,1.86#
commercial-industrial,18,Zee Only,0,1,red_oxide,RED OXIDE,PRICED PER 100 LF,✓
commercial-industrial,18,Zee Only,0,1,galvanized,GALVANIZED,PRICED PER 100 LF,✓
commercial-industrial,18,Zee Only,0,2,normal_size,NORMAL SIZE,DESCRIPTION,4x3
commercial-industrial,18,Zee Only,0,2,actual_size,ACTUAL SIZE,DESCRIPTION,4x28x2kh
commercial-industrial,18,Zee Only,0,2,gauge,GAUGE,DESCRIPTION,16
commercial-industrial,18,Zee Only,0,2,weight_per_lf,WEIGHT PER LF,DESCRIPTION,2.15#
commercial-industrial,18,Zee Only,0,2,red_oxide,RED OXIDE,PRICED PER 100 LF,✓
commercial-industrial,18,Zee Only,0,2,galvanized,GALVANIZED,PRICED PER 100 LF,✓
commercial-industrial,18,Zee Only,0,3,normal_size,NORMAL SIZE,DESCRIPTION,4x3
commercial-industrial,18,Zee Only,0,3,actual_size,ACTUAL SIZE,DESCRIPTION,4x2%x2k%
commercial-industrial,18,Zee Only,0,3,gauge,GAUGE,DESCRIPTION,14
commercial-industrial,18,Zee Only,0,3,weight_per_lf,WEIGHT PER LF,DESCRIPTION,2.57#
commercial-industrial,18,Zee Only,0,3,red_oxide,RED OXIDE,PRICED PER 100 LF,✓
commercial-industrial,18,Zee Only,0,3,galvanized,GALVANIZED,PRICED PER 100 LF,✓
commercial-industrial,18,Zee Only,0,4,normal_size,NORMAL SIZE,DESCRIPTION,4x 3%
commercial-industrial,18,Zee Only,0,4,actual_size,ACTUAL SIZE,DESCRIPTION,4x 3%x 3%
commercial-industrial,18,Zee Only,0,4,gauge,GAUGE,DESCRIPTION,16
commercial-industrial,18,Zee Only,0,4,weight_per_lf,WEIGHT PER LF,DESCRIPTION,2.344
commercial-industrial,18,Zee Only,0,4,red_oxide,RED OXIDE,PRICED PER 100 LF,✓
commercial-industrial,18,Zee Only,0,4,galvanized,GALVANIZED,PRICED PER 100 LF,✓
commercial-industrial,18,Zee Only,0,5,normal_size,NORMAL SIZE,DESCRIPTION,4x 3h
commercial-industrial,18,Zee Only,0,5,actual_size,ACTUAL SIZE,DESCRIPTION,4x 3%x 3%
commercial-industrial,18,Zee Only,0,5,gauge,GAUGE,DESCRIPTION,14
commercial-industrial,18,Zee Only,0,5,weight_per_lf,WEIGHT PER LF,DESCRIPTION,2.80#
commercial-industrial,18,Zee Only,0,5,red_oxide,RED OXIDE,PRICED PER 100 LF,✓
commercial-industrial,18,Zee Only,0,5,galvanized,GALVANIZED,PRICED PER 100 LF,✓
commercial-industrial,18,Zee Only,0,6,normal_size,NORMAL SIZE,DESCRIPTION,5x3
commercial-industrial,18,Zee Only,0,6,actual_size,ACTUAL SIZE,DESCRIPTION,5x2%x 2h
commercial-industrial,18,Zee Only,0,6,gauge,GAUGE,DESCRIPTION,16
commercial-industrial,18,Zee Only,0,6,weight_per_lf,WEIGHT PER LF,DESCRIPTION,2.344
commercial-industrial,18,Zee Only,0,6,red_oxide,RED OXIDE,PRICED PER 100 LF,✓
commercial-industrial,18,Zee Only,0,6,galvanized,GALVANIZED,PRICED PER 100 LF,✓
commercial-industrial,18,Zee Only,0,7,normal_size,NORMAL SIZE,DESCRIPTION,5x3
commercial-industrial,18,Zee Only,0,7,actual_size,ACTUAL SIZE,DESCRIPTION,5x2%x 2h
commercial-industrial,18,Zee Only,0,7,gauge,GAUGE,DESCRIPTION,14
commercial-industrial,18,Zee Only,0,7,weight_per_lf,WEIGHT PER LF,DESCRIPTION,2.80#
commercial-industrial,18,Zee Only,0,7,red_oxide,RED OXIDE,PRICED PER 100 LF,✓
commercial-industrial,18,Zee Only,0,7,galvanized,GALVANIZED,PRICED PER 100 LF,✓
commercial-industrial,18,Zee Only,0,8,normal_size,NORMAL SIZE,DESCRIPTION,5x3h%
commercial-industrial,18,Zee Only,0,8,actual_size,ACTUAL SIZE,DESCRIPTION,5x 3% x 3%
commercial-industrial,18,Zee Only,0,8,gauge,GAUGE,DESCRIPTION,16
commercial-industrial,18,Zee Only,0,8,weight_per_lf,WEIGHT PER LF,DESCRIPTION,2.544
commercial-industrial,18,Zee Only,0,8,red_oxide,RED OXIDE,PRICED PER 100 LF,✓
commercial-industrial,18,Zee Only,0,8,galvanized,GALVANIZED,PRICED PER 100 LF,✓
commercial-industrial,18,Zee Only,0,9,normal_size,NORMAL SIZE,DESCRIPTION,5x 3h
commercial-industrial,18,Zee Only,0,9,actual_size,ACTUAL SIZE,DESCRIPTION,5x 3% x 3%
commercial-industrial,18,Zee Only,0,9,gauge,GAUGE,DESCRIPTION,14
commercial-industrial,18,Zee Only,0,9,weight_per_lf,WEIGHT PER LF,DESCRIPTION,3.044
commercial-industrial,18,Zee Only,0,9,red_oxide,RED OXIDE,PRICED PER 100 LF,✓
commercial-industrial,18,Zee Only,0,9,galvanized,GALVANIZED,PRICED PER 100 LF,✓
commercial-industrial,18,Zee Only,0,10,normal_size,NORMAL SIZE,DESCRIPTION,7X 3%
commercial-industrial,18,Zee Only,0,10,actual_size,ACTUAL SIZE,DESCRIPTION,7X3%xX3%
commercial-industrial,18,Zee Only,0,10,gauge,GAUGE,DESCRIPTION,16
commercial-industrial,18,Zee Only,0,10,weight_per_lf,WEIGHT PER LF,DESCRIPTION,2.93#
commercial-industrial,18,Zee Only,0,10,red_oxide,RED OXIDE,PRICED PER 100 LF,✓
commercial-industrial,18,Zee Only,0,10,galvanized,GALVANIZED,PRICED PER 100 LF,✓
commercial-industrial,18,Zee Only,0,11,normal_size,NORMAL SIZE,DESCRIPTION,7X 3%
commercial-industrial,18,Zee Only,0,11,actual_size,ACTUAL SIZE,DESCRIPTION,7X 3% x 3%
commercial-industrial,18,Zee Only,0,11,gauge,GAUGE,DESCRIPTION,14
commercial-industrial,18,Zee Only,0,11,weight_per_lf,WEIGHT PER LF,DESCRIPTION,3.50#
commercial-industrial,18,Zee Only,0,11,red_oxide,RED OXIDE,PRICED PER 100 LF,✓
commercial-industrial,18,Zee Only,0,11,galvanized,GALVANIZED,PRICED PER 100 LF,✓
commercial-industrial,18,Zee Only,0,12,normal_size,NORMAL SIZE,DESCRIPTION,7X 3%2
commercial-industrial,18,Zee Only,0,12,actual_size,ACTUAL SIZE,DESCRIPTION,7X3%xX3%
commercial-industrial,18,Zee Only,0,12,gauge,GAUGE,DESCRIPTION,12
commercial-industrial,18,Zee Only,0,12,weight_per_lf,WEIGHT PER LF,DESCRIPTION,5.234
commercial-industrial,18,Zee Only,0,12,red_oxide,RED OXIDE,PRICED PER 100 LF,✓
commercial-industrial,18,Zee Only,0,12,galvanized,GALVANIZED,PRICED PER 100 LF,✓
commercial-industrial,18,Zee Only,0,13,normal_size,NORMAL SIZE,DESCRIPTION,9x 3h
commercial-industrial,18,Zee Only,0,13,actual_size,ACTUAL SIZE,DESCRIPTION,9x 3% x 3%
commercial-industrial,18,Zee Only,0,13,gauge,GAUGE,DESCRIPTION,14
commercial-industrial,18,Zee Only,0,13,weight_per_lf,WEIGHT PER LF,DESCRIPTION,3.97#
commercial-industrial,18,Zee Only,0,13,red_oxide,RED OXIDE,PRICED PER 100 LF,✓
commercial-industrial,18,Zee Only,0,13,galvanized,GALVANIZED,PRICED PER 100 LF,✓
commercial-industrial,18,Zee Only,0,14,normal_size,NORMAL SIZE,DESCRIPTION,9x 3h
commercial-industrial,18,Zee Only,0,14,actual_size,ACTUAL SIZE,DESCRIPTION,9x 3% x 3%
commercial-industrial,18,Zee Only,0,14,gauge,GAUGE,DESCRIPTION,12
commercial-industrial,18,Zee Only,0,14,weight_per_lf,WEIGHT PER LF,DESCRIPTION,5.93#
commercial-industrial,18,Zee Only,0,14,red_oxide,RED OXIDE,PRICED PER 100 LF,✓
commercial-industrial,18,Zee Only,0,14,galvanized,GALVANIZED,PRICED PER 100 LF,✓
commercial-industrial,19,Channel,0,0,size,SIZE,DESCRIPTION,4% x2
commercial-industrial,19,Channel,0,0,girth,GIRTH,DESCRIPTION,76
commercial-industrial,19,Channel,0,0,gauge,GAUGE,DESCRIPTION,16
commercial-industrial,19,Channel,0,0,weight_each_red_oxide,"WEIGHT EACH
RED OXIDE",DESCRIPTION,31.134
commercial-industrial,19,Channel,0,0,weight_each_galvanized,"WEIGHT EACH
GALVANIZED",DESCRIPTION,32.244
commercial-industrial,19,Channel,0,0,length,LENGTH,DESCRIPTION,"20'-0"""
commercial-industrial,19,Channel,0,0,red_oxide,RED OXIDE,PRICED PER EACH,✓
commercial-industrial,19,Channel,0,0,galvanized,GALVANIZED,PRICED PER EACH,✓
commercial-industrial,19,Channel,0,1,size,SIZE,DESCRIPTION,4% x2
commercial-industrial,19,Channel,0,1,girth,GIRTH,DESCRIPTION,76
commercial-industrial,19,Channel,0,1,gauge,GAUGE,DESCRIPTION,16
commercial-industrial,19,Channel,0,1,weight_each_red_oxide,"WEIGHT EACH
RED OXIDE",DESCRIPTION,38.92#
commercial-industrial,19,Channel,0,1,weight_each_galvanized,"WEIGHT EACH
GALVANIZED",DESCRIPTION,40.31#
commercial-industrial,19,Channel,0,1,length,LENGTH,DESCRIPTION,"25'-0"""
commercial-industrial,19,Channel,0,1,red_oxide,RED OXIDE,PRICED PER EACH,✓
commercial-industrial,19,Channel,0,1,galvanized,GALVANIZED,PRICED PER EACH,✓
commercial-industrial,19,Channel,0,2,size,SIZE,DESCRIPTION,AY¥g x 2
commercial-industrial,19,Channel,0,2,girth,GIRTH,DESCRIPTION,76
commercial-industrial,19,Channel,0,2,gauge,GAUGE,DESCRIPTION,14
commercial-industrial,19,Channel,0,2,weight_each_red_oxide,"WEIGHT EACH
RED OXIDE",DESCRIPTION,37.25#
commercial-industrial,19,Channel,0,2,weight_each_galvanized,"WEIGHT EACH
GALVANIZED",DESCRIPTION,38.360#
commercial-industrial,19,Channel,0,2,length,LENGTH,DESCRIPTION,"20'-0"""
commercial-industrial,19,Channel,0,2,red_oxide,RED OXIDE,PRICED PER EACH,✓
commercial-industrial,19,Channel,0,2,galvanized,GALVANIZED,PRICED PER EACH,✓
commercial-industrial,19,Channel,0,3,size,SIZE,DESCRIPTION,4% x2
commercial-industrial,19,Channel,0,3,girth,GIRTH,DESCRIPTION,71%6
commercial-industrial,19,Channel,0,3,gauge,GAUGE,DESCRIPTION,14
commercial-industrial,19,Channel,0,3,weight_each_red_oxide,"WEIGHT EACH
RED OXIDE",DESCRIPTION,46.56#
commercial-industrial,19,Channel,0,3,weight_each_galvanized,"WEIGHT EACH
GALVANIZED",DESCRIPTION,47. 94#
commercial-industrial,19,Channel,0,3,length,LENGTH,DESCRIPTION,"25'-0"""
commercial-industrial,19,Channel,0,3,red_oxide,RED OXIDE,PRICED PER EACH,✓
commercial-industrial,19,Channel,0,3,galvanized,GALVANIZED,PRICED PER EACH,✓
commercial-industrial,19,Channel,0,4,size,SIZE,DESCRIPTION,6% x2
commercial-industrial,19,Channel,0,4,girth,GIRTH,DESCRIPTION,916
commercial-industrial,19,Channel,0,4,gauge,GAUGE,DESCRIPTION,16
commercial-industrial,19,Channel,0,4,weight_each_red_oxide,"WEIGHT EACH
RED OXIDE",DESCRIPTION,38.98#
commercial-industrial,19,Channel,0,4,weight_each_galvanized,"WEIGHT EACH
GALVANIZED",DESCRIPTION,40.37#
commercial-industrial,19,Channel,0,4,length,LENGTH,DESCRIPTION,"20'-0"""
commercial-industrial,19,Channel,0,4,red_oxide,RED OXIDE,PRICED PER EACH,✓
commercial-industrial,19,Channel,0,4,galvanized,GALVANIZED,PRICED PER EACH,✓
commercial-industrial,19,Channel,0,5,size,SIZE,DESCRIPTION,6% x 2
commercial-industrial,19,Channel,0,5,girth,GIRTH,DESCRIPTION,91%6
commercial-industrial,19,Channel,0,5,gauge,GAUGE,DESCRIPTION,16
commercial-industrial,19,Channel,0,5,weight_each_red_oxide,"WEIGHT EACH
RED OXIDE",DESCRIPTION,48.724
commercial-industrial,19,Channel,0,5,weight_each_galvanized,"WEIGHT EACH
GALVANIZED",DESCRIPTION,50.46#
commercial-industrial,19,Channel,0,5,length,LENGTH,DESCRIPTION,"25'-0"""
commercial-industrial,19,Channel,0,5,red_oxide,RED OXIDE,PRICED PER EACH,✓
commercial-industrial,19,Channel,0,5,galvanized,GALVANIZED,PRICED PER EACH,✓
commercial-industrial,19,Channel,0,6,size,SIZE,DESCRIPTION,6% x2
commercial-industrial,19,Channel,0,6,girth,GIRTH,DESCRIPTION,91%6
commercial-industrial,19,Channel,0,6,gauge,GAUGE,DESCRIPTION,14
commercial-industrial,19,Channel,0,6,weight_each_red_oxide,"WEIGHT EACH
RED OXIDE",DESCRIPTION,46.03#
commercial-industrial,19,Channel,0,6,weight_each_galvanized,"WEIGHT EACH
GALVANIZED",DESCRIPTION,48.02#
commercial-industrial,19,Channel,0,6,length,LENGTH,DESCRIPTION,"20'-0"""
commercial-industrial,19,Channel,0,6,red_oxide,RED OXIDE,PRICED PER EACH,✓
commercial-industrial,19,Channel,0,6,galvanized,GALVANIZED,PRICED PER EACH,✓
commercial-industrial,19,Channel,0,7,size,SIZE,DESCRIPTION,6% xX 2
commercial-industrial,19,Channel,0,7,girth,GIRTH,DESCRIPTION,91%6
commercial-industrial,19,Channel,0,7,gauge,GAUGE,DESCRIPTION,14
commercial-industrial,19,Channel,0,7,weight_each_red_oxide,"WEIGHT EACH
RED OXIDE",DESCRIPTION,58.29#
commercial-industrial,19,Channel,0,7,weight_each_galvanized,"WEIGHT EACH
GALVANIZED",DESCRIPTION,60.03#
commercial-industrial,19,Channel,0,7,length,LENGTH,DESCRIPTION,"25'-0"""
commercial-industrial,19,Channel,0,7,red_oxide,RED OXIDE,PRICED PER EACH,✓
commercial-industrial,19,Channel,0,7,galvanized,GALVANIZED,PRICED PER EACH,✓
commercial-industrial,19,Channel,0,8,size,SIZE,DESCRIPTION,6% x2
commercial-industrial,19,Channel,0,8,girth,GIRTH,DESCRIPTION,9156
commercial-industrial,19,Channel,0,8,gauge,GAUGE,DESCRIPTION,12
commercial-industrial,19,Channel,0,8,weight_each_red_oxide,"WEIGHT EACH
RED OXIDE",DESCRIPTION,69.60#
commercial-industrial,19,Channel,0,8,weight_each_galvanized,"WEIGHT EACH
GALVANIZED",DESCRIPTION,70.99#
commercial-industrial,19,Channel,0,8,length,LENGTH,DESCRIPTION,"20'-0"""
commercial-industrial,19,Channel,0,8,red_oxide,RED OXIDE,PRICED PER EACH,✓
commercial-industrial,19,Channel,0,8,galvanized,GALVANIZED,PRICED PER EACH,✓
commercial-industrial,19,Channel,0,9,size,SIZE,DESCRIPTION,6% x2
commercial-industrial,19,Channel,0,9,girth,GIRTH,DESCRIPTION,9%
commercial-industrial,19,Channel,0,9,gauge,GAUGE,DESCRIPTION,12
commercial-industrial,19,Channel,0,9,weight_each_red_oxide,"WEIGHT EACH
RED OXIDE",DESCRIPTION,87.00#
commercial-industrial,19,Channel,0,9,weight_each_galvanized,"WEIGHT EACH
GALVANIZED",DESCRIPTION,88.744
commercial-industrial,19,Channel,0,9,length,LENGTH,DESCRIPTION,"25'-0"""
commercial-industrial,19,Channel,0,9,red_oxide,RED OXIDE,PRICED PER EACH,✓
commercial-industrial,19,Channel,0,9,galvanized,GALVANIZED,PRICED PER EACH,✓
commercial-industrial,19,Channel,0,10,size,SIZE,DESCRIPTION,8%Xx2
commercial-industrial,19,Channel,0,10,girth,GIRTH,DESCRIPTION,1116
commercial-industrial,19,Channel,0,10,gauge,GAUGE,DESCRIPTION,16
commercial-industrial,19,Channel,0,10,weight_each_red_oxide,"WEIGHT EACH
RED OXIDE",DESCRIPTION,46.82#
commercial-industrial,19,Channel,0,10,weight_each_galvanized,"WEIGHT EACH
GALVANIZED",DESCRIPTION,48.49#
commercial-industrial,19,Channel,0,10,length,LENGTH,DESCRIPTION,"20'-0"""
commercial-industrial,19,Channel,0,10,red_oxide,RED OXIDE,PRICED PER EACH,✓
commercial-industrial,19,Channel,0,10,galvanized,GALVANIZED,PRICED PER EACH,✓
commercial-industrial,19,Channel,0,11,size,SIZE,DESCRIPTION,8% Xx 2
commercial-industrial,19,Channel,0,11,girth,GIRTH,DESCRIPTION,111%6
commercial-industrial,19,Channel,0,11,gauge,GAUGE,DESCRIPTION,16
commercial-industrial,19,Channel,0,11,weight_each_red_oxide,"WEIGHT EACH
RED OXIDE",DESCRIPTION,58.53#
commercial-industrial,19,Channel,0,11,weight_each_galvanized,"WEIGHT EACH
GALVANIZED",DESCRIPTION,60.62#
commercial-industrial,19,Channel,0,11,length,LENGTH,DESCRIPTION,"25'-0"""
commercial-industrial,19,Channel,0,11,red_oxide,RED OXIDE,PRICED PER EACH,✓
commercial-industrial,19,Channel,0,11,galvanized,GALVANIZED,PRICED PER EACH,✓
commercial-industrial,19,Channel,0,12,size,SIZE,DESCRIPTION,84% X2
commercial-industrial,19,Channel,0,12,girth,GIRTH,DESCRIPTION,111%6
commercial-industrial,19,Channel,0,12,gauge,GAUGE,DESCRIPTION,14
commercial-industrial,19,Channel,0,12,weight_each_red_oxide,"WEIGHT EACH
RED OXIDE",DESCRIPTION,56.02#
commercial-industrial,19,Channel,0,12,weight_each_galvanized,"WEIGHT EACH
GALVANIZED",DESCRIPTION,57.68#
commercial-industrial,19,Channel,0,12,length,LENGTH,DESCRIPTION,"20'-0"""
commercial-industrial,19,Channel,0,12,red_oxide,RED OXIDE,PRICED PER EACH,✓
commercial-industrial,19,Channel,0,12,galvanized,GALVANIZED,PRICED PER EACH,✓
commercial-industrial,19,Channel,0,13,size,SIZE,DESCRIPTION,8% x 2
commercial-industrial,19,Channel,0,13,girth,GIRTH,DESCRIPTION,111%6
commercial-industrial,19,Channel,0,13,gauge,GAUGE,DESCRIPTION,14
commercial-industrial,19,Channel,0,13,weight_each_red_oxide,"WEIGHT EACH
RED OXIDE",DESCRIPTION,70.02#
commercial-industrial,19,Channel,0,13,weight_each_galvanized,"WEIGHT EACH
GALVANIZED",DESCRIPTION,72.114
commercial-industrial,19,Channel,0,13,length,LENGTH,DESCRIPTION,"25'-0"""
commercial-industrial,19,Channel,0,13,red_oxide,RED OXIDE,PRICED PER EACH,✓
commercial-industrial,19,Channel,0,13,galvanized,GALVANIZED,PRICED PER EACH,✓
commercial-industrial,19,Channel,0,14,size,SIZE,DESCRIPTION,8% x2
commercial-industrial,19,Channel,0,14,girth,GIRTH,DESCRIPTION,111%6
commercial-industrial,19,Channel,0,14,gauge,GAUGE,DESCRIPTION,12
commercial-industrial,19,Channel,0,14,weight_each_red_oxide,"WEIGHT EACH
RED OXIDE",DESCRIPTION,83.61#
commercial-industrial,19,Channel,0,14,weight_each_galvanized,"WEIGHT EACH
GALVANIZED",DESCRIPTION,85.28#
commercial-industrial,19,Channel,0,14,length,LENGTH,DESCRIPTION,"20'-0"""
commercial-industrial,19,Channel,0,14,red_oxide,RED OXIDE,PRICED PER EACH,✓
commercial-industrial,19,Channel,0,14,galvanized,GALVANIZED,PRICED PER EACH,✓
commercial-industrial,19,Channel,0,15,size,SIZE,DESCRIPTION,8% x2
commercial-industrial,19,Channel,0,15,girth,GIRTH,DESCRIPTION,111%6
commercial-industrial,19,Channel,0,15,gauge,GAUGE,DESCRIPTION,12
commercial-industrial,19,Channel,0,15,weight_each_red_oxide,"WEIGHT EACH
RED OXIDE",DESCRIPTION,104.51#
commercial-industrial,19,Channel,0,15,weight_each_galvanized,"WEIGHT EACH
GALVANIZED",DESCRIPTION,106.60#
commercial-industrial,19,Channel,0,15,length,LENGTH,DESCRIPTION,"25'-0"""
commercial-industrial,19,Channel,0,15,red_oxide,RED OXIDE,PRICED PER EACH,✓
commercial-industrial,19,Channel,0,15,galvanized,GALVANIZED,PRICED PER EACH,✓
commercial-industrial,19,Channel,0,16,size,SIZE,DESCRIPTION,10% x 2
commercial-industrial,19,Channel,0,16,girth,GIRTH,DESCRIPTION,131%
commercial-industrial,19,Channel,0,16,gauge,GAUGE,DESCRIPTION,16
commercial-industrial,19,Channel,0,16,weight_each_red_oxide,"WEIGHT EACH
RED OXIDE",DESCRIPTION,54.67#
commercial-industrial,19,Channel,0,16,weight_each_galvanized,"WEIGHT EACH
GALVANIZED",DESCRIPTION,56.62#
commercial-industrial,19,Channel,0,16,length,LENGTH,DESCRIPTION,"20'-0"""
commercial-industrial,19,Channel,0,16,red_oxide,RED OXIDE,PRICED PER EACH,✓
commercial-industrial,19,Channel,0,16,galvanized,GALVANIZED,PRICED PER EACH,✓
commercial-industrial,19,Channel,0,17,size,SIZE,DESCRIPTION,10% x 2
commercial-industrial,19,Channel,0,17,girth,GIRTH,DESCRIPTION,131%6
commercial-industrial,19,Channel,0,17,gauge,GAUGE,DESCRIPTION,16
commercial-industrial,19,Channel,0,17,weight_each_red_oxide,"WEIGHT EACH
RED OXIDE",DESCRIPTION,68.33#
commercial-industrial,19,Channel,0,17,weight_each_galvanized,"WEIGHT EACH
GALVANIZED",DESCRIPTION,70.7 7#
commercial-industrial,19,Channel,0,17,length,LENGTH,DESCRIPTION,"25'-0"""
commercial-industrial,19,Channel,0,17,red_oxide,RED OXIDE,PRICED PER EACH,✓
commercial-industrial,19,Channel,0,17,galvanized,GALVANIZED,PRICED PER EACH,✓
commercial-industrial,19,Channel,0,18,size,SIZE,DESCRIPTION,10% x 2
commercial-industrial,19,Channel,0,18,girth,GIRTH,DESCRIPTION,131%6
commercial-industrial,19,Channel,0,18,gauge,GAUGE,DESCRIPTION,14
commercial-industrial,19,Channel,0,18,weight_each_red_oxide,"WEIGHT EACH
RED OXIDE",DESCRIPTION,65.40#
commercial-industrial,19,Channel,0,18,weight_each_galvanized,"WEIGHT EACH
GALVANIZED",DESCRIPTION,67.354
commercial-industrial,19,Channel,0,18,length,LENGTH,DESCRIPTION,"20'-0"""
commercial-industrial,19,Channel,0,18,red_oxide,RED OXIDE,PRICED PER EACH,✓
commercial-industrial,19,Channel,0,18,galvanized,GALVANIZED,PRICED PER EACH,✓
commercial-industrial,19,Channel,0,19,size,SIZE,DESCRIPTION,10%x2
commercial-industrial,19,Channel,0,19,girth,GIRTH,DESCRIPTION,13 %o
commercial-industrial,19,Channel,0,19,gauge,GAUGE,DESCRIPTION,14
commercial-industrial,19,Channel,0,19,weight_each_red_oxide,"WEIGHT EACH
RED OXIDE",DESCRIPTION,81.76#
commercial-industrial,19,Channel,0,19,weight_each_galvanized,"WEIGHT EACH
GALVANIZED",DESCRIPTION,84.194
commercial-industrial,19,Channel,0,19,length,LENGTH,DESCRIPTION,"25'-0"""
commercial-industrial,19,Channel,0,19,red_oxide,RED OXIDE,PRICED PER EACH,✓
commercial-industrial,19,Channel,0,19,galvanized,GALVANIZED,PRICED PER EACH,✓
commercial-industrial,19,Channel,0,20,size,SIZE,DESCRIPTION,10%x2
commercial-industrial,19,Channel,0,20,girth,GIRTH,DESCRIPTION,13 eo
commercial-industrial,19,Channel,0,20,gauge,GAUGE,DESCRIPTION,12
commercial-industrial,19,Channel,0,20,weight_each_red_oxide,"WEIGHT EACH
RED OXIDE",DESCRIPTION,97.62#
commercial-industrial,19,Channel,0,20,weight_each_galvanized,"WEIGHT EACH
GALVANIZED",DESCRIPTION,99.57#
commercial-industrial,19,Channel,0,20,length,LENGTH,DESCRIPTION,"20'-0"""
commercial-industrial,19,Channel,0,20,red_oxide,RED OXIDE,PRICED PER EACH,✓
commercial-industrial,19,Channel,0,20,galvanized,GALVANIZED,PRICED PER EACH,✓
commercial-industrial,19,Channel,0,21,size,SIZE,DESCRIPTION,10%x2
commercial-industrial,19,Channel,0,21,girth,GIRTH,DESCRIPTION,13 eo
commercial-industrial,19,Channel,0,21,gauge,GAUGE,DESCRIPTION,12
commercial-industrial,19,Channel,0,21,weight_each_red_oxide,"WEIGHT EACH
RED OXIDE",DESCRIPTION,122.02#
commercial-industrial,19,Channel,0,21,weight_each_galvanized,"WEIGHT EACH
GALVANIZED",DESCRIPTION,124.46#
commercial-industrial,19,Channel,0,21,length,LENGTH,DESCRIPTION,"25'-0"""
commercial-industrial,19,Channel,0,21,red_oxide,RED OXIDE,PRICED PER EACH,✓
commercial-industrial,19,Channel,0,21,galvanized,GALVANIZED,PRICED PER EACH,✓
commercial-industrial,20,"Angle -2x2,2x4,and3x3",0,0,size,SIZE,DESCRIPTION,2x2
commercial-industrial,20,"Angle -2x2,2x4,and3x3",0,0,gauge,GAUGE,DESCRIPTION,14
commercial-industrial,20,"Angle -2x2,2x4,and3x3",0,0,finish,FINISH,DESCRIPTION,Red Oxide
commercial-industrial,20,"Angle -2x2,2x4,and3x3",0,0,weight_each,WEIGHT EACH,DESCRIPTION,18.48#
commercial-industrial,20,"Angle -2x2,2x4,and3x3",0,0,length,LENGTH,DESCRIPTION,"20'-0"""
commercial-industrial,20,"Angle -2x2,2x4,and3x3",0,0,price,PRICE,,✓
commercial-industrial,20,"Angle -2x2,2x4,and3x3",0,1,size,SIZE,DESCRIPTION,2x2
commercial-industrial,20,"Angle -2x2,2x4,and3x3",0,1,gauge,GAUGE,DESCRIPTION,14
commercial-industrial,20,"Angle -2x2,2x4,and3x3",0,1,finish,FINISH,DESCRIPTION,Galvanized
commercial-industrial,20,"Angle -2x2,2x4,and3x3",0,1,weight_each,WEIGHT EACH,DESCRIPTION,19.03#
commercial-industrial,20,"Angle -2x2,2x4,and3x3",0,1,length,LENGTH,DESCRIPTION,"20'-0"""
commercial-industrial,20,"Angle -2x2,2x4,and3x3",0,1,price,PRICE,,✓
commercial-industrial,20,"Angle -2x2,2x4,and3x3",0,2,size,SIZE,DESCRIPTION,2X2
commercial-industrial,20,"Angle -2x2,2x4,and3x3",0,2,gauge,GAUGE,DESCRIPTION,16
commercial-industrial,20,"Angle -2x2,2x4,and3x3",0,2,finish,FINISH,DESCRIPTION,Red Oxide
commercial-industrial,20,"Angle -2x2,2x4,and3x3",0,2,weight_each,WEIGHT EACH,DESCRIPTION,15.44#
commercial-industrial,20,"Angle -2x2,2x4,and3x3",0,2,length,LENGTH,DESCRIPTION,"20'-0"""
commercial-industrial,20,"Angle -2x2,2x4,and3x3",0,2,price,PRICE,,✓
commercial-industrial,20,"Angle -2x2,2x4,and3x3",0,3,size,SIZE,DESCRIPTION,2x2
commercial-industrial,20,"Angle -2x2,2x4,and3x3",0,3,gauge,GAUGE,DESCRIPTION,16
commercial-industrial,20,"Angle -2x2,2x4,and3x3",0,3,finish,FINISH,DESCRIPTION,Galvanized
commercial-industrial,20,"Angle -2x2,2x4,and3x3",0,3,weight_each,WEIGHT EACH,DESCRIPTION,16.00#
commercial-industrial,20,"Angle -2x2,2x4,and3x3",0,3,length,LENGTH,DESCRIPTION,"20'-0"""
commercial-industrial,20,"Angle -2x2,2x4,and3x3",0,3,price,PRICE,,✓
commercial-industrial,20,"Angle -2x2,2x4,and3x3",0,4,size,SIZE,DESCRIPTION,2x4
commercial-industrial,20,"Angle -2x2,2x4,and3x3",0,4,gauge,GAUGE,DESCRIPTION,14
commercial-industrial,20,"Angle -2x2,2x4,and3x3",0,4,finish,FINISH,DESCRIPTION,Red Oxide
commercial-industrial,20,"Angle -2x2,2x4,and3x3",0,4,weight_each,WEIGHT EACH,DESCRIPTION,27.860#
commercial-industrial,20,"Angle -2x2,2x4,and3x3",0,4,length,LENGTH,DESCRIPTION,"20'-0"""
commercial-industrial,20,"Angle -2x2,2x4,and3x3",0,4,price,PRICE,,✓
commercial-industrial,20,"Angle -2x2,2x4,and3x3",0,5,size,SIZE,DESCRIPTION,2x4
commercial-industrial,20,"Angle -2x2,2x4,and3x3",0,5,gauge,GAUGE,DESCRIPTION,14
commercial-industrial,20,"Angle -2x2,2x4,and3x3",0,5,finish,FINISH,DESCRIPTION,Galvanized
commercial-industrial,20,"Angle -2x2,2x4,and3x3",0,5,weight_each,WEIGHT EACH,DESCRIPTION,28.69#
commercial-industrial,20,"Angle -2x2,2x4,and3x3",0,5,length,LENGTH,DESCRIPTION,"20'-0"""
commercial-industrial,20,"Angle -2x2,2x4,and3x3",0,5,price,PRICE,,✓
commercial-industrial,20,"Angle -2x2,2x4,and3x3",0,6,size,SIZE,DESCRIPTION,2x4
commercial-industrial,20,"Angle -2x2,2x4,and3x3",0,6,gauge,GAUGE,DESCRIPTION,16
commercial-industrial,20,"Angle -2x2,2x4,and3x3",0,6,finish,FINISH,DESCRIPTION,Red Oxide
commercial-industrial,20,"Angle -2x2,2x4,and3x3",0,6,weight_each,WEIGHT EACH,DESCRIPTION,23.294
commercial-industrial,20,"Angle -2x2,2x4,and3x3",0,6,length,LENGTH,DESCRIPTION,"20'-0"""
commercial-industrial,20,"Angle -2x2,2x4,and3x3",0,6,price,PRICE,,✓
commercial-industrial,20,"Angle -2x2,2x4,and3x3",0,7,size,SIZE,DESCRIPTION,2x4
commercial-industrial,20,"Angle -2x2,2x4,and3x3",0,7,gauge,GAUGE,DESCRIPTION,16
commercial-industrial,20,"Angle -2x2,2x4,and3x3",0,7,finish,FINISH,DESCRIPTION,Galvanized
commercial-industrial,20,"Angle -2x2,2x4,and3x3",0,7,weight_each,WEIGHT EACH,DESCRIPTION,24.124
commercial-industrial,20,"Angle -2x2,2x4,and3x3",0,7,length,LENGTH,DESCRIPTION,"20'-0"""
commercial-industrial,20,"Angle -2x2,2x4,and3x3",0,7,price,PRICE,,✓
commercial-industrial,20,"Angle -2x2,2x4,and3x3",0,8,size,SIZE,DESCRIPTION,3x3
commercial-industrial,20,"Angle -2x2,2x4,and3x3",0,8,gauge,GAUGE,DESCRIPTION,14
commercial-industrial,20,"Angle -2x2,2x4,and3x3",0,8,finish,FINISH,DESCRIPTION,Red Oxide
commercial-industrial,20,"Angle -2x2,2x4,and3x3",0,8,weight_each,WEIGHT EACH,DESCRIPTION,27.86#
commercial-industrial,20,"Angle -2x2,2x4,and3x3",0,8,length,LENGTH,DESCRIPTION,"20'-0"""
commercial-industrial,20,"Angle -2x2,2x4,and3x3",0,8,price,PRICE,,✓
commercial-industrial,20,"Angle -2x2,2x4,and3x3",0,9,size,SIZE,DESCRIPTION,3x3
commercial-industrial,20,"Angle -2x2,2x4,and3x3",0,9,gauge,GAUGE,DESCRIPTION,14
commercial-industrial,20,"Angle -2x2,2x4,and3x3",0,9,finish,FINISH,DESCRIPTION,Galvanized
commercial-industrial,20,"Angle -2x2,2x4,and3x3",0,9,weight_each,WEIGHT EACH,DESCRIPTION,28.69#
commercial-industrial,20,"Angle -2x2,2x4,and3x3",0,9,length,LENGTH,DESCRIPTION,"20'-0"""
commercial-industrial,20,"Angle -2x2,2x4,and3x3",0,9,price,PRICE,,✓
commercial-industrial,20,"Angle -2x2,2x4,and3x3",0,10,size,SIZE,DESCRIPTION,3x3
commercial-industrial,20,"Angle -2x2,2x4,and3x3",0,10,gauge,GAUGE,DESCRIPTION,16
commercial-industrial,20,"Angle -2x2,2x4,and3x3",0,10,finish,FINISH,DESCRIPTION,Red Oxide
commercial-industrial,20,"Angle -2x2,2x4,and3x3",0,10,weight_each,WEIGHT EACH,DESCRIPTION,23.29#
commercial-industrial,20,"Angle -2x2,2x4,and3x3",0,10,length,LENGTH,DESCRIPTION,"20'-0"""
commercial-industrial,20,"Angle -2x2,2x4,and3x3",0,10,price,PRICE,,✓
commercial-industrial,20,"Angle -2x2,2x4,and3x3",0,11,size,SIZE,DESCRIPTION,3x3
commercial-industrial,20,"Angle -2x2,2x4,and3x3",0,11,gauge,GAUGE,DESCRIPTION,16
commercial-industrial,20,"Angle -2x2,2x4,and3x3",0,11,finish,FINISH,DESCRIPTION,Galvanized
commercial-industrial,20,"Angle -2x2,2x4,and3x3",0,11,weight_each,WEIGHT EACH,DESCRIPTION,24.12#
commercial-industrial,20,"Angle -2x2,2x4,and3x3",0,11,length,LENGTH,DESCRIPTION,"20'-0"""
commercial-industrial,20,"Angle -2x2,2x4,and3x3",0,11,price,PRICE,,✓
commercial-industrial,21,"Eave Strut - 8"" Nominal Height - Custom Length",0,0,size,SIZE,DESCRIPTION,8x5x 3-3/8
commercial-industrial,21,"Eave Strut - 8"" Nominal Height - Custom Length",0,0,gauge,GAUGE,DESCRIPTION,14
commercial-industrial,21,"Eave Strut - 8"" Nominal Height - Custom Length",0,0,finish,FINISH,DESCRIPTION,Red Oxide
commercial-industrial,21,"Eave Strut - 8"" Nominal Height - Custom Length",0,0,column_4,,WEIGHT PER LF,4.61#
commercial-industrial,21,"Eave Strut - 8"" Nominal Height - Custom Length",0,0,column_6,,PRICED PER 100 LF,✓
commercial-industrial,21,"Eave Strut - 8"" Nominal Height - Custom Length",0,1,size,SIZE,DESCRIPTION,8X5 Xx 3-3/8
commercial-industrial,21,"Eave Strut - 8"" Nominal Height - Custom Length",0,1,gauge,GAUGE,DESCRIPTION,14
commercial-industrial,21,"Eave Strut - 8"" Nominal Height - Custom Length",0,1,finish,FINISH,DESCRIPTION,Dark Gray
commercial-industrial,21,"Eave Strut - 8"" Nominal Height - Custom Length",0,1,column_4,,WEIGHT PER LF,4.01#
commercial-industrial,21,"Eave Strut - 8"" Nominal Height - Custom Length",0,1,column_6,,PRICED PER 100 LF,✓
commercial-industrial,21,"Eave Strut - 8"" Nominal Height - Custom Length",0,2,size,SIZE,DESCRIPTION,8x5x 3-3/8
commercial-industrial,21,"Eave Strut - 8"" Nominal Height - Custom Length",0,2,gauge,GAUGE,DESCRIPTION,14
commercial-industrial,21,"Eave Strut - 8"" Nominal Height - Custom Length",0,2,finish,FINISH,DESCRIPTION,Galvanized
commercial-industrial,21,"Eave Strut - 8"" Nominal Height - Custom Length",0,2,column_4,,WEIGHT PER LF,4.601#
commercial-industrial,21,"Eave Strut - 8"" Nominal Height - Custom Length",0,2,column_6,,PRICED PER 100 LF,✓
commercial-industrial,21,"Eave Strut - 8"" Nominal Height - Custom Length",0,3,size,SIZE,DESCRIPTION,8X5 xX 3-3/8
commercial-industrial,21,"Eave Strut - 8"" Nominal Height - Custom Length",0,3,gauge,GAUGE,DESCRIPTION,12
commercial-industrial,21,"Eave Strut - 8"" Nominal Height - Custom Length",0,3,finish,FINISH,DESCRIPTION,Red Oxide
commercial-industrial,21,"Eave Strut - 8"" Nominal Height - Custom Length",0,3,column_4,,WEIGHT PER LF,6.92#
commercial-industrial,21,"Eave Strut - 8"" Nominal Height - Custom Length",0,3,column_6,,PRICED PER 100 LF,✓
commercial-industrial,21,"Eave Strut - 8"" Nominal Height - Custom Length",0,4,size,SIZE,DESCRIPTION,8x 5x 3-3/8
commercial-industrial,21,"Eave Strut - 8"" Nominal Height - Custom Length",0,4,gauge,GAUGE,DESCRIPTION,12
commercial-industrial,21,"Eave Strut - 8"" Nominal Height - Custom Length",0,4,finish,FINISH,DESCRIPTION,Dark Gray
commercial-industrial,21,"Eave Strut - 8"" Nominal Height - Custom Length",0,4,column_4,,WEIGHT PER LF,6.92#
commercial-industrial,21,"Eave Strut - 8"" Nominal Height - Custom Length",0,4,column_6,,PRICED PER 100 LF,✓
commercial-industrial,21,"Eave Strut - 8"" Nominal Height - Custom Length",0,5,size,SIZE,DESCRIPTION,8x5x 3-3/8
commercial-industrial,21,"Eave Strut - 8"" Nominal Height - Custom Length",0,5,gauge,GAUGE,DESCRIPTION,12
commercial-industrial,21,"Eave Strut - 8"" Nominal Height - Custom Length",0,5,finish,FINISH,DESCRIPTION,Galvanized
commercial-industrial,21,"Eave Strut - 8"" Nominal Height - Custom Length",0,5,column_4,,WEIGHT PER LF,6.92#
commercial-industrial,21,"Eave Strut - 8"" Nominal Height - Custom Length",0,5,column_6,,PRICED PER 100 LF,✓
commercial-industrial,21,"Eave Strut - 8"" Nominal Height - Custom Length",0,6,size,SIZE,DESCRIPTION,8x5x5
commercial-industrial,21,"Eave Strut - 8"" Nominal Height - Custom Length",0,6,gauge,GAUGE,DESCRIPTION,14
commercial-industrial,21,"Eave Strut - 8"" Nominal Height - Custom Length",0,6,finish,FINISH,DESCRIPTION,Red Oxide
commercial-industrial,21,"Eave Strut - 8"" Nominal Height - Custom Length",0,6,column_4,,WEIGHT PER LF,4.04#
commercial-industrial,21,"Eave Strut - 8"" Nominal Height - Custom Length",0,6,column_6,,PRICED PER 100 LF,✓
commercial-industrial,21,"Eave Strut - 8"" Nominal Height - Custom Length",0,7,size,SIZE,DESCRIPTION,8x5x5
commercial-industrial,21,"Eave Strut - 8"" Nominal Height - Custom Length",0,7,gauge,GAUGE,DESCRIPTION,14
commercial-industrial,21,"Eave Strut - 8"" Nominal Height - Custom Length",0,7,finish,FINISH,DESCRIPTION,Dark Gray
commercial-industrial,21,"Eave Strut - 8"" Nominal Height - Custom Length",0,7,column_4,,WEIGHT PER LF,4.644
commercial-industrial,21,"Eave Strut - 8"" Nominal Height - Custom Length",0,7,column_6,,PRICED PER 100 LF,✓
commercial-industrial,21,"Eave Strut - 8"" Nominal Height - Custom Length",0,8,size,SIZE,DESCRIPTION,8x5x5
commercial-industrial,21,"Eave Strut - 8"" Nominal Height - Custom Length",0,8,gauge,GAUGE,DESCRIPTION,14
commercial-industrial,21,"Eave Strut - 8"" Nominal Height - Custom Length",0,8,finish,FINISH,DESCRIPTION,Galvanized
commercial-industrial,21,"Eave Strut - 8"" Nominal Height - Custom Length",0,8,column_4,,WEIGHT PER LF,4.644
commercial-industrial,21,"Eave Strut - 8"" Nominal Height - Custom Length",0,8,column_6,,PRICED PER 100 LF,✓
commercial-industrial,21,"Eave Strut - 8"" Nominal Height - Custom Length",0,9,size,SIZE,DESCRIPTION,8x5x5
commercial-industrial,21,"Eave Strut - 8"" Nominal Height - Custom Length",0,9,gauge,GAUGE,DESCRIPTION,12
commercial-industrial,21,"Eave Strut - 8"" Nominal Height - Custom Length",0,9,finish,FINISH,DESCRIPTION,Red Oxide
commercial-industrial,21,"Eave Strut - 8"" Nominal Height - Custom Length",0,9,column_4,,WEIGHT PER LF,6.90#
commercial-industrial,21,"Eave Strut - 8"" Nominal Height - Custom Length",0,9,column_6,,PRICED PER 100 LF,✓
commercial-industrial,21,"Eave Strut - 8"" Nominal Height - Custom Length",0,10,size,SIZE,DESCRIPTION,8x5x5
commercial-industrial,21,"Eave Strut - 8"" Nominal Height - Custom Length",0,10,gauge,GAUGE,DESCRIPTION,12
commercial-industrial,21,"Eave Strut - 8"" Nominal Height - Custom Length",0,10,finish,FINISH,DESCRIPTION,Dark Gray
commercial-industrial,21,"Eave Strut - 8"" Nominal Height - Custom Length",0,10,column_4,,WEIGHT PER LF,6.90#
commercial-industrial,21,"Eave Strut - 8"" Nominal Height - Custom Length",0,10,column_6,,PRICED PER 100 LF,✓
commercial-industrial,21,"Eave Strut - 8"" Nominal Height - Custom Length",0,11,size,SIZE,DESCRIPTION,8x5x5
commercial-industrial,21,"Eave Strut - 8"" Nominal Height - Custom Length",0,11,gauge,GAUGE,DESCRIPTION,12
commercial-industrial,21,"Eave Strut - 8"" Nominal Height - Custom Length",0,11,finish,FINISH,DESCRIPTION,Galvanized
commercial-industrial,21,"Eave Strut - 8"" Nominal Height - Custom Length",0,11,column_4,,WEIGHT PER LF,6.90#
commercial-industrial,21,"Eave Strut - 8"" Nominal Height - Custom Length",0,11,column_6,,PRICED PER 100 LF,✓
commercial-industrial,22,"Eave Strut - 10"" Nominal Height - Custom Length",0,0,size,SIZE,DESCRIPTION,10x 5x 3-3/8
commercial-industrial,22,"Eave Strut - 10"" Nominal Height - Custom Length",0,0,gauge,GAUGE,DESCRIPTION,14
commercial-industrial,22,"Eave Strut - 10"" Nominal Height - Custom Length",0,0,finish,FINISH,DESCRIPTION,Red Oxide
commercial-industrial,22,"Eave Strut - 10"" Nominal Height - Custom Length",0,0,column_4,,WEIGHT PER LF,5.12#
commercial-industrial,22,"Eave Strut - 10"" Nominal Height - Custom Length",0,0,column_6,,PRICED PER 100 LF,✓
commercial-industrial,22,"Eave Strut - 10"" Nominal Height - Custom Length",0,1,size,SIZE,DESCRIPTION,10x 5x 3-3/8
commercial-industrial,22,"Eave Strut - 10"" Nominal Height - Custom Length",0,1,gauge,GAUGE,DESCRIPTION,14
commercial-industrial,22,"Eave Strut - 10"" Nominal Height - Custom Length",0,1,finish,FINISH,DESCRIPTION,Dark Gray
commercial-industrial,22,"Eave Strut - 10"" Nominal Height - Custom Length",0,1,column_4,,WEIGHT PER LF,5.12#
commercial-industrial,22,"Eave Strut - 10"" Nominal Height - Custom Length",0,1,column_6,,PRICED PER 100 LF,✓
commercial-industrial,22,"Eave Strut - 10"" Nominal Height - Custom Length",0,2,size,SIZE,DESCRIPTION,10 x 5 x 3-3/8
commercial-industrial,22,"Eave Strut - 10"" Nominal Height - Custom Length",0,2,gauge,GAUGE,DESCRIPTION,14
commercial-industrial,22,"Eave Strut - 10"" Nominal Height - Custom Length",0,2,finish,FINISH,DESCRIPTION,Galvanized
commercial-industrial,22,"Eave Strut - 10"" Nominal Height - Custom Length",0,2,column_4,,WEIGHT PER LF,5.12#
commercial-industrial,22,"Eave Strut - 10"" Nominal Height - Custom Length",0,2,column_6,,PRICED PER 100 LF,✓
commercial-industrial,22,"Eave Strut - 10"" Nominal Height - Custom Length",0,3,size,SIZE,DESCRIPTION,10x 5x 3-3/8
commercial-industrial,22,"Eave Strut - 10"" Nominal Height - Custom Length",0,3,gauge,GAUGE,DESCRIPTION,12
commercial-industrial,22,"Eave Strut - 10"" Nominal Height - Custom Length",0,3,finish,FINISH,DESCRIPTION,Red Oxide
commercial-industrial,22,"Eave Strut - 10"" Nominal Height - Custom Length",0,3,column_4,,WEIGHT PER LF,7 OOF
commercial-industrial,22,"Eave Strut - 10"" Nominal Height - Custom Length",0,3,column_6,,PRICED PER 100 LF,✓
commercial-industrial,22,"Eave Strut - 10"" Nominal Height - Custom Length",0,4,size,SIZE,DESCRIPTION,10x 5x 3-3/8
commercial-industrial,22,"Eave Strut - 10"" Nominal Height - Custom Length",0,4,gauge,GAUGE,DESCRIPTION,12
commercial-industrial,22,"Eave Strut - 10"" Nominal Height - Custom Length",0,4,finish,FINISH,DESCRIPTION,Dark Gray
commercial-industrial,22,"Eave Strut - 10"" Nominal Height - Custom Length",0,4,column_4,,WEIGHT PER LF,7 69#
commercial-industrial,22,"Eave Strut - 10"" Nominal Height - Custom Length",0,4,column_6,,PRICED PER 100 LF,✓
commercial-industrial,22,"Eave Strut - 10"" Nominal Height - Custom Length",0,5,size,SIZE,DESCRIPTION,10x 5 x 3-3/8
commercial-industrial,22,"Eave Strut - 10"" Nominal Height - Custom Length",0,5,gauge,GAUGE,DESCRIPTION,12
commercial-industrial,22,"Eave Strut - 10"" Nominal Height - Custom Length",0,5,finish,FINISH,DESCRIPTION,Galvanized
commercial-industrial,22,"Eave Strut - 10"" Nominal Height - Custom Length",0,5,column_4,,WEIGHT PER LF,7. O9#
commercial-industrial,22,"Eave Strut - 10"" Nominal Height - Custom Length",0,5,column_6,,PRICED PER 100 LF,✓
commercial-industrial,22,"Eave Strut - 10"" Nominal Height - Custom Length",0,6,size,SIZE,DESCRIPTION,10x5x5
commercial-industrial,22,"Eave Strut - 10"" Nominal Height - Custom Length",0,6,gauge,GAUGE,DESCRIPTION,14
commercial-industrial,22,"Eave Strut - 10"" Nominal Height - Custom Length",0,6,finish,FINISH,DESCRIPTION,Red Oxide
commercial-industrial,22,"Eave Strut - 10"" Nominal Height - Custom Length",0,6,column_4,,WEIGHT PER LF,5.10#
commercial-industrial,22,"Eave Strut - 10"" Nominal Height - Custom Length",0,6,column_6,,PRICED PER 100 LF,✓
commercial-industrial,22,"Eave Strut - 10"" Nominal Height - Custom Length",0,7,size,SIZE,DESCRIPTION,10x5x5
commercial-industrial,22,"Eave Strut - 10"" Nominal Height - Custom Length",0,7,gauge,GAUGE,DESCRIPTION,14
commercial-industrial,22,"Eave Strut - 10"" Nominal Height - Custom Length",0,7,finish,FINISH,DESCRIPTION,Dark Gray
commercial-industrial,22,"Eave Strut - 10"" Nominal Height - Custom Length",0,7,column_4,,WEIGHT PER LF,5.10#
commercial-industrial,22,"Eave Strut - 10"" Nominal Height - Custom Length",0,7,column_6,,PRICED PER 100 LF,✓
commercial-industrial,22,"Eave Strut - 10"" Nominal Height - Custom Length",0,8,size,SIZE,DESCRIPTION,10x5x5
commercial-industrial,22,"Eave Strut - 10"" Nominal Height - Custom Length",0,8,gauge,GAUGE,DESCRIPTION,14
commercial-industrial,22,"Eave Strut - 10"" Nominal Height - Custom Length",0,8,finish,FINISH,DESCRIPTION,Galvanized
commercial-industrial,22,"Eave Strut - 10"" Nominal Height - Custom Length",0,8,column_4,,WEIGHT PER LF,5.10#
commercial-industrial,22,"Eave Strut - 10"" Nominal Height - Custom Length",0,8,column_6,,PRICED PER 100 LF,✓
commercial-industrial,22,"Eave Strut - 10"" Nominal Height - Custom Length",0,9,size,SIZE,DESCRIPTION,10x5x5
commercial-industrial,22,"Eave Strut - 10"" Nominal Height - Custom Length",0,9,gauge,GAUGE,DESCRIPTION,12
commercial-industrial,22,"Eave Strut - 10"" Nominal Height - Custom Length",0,9,finish,FINISH,DESCRIPTION,Red Oxide
commercial-industrial,22,"Eave Strut - 10"" Nominal Height - Custom Length",0,9,column_4,,WEIGHT PER LF,7 58H
commercial-industrial,22,"Eave Strut - 10"" Nominal Height - Custom Length",0,9,column_6,,PRICED PER 100 LF,✓
commercial-industrial,22,"Eave Strut - 10"" Nominal Height - Custom Length",0,10,size,SIZE,DESCRIPTION,10x5x5
commercial-industrial,22,"Eave Strut - 10"" Nominal Height - Custom Length",0,10,gauge,GAUGE,DESCRIPTION,12
commercial-industrial,22,"Eave Strut - 10"" Nominal Height - Custom Length",0,10,finish,FINISH,DESCRIPTION,Dark Gray
commercial-industrial,22,"Eave Strut - 10"" Nominal Height - Custom Length",0,10,column_4,,WEIGHT PER LF,7 58#
commercial-industrial,22,"Eave Strut - 10"" Nominal Height - Custom Length",0,10,column_6,,PRICED PER 100 LF,✓
commercial-industrial,22,"Eave Strut - 10"" Nominal Height - Custom Length",0,11,size,SIZE,DESCRIPTION,10x5x5
commercial-industrial,22,"Eave Strut - 10"" Nominal Height - Custom Length",0,11,gauge,GAUGE,DESCRIPTION,12
commercial-industrial,22,"Eave Strut - 10"" Nominal Height - Custom Length",0,11,finish,FINISH,DESCRIPTION,Galvanized
commercial-industrial,22,"Eave Strut - 10"" Nominal Height - Custom Length",0,11,column_4,,WEIGHT PER LF,7 58#
commercial-industrial,22,"Eave Strut - 10"" Nominal Height - Custom Length",0,11,column_6,,PRICED PER 100 LF,✓
commercial-industrial,23,Custom Structural Shapes,0,0,column_1,,,DESCRIPTION
commercial-industrial,23,Custom Structural Shapes,0,0,column_4,,,PRICED PER 100 LF
commercial-industrial,23,Custom Structural Shapes,0,1,column_1,,,PART #
commercial-industrial,23,Custom Structural Shapes,0,1,column_2,,,GIRTH
commercial-industrial,23,Custom Structural Shapes,0,1,column_3,,,GAUGE
commercial-industrial,23,Custom Structural Shapes,0,1,column_4,,,RED OXIDE
commercial-industrial,23,Custom Structural Shapes,0,1,column_5,,,GALVANIZED
commercial-industrial,23,Custom Structural Shapes,0,2,column_1,,,PLO3
commercial-industrial,23,Custom Structural Shapes,0,2,column_2,,,"316"""
commercial-industrial,23,Custom Structural Shapes,0,2,column_3,,,16
commercial-industrial,23,Custom Structural Shapes,0,2,column_4,,,v
commercial-industrial,23,Custom Structural Shapes,0,2,column_5,,,v
commercial-industrial,23,Custom Structural Shapes,0,3,column_1,,,PLO3
commercial-industrial,23,Custom Structural Shapes,0,3,column_2,,,"316"""
commercial-industrial,23,Custom Structural Shapes,0,3,column_3,,,14
commercial-industrial,23,Custom Structural Shapes,0,3,column_4,,,v
commercial-industrial,23,Custom Structural Shapes,0,3,column_5,,,v
commercial-industrial,23,Custom Structural Shapes,0,4,column_1,,,PLO5
commercial-industrial,23,Custom Structural Shapes,0,4,column_2,,,51546
commercial-industrial,23,Custom Structural Shapes,0,4,column_3,,,16
commercial-industrial,23,Custom Structural Shapes,0,4,column_4,,,v
commercial-industrial,23,Custom Structural Shapes,0,4,column_5,,,v
commercial-industrial,23,Custom Structural Shapes,0,5,column_1,,,PLO5
commercial-industrial,23,Custom Structural Shapes,0,5,column_2,,,516
commercial-industrial,23,Custom Structural Shapes,0,5,column_3,,,14
commercial-industrial,23,Custom Structural Shapes,0,5,column_4,,,v
commercial-industrial,23,Custom Structural Shapes,0,5,column_5,,,v
commercial-industrial,23,Custom Structural Shapes,0,6,column_1,,,PLO7
commercial-industrial,23,Custom Structural Shapes,0,6,column_2,,,"76"""
commercial-industrial,23,Custom Structural Shapes,0,6,column_3,,,16
commercial-industrial,23,Custom Structural Shapes,0,6,column_4,,,v
commercial-industrial,23,Custom Structural Shapes,0,6,column_5,,,v
commercial-industrial,23,Custom Structural Shapes,0,7,column_1,,,PLO7
commercial-industrial,23,Custom Structural Shapes,0,7,column_2,,,"716"""
commercial-industrial,23,Custom Structural Shapes,0,7,column_3,,,14
commercial-industrial,23,Custom Structural Shapes,0,7,column_4,,,v
commercial-industrial,23,Custom Structural Shapes,0,7,column_5,,,v
commercial-industrial,23,Custom Structural Shapes,0,8,column_1,,,PLO8&
commercial-industrial,23,Custom Structural Shapes,0,8,column_2,,,816
commercial-industrial,23,Custom Structural Shapes,0,8,column_3,,,16
commercial-industrial,23,Custom Structural Shapes,0,8,column_4,,,v
commercial-industrial,23,Custom Structural Shapes,0,8,column_5,,,v
commercial-industrial,23,Custom Structural Shapes,0,9,column_1,,,PLO8
commercial-industrial,23,Custom Structural Shapes,0,9,column_2,,,816
commercial-industrial,23,Custom Structural Shapes,0,9,column_3,,,14
commercial-industrial,23,Custom Structural Shapes,0,9,column_4,,,v
commercial-industrial,23,Custom Structural Shapes,0,9,column_5,,,v
commercial-industrial,23,Custom Structural Shapes,0,10,column_1,,,PLO9
commercial-industrial,23,Custom Structural Shapes,0,10,column_2,,,"916"""
commercial-industrial,23,Custom Structural Shapes,0,10,column_3,,,16
commercial-industrial,23,Custom Structural Shapes,0,10,column_4,,,v
commercial-industrial,23,Custom Structural Shapes,0,10,column_5,,,v
commercial-industrial,23,Custom Structural Shapes,0,11,column_1,,,PLO9
commercial-industrial,23,Custom Structural Shapes,0,11,column_2,,,"916"""
commercial-industrial,23,Custom Structural Shapes,0,11,column_3,,,14
commercial-industrial,23,Custom Structural Shapes,0,11,column_4,,,v
commercial-industrial,23,Custom Structural Shapes,0,11,column_5,,,v
commercial-industrial,23,Custom Structural Shapes,0,12,column_1,,,PLO10
commercial-industrial,23,Custom Structural Shapes,0,12,column_2,,,1016
commercial-industrial,23,Custom Structural Shapes,0,12,column_3,,,16
commercial-industrial,23,Custom Structural Shapes,0,12,column_4,,,v
commercial-industrial,23,Custom Structural Shapes,0,12,column_5,,,v
commercial-industrial,23,Custom Structural Shapes,0,13,column_1,,,PLO10
commercial-industrial,23,Custom Structural Shapes,0,13,column_2,,,"1016"""
commercial-industrial,23,Custom Structural Shapes,0,13,column_3,,,14
commercial-industrial,23,Custom Structural Shapes,0,13,column_4,,,v
commercial-industrial,23,Custom Structural Shapes,0,13,column_5,,,v
commercial-industrial,23,Custom Structural Shapes,0,14,column_1,,,PLO11
commercial-industrial,23,Custom Structural Shapes,0,14,column_2,,,"1116"""
commercial-industrial,23,Custom Structural Shapes,0,14,column_3,,,16
commercial-industrial,23,Custom Structural Shapes,0,14,column_4,,,v
commercial-industrial,23,Custom Structural Shapes,0,14,column_5,,,v
commercial-industrial,23,Custom Structural Shapes,0,15,column_1,,,PLO11
commercial-industrial,23,Custom Structural Shapes,0,15,column_2,,,"1116"""
commercial-industrial,23,Custom Structural Shapes,0,15,column_3,,,14
commercial-industrial,23,Custom Structural Shapes,0,15,column_4,,,v
commercial-industrial,23,Custom Structural Shapes,0,15,column_5,,,v
commercial-industrial,23,Custom Structural Shapes,0,16,column_1,,,PLO12
commercial-industrial,23,Custom Structural Shapes,0,16,column_2,,,"1216"""
commercial-industrial,23,Custom Structural Shapes,0,16,column_3,,,16
commercial-industrial,23,Custom Structural Shapes,0,16,column_4,,,v
commercial-industrial,23,Custom Structural Shapes,0,16,column_5,,,v
commercial-industrial,23,Custom Structural Shapes,0,17,column_1,,,PLO12
commercial-industrial,23,Custom Structural Shapes,0,17,column_2,,,"1216"""
commercial-industrial,23,Custom Structural Shapes,0,17,column_3,,,14
commercial-industrial,23,Custom Structural Shapes,0,17,column_4,,,v
commercial-industrial,23,Custom Structural Shapes,0,17,column_5,,,v
commercial-industrial,23,Custom Structural Shapes,0,18,column_1,,,PLO13
commercial-industrial,23,Custom Structural Shapes,0,18,column_2,,,"1316"""
commercial-industrial,23,Custom Structural Shapes,0,18,column_3,,,16
commercial-industrial,23,Custom Structural Shapes,0,18,column_4,,,v
commercial-industrial,23,Custom Structural Shapes,0,18,column_5,,,v
commercial-industrial,23,Custom Structural Shapes,0,19,column_1,,,PLO13
commercial-industrial,23,Custom Structural Shapes,0,19,column_2,,,"1316"""
commercial-industrial,23,Custom Structural Shapes,0,19,column_3,,,14
commercial-industrial,23,Custom Structural Shapes,0,19,column_4,,,v
commercial-industrial,23,Custom Structural Shapes,0,19,column_5,,,v
commercial-industrial,23,Custom Structural Shapes,0,20,column_1,,,PLO13
commercial-industrial,23,Custom Structural Shapes,0,20,column_2,,,"1316"""
commercial-industrial,23,Custom Structural Shapes,0,20,column_3,,,12
commercial-industrial,23,Custom Structural Shapes,0,20,column_4,,,v
commercial-industrial,23,Custom Structural Shapes,0,20,column_5,,,v
commercial-industrial,23,Custom Structural Shapes,0,21,column_1,,,PLO14
commercial-industrial,23,Custom Structural Shapes,0,21,column_2,,,"141546"""
commercial-industrial,23,Custom Structural Shapes,0,21,column_3,,,16
commercial-industrial,23,Custom Structural Shapes,0,21,column_4,,,v
commercial-industrial,23,Custom Structural Shapes,0,21,column_5,,,v
commercial-industrial,23,Custom Structural Shapes,0,22,column_1,,,PLO14
commercial-industrial,23,Custom Structural Shapes,0,22,column_2,,,"1416"""
commercial-industrial,23,Custom Structural Shapes,0,22,column_3,,,14
commercial-industrial,23,Custom Structural Shapes,0,22,column_4,,,v
commercial-industrial,23,Custom Structural Shapes,0,22,column_5,,,v
commercial-industrial,23,Custom Structural Shapes,0,23,column_1,,,PLO14
commercial-industrial,23,Custom Structural Shapes,0,23,column_2,,,"141546"""
commercial-industrial,23,Custom Structural Shapes,0,23,column_3,,,12
commercial-industrial,23,Custom Structural Shapes,0,23,column_4,,,v
commercial-industrial,23,Custom Structural Shapes,0,23,column_5,,,v
commercial-industrial,23,Custom Structural Shapes,0,24,column_1,,,PLO15
commercial-industrial,23,Custom Structural Shapes,0,24,column_2,,,"1516"""
commercial-industrial,23,Custom Structural Shapes,0,24,column_3,,,14
commercial-industrial,23,Custom Structural Shapes,0,24,column_4,,,v
commercial-industrial,23,Custom Structural Shapes,0,24,column_5,,,v
commercial-industrial,23,Custom Structural Shapes,0,25,column_1,,,PLO15
commercial-industrial,23,Custom Structural Shapes,0,25,column_2,,,"1516"""
commercial-industrial,23,Custom Structural Shapes,0,25,column_3,,,12
commercial-industrial,23,Custom Structural Shapes,0,25,column_4,,,v
commercial-industrial,23,Custom Structural Shapes,0,25,column_5,,,v
commercial-industrial,23,Custom Structural Shapes,0,26,column_1,,,PLO16
commercial-industrial,23,Custom Structural Shapes,0,26,column_2,,,1616
commercial-industrial,23,Custom Structural Shapes,0,26,column_3,,,14
commercial-industrial,23,Custom Structural Shapes,0,26,column_4,,,v
commercial-industrial,23,Custom Structural Shapes,0,26,column_5,,,v
commercial-industrial,23,Custom Structural Shapes,0,27,column_1,,,PLO16
commercial-industrial,23,Custom Structural Shapes,0,27,column_2,,,"1616"""
commercial-industrial,23,Custom Structural Shapes,0,27,column_3,,,12
commercial-industrial,23,Custom Structural Shapes,0,27,column_4,,,v
commercial-industrial,23,Custom Structural Shapes,0,27,column_5,,,v
commercial-industrial,23,Custom Structural Shapes,0,28,column_1,,,PLO17
commercial-industrial,23,Custom Structural Shapes,0,28,column_2,,,"1716"""
commercial-industrial,23,Custom Structural Shapes,0,28,column_3,,,14
commercial-industrial,23,Custom Structural Shapes,0,28,column_4,,,v
commercial-industrial,23,Custom Structural Shapes,0,28,column_5,,,v
commercial-industrial,23,Custom Structural Shapes,0,29,column_1,,,PLO17
commercial-industrial,23,Custom Structural Shapes,0,29,column_2,,,"1716"""
commercial-industrial,23,Custom Structural Shapes,0,29,column_3,,,12
commercial-industrial,23,Custom Structural Shapes,0,29,column_4,,,v
commercial-industrial,23,Custom Structural Shapes,0,29,column_5,,,v
commercial-industrial,23,Custom Structural Shapes,0,30,column_1,,,PLO18
commercial-industrial,23,Custom Structural Shapes,0,30,column_2,,,"1816"""
commercial-industrial,23,Custom Structural Shapes,0,30,column_3,,,14
commercial-industrial,23,Custom Structural Shapes,0,30,column_4,,,v
commercial-industrial,23,Custom Structural Shapes,0,30,column_5,,,v
commercial-industrial,23,Custom Structural Shapes,0,31,column_1,,,PLO18
commercial-industrial,23,Custom Structural Shapes,0,31,column_2,,,"1816"""
commercial-industrial,23,Custom Structural Shapes,0,31,column_3,,,12
commercial-industrial,23,Custom Structural Shapes,0,31,column_4,,,v
commercial-industrial,23,Custom Structural Shapes,0,31,column_5,,,v
commercial-industrial,23,Custom Structural Shapes,0,32,column_1,,,PLO19
commercial-industrial,23,Custom Structural Shapes,0,32,column_2,,,"1916"""
commercial-industrial,23,Custom Structural Shapes,0,32,column_3,,,14
commercial-industrial,23,Custom Structural Shapes,0,32,column_4,,,v
commercial-industrial,23,Custom Structural Shapes,0,32,column_5,,,v
commercial-industrial,23,Custom Structural Shapes,0,33,column_1,,,PLO19
commercial-industrial,23,Custom Structural Shapes,0,33,column_2,,,"1916"""
commercial-industrial,23,Custom Structural Shapes,0,33,column_3,,,12
commercial-industrial,23,Custom Structural Shapes,0,33,column_4,,,v
commercial-industrial,23,Custom Structural Shapes,0,33,column_5,,,v
commercial-industrial,23,Custom Structural Shapes,0,34,column_1,,,PLO20
commercial-industrial,23,Custom Structural Shapes,0,34,column_2,,,"2016"""
commercial-industrial,23,Custom Structural Shapes,0,34,column_3,,,14
commercial-industrial,23,Custom Structural Shapes,0,34,column_4,,,v
commercial-industrial,23,Custom Structural Shapes,0,34,column_5,,,v
commercial-industrial,23,Custom Structural Shapes,0,35,column_1,,,PLO20
commercial-industrial,23,Custom Structural Shapes,0,35,column_2,,,"2016"""
commercial-industrial,23,Custom Structural Shapes,0,35,column_3,,,12
commercial-industrial,23,Custom Structural Shapes,0,35,column_4,,,v
commercial-industrial,23,Custom Structural Shapes,0,35,column_5,,,v
commercial-industrial,24,Hat Section (HS-1),0,0,size,SIZE,DESCRIPTION,HW-3100
commercial-industrial,24,Hat Section (HS-1),0,0,gauge,GAUGE,DESCRIPTION,22
commercial-industrial,24,Hat Section (HS-1),0,0,finish,FINISH,DESCRIPTION,Galvanized
commercial-industrial,24,Hat Section (HS-1),0,0,weight_each,WEIGHT EACH,DESCRIPTION,14.00#
commercial-industrial,24,Hat Section (HS-1),0,0,length,LENGTH,DESCRIPTION,"20'-0"""
commercial-industrial,24,Hat Section (HS-1),0,0,price,PRICE,,✓
commercial-industrial,24,Hat Section (HS-1),0,1,size,SIZE,DESCRIPTION,HW-3105
commercial-industrial,24,Hat Section (HS-1),0,1,gauge,GAUGE,DESCRIPTION,16
commercial-industrial,24,Hat Section (HS-1),0,1,finish,FINISH,DESCRIPTION,Red Oxide
commercial-industrial,24,Hat Section (HS-1),0,1,weight_each,WEIGHT EACH,DESCRIPTION,25.20#
commercial-industrial,24,Hat Section (HS-1),0,1,length,LENGTH,DESCRIPTION,"20'-0"""
commercial-industrial,24,Hat Section (HS-1),0,1,price,PRICE,,✓
commercial-industrial,24,Hat Section (HS-1),0,2,size,SIZE,DESCRIPTION,HW-3105
commercial-industrial,24,Hat Section (HS-1),0,2,gauge,GAUGE,DESCRIPTION,16
commercial-industrial,24,Hat Section (HS-1),0,2,finish,FINISH,DESCRIPTION,Galvanized
commercial-industrial,24,Hat Section (HS-1),0,2,weight_each,WEIGHT EACH,DESCRIPTION,25.80#
commercial-industrial,24,Hat Section (HS-1),0,2,length,LENGTH,DESCRIPTION,"20'-0"""
commercial-industrial,24,Hat Section (HS-1),0,2,price,PRICE,,✓
commercial-industrial,24,Channel Section (CS-1),1,0,size,SIZE,DESCRIPTION,HW-3110
commercial-industrial,24,Channel Section (CS-1),1,0,gauge,GAUGE,DESCRIPTION,18
commercial-industrial,24,Channel Section (CS-1),1,0,finish,FINISH,DESCRIPTION,Galvanized
commercial-industrial,24,Channel Section (CS-1),1,0,weight_each,WEIGHT EACH,DESCRIPTION,15.70#
commercial-industrial,24,Channel Section (CS-1),1,0,length,LENGTH,DESCRIPTION,"20'-0"""
commercial-industrial,24,Channel Section (CS-1),1,0,price,PRICE,,✓
commercial-industrial,24,"1"" Sub Girt (SG-1)",2,0,size,SIZE,DESCRIPTION,HW-3120
commercial-industrial,24,"1"" Sub Girt (SG-1)",2,0,gauge,GAUGE,DESCRIPTION,18
commercial-industrial,24,"1"" Sub Girt (SG-1)",2,0,finish,FINISH,DESCRIPTION,Galvanized
commercial-industrial,24,"1"" Sub Girt (SG-1)",2,0,weight_each,WEIGHT EACH,DESCRIPTION,22.00#
commercial-industrial,24,"1"" Sub Girt (SG-1)",2,0,length,LENGTH,DESCRIPTION,"20'-0"""
commercial-industrial,24,"1"" Sub Girt (SG-1)",2,0,price,PRICE,,✓
commercial-industrial,24,"1"" Sub Girt (SG-1)",2,1,size,SIZE,DESCRIPTION,HW-3121
commercial-industrial,24,"1"" Sub Girt (SG-1)",2,1,gauge,GAUGE,DESCRIPTION,16
commercial-industrial,24,"1"" Sub Girt (SG-1)",2,1,finish,FINISH,DESCRIPTION,Red Oxide
commercial-industrial,24,"1"" Sub Girt (SG-1)",2,1,weight_each,WEIGHT EACH,DESCRIPTION,27. A0#
commercial-industrial,24,"1"" Sub Girt (SG-1)",2,1,length,LENGTH,DESCRIPTION,"20'-0"""
commercial-industrial,24,"1"" Sub Girt (SG-1)",2,1,price,PRICE,,✓
commercial-industrial,24,"%"" Sub Girt (SG-2)",3,0,size,SIZE,DESCRIPTION,HW-3130
commercial-industrial,24,"%"" Sub Girt (SG-2)",3,0,gauge,GAUGE,DESCRIPTION,18
commercial-industrial,24,"%"" Sub Girt (SG-2)",3,0,finish,FINISH,DESCRIPTION,Galvanized
commercial-industrial,24,"%"" Sub Girt (SG-2)",3,0,weight_each,WEIGHT EACH,DESCRIPTION,13.60#
commercial-industrial,24,"%"" Sub Girt (SG-2)",3,0,length,LENGTH,DESCRIPTION,"20'-0"""
commercial-industrial,24,"%"" Sub Girt (SG-2)",3,0,price,PRICE,,✓
commercial-industrial,24,"%"" Sub Girt (SG-2)",3,1,size,SIZE,DESCRIPTION,HW-3131
commercial-industrial,24,"%"" Sub Girt (SG-2)",3,1,gauge,GAUGE,DESCRIPTION,16
commercial-industrial,24,"%"" Sub Girt (SG-2)",3,1,finish,FINISH,DESCRIPTION,Red Oxide
commercial-industrial,24,"%"" Sub Girt (SG-2)",3,1,weight_each,WEIGHT EACH,DESCRIPTION,16.40#
commercial-industrial,24,"%"" Sub Girt (SG-2)",3,1,length,LENGTH,DESCRIPTION,"20'-0"""
commercial-industrial,24,"%"" Sub Girt (SG-2)",3,1,price,PRICE,,✓
commercial-industrial,25,Furring Zee,0,0,part,PART #,DESCRIPTION,HW-3020
commercial-industrial,25,Furring Zee,0,0,dim_ua,"DIM ua""",DESCRIPTION,"1 ¥%"""
commercial-industrial,25,Furring Zee,0,0,gauge,GAUGE,DESCRIPTION,22
commercial-industrial,25,Furring Zee,0,0,finish,FINISH,DESCRIPTION,Galvanized
commercial-industrial,25,Furring Zee,0,0,coil_weight,COIL WEIGHT,DESCRIPTION,3.334
commercial-industrial,25,Furring Zee,0,0,length,LENGTH,DESCRIPTION,"10'-0"""
commercial-industrial,25,Furring Zee,0,0,price,PRICE,,✓
commercial-industrial,25,Furring Zee,0,1,part,PART #,DESCRIPTION,HW-3021
commercial-industrial,25,Furring Zee,0,1,dim_ua,"DIM ua""",DESCRIPTION,"2%"""
commercial-industrial,25,Furring Zee,0,1,gauge,GAUGE,DESCRIPTION,22
commercial-industrial,25,Furring Zee,0,1,finish,FINISH,DESCRIPTION,Galvanized
commercial-industrial,25,Furring Zee,0,1,coil_weight,COIL WEIGHT,DESCRIPTION,4.39#
commercial-industrial,25,Furring Zee,0,1,length,LENGTH,DESCRIPTION,"10'-0"""
commercial-industrial,25,Furring Zee,0,1,price,PRICE,,✓
commercial-industrial,25,Furring Zee,0,2,part,PART #,DESCRIPTION,HW-3022
commercial-industrial,25,Furring Zee,0,2,dim_ua,"DIM ua""",DESCRIPTION,"3%"""
commercial-industrial,25,Furring Zee,0,2,gauge,GAUGE,DESCRIPTION,18
commercial-industrial,25,Furring Zee,0,2,finish,FINISH,DESCRIPTION,Galvanized
commercial-industrial,25,Furring Zee,0,2,coil_weight,COIL WEIGHT,DESCRIPTION,8.66#
commercial-industrial,25,Furring Zee,0,2,length,LENGTH,DESCRIPTION,"10'-0"""
commercial-industrial,25,Furring Zee,0,2,price,PRICE,,✓
commercial-industrial,25,Furring Zee,0,3,part,PART #,DESCRIPTION,HW-3023
commercial-industrial,25,Furring Zee,0,3,dim_ua,"DIM ua""",DESCRIPTION,"4%"""
commercial-industrial,25,Furring Zee,0,3,gauge,GAUGE,DESCRIPTION,18
commercial-industrial,25,Furring Zee,0,3,finish,FINISH,DESCRIPTION,Galvanized
commercial-industrial,25,Furring Zee,0,3,coil_weight,COIL WEIGHT,DESCRIPTION,10.35#
commercial-industrial,25,Furring Zee,0,3,length,LENGTH,DESCRIPTION,"10'-0"""
commercial-industrial,25,Furring Zee,0,3,price,PRICE,,✓
commercial-industrial,25,Furring Zee,0,4,part,PART #,DESCRIPTION,HW-3024
commercial-industrial,25,Furring Zee,0,4,dim_ua,"DIM ua""",DESCRIPTION,"3%"""
commercial-industrial,25,Furring Zee,0,4,gauge,GAUGE,DESCRIPTION,16
commercial-industrial,25,Furring Zee,0,4,finish,FINISH,DESCRIPTION,Red Oxide
commercial-industrial,25,Furring Zee,0,4,coil_weight,COIL WEIGHT,DESCRIPTION,10.544
commercial-industrial,25,Furring Zee,0,4,length,LENGTH,DESCRIPTION,"10'-0"""
commercial-industrial,25,Furring Zee,0,4,price,PRICE,,✓
commercial-industrial,25,Furring Zee,0,5,part,PART #,DESCRIPTION,HW-3025
commercial-industrial,25,Furring Zee,0,5,dim_ua,"DIM ua""",DESCRIPTION,"AV"""
commercial-industrial,25,Furring Zee,0,5,gauge,GAUGE,DESCRIPTION,16
commercial-industrial,25,Furring Zee,0,5,finish,FINISH,DESCRIPTION,Red Oxide
commercial-industrial,25,Furring Zee,0,5,coil_weight,COIL WEIGHT,DESCRIPTION,12.60#
commercial-industrial,25,Furring Zee,0,5,length,LENGTH,DESCRIPTION,"1 O'-0"""
commercial-industrial,25,Furring Zee,0,5,price,PRICE,,✓
commercial-industrial,25,Strapping,1,0,part,PART #,DESCRIPTION,FL-471
commercial-industrial,25,Strapping,1,0,dim_a,"DIM ""A""",DESCRIPTION,"2"""
commercial-industrial,25,Strapping,1,0,gauge,GAUGE,DESCRIPTION,24
commercial-industrial,25,Strapping,1,0,finish,FINISH,DESCRIPTION,Galvalume® Plus
commercial-industrial,25,Strapping,1,0,coil_weight,COIL WEIGHT,DESCRIPTION,16.78#
commercial-industrial,25,Strapping,1,0,length,LENGTH,DESCRIPTION,"100'-0"""
commercial-industrial,25,Strapping,1,0,price,PRICE,,✓
commercial-industrial,25,Strapping,1,1,part,PART #,DESCRIPTION,FL-569
commercial-industrial,25,Strapping,1,1,dim_a,"DIM ""A""",DESCRIPTION,"2"""
commercial-industrial,25,Strapping,1,1,gauge,GAUGE,DESCRIPTION,24
commercial-industrial,25,Strapping,1,1,finish,FINISH,DESCRIPTION,White Wash Coat
commercial-industrial,25,Strapping,1,1,coil_weight,COIL WEIGHT,DESCRIPTION,83.91#
commercial-industrial,25,Strapping,1,1,length,LENGTH,DESCRIPTION,"500'-0"""
commercial-industrial,25,Strapping,1,1,price,PRICE,,✓
commercial-industrial,25,Strapping,1,2,part,PART #,DESCRIPTION,FL-569
commercial-industrial,25,Strapping,1,2,dim_a,"DIM ""A""",DESCRIPTION,"2"""
commercial-industrial,25,Strapping,1,2,gauge,GAUGE,DESCRIPTION,24
commercial-industrial,25,Strapping,1,2,finish,FINISH,DESCRIPTION,Galvalume® Plus *
commercial-industrial,25,Strapping,1,2,coil_weight,COIL WEIGHT,DESCRIPTION,84.02#
commercial-industrial,25,Strapping,1,2,length,LENGTH,DESCRIPTION,"500'-0"""
commercial-industrial,25,Strapping,1,2,price,PRICE,,✓
commercial-industrial,25,Retrofit Bracing Angle,2,0,size,SIZE,DESCRIPTION,HW-4659
commercial-industrial,25,Retrofit Bracing Angle,2,0,gauge,GAUGE,DESCRIPTION,22
commercial-industrial,25,Retrofit Bracing Angle,2,0,finish,FINISH,DESCRIPTION,Random Colors
commercial-industrial,25,Retrofit Bracing Angle,2,0,weight_each,WEIGHT EACH,DESCRIPTION,8.69#
commercial-industrial,25,Retrofit Bracing Angle,2,0,length,LENGTH,DESCRIPTION,"24 Lg"""
commercial-industrial,25,Retrofit Bracing Angle,2,0,price,PRICE,,✓
commercial-industrial,26,Roof Hugger - Model C,0,0,1_249,"1-
249",,v
commercial-industrial,26,Roof Hugger - Model C,0,0,500_749,"500 -
749","250 -
499",v
commercial-industrial,26,Roof Hugger - Model C,0,0,750_999,"750 -
999",PRICED PER EACH,✓
commercial-industrial,26,Roof Hugger - Model C,0,0,1_000_1_499,"1,000 -
1,499",PRICED PER EACH,✓
commercial-industrial,26,Roof Hugger - Model C,0,0,1_500_1_999,"1,500 -
1,999",PRICED PER EACH,✓
commercial-industrial,26,Roof Hugger - Model C,0,0,2_000_2_999,"2,000 -
2,999",PRICED PER EACH,✓
commercial-industrial,26,Roof Hugger - Model C,0,0,3_000_3_999,"3,000 -
3,999",PRICED PER EACH,✓
commercial-industrial,26,Roof Hugger - Model C,0,0,4_000_4_4999,"4,000 -
4,4999",PRICED PER EACH,✓
commercial-industrial,26,Roof Hugger - Model C,0,0,5_000_7_499,"5,000 -
7,499",PRICED PER EACH,✓
commercial-industrial,26,Roof Hugger - Model C,0,0,7_500_9_999,"7,500 -
9,999",PRICED PER EACH,✓
commercial-industrial,26,Roof Hugger - Model C,0,0,over_10_000,"OVER
10,000",PRICED PER EACH,✓
commercial-industrial,26,Roof Hugger - Model C,0,0,column_13,,PRICED PER EACH,✓
commercial-industrial,26,R Panel Light Transmitting Panel,1,0,part,PART #,DESCRIPTION,HW-1509
commercial-industrial,26,R Panel Light Transmitting Panel,1,0,description,DESCRIPTION,DESCRIPTION,High Strength Fiberglass
commercial-industrial,26,R Panel Light Transmitting Panel,1,0,length,LENGTH,DESCRIPTION,"10'-8"""
commercial-industrial,26,R Panel Light Transmitting Panel,1,0,color,COLOR,DESCRIPTION,White
commercial-industrial,26,R Panel Light Transmitting Panel,1,0,type,TYPE,DESCRIPTION,1
commercial-industrial,26,R Panel Light Transmitting Panel,1,0,weight_sqft,"WEIGHT /
SQFT",DESCRIPTION,8 ounce
commercial-industrial,26,R Panel Light Transmitting Panel,1,0,weight_each,"WEIGHT
EACH",DESCRIPTION,16.89#
commercial-industrial,26,R Panel Light Transmitting Panel,1,0,price,PRICE,,✓
commercial-industrial,26,R Panel Light Transmitting Panel,1,1,part,PART #,DESCRIPTION,HW-1490
commercial-industrial,26,R Panel Light Transmitting Panel,1,1,description,DESCRIPTION,DESCRIPTION,Insulated High Strength Fiberglass
commercial-industrial,26,R Panel Light Transmitting Panel,1,1,length,LENGTH,DESCRIPTION,"1 1 ""go"""
commercial-industrial,26,R Panel Light Transmitting Panel,1,1,color,COLOR,DESCRIPTION,White
commercial-industrial,26,R Panel Light Transmitting Panel,1,1,type,TYPE,DESCRIPTION,1
commercial-industrial,26,R Panel Light Transmitting Panel,1,1,weight_sqft,"WEIGHT /
SQFT",DESCRIPTION,8 ounce
commercial-industrial,26,R Panel Light Transmitting Panel,1,1,weight_each,"WEIGHT
EACH",DESCRIPTION,17.394
commercial-industrial,26,R Panel Light Transmitting Panel,1,1,price,PRICE,,✓
commercial-industrial,26,R Panel Light Transmitting Panel,1,2,part,PART #,DESCRIPTION,HW-1432
commercial-industrial,26,R Panel Light Transmitting Panel,1,2,description,DESCRIPTION,DESCRIPTION,High Strength Fiberglass - U.V. Resistant
commercial-industrial,26,R Panel Light Transmitting Panel,1,2,length,LENGTH,DESCRIPTION,"10'-8"""
commercial-industrial,26,R Panel Light Transmitting Panel,1,2,color,COLOR,DESCRIPTION,White
commercial-industrial,26,R Panel Light Transmitting Panel,1,2,type,TYPE,DESCRIPTION,1
commercial-industrial,26,R Panel Light Transmitting Panel,1,2,weight_sqft,"WEIGHT /
SQFT",DESCRIPTION,8 ounce
commercial-industrial,26,R Panel Light Transmitting Panel,1,2,weight_each,"WEIGHT
EACH",DESCRIPTION,16.89#
commercial-industrial,26,R Panel Light Transmitting Panel,1,2,price,PRICE,,✓
commercial-industrial,26,R Panel Light Transmitting Panel,1,3,part,PART #,DESCRIPTION,HW-1434
commercial-industrial,26,R Panel Light Transmitting Panel,1,3,description,DESCRIPTION,DESCRIPTION,High Strength Fiberglass - U.V. Resistant
commercial-industrial,26,R Panel Light Transmitting Panel,1,3,length,LENGTH,DESCRIPTION,"1 1 ""QO"""
commercial-industrial,26,R Panel Light Transmitting Panel,1,3,color,COLOR,DESCRIPTION,White
commercial-industrial,26,R Panel Light Transmitting Panel,1,3,type,TYPE,DESCRIPTION,1
commercial-industrial,26,R Panel Light Transmitting Panel,1,3,weight_sqft,"WEIGHT /
SQFT",DESCRIPTION,8 ounce
commercial-industrial,26,R Panel Light Transmitting Panel,1,3,weight_each,"WEIGHT
EACH",DESCRIPTION,17.42#
commercial-industrial,26,R Panel Light Transmitting Panel,1,3,price,PRICE,,✓
commercial-industrial,26,R Panel Light Transmitting Panel,1,4,part,PART #,DESCRIPTION,HW-1436
commercial-industrial,26,R Panel Light Transmitting Panel,1,4,description,DESCRIPTION,DESCRIPTION,High Strength Fiberglass - U.V. Resistant
commercial-industrial,26,R Panel Light Transmitting Panel,1,4,length,LENGTH,DESCRIPTION,"1 2'-O"""
commercial-industrial,26,R Panel Light Transmitting Panel,1,4,color,COLOR,DESCRIPTION,White
commercial-industrial,26,R Panel Light Transmitting Panel,1,4,type,TYPE,DESCRIPTION,1
commercial-industrial,26,R Panel Light Transmitting Panel,1,4,weight_sqft,"WEIGHT /
SQFT",DESCRIPTION,8 ounce
commercial-industrial,26,R Panel Light Transmitting Panel,1,4,weight_each,"WEIGHT
EACH",DESCRIPTION,19.00#
commercial-industrial,26,R Panel Light Transmitting Panel,1,4,price,PRICE,,✓
commercial-industrial,26,R Panel Light Transmitting Panel,1,5,part,PART #,DESCRIPTION,HW-1520
commercial-industrial,26,R Panel Light Transmitting Panel,1,5,description,DESCRIPTION,DESCRIPTION,Polycarbonate
commercial-industrial,26,R Panel Light Transmitting Panel,1,5,length,LENGTH,DESCRIPTION,"10'-6"""
commercial-industrial,26,R Panel Light Transmitting Panel,1,5,color,COLOR,DESCRIPTION,Clear
commercial-industrial,26,R Panel Light Transmitting Panel,1,5,type,TYPE,DESCRIPTION,1
commercial-industrial,26,R Panel Light Transmitting Panel,1,5,weight_sqft,"WEIGHT /
SQFT",DESCRIPTION,5 ounce
commercial-industrial,26,R Panel Light Transmitting Panel,1,5,weight_each,"WEIGHT
EACH",DESCRIPTION,788#
commercial-industrial,26,R Panel Light Transmitting Panel,1,5,price,PRICE,,✓
commercial-industrial,27,U Panel Light Transmitting Panel,0,0,part,PART #,DESCRIPTION,HW-1542
commercial-industrial,27,U Panel Light Transmitting Panel,0,0,description,DESCRIPTION,DESCRIPTION,High Strength Fiberglass
commercial-industrial,27,U Panel Light Transmitting Panel,0,0,length,LENGTH,DESCRIPTION,"10'-8"""
commercial-industrial,27,U Panel Light Transmitting Panel,0,0,color,COLOR,DESCRIPTION,White
commercial-industrial,27,U Panel Light Transmitting Panel,0,0,type,TYPE,DESCRIPTION,1
commercial-industrial,27,U Panel Light Transmitting Panel,0,0,weight_sqft,"WEIGHT /
SQFT",DESCRIPTION,8 ounce
commercial-industrial,27,U Panel Light Transmitting Panel,0,0,weight_each,"WEIGHT
EACH",DESCRIPTION,16.89#
commercial-industrial,27,U Panel Light Transmitting Panel,0,0,price,PRICE,,✓
commercial-industrial,27,U Panel Light Transmitting Panel,0,1,part,PART #,DESCRIPTION,HW-1438
commercial-industrial,27,U Panel Light Transmitting Panel,0,1,description,DESCRIPTION,DESCRIPTION,High Strength Fiberglass - U.V. Resistant
commercial-industrial,27,U Panel Light Transmitting Panel,0,1,length,LENGTH,DESCRIPTION,"10'-8"""
commercial-industrial,27,U Panel Light Transmitting Panel,0,1,color,COLOR,DESCRIPTION,White
commercial-industrial,27,U Panel Light Transmitting Panel,0,1,type,TYPE,DESCRIPTION,1
commercial-industrial,27,U Panel Light Transmitting Panel,0,1,weight_sqft,"WEIGHT /
SQFT",DESCRIPTION,8 ounce
commercial-industrial,27,U Panel Light Transmitting Panel,0,1,weight_each,"WEIGHT
EACH",DESCRIPTION,16.89#
commercial-industrial,27,U Panel Light Transmitting Panel,0,1,price,PRICE,,✓
commercial-industrial,27,U Panel Light Transmitting Panel,0,2,part,PART #,DESCRIPTION,HW-1440
commercial-industrial,27,U Panel Light Transmitting Panel,0,2,description,DESCRIPTION,DESCRIPTION,High Strength Fiberglass - U.V. Resistant
commercial-industrial,27,U Panel Light Transmitting Panel,0,2,length,LENGTH,DESCRIPTION,"12'-0"""
commercial-industrial,27,U Panel Light Transmitting Panel,0,2,color,COLOR,DESCRIPTION,White
commercial-industrial,27,U Panel Light Transmitting Panel,0,2,type,TYPE,DESCRIPTION,1
commercial-industrial,27,U Panel Light Transmitting Panel,0,2,weight_sqft,"WEIGHT /
SQFT",DESCRIPTION,8 ounce
commercial-industrial,27,U Panel Light Transmitting Panel,0,2,weight_each,"WEIGHT
EACH",DESCRIPTION,19.00#
commercial-industrial,27,U Panel Light Transmitting Panel,0,2,price,PRICE,,✓
commercial-industrial,27,7.2 Panel Light Transmitting Panel,1,0,part,PART #,DESCRIPTION,HW-1528
commercial-industrial,27,7.2 Panel Light Transmitting Panel,1,0,description,DESCRIPTION,DESCRIPTION,High Strength Fiberglass
commercial-industrial,27,7.2 Panel Light Transmitting Panel,1,0,length,LENGTH,DESCRIPTION,"12'-O"""
commercial-industrial,27,7.2 Panel Light Transmitting Panel,1,0,color,COLOR,DESCRIPTION,White
commercial-industrial,27,7.2 Panel Light Transmitting Panel,1,0,type,TYPE,DESCRIPTION,1
commercial-industrial,27,7.2 Panel Light Transmitting Panel,1,0,weight_sqft,"WEIGHT /
SQFT",DESCRIPTION,8 ounce
commercial-industrial,27,7.2 Panel Light Transmitting Panel,1,0,weight_each,"WEIGHT
EACH",DESCRIPTION,19.00#
commercial-industrial,27,7.2 Panel Light Transmitting Panel,1,0,price,PRICE,,✓
commercial-industrial,28,C Panel Light Transmitting Panel,0,0,part,PART #,DESCRIPTION,HW-1645
commercial-industrial,28,C Panel Light Transmitting Panel,0,0,description,DESCRIPTION,DESCRIPTION,High Strength Fiberglass
commercial-industrial,28,C Panel Light Transmitting Panel,0,0,length,LENGTH,DESCRIPTION,"1 2'-O"""
commercial-industrial,28,C Panel Light Transmitting Panel,0,0,color,COLOR,DESCRIPTION,White
commercial-industrial,28,C Panel Light Transmitting Panel,0,0,type,TYPE,DESCRIPTION,1
commercial-industrial,28,C Panel Light Transmitting Panel,0,0,weight_sqft,"WEIGHT /
SQFT",DESCRIPTION,8 ounce
commercial-industrial,28,C Panel Light Transmitting Panel,0,0,weight_each,"WEIGHT
EACH",DESCRIPTION,19.00#
commercial-industrial,28,C Panel Light Transmitting Panel,0,0,price,PRICE,,✓
commercial-industrial,28,AVP Panel Light Transmitting Panel,1,0,part,PART #,DESCRIPTION,HW-1430
commercial-industrial,28,AVP Panel Light Transmitting Panel,1,0,description,DESCRIPTION,DESCRIPTION,Low Modulus - Non Reinforced
commercial-industrial,28,AVP Panel Light Transmitting Panel,1,0,length,LENGTH,DESCRIPTION,"1 1 ""QO"""
commercial-industrial,28,AVP Panel Light Transmitting Panel,1,0,color,COLOR,DESCRIPTION,White
commercial-industrial,28,AVP Panel Light Transmitting Panel,1,0,type,TYPE,DESCRIPTION,1
commercial-industrial,28,AVP Panel Light Transmitting Panel,1,0,weight_sqft,"WEIGHT /
SQFT",DESCRIPTION,8 ounce
commercial-industrial,28,AVP Panel Light Transmitting Panel,1,0,weight_each,"WEIGHT
EACH",DESCRIPTION,17.30#
commercial-industrial,28,AVP Panel Light Transmitting Panel,1,0,price,PRICE,,✓
commercial-industrial,28,Retro-R® Panel Light Transmitting Panel,2,0,part,PART #,DESCRIPTION,HW-1558
commercial-industrial,28,Retro-R® Panel Light Transmitting Panel,2,0,description,DESCRIPTION,DESCRIPTION,High Strength Fiberglass
commercial-industrial,28,Retro-R® Panel Light Transmitting Panel,2,0,length,LENGTH,DESCRIPTION,"10'-8"""
commercial-industrial,28,Retro-R® Panel Light Transmitting Panel,2,0,color,COLOR,DESCRIPTION,White
commercial-industrial,28,Retro-R® Panel Light Transmitting Panel,2,0,type,TYPE,DESCRIPTION,1
commercial-industrial,28,Retro-R® Panel Light Transmitting Panel,2,0,weight_sqft,"WEIGHT /
SQFT",DESCRIPTION,8 ounce
commercial-industrial,28,Retro-R® Panel Light Transmitting Panel,2,0,weight_each,"WEIGHT
EACH",DESCRIPTION,16.89#
commercial-industrial,28,Retro-R® Panel Light Transmitting Panel,2,0,price,PRICE,,✓
commercial-industrial,29,"Y%"" Rubber Grommet",0,0,part,PART #,DESCRIPTION,HW-399
commercial-industrial,29,"Y%"" Rubber Grommet",0,0,head_size,HEAD SIZE,DESCRIPTION,"Y,"""
commercial-industrial,29,"Y%"" Rubber Grommet",0,0,type,TYPE,DESCRIPTION,Aluminum
commercial-industrial,29,"Y%"" Rubber Grommet",0,0,color,COLOR,DESCRIPTION,Polar White
commercial-industrial,29,"Y%"" Rubber Grommet",0,0,weight_per_1000,WEIGHT PER 1000,DESCRIPTION,O1#
commercial-industrial,29,"Y%"" Rubber Grommet",0,0,price,PRICE,,✓
commercial-industrial,29,Continuous Vent,1,0,part,PART #,DESCRIPTION,HW-702
commercial-industrial,29,Continuous Vent,1,0,size,SIZE,DESCRIPTION,"Q"" x 10'-0"""
commercial-industrial,29,Continuous Vent,1,0,type,TYPE,DESCRIPTION,Flat Base
commercial-industrial,29,Continuous Vent,1,0,gauge,GAUGE,DESCRIPTION,26
commercial-industrial,29,Continuous Vent,1,0,weight_each,WEIGHT EACH,DESCRIPTION,115.00#
commercial-industrial,29,Continuous Vent,1,0,galvalume_plus,GALVALUME® PLUS,PRICED PER EACH,✓
commercial-industrial,29,Continuous Vent,1,0,white,WHITE,PRICED PER EACH,✓
commercial-industrial,29,Continuous Vent,1,1,part,PART #,DESCRIPTION,HW-704
commercial-industrial,29,Continuous Vent,1,1,size,SIZE,DESCRIPTION,"12"" x 10'-0"""
commercial-industrial,29,Continuous Vent,1,1,type,TYPE,DESCRIPTION,Flat Base
commercial-industrial,29,Continuous Vent,1,1,gauge,GAUGE,DESCRIPTION,26
commercial-industrial,29,Continuous Vent,1,1,weight_each,WEIGHT EACH,DESCRIPTION,150.00#
commercial-industrial,29,Continuous Vent,1,1,galvalume_plus,GALVALUME® PLUS,PRICED PER EACH,✓
commercial-industrial,29,Continuous Vent,1,1,white,WHITE,PRICED PER EACH,✓
commercial-industrial,29,Continuous Vent,1,2,part,PART #,DESCRIPTION,HW-702R
commercial-industrial,29,Continuous Vent,1,2,size,SIZE,DESCRIPTION,"Qo"" x 10'-O"""
commercial-industrial,29,Continuous Vent,1,2,type,TYPE,DESCRIPTION,PBR Base
commercial-industrial,29,Continuous Vent,1,2,gauge,GAUGE,DESCRIPTION,26
commercial-industrial,29,Continuous Vent,1,2,weight_each,WEIGHT EACH,DESCRIPTION,115.00#
commercial-industrial,29,Continuous Vent,1,2,galvalume_plus,GALVALUME® PLUS,PRICED PER EACH,✓
commercial-industrial,29,Continuous Vent,1,2,white,WHITE,PRICED PER EACH,✓
commercial-industrial,29,Continuous Vent,1,3,part,PART #,DESCRIPTION,HW-702U
commercial-industrial,29,Continuous Vent,1,3,size,SIZE,DESCRIPTION,"Qo"" xX 10'-0"""
commercial-industrial,29,Continuous Vent,1,3,type,TYPE,DESCRIPTION,PBU Base
commercial-industrial,29,Continuous Vent,1,3,gauge,GAUGE,DESCRIPTION,26
commercial-industrial,29,Continuous Vent,1,3,weight_each,WEIGHT EACH,DESCRIPTION,115.00#
commercial-industrial,29,Continuous Vent,1,3,galvalume_plus,GALVALUME® PLUS,PRICED PER EACH,✓
commercial-industrial,29,Continuous Vent,1,3,white,WHITE,PRICED PER EACH,✓
commercial-industrial,29,Continuous Vent,1,4,part,PART #,DESCRIPTION,HW-704R
commercial-industrial,29,Continuous Vent,1,4,size,SIZE,DESCRIPTION,"72"" x 10'-0"""
commercial-industrial,29,Continuous Vent,1,4,type,TYPE,DESCRIPTION,PBR Base
commercial-industrial,29,Continuous Vent,1,4,gauge,GAUGE,DESCRIPTION,26
commercial-industrial,29,Continuous Vent,1,4,weight_each,WEIGHT EACH,DESCRIPTION,150.00#
commercial-industrial,29,Continuous Vent,1,4,galvalume_plus,GALVALUME® PLUS,PRICED PER EACH,✓
commercial-industrial,29,Continuous Vent,1,4,white,WHITE,PRICED PER EACH,✓
commercial-industrial,29,Continuous Vent,1,5,part,PART #,DESCRIPTION,HW-704U
commercial-industrial,29,Continuous Vent,1,5,size,SIZE,DESCRIPTION,"12"" x 10'-0"""
commercial-industrial,29,Continuous Vent,1,5,type,TYPE,DESCRIPTION,PBU Base
commercial-industrial,29,Continuous Vent,1,5,gauge,GAUGE,DESCRIPTION,26
commercial-industrial,29,Continuous Vent,1,5,weight_each,WEIGHT EACH,DESCRIPTION,150.00#
commercial-industrial,29,Continuous Vent,1,5,galvalume_plus,GALVALUME® PLUS,PRICED PER EACH,✓
commercial-industrial,29,Continuous Vent,1,5,white,WHITE,PRICED PER EACH,✓
commercial-industrial,29,Vent Damper Operator Parts,2,0,column_1,,,DESCRIPTION
commercial-industrial,29,Vent Damper Operator Parts,2,0,column_5,,,PRICED PER EACH
commercial-industrial,29,Vent Damper Operator Parts,2,1,column_1,,,PART #
commercial-industrial,29,Vent Damper Operator Parts,2,1,column_2,,,DESCRIPTION
commercial-industrial,29,Vent Damper Operator Parts,2,1,column_3,,,PRICED PER
commercial-industrial,29,Vent Damper Operator Parts,2,1,column_4,,,WEIGHT EACH
commercial-industrial,29,Vent Damper Operator Parts,2,1,column_5,,,PRICE
commercial-industrial,29,Vent Damper Operator Parts,2,2,column_1,,,HW-705
commercial-industrial,29,Vent Damper Operator Parts,2,2,column_2,,,"Vent Cable ( 6"")"
commercial-industrial,29,Vent Damper Operator Parts,2,2,column_3,,,Foot
commercial-industrial,29,Vent Damper Operator Parts,2,2,column_4,,,10#
commercial-industrial,29,Vent Damper Operator Parts,2,2,column_5,,,v
commercial-industrial,29,Vent Damper Operator Parts,2,3,column_1,,,HW-706
commercial-industrial,29,Vent Damper Operator Parts,2,3,column_2,,,Vent Pully
commercial-industrial,29,Vent Damper Operator Parts,2,3,column_3,,,Each
commercial-industrial,29,Vent Damper Operator Parts,2,3,column_4,,,254
commercial-industrial,29,Vent Damper Operator Parts,2,3,column_5,,,v
commercial-industrial,29,Vent Damper Operator Parts,2,4,column_1,,,HW-708
commercial-industrial,29,Vent Damper Operator Parts,2,4,column_2,,,Vent Cable Clamp
commercial-industrial,29,Vent Damper Operator Parts,2,4,column_3,,,Each
commercial-industrial,29,Vent Damper Operator Parts,2,4,column_4,,,10#
commercial-industrial,29,Vent Damper Operator Parts,2,4,column_5,,,v
commercial-industrial,29,Vent Damper Operator Parts,2,5,column_1,,,HW-710
commercial-industrial,29,Vent Damper Operator Parts,2,5,column_2,,,"Vent Eve Bolt (4"" x 2"")"
commercial-industrial,29,Vent Damper Operator Parts,2,5,column_3,,,Each
commercial-industrial,29,Vent Damper Operator Parts,2,5,column_4,,,10#
commercial-industrial,29,Vent Damper Operator Parts,2,5,column_5,,,v
commercial-industrial,29,Vent Damper Operator Parts,2,6,column_1,,,HW-712
commercial-industrial,29,Vent Damper Operator Parts,2,6,column_2,,,Vent Pull Chain with Handle
commercial-industrial,29,Vent Damper Operator Parts,2,6,column_3,,,"3'-0"" Section"
commercial-industrial,29,Vent Damper Operator Parts,2,6,column_4,,,1.00#
commercial-industrial,29,Vent Damper Operator Parts,2,6,column_5,,,v
commercial-industrial,29,Vent Damper Operator Parts,2,7,column_1,,,HW-714
commercial-industrial,29,Vent Damper Operator Parts,2,7,column_2,,,"Vent ""S"" Hook (1 72"")"
commercial-industrial,29,Vent Damper Operator Parts,2,7,column_3,,,Each
commercial-industrial,29,Vent Damper Operator Parts,2,7,column_4,,,01#
commercial-industrial,29,Vent Damper Operator Parts,2,7,column_5,,,v
commercial-industrial,30,Die-Formed Ridge Cap,0,0,part,PART #,DESCRIPTION,FL-49
commercial-industrial,30,Die-Formed Ridge Cap,0,0,profile,PROFILE,DESCRIPTION,PBR *
commercial-industrial,30,Die-Formed Ridge Cap,0,0,length,LENGTH,DESCRIPTION,"21.6"""
commercial-industrial,30,Die-Formed Ridge Cap,0,0,gauge,GAUGE,DESCRIPTION,26
commercial-industrial,30,Die-Formed Ridge Cap,0,0,weight_each,WEIGHT EACH,DESCRIPTION,7.134
commercial-industrial,30,Die-Formed Ridge Cap,0,0,galvalume_plus,GALVALUME® PLUS,PRICED PER EACH,✓
commercial-industrial,30,Die-Formed Ridge Cap,0,0,signature_200,SIGNATURE® 200,PRICED PER EACH,✓
commercial-industrial,30,Die-Formed Ridge Cap,0,0,signature_300,SIGNATURE® 300,PRICED PER EACH,✓
commercial-industrial,30,Die-Formed Ridge Cap,0,1,part,PART #,DESCRIPTION,FL-51
commercial-industrial,30,Die-Formed Ridge Cap,0,1,profile,PROFILE,DESCRIPTION,PBR *
commercial-industrial,30,Die-Formed Ridge Cap,0,1,length,LENGTH,DESCRIPTION,"3'-E"""
commercial-industrial,30,Die-Formed Ridge Cap,0,1,gauge,GAUGE,DESCRIPTION,26
commercial-industrial,30,Die-Formed Ridge Cap,0,1,weight_each,WEIGHT EACH,DESCRIPTION,8.55#
commercial-industrial,30,Die-Formed Ridge Cap,0,1,galvalume_plus,GALVALUME® PLUS,PRICED PER EACH,✓
commercial-industrial,30,Die-Formed Ridge Cap,0,1,signature_200,SIGNATURE® 200,PRICED PER EACH,✓
commercial-industrial,30,Die-Formed Ridge Cap,0,1,signature_300,SIGNATURE® 300,PRICED PER EACH,✓
commercial-industrial,30,Die-Formed Ridge Cap,0,2,part,PART #,DESCRIPTION,FL-50
commercial-industrial,30,Die-Formed Ridge Cap,0,2,profile,PROFILE,DESCRIPTION,PBU *
commercial-industrial,30,Die-Formed Ridge Cap,0,2,length,LENGTH,DESCRIPTION,"21-6"""
commercial-industrial,30,Die-Formed Ridge Cap,0,2,gauge,GAUGE,DESCRIPTION,26
commercial-industrial,30,Die-Formed Ridge Cap,0,2,weight_each,WEIGHT EACH,DESCRIPTION,7.134
commercial-industrial,30,Die-Formed Ridge Cap,0,2,galvalume_plus,GALVALUME® PLUS,PRICED PER EACH,✓
commercial-industrial,30,Die-Formed Ridge Cap,0,2,signature_200,SIGNATURE® 200,PRICED PER EACH,✓
commercial-industrial,30,Die-Formed Ridge Cap,0,2,signature_300,SIGNATURE® 300,PRICED PER EACH,✓
commercial-industrial,30,Die-Formed Ridge Cap,0,3,part,PART #,DESCRIPTION,FL-52
commercial-industrial,30,Die-Formed Ridge Cap,0,3,profile,PROFILE,DESCRIPTION,PBU *
commercial-industrial,30,Die-Formed Ridge Cap,0,3,length,LENGTH,DESCRIPTION,"3'-0"""
commercial-industrial,30,Die-Formed Ridge Cap,0,3,gauge,GAUGE,DESCRIPTION,26
commercial-industrial,30,Die-Formed Ridge Cap,0,3,weight_each,WEIGHT EACH,DESCRIPTION,8.55#
commercial-industrial,30,Die-Formed Ridge Cap,0,3,galvalume_plus,GALVALUME® PLUS,PRICED PER EACH,✓
commercial-industrial,30,Die-Formed Ridge Cap,0,3,signature_200,SIGNATURE® 200,PRICED PER EACH,✓
commercial-industrial,30,Die-Formed Ridge Cap,0,3,signature_300,SIGNATURE® 300,PRICED PER EACH,✓
commercial-industrial,30,Die-Formed Ridge Cap,0,4,part,PART #,DESCRIPTION,FL-68
commercial-industrial,30,Die-Formed Ridge Cap,0,4,profile,PROFILE,DESCRIPTION,"7,2 Panel **"
commercial-industrial,30,Die-Formed Ridge Cap,0,4,length,LENGTH,DESCRIPTION,"3'-0"""
commercial-industrial,30,Die-Formed Ridge Cap,0,4,gauge,GAUGE,DESCRIPTION,26
commercial-industrial,30,Die-Formed Ridge Cap,0,4,weight_each,WEIGHT EACH,DESCRIPTION,9.394
commercial-industrial,30,Die-Formed Ridge Cap,0,4,galvalume_plus,GALVALUME® PLUS,PRICED PER EACH,✓
commercial-industrial,30,Die-Formed Ridge Cap,0,4,signature_200,SIGNATURE® 200,PRICED PER EACH,✓
commercial-industrial,30,Die-Formed Ridge Cap,0,4,signature_300,SIGNATURE® 300,PRICED PER EACH,N/A
commercial-industrial,30,Die-Formed Ridge Cap - Retro-R®,1,0,part,PART #,DESCRIPTION,FL-53B
commercial-industrial,30,Die-Formed Ridge Cap - Retro-R®,1,0,profile,PROFILE,DESCRIPTION,Retro-R®
commercial-industrial,30,Die-Formed Ridge Cap - Retro-R®,1,0,length,LENGTH,DESCRIPTION,"3'-0"""
commercial-industrial,30,Die-Formed Ridge Cap - Retro-R®,1,0,gauge,GAUGE,DESCRIPTION,29
commercial-industrial,30,Die-Formed Ridge Cap - Retro-R®,1,0,weight_each,WEIGHT EACH,DESCRIPTION,6.754
commercial-industrial,30,Die-Formed Ridge Cap - Retro-R®,1,0,galvalume_plus,GALVALUME® PLUS,PRICED PER EACH,✓
commercial-industrial,30,Die-Formed Ridge Cap - Retro-R®,1,0,signature_200,SIGNATURE® 200,PRICED PER EACH,✓
commercial-industrial,30,Die-Formed Ridge Cap - Retro-R®,1,0,signature_300,SIGNATURE® 300,PRICED PER EACH,N/A
commercial-industrial,31,Rubber Roof Jack,0,0,part,PART #,DESCRIPTION,HW-1000
commercial-industrial,31,Rubber Roof Jack,0,0,temperature_range,"TEMPERATURE
RANGE",DESCRIPTION,-65°F to +212°F
commercial-industrial,31,Rubber Roof Jack,0,0,pipe_size,PIPE SIZE,DESCRIPTION,"Ya"" - 12"""
commercial-industrial,31,Rubber Roof Jack,0,0,base_dim,BASE DIM.,DESCRIPTION,4
commercial-industrial,31,Rubber Roof Jack,0,0,weight_each,WEIGHT EACH,DESCRIPTION,17#
commercial-industrial,31,Rubber Roof Jack,0,0,price,PRICE,,✓
commercial-industrial,31,Rubber Roof Jack,0,1,part,PART #,DESCRIPTION,HW-1001
commercial-industrial,31,Rubber Roof Jack,0,1,temperature_range,"TEMPERATURE
RANGE",DESCRIPTION,-65°F to +212°F
commercial-industrial,31,Rubber Roof Jack,0,1,pipe_size,PIPE SIZE,DESCRIPTION,"1%"" - 4"""
commercial-industrial,31,Rubber Roof Jack,0,1,base_dim,BASE DIM.,DESCRIPTION,8
commercial-industrial,31,Rubber Roof Jack,0,1,weight_each,WEIGHT EACH,DESCRIPTION,0
commercial-industrial,31,Rubber Roof Jack,0,1,price,PRICE,,✓
commercial-industrial,31,Rubber Roof Jack,0,2,part,PART #,DESCRIPTION,HW-1002
commercial-industrial,31,Rubber Roof Jack,0,2,temperature_range,"TEMPERATURE
RANGE",DESCRIPTION,-65°F to +212°F
commercial-industrial,31,Rubber Roof Jack,0,2,pipe_size,PIPE SIZE,DESCRIPTION,"AYA"" _ 6"""
commercial-industrial,31,Rubber Roof Jack,0,2,base_dim,BASE DIM.,DESCRIPTION,"41"""
commercial-industrial,31,Rubber Roof Jack,0,2,weight_each,WEIGHT EACH,DESCRIPTION,5#
commercial-industrial,31,Rubber Roof Jack,0,2,price,PRICE,,✓
commercial-industrial,31,Rubber Roof Jack,0,3,part,PART #,DESCRIPTION,HW-1003
commercial-industrial,31,Rubber Roof Jack,0,3,temperature_range,"TEMPERATURE
RANGE",DESCRIPTION,-65°F to +212°F
commercial-industrial,31,Rubber Roof Jack,0,3,pipe_size,PIPE SIZE,DESCRIPTION,"6"" - 11"""
commercial-industrial,31,Rubber Roof Jack,0,3,base_dim,BASE DIM.,DESCRIPTION,"14"""
commercial-industrial,31,Rubber Roof Jack,0,3,weight_each,WEIGHT EACH,DESCRIPTION,1.55#
commercial-industrial,31,Rubber Roof Jack,0,3,price,PRICE,,✓
commercial-industrial,31,Rubber Roof Jack,0,4,part,PART #,DESCRIPTION,HW-1004
commercial-industrial,31,Rubber Roof Jack,0,4,temperature_range,"TEMPERATURE
RANGE",DESCRIPTION,-65°F to +212°F
commercial-industrial,31,Rubber Roof Jack,0,4,pipe_size,PIPE SIZE,DESCRIPTION,"7"" . 4 3"""
commercial-industrial,31,Rubber Roof Jack,0,4,base_dim,BASE DIM.,DESCRIPTION,"17"""
commercial-industrial,31,Rubber Roof Jack,0,4,weight_each,WEIGHT EACH,DESCRIPTION,2.564
commercial-industrial,31,Rubber Roof Jack,0,4,price,PRICE,,✓
commercial-industrial,31,Rubber Roof Jack,1,0,column_2,,,HIGH TEMPERATUF
commercial-industrial,31,Rubber Roof Jack,1,0,column_3,,,E
commercial-industrial,31,Rubber Roof Jack,1,1,column_1,,,-100°F to +437°F
commercial-industrial,31,Rubber Roof Jack,1,1,column_2,,,"Y,"" _ 4A"""
commercial-industrial,31,Rubber Roof Jack,1,1,column_3,,,8
commercial-industrial,31,Rubber Roof Jack,1,1,column_4,,,0
commercial-industrial,31,Rubber Roof Jack,1,1,column_5,,,v
commercial-industrial,31,Rubber Roof Jack,1,2,column_1,,,-100°F to +437°F
commercial-industrial,31,Rubber Roof Jack,1,2,column_2,,,"4%"" -7"""
commercial-industrial,31,Rubber Roof Jack,1,2,column_3,,,"141"""
commercial-industrial,31,Rubber Roof Jack,1,2,column_4,,,95#
commercial-industrial,31,Rubber Roof Jack,1,2,column_5,,,v
commercial-industrial,31,Rubber Roof Jack,1,3,column_1,,,-100°F to +437°F
commercial-industrial,31,Rubber Roof Jack,1,3,column_2,,,"7"" _ 1 3"""
commercial-industrial,31,Rubber Roof Jack,1,3,column_3,,,"17"""
commercial-industrial,31,Rubber Roof Jack,1,3,column_4,,,2.560#
commercial-industrial,31,Rubber Roof Jack,1,3,column_5,,,v
commercial-industrial,31,Rubber Roof Jack,1,4,column_1,,,-100°F to +437°F
commercial-industrial,31,Rubber Roof Jack,1,4,column_2,,,"10"" . 18"""
commercial-industrial,31,Rubber Roof Jack,1,4,column_3,,,"25"""
commercial-industrial,31,Rubber Roof Jack,1,4,column_4,,,3.86#
commercial-industrial,31,Rubber Roof Jack,1,4,column_5,,,v
commercial-industrial,31,Retrofit Rubber Roof Jack,2,0,part,PART #,DESCRIPTION,HW-1005
commercial-industrial,31,Retrofit Rubber Roof Jack,2,0,temperature_range,"TEMPERATURE
RANGE",DESCRIPTION,-65°F to +212°F
commercial-industrial,31,Retrofit Rubber Roof Jack,2,0,pipe_size,PIPE SIZE,DESCRIPTION,"Ya"" _ 4A"""
commercial-industrial,31,Retrofit Rubber Roof Jack,2,0,base_dim,BASE DIM.,DESCRIPTION,"B8%e"""
commercial-industrial,31,Retrofit Rubber Roof Jack,2,0,weight_each,WEIGHT EACH,DESCRIPTION,TAH
commercial-industrial,31,Retrofit Rubber Roof Jack,2,0,price,PRICE,,✓
commercial-industrial,31,Retrofit Rubber Roof Jack,2,1,part,PART #,DESCRIPTION,HW-1006
commercial-industrial,31,Retrofit Rubber Roof Jack,2,1,temperature_range,"TEMPERATURE
RANGE",DESCRIPTION,-65°F to +212°F
commercial-industrial,31,Retrofit Rubber Roof Jack,2,1,pipe_size,PIPE SIZE,DESCRIPTION,"4"" _ OY"""
commercial-industrial,31,Retrofit Rubber Roof Jack,2,1,base_dim,BASE DIM.,DESCRIPTION,"14%"""
commercial-industrial,31,Retrofit Rubber Roof Jack,2,1,weight_each,WEIGHT EACH,DESCRIPTION,2.20#
commercial-industrial,31,Retrofit Rubber Roof Jack,2,1,price,PRICE,,✓
commercial-industrial,31,Retrofit Rubber Roof Jack,2,2,part,PART #,DESCRIPTION,HW-1007
commercial-industrial,31,Retrofit Rubber Roof Jack,2,2,temperature_range,"TEMPERATURE
RANGE",DESCRIPTION,-65°F to +212°F
commercial-industrial,31,Retrofit Rubber Roof Jack,2,2,pipe_size,PIPE SIZE,DESCRIPTION,"9%"" - 16%"""
commercial-industrial,31,Retrofit Rubber Roof Jack,2,2,base_dim,BASE DIM.,DESCRIPTION,"21%"""
commercial-industrial,31,Retrofit Rubber Roof Jack,2,2,weight_each,WEIGHT EACH,DESCRIPTION,3./8#
commercial-industrial,31,Retrofit Rubber Roof Jack,2,2,price,PRICE,,✓
commercial-industrial,31,Retrofit Rubber Roof Jack,3,0,column_2,,,HIGH TEMPERATUF
commercial-industrial,31,Retrofit Rubber Roof Jack,3,0,column_3,,,E
commercial-industrial,31,Retrofit Rubber Roof Jack,3,1,column_1,,,-100°F to +437°F
commercial-industrial,31,Retrofit Rubber Roof Jack,3,1,column_2,,,"YQ"" . A"""
commercial-industrial,31,Retrofit Rubber Roof Jack,3,1,column_3,,,8H6'
commercial-industrial,31,Retrofit Rubber Roof Jack,3,1,column_4,,,14#
commercial-industrial,31,Retrofit Rubber Roof Jack,3,1,column_5,,,v
commercial-industrial,31,Retrofit Rubber Roof Jack,3,2,column_1,,,-100°F to +437°F
commercial-industrial,31,Retrofit Rubber Roof Jack,3,2,column_2,,,"4"" _ 9%"""
commercial-industrial,31,Retrofit Rubber Roof Jack,3,2,column_3,,,"14%"""
commercial-industrial,31,Retrofit Rubber Roof Jack,3,2,column_4,,,2.204
commercial-industrial,31,Retrofit Rubber Roof Jack,3,2,column_5,,,v
commercial-industrial,31,Retrofit Rubber Roof Jack,3,3,column_1,,,-100°F to +437°F
commercial-industrial,31,Retrofit Rubber Roof Jack,3,3,column_2,,,"9%"" - 16%"""
commercial-industrial,31,Retrofit Rubber Roof Jack,3,3,column_3,,,"21%"""
commercial-industrial,31,Retrofit Rubber Roof Jack,3,3,column_4,,,3.78#
commercial-industrial,31,Retrofit Rubber Roof Jack,3,3,column_5,,,v
commercial-industrial,32,PBR Panel Closure Strip,0,0,part,PART #,DESCRIPTION,HW-455
commercial-industrial,32,PBR Panel Closure Strip,0,0,type,TYPE,DESCRIPTION,Inside
commercial-industrial,32,PBR Panel Closure Strip,0,0,adhesive,ADHESIVE?,DESCRIPTION,No
commercial-industrial,32,PBR Panel Closure Strip,0,0,size,SIZE,DESCRIPTION,"1 W 4 36"""
commercial-industrial,32,PBR Panel Closure Strip,0,0,weight_each,WEIGHT EACH,DESCRIPTION,OAH
commercial-industrial,32,PBR Panel Closure Strip,0,0,price,PRICE,,✓
commercial-industrial,32,PBR Panel Closure Strip,0,1,part,PART #,DESCRIPTION,HW-456
commercial-industrial,32,PBR Panel Closure Strip,0,1,type,TYPE,DESCRIPTION,Outside
commercial-industrial,32,PBR Panel Closure Strip,0,1,adhesive,ADHESIVE?,DESCRIPTION,Yes
commercial-industrial,32,PBR Panel Closure Strip,0,1,size,SIZE,DESCRIPTION,"4 W x 36"""
commercial-industrial,32,PBR Panel Closure Strip,0,1,weight_each,WEIGHT EACH,DESCRIPTION,O8#
commercial-industrial,32,PBR Panel Closure Strip,0,1,price,PRICE,,✓
commercial-industrial,32,PBU Panel Closure Strip,1,0,part,PART #,DESCRIPTION,HW-459
commercial-industrial,32,PBU Panel Closure Strip,1,0,type,TYPE,DESCRIPTION,Inside
commercial-industrial,32,PBU Panel Closure Strip,1,0,adhesive,ADHESIVE?,DESCRIPTION,No
commercial-industrial,32,PBU Panel Closure Strip,1,0,size,SIZE,DESCRIPTION,"1 W xX 36"""
commercial-industrial,32,PBU Panel Closure Strip,1,0,weight_each,WEIGHT EACH,DESCRIPTION,O4#
commercial-industrial,32,PBU Panel Closure Strip,1,0,price,PRICE,,✓
commercial-industrial,32,PBU Panel Closure Strip,1,1,part,PART #,DESCRIPTION,HW-460
commercial-industrial,32,PBU Panel Closure Strip,1,1,type,TYPE,DESCRIPTION,Outside
commercial-industrial,32,PBU Panel Closure Strip,1,1,adhesive,ADHESIVE?,DESCRIPTION,Yes
commercial-industrial,32,PBU Panel Closure Strip,1,1,size,SIZE,DESCRIPTION,"1 W xX 36"""
commercial-industrial,32,PBU Panel Closure Strip,1,1,weight_each,WEIGHT EACH,DESCRIPTION,O6#
commercial-industrial,32,PBU Panel Closure Strip,1,1,price,PRICE,,✓
commercial-industrial,32,AVP Panel Closure Strip,2,0,part,PART #,DESCRIPTION,HW-464
commercial-industrial,32,AVP Panel Closure Strip,2,0,type,TYPE,DESCRIPTION,Inside
commercial-industrial,32,AVP Panel Closure Strip,2,0,adhesive,ADHESIVE?,DESCRIPTION,No
commercial-industrial,32,AVP Panel Closure Strip,2,0,size,SIZE,DESCRIPTION,"1 W 4 36"""
commercial-industrial,32,AVP Panel Closure Strip,2,0,weight_each,WEIGHT EACH,DESCRIPTION,O7#
commercial-industrial,32,AVP Panel Closure Strip,2,0,price,PRICE,,✓
commercial-industrial,32,AVP Panel Closure Strip,2,1,part,PART #,DESCRIPTION,HW-465
commercial-industrial,32,AVP Panel Closure Strip,2,1,type,TYPE,DESCRIPTION,Outside
commercial-industrial,32,AVP Panel Closure Strip,2,1,adhesive,ADHESIVE?,DESCRIPTION,Yes
commercial-industrial,32,AVP Panel Closure Strip,2,1,size,SIZE,DESCRIPTION,"4 W x 36"""
commercial-industrial,32,AVP Panel Closure Strip,2,1,weight_each,WEIGHT EACH,DESCRIPTION,O7#
commercial-industrial,32,AVP Panel Closure Strip,2,1,price,PRICE,,✓
commercial-industrial,33,PBC Panel Closure Strip,0,0,part,PART #,DESCRIPTION,HW-462
commercial-industrial,33,PBC Panel Closure Strip,0,0,type,TYPE,DESCRIPTION,Inside or Outside
commercial-industrial,33,PBC Panel Closure Strip,0,0,adhesive,ADHESIVE?,DESCRIPTION,Yes
commercial-industrial,33,PBC Panel Closure Strip,0,0,size,SIZE,DESCRIPTION,"4 "" x 32"""
commercial-industrial,33,PBC Panel Closure Strip,0,0,weight_each,WEIGHT EACH,DESCRIPTION,O5#
commercial-industrial,33,PBC Panel Closure Strip,0,0,price,PRICE,,✓
commercial-industrial,33,PBD Panel Closure Strip,1,0,part,PART #,DESCRIPTION,HW-463
commercial-industrial,33,PBD Panel Closure Strip,1,0,type,TYPE,DESCRIPTION,Inside or Outside
commercial-industrial,33,PBD Panel Closure Strip,1,0,adhesive,ADHESIVE?,DESCRIPTION,Yes
commercial-industrial,33,PBD Panel Closure Strip,1,0,size,SIZE,DESCRIPTION,"1 W 4 33"""
commercial-industrial,33,PBD Panel Closure Strip,1,0,weight_each,WEIGHT EACH,DESCRIPTION,O4#
commercial-industrial,33,PBD Panel Closure Strip,1,0,price,PRICE,,✓
commercial-industrial,33,7.2 Panel Closure Strip,2,0,part,PART #,DESCRIPTION,HW-461
commercial-industrial,33,7.2 Panel Closure Strip,2,0,type,TYPE,DESCRIPTION,Inside or Outside
commercial-industrial,33,7.2 Panel Closure Strip,2,0,adhesive,ADHESIVE?,DESCRIPTION,No
commercial-industrial,33,7.2 Panel Closure Strip,2,0,size,SIZE,DESCRIPTION,"1 "" Xx 36"""
commercial-industrial,33,7.2 Panel Closure Strip,2,0,weight_each,WEIGHT EACH,DESCRIPTION,O7#
commercial-industrial,33,7.2 Panel Closure Strip,2,0,price,PRICE,,✓
commercial-industrial,33,Retro-R® Panel Closure Strip,3,0,part,PART #,DESCRIPTION,HW-468
commercial-industrial,33,Retro-R® Panel Closure Strip,3,0,type,TYPE,DESCRIPTION,Inside
commercial-industrial,33,Retro-R® Panel Closure Strip,3,0,adhesive,ADHESIVE?,DESCRIPTION,No
commercial-industrial,33,Retro-R® Panel Closure Strip,3,0,size,SIZE,DESCRIPTION,"1 W 4 36"""
commercial-industrial,33,Retro-R® Panel Closure Strip,3,0,weight_each,WEIGHT EACH,DESCRIPTION,21#
commercial-industrial,33,Retro-R® Panel Closure Strip,3,0,price,PRICE,,✓
commercial-industrial,33,Retro-R® Panel Closure Strip,3,1,part,PART #,DESCRIPTION,HW-469
commercial-industrial,33,Retro-R® Panel Closure Strip,3,1,type,TYPE,DESCRIPTION,Outside
commercial-industrial,33,Retro-R® Panel Closure Strip,3,1,adhesive,ADHESIVE?,DESCRIPTION,Yes
commercial-industrial,33,Retro-R® Panel Closure Strip,3,1,size,SIZE,DESCRIPTION,"1 W 4 36"""
commercial-industrial,33,Retro-R® Panel Closure Strip,3,1,weight_each,WEIGHT EACH,DESCRIPTION,1S
commercial-industrial,33,Retro-R® Panel Closure Strip,3,1,price,PRICE,,✓
commercial-industrial,33,PBR Panel Metal Closure,4,0,column_1,,,DESCRIPTION
commercial-industrial,33,PBR Panel Metal Closure,4,0,column_5,,,PRICED PER EACH
commercial-industrial,33,PBR Panel Metal Closure,4,1,column_1,,,SIZE
commercial-industrial,33,PBR Panel Metal Closure,4,1,column_2,,,TYPE
commercial-industrial,33,PBR Panel Metal Closure,4,1,column_3,,,FINISH
commercial-industrial,33,PBR Panel Metal Closure,4,1,column_4,,,WEIGHT EACH
commercial-industrial,33,PBR Panel Metal Closure,4,1,column_5,,,PRICE
commercial-industrial,33,PBR Panel Metal Closure,4,2,column_1,,,HW-4041
commercial-industrial,33,PBR Panel Metal Closure,4,2,column_2,,,Outside
commercial-industrial,33,PBR Panel Metal Closure,4,2,column_3,,,Galvalume
commercial-industrial,33,PBR Panel Metal Closure,4,2,column_4,,,16#
commercial-industrial,33,PBR Panel Metal Closure,4,2,column_5,,,v
commercial-industrial,34,Horizontal Slide Window - Non Insulated,0,0,part,PART #,DESCRIPTION,HW-802R
commercial-industrial,34,Horizontal Slide Window - Non Insulated,0,0,size,SIZE,DESCRIPTION,3030
commercial-industrial,34,Horizontal Slide Window - Non Insulated,0,0,type,TYPE,DESCRIPTION,Horiz. Slide w/Half Screen
commercial-industrial,34,Horizontal Slide Window - Non Insulated,0,0,color,COLOR,DESCRIPTION,Aluminum
commercial-industrial,34,Horizontal Slide Window - Non Insulated,0,0,weight_each,WEIGHT EACH,DESCRIPTION,27.00#
commercial-industrial,34,Horizontal Slide Window - Non Insulated,0,0,price,PRICE,,✓
commercial-industrial,34,Horizontal Slide Window - Non Insulated,0,1,part,PART #,DESCRIPTION,HW-802U
commercial-industrial,34,Horizontal Slide Window - Non Insulated,0,1,size,SIZE,DESCRIPTION,3030
commercial-industrial,34,Horizontal Slide Window - Non Insulated,0,1,type,TYPE,DESCRIPTION,Horiz. Slide w/Half Screen
commercial-industrial,34,Horizontal Slide Window - Non Insulated,0,1,color,COLOR,DESCRIPTION,Aluminum
commercial-industrial,34,Horizontal Slide Window - Non Insulated,0,1,weight_each,WEIGHT EACH,DESCRIPTION,27.00#
commercial-industrial,34,Horizontal Slide Window - Non Insulated,0,1,price,PRICE,,✓
commercial-industrial,34,Horizontal Slide Window - Non Insulated,0,2,part,PART #,DESCRIPTION,HW-804R
commercial-industrial,34,Horizontal Slide Window - Non Insulated,0,2,size,SIZE,DESCRIPTION,4030
commercial-industrial,34,Horizontal Slide Window - Non Insulated,0,2,type,TYPE,DESCRIPTION,Horiz. Slide w/Half Screen
commercial-industrial,34,Horizontal Slide Window - Non Insulated,0,2,color,COLOR,DESCRIPTION,Aluminum
commercial-industrial,34,Horizontal Slide Window - Non Insulated,0,2,weight_each,WEIGHT EACH,DESCRIPTION,28.00#
commercial-industrial,34,Horizontal Slide Window - Non Insulated,0,2,price,PRICE,,✓
commercial-industrial,34,Horizontal Slide Window - Non Insulated,0,3,part,PART #,DESCRIPTION,HW-808R
commercial-industrial,34,Horizontal Slide Window - Non Insulated,0,3,size,SIZE,DESCRIPTION,6030
commercial-industrial,34,Horizontal Slide Window - Non Insulated,0,3,type,TYPE,DESCRIPTION,Horiz. Slide w/Half Screen
commercial-industrial,34,Horizontal Slide Window - Non Insulated,0,3,color,COLOR,DESCRIPTION,Aluminum
commercial-industrial,34,Horizontal Slide Window - Non Insulated,0,3,weight_each,WEIGHT EACH,DESCRIPTION,50.00#
commercial-industrial,34,Horizontal Slide Window - Non Insulated,0,3,price,PRICE,,✓
commercial-industrial,34,Horizontal Slide Window - Non Insulated,0,4,part,PART #,DESCRIPTION,HW-810R
commercial-industrial,34,Horizontal Slide Window - Non Insulated,0,4,size,SIZE,DESCRIPTION,6040
commercial-industrial,34,Horizontal Slide Window - Non Insulated,0,4,type,TYPE,DESCRIPTION,Horiz. Slide w/Half Screen
commercial-industrial,34,Horizontal Slide Window - Non Insulated,0,4,color,COLOR,DESCRIPTION,Aluminum
commercial-industrial,34,Horizontal Slide Window - Non Insulated,0,4,weight_each,WEIGHT EACH,DESCRIPTION,58.00#
commercial-industrial,34,Horizontal Slide Window - Non Insulated,0,4,price,PRICE,,✓
commercial-industrial,34,Single Hung Window - Non Insulated,1,0,part,PART #,DESCRIPTION,HW-820R
commercial-industrial,34,Single Hung Window - Non Insulated,1,0,size,SIZE,DESCRIPTION,3030
commercial-industrial,34,Single Hung Window - Non Insulated,1,0,type,TYPE,DESCRIPTION,Single Hung w/Half Screen
commercial-industrial,34,Single Hung Window - Non Insulated,1,0,color,COLOR,DESCRIPTION,Aluminum
commercial-industrial,34,Single Hung Window - Non Insulated,1,0,weight_each,WEIGHT EACH,DESCRIPTION,27.00#
commercial-industrial,34,Single Hung Window - Non Insulated,1,0,price,PRICE,,✓
commercial-industrial,34,Single Hung Window - Non Insulated,1,1,part,PART #,DESCRIPTION,HW-822R
commercial-industrial,34,Single Hung Window - Non Insulated,1,1,size,SIZE,DESCRIPTION,3040
commercial-industrial,34,Single Hung Window - Non Insulated,1,1,type,TYPE,DESCRIPTION,Single Hung w/Half Screen
commercial-industrial,34,Single Hung Window - Non Insulated,1,1,color,COLOR,DESCRIPTION,Aluminum
commercial-industrial,34,Single Hung Window - Non Insulated,1,1,weight_each,WEIGHT EACH,DESCRIPTION,30.00#
commercial-industrial,34,Single Hung Window - Non Insulated,1,1,price,PRICE,,✓
commercial-industrial,34,Single Hung Window - Non Insulated,1,2,part,PART #,DESCRIPTION,HW-824R
commercial-industrial,34,Single Hung Window - Non Insulated,1,2,size,SIZE,DESCRIPTION,3050
commercial-industrial,34,Single Hung Window - Non Insulated,1,2,type,TYPE,DESCRIPTION,Single Hung w/Half Screen
commercial-industrial,34,Single Hung Window - Non Insulated,1,2,color,COLOR,DESCRIPTION,Aluminum
commercial-industrial,34,Single Hung Window - Non Insulated,1,2,weight_each,WEIGHT EACH,DESCRIPTION,45.00#
commercial-industrial,34,Single Hung Window - Non Insulated,1,2,price,PRICE,,✓
commercial-industrial,35,Walk Doors,1,0,part,PART #,DESCRIPTION,HW-9200
commercial-industrial,35,Walk Doors,1,0,size,SIZE,DESCRIPTION,3070
commercial-industrial,35,Walk Doors,1,0,type,TYPE,DESCRIPTION,M
commercial-industrial,35,Walk Doors,1,0,color,COLOR,DESCRIPTION,White
commercial-industrial,35,Walk Doors,1,0,weight_each,WEIGHT EACH,DESCRIPTION,162.00#
commercial-industrial,35,Walk Doors,1,0,price,PRICE,,✓
commercial-industrial,35,Walk Doors,1,1,part,PART #,DESCRIPTION,HW-9201
commercial-industrial,35,Walk Doors,1,1,size,SIZE,DESCRIPTION,3070
commercial-industrial,35,Walk Doors,1,1,type,TYPE,DESCRIPTION,NL
commercial-industrial,35,Walk Doors,1,1,color,COLOR,DESCRIPTION,White
commercial-industrial,35,Walk Doors,1,1,weight_each,WEIGHT EACH,DESCRIPTION,162.00#
commercial-industrial,35,Walk Doors,1,1,price,PRICE,,✓
commercial-industrial,35,Walk Doors,1,2,part,PART #,DESCRIPTION,HW-9202
commercial-industrial,35,Walk Doors,1,2,size,SIZE,DESCRIPTION,3070
commercial-industrial,35,Walk Doors,1,2,type,TYPE,DESCRIPTION,M (Insulated)
commercial-industrial,35,Walk Doors,1,2,color,COLOR,DESCRIPTION,White
commercial-industrial,35,Walk Doors,1,2,weight_each,WEIGHT EACH,DESCRIPTION,162.00#
commercial-industrial,35,Walk Doors,1,2,price,PRICE,,✓
commercial-industrial,35,Walk Doors,1,3,part,PART #,DESCRIPTION,HW-9203
commercial-industrial,35,Walk Doors,1,3,size,SIZE,DESCRIPTION,3070
commercial-industrial,35,Walk Doors,1,3,type,TYPE,DESCRIPTION,G (No Glass)
commercial-industrial,35,Walk Doors,1,3,color,COLOR,DESCRIPTION,White
commercial-industrial,35,Walk Doors,1,3,weight_each,WEIGHT EACH,DESCRIPTION,162.00#
commercial-industrial,35,Walk Doors,1,3,price,PRICE,,✓
commercial-industrial,35,Walk Doors,1,4,part,PART #,DESCRIPTION,HW-9204
commercial-industrial,35,Walk Doors,1,4,size,SIZE,DESCRIPTION,4070
commercial-industrial,35,Walk Doors,1,4,type,TYPE,DESCRIPTION,M
commercial-industrial,35,Walk Doors,1,4,color,COLOR,DESCRIPTION,White
commercial-industrial,35,Walk Doors,1,4,weight_each,WEIGHT EACH,DESCRIPTION,218#
commercial-industrial,35,Walk Doors,1,4,price,PRICE,,✓
commercial-industrial,35,Walk Doors,1,5,part,PART #,DESCRIPTION,HW-9205
commercial-industrial,35,Walk Doors,1,5,size,SIZE,DESCRIPTION,4070
commercial-industrial,35,Walk Doors,1,5,type,TYPE,DESCRIPTION,NL
commercial-industrial,35,Walk Doors,1,5,color,COLOR,DESCRIPTION,White
commercial-industrial,35,Walk Doors,1,5,weight_each,WEIGHT EACH,DESCRIPTION,218#
commercial-industrial,35,Walk Doors,1,5,price,PRICE,,✓
commercial-industrial,35,Walk Doors,1,6,part,PART #,DESCRIPTION,HW-9206
commercial-industrial,35,Walk Doors,1,6,size,SIZE,DESCRIPTION,6070
commercial-industrial,35,Walk Doors,1,6,type,TYPE,DESCRIPTION,M
commercial-industrial,35,Walk Doors,1,6,color,COLOR,DESCRIPTION,White
commercial-industrial,35,Walk Doors,1,6,weight_each,WEIGHT EACH,DESCRIPTION,280#
commercial-industrial,35,Walk Doors,1,6,price,PRICE,,✓
commercial-industrial,35,Walk Doors,1,7,part,PART #,DESCRIPTION,HW-9207
commercial-industrial,35,Walk Doors,1,7,size,SIZE,DESCRIPTION,6070
commercial-industrial,35,Walk Doors,1,7,type,TYPE,DESCRIPTION,NL
commercial-industrial,35,Walk Doors,1,7,color,COLOR,DESCRIPTION,White
commercial-industrial,35,Walk Doors,1,7,weight_each,WEIGHT EACH,DESCRIPTION,280#
commercial-industrial,35,Walk Doors,1,7,price,PRICE,,✓
commercial-industrial,35,Walk Door Accessories,2,0,column_1,,,DESCRIPTION
commercial-industrial,35,Walk Door Accessories,2,0,column_5,,,PRICED PER EACH
commercial-industrial,35,Walk Door Accessories,2,1,column_1,,,PART #
commercial-industrial,35,Walk Door Accessories,2,1,column_2,,,DESCRIPTION
commercial-industrial,35,Walk Door Accessories,2,1,column_3,,,COLOR
commercial-industrial,35,Walk Door Accessories,2,1,column_4,,,WEIGHT EACH
commercial-industrial,35,Walk Door Accessories,2,1,column_5,,,PRICE
commercial-industrial,35,Walk Door Accessories,2,2,column_1,,,HW-950
commercial-industrial,35,Walk Door Accessories,2,2,column_2,,,"Ya"" X 2 3%4 Long Wedge Anchor"
commercial-industrial,35,Walk Door Accessories,2,2,column_4,,,0.50#
commercial-industrial,35,Walk Door Accessories,2,2,column_5,,,v
commercial-industrial,35,Walk Door Accessories,2,3,column_1,,,HW-954
commercial-industrial,35,Walk Door Accessories,2,3,column_2,,,6070 Removable Mullion
commercial-industrial,35,Walk Door Accessories,2,3,column_3,,,Bronze
commercial-industrial,35,Walk Door Accessories,2,3,column_4,,,25.00#
commercial-industrial,35,Walk Door Accessories,2,3,column_5,,,v
commercial-industrial,35,Walk Door Accessories,2,4,column_1,,,HW-955
commercial-industrial,35,Walk Door Accessories,2,4,column_2,,,Standard Duty Knob Lock
commercial-industrial,35,Walk Door Accessories,2,4,column_4,,,2.00#
commercial-industrial,35,Walk Door Accessories,2,4,column_5,,,v
commercial-industrial,35,Walk Door Accessories,2,5,column_1,,,HW-9558
commercial-industrial,35,Walk Door Accessories,2,5,column_2,,,Standard Duty Knob Lock - Keyed Alike
commercial-industrial,35,Walk Door Accessories,2,5,column_4,,,2.00#
commercial-industrial,35,Walk Door Accessories,2,5,column_5,,,v
commercial-industrial,35,Walk Door Accessories,2,6,column_1,,,HW-9558
commercial-industrial,35,Walk Door Accessories,2,6,column_2,,,Heavy Duty Knob Lock
commercial-industrial,35,Walk Door Accessories,2,6,column_4,,,3.00#
commercial-industrial,35,Walk Door Accessories,2,6,column_5,,,v
commercial-industrial,35,Walk Door Accessories,3,0,column_1,,,Standard Duty Lever Handle Lock
commercial-industrial,35,Walk Door Accessories,3,0,column_3,,,3.00#
commercial-industrial,35,Walk Door Accessories,3,1,column_1,,,Standard Duty Lever Handle Lock - Keyed Alike
commercial-industrial,35,Walk Door Accessories,3,1,column_3,,,3.00#
commercial-industrial,35,Walk Door Accessories,3,2,column_1,,,3070 Universal Threshold
commercial-industrial,35,Walk Door Accessories,3,2,column_3,,,2.00#
commercial-industrial,35,Walk Door Accessories,3,3,column_1,,,4070 Universal Threshold
commercial-industrial,35,Walk Door Accessories,3,3,column_3,,,2.50#
commercial-industrial,35,Walk Door Accessories,3,4,column_1,,,6070 Top and Bottom Bolts
commercial-industrial,35,Walk Door Accessories,3,4,column_3,,,2.00#
commercial-industrial,35,Walk Door Accessories,3,5,column_1,,,Door Closer
commercial-industrial,35,Walk Door Accessories,3,5,column_2,,,Aluminum
commercial-industrial,35,Walk Door Accessories,3,5,column_3,,,2.00#
commercial-industrial,35,Walk Door Accessories,3,6,column_1,,,"AY"" x 4¥"" Hinges (Box of 3)"
commercial-industrial,35,Walk Door Accessories,3,6,column_3,,,5.00#
commercial-industrial,35,Walk Door Accessories,3,7,column_1,,,Anti-Panic Hardware - Surface Mount w/Knob Lockset
commercial-industrial,35,Walk Door Accessories,3,7,column_3,,,9.67#
commercial-industrial,35,Walk Door Accessories,4,0,column_1,,,Anti-Panic Hardware - Surface Mount w/Handle Lockset
commercial-industrial,35,Walk Door Accessories,4,0,column_3,,,9.95#
commercial-industrial,36,Tape Sealer,0,0,part,PART #,DESCRIPTION,HW-505
commercial-industrial,36,Tape Sealer,0,0,type,TYPE,DESCRIPTION,Butyl
commercial-industrial,36,Tape Sealer,0,0,width,WIDTH,DESCRIPTION,"34"""
commercial-industrial,36,Tape Sealer,0,0,thickness,THICKNESS,DESCRIPTION,"3,29"
commercial-industrial,36,Tape Sealer,0,0,length,LENGTH,DESCRIPTION,"45'-0"""
commercial-industrial,36,Tape Sealer,0,0,roll_weight,ROLL WEIGHT,DESCRIPTION,1.20#
commercial-industrial,36,Tape Sealer,0,0,price,PRICE,,✓
commercial-industrial,36,Tape Sealer,0,1,part,PART #,DESCRIPTION,HW-506
commercial-industrial,36,Tape Sealer,0,1,type,TYPE,DESCRIPTION,Butyl
commercial-industrial,36,Tape Sealer,0,1,width,WIDTH,DESCRIPTION,"4q"""
commercial-industrial,36,Tape Sealer,0,1,thickness,THICKNESS,DESCRIPTION,"329"""
commercial-industrial,36,Tape Sealer,0,1,length,LENGTH,DESCRIPTION,"AS'-Q"""
commercial-industrial,36,Tape Sealer,0,1,roll_weight,ROLL WEIGHT,DESCRIPTION,2.85#
commercial-industrial,36,Tape Sealer,0,1,price,PRICE,,✓
commercial-industrial,36,Tape Sealer,0,2,part,PART #,DESCRIPTION,HW-507
commercial-industrial,36,Tape Sealer,0,2,type,TYPE,DESCRIPTION,Butyl
commercial-industrial,36,Tape Sealer,0,2,width,WIDTH,DESCRIPTION,"YQ"""
commercial-industrial,36,Tape Sealer,0,2,thickness,THICKNESS,DESCRIPTION,"32"""
commercial-industrial,36,Tape Sealer,0,2,length,LENGTH,DESCRIPTION,"50'-0"""
commercial-industrial,36,Tape Sealer,0,2,roll_weight,ROLL WEIGHT,DESCRIPTION,1.60#
commercial-industrial,36,Tape Sealer,0,2,price,PRICE,,✓
commercial-industrial,36,Tape Sealer - Triple Bead,1,0,part,PART #,DESCRIPTION,HW-502
commercial-industrial,36,Tape Sealer - Triple Bead,1,0,type,TYPE,DESCRIPTION,Butyl
commercial-industrial,36,Tape Sealer - Triple Bead,1,0,width,WIDTH,DESCRIPTION,"292"""
commercial-industrial,36,Tape Sealer - Triple Bead,1,0,thickness,THICKNESS,DESCRIPTION,"He!"""
commercial-industrial,36,Tape Sealer - Triple Bead,1,0,length,LENGTH,DESCRIPTION,"20'-0"""
commercial-industrial,36,Tape Sealer - Triple Bead,1,0,carton_qty,CARTON QTY,DESCRIPTION,6
commercial-industrial,36,Tape Sealer - Triple Bead,1,0,carton_weight,"CARTON
WEIGHT",DESCRIPTION,23.00#
commercial-industrial,36,Tape Sealer - Triple Bead,1,0,price,PRICE,,✓
commercial-industrial,36,Tape Sealer - Tri-Bead,2,0,part,PART #,DESCRIPTION,HW-504
commercial-industrial,36,Tape Sealer - Tri-Bead,2,0,type,TYPE,DESCRIPTION,Butyl
commercial-industrial,36,Tape Sealer - Tri-Bead,2,0,width,WIDTH,DESCRIPTION,"7p"""
commercial-industrial,36,Tape Sealer - Tri-Bead,2,0,thickness,THICKNESS,DESCRIPTION,"6"""
commercial-industrial,36,Tape Sealer - Tri-Bead,2,0,length,LENGTH,DESCRIPTION,"25'-0"""
commercial-industrial,36,Tape Sealer - Tri-Bead,2,0,carton_qty,CARTON QTY,DESCRIPTION,8
commercial-industrial,36,Tape Sealer - Tri-Bead,2,0,carton_weight,"CARTON
WEIGHT",DESCRIPTION,20.00#
commercial-industrial,36,Tape Sealer - Tri-Bead,2,0,price,PRICE,,✓
commercial-industrial,37,Tube Sealant,0,0,part,PART #,DESCRIPTION,HW-548
commercial-industrial,37,Tube Sealant,0,0,type,TYPE,DESCRIPTION,Acrylic
commercial-industrial,37,Tube Sealant,0,0,color,COLOR,DESCRIPTION,White
commercial-industrial,37,Tube Sealant,0,0,tube_size,TUBE SIZE,DESCRIPTION,11 ounce
commercial-industrial,37,Tube Sealant,0,0,tube_weight,TUBE WEIGHT,DESCRIPTION,15H
commercial-industrial,37,Tube Sealant,0,0,price,PRICE,,✓
commercial-industrial,37,Tube Sealant,0,1,part,PART #,DESCRIPTION,HW-550
commercial-industrial,37,Tube Sealant,0,1,type,TYPE,DESCRIPTION,Acrylic
commercial-industrial,37,Tube Sealant,0,1,color,COLOR,DESCRIPTION,Gray
commercial-industrial,37,Tube Sealant,0,1,tube_size,TUBE SIZE,DESCRIPTION,11 ounce
commercial-industrial,37,Tube Sealant,0,1,tube_weight,TUBE WEIGHT,DESCRIPTION,SDF
commercial-industrial,37,Tube Sealant,0,1,price,PRICE,,✓
commercial-industrial,37,Tube Sealant,0,2,part,PART #,DESCRIPTION,HW-540
commercial-industrial,37,Tube Sealant,0,2,type,TYPE,DESCRIPTION,Urethane
commercial-industrial,37,Tube Sealant,0,2,color,COLOR,DESCRIPTION,White
commercial-industrial,37,Tube Sealant,0,2,tube_size,TUBE SIZE,DESCRIPTION,11 ounce
commercial-industrial,37,Tube Sealant,0,2,tube_weight,TUBE WEIGHT,DESCRIPTION,85H
commercial-industrial,37,Tube Sealant,0,2,price,PRICE,,✓
commercial-industrial,37,Tube Sealant,0,3,part,PART #,DESCRIPTION,HW-541
commercial-industrial,37,Tube Sealant,0,3,type,TYPE,DESCRIPTION,Urethane
commercial-industrial,37,Tube Sealant,0,3,color,COLOR,DESCRIPTION,Gray
commercial-industrial,37,Tube Sealant,0,3,tube_size,TUBE SIZE,DESCRIPTION,11 ounce
commercial-industrial,37,Tube Sealant,0,3,tube_weight,TUBE WEIGHT,DESCRIPTION,85#
commercial-industrial,37,Tube Sealant,0,3,price,PRICE,,✓
commercial-industrial,37,Tube Sealant,0,4,part,PART #,DESCRIPTION,HW-542
commercial-industrial,37,Tube Sealant,0,4,type,TYPE,DESCRIPTION,Urethane
commercial-industrial,37,Tube Sealant,0,4,color,COLOR,DESCRIPTION,Bronze
commercial-industrial,37,Tube Sealant,0,4,tube_size,TUBE SIZE,DESCRIPTION,11 ounce
commercial-industrial,37,Tube Sealant,0,4,tube_weight,TUBE WEIGHT,DESCRIPTION,OOF
commercial-industrial,37,Tube Sealant,0,4,price,PRICE,,✓
commercial-industrial,37,Tube Sealant,0,5,part,PART #,DESCRIPTION,HW-544
commercial-industrial,37,Tube Sealant,0,5,type,TYPE,DESCRIPTION,Urethane
commercial-industrial,37,Tube Sealant,0,5,color,COLOR,DESCRIPTION,Almond
commercial-industrial,37,Tube Sealant,0,5,tube_size,TUBE SIZE,DESCRIPTION,11 ounce
commercial-industrial,37,Tube Sealant,0,5,tube_weight,TUBE WEIGHT,DESCRIPTION,85#
commercial-industrial,37,Tube Sealant,0,5,price,PRICE,,✓
commercial-industrial,37,Tube Sealant,0,6,part,PART #,DESCRIPTION,HW-549
commercial-industrial,37,Tube Sealant,0,6,type,TYPE,DESCRIPTION,Non-Skinning Butyl
commercial-industrial,37,Tube Sealant,0,6,color,COLOR,DESCRIPTION,White
commercial-industrial,37,Tube Sealant,0,6,tube_size,TUBE SIZE,DESCRIPTION,10 ounce
commercial-industrial,37,Tube Sealant,0,6,tube_weight,TUBE WEIGHT,DESCRIPTION,1.00#
commercial-industrial,37,Tube Sealant,0,6,price,PRICE,,✓
commercial-industrial,37,Touch Up Paint,1,0,part,PART #,DESCRIPTION,HW-304
commercial-industrial,37,Touch Up Paint,1,0,finish,FINISH,DESCRIPTION,Signature® 200
commercial-industrial,37,Touch Up Paint,1,0,size,SIZE,DESCRIPTION,2 ounce
commercial-industrial,37,Touch Up Paint,1,0,color,COLOR,DESCRIPTION,See Color Chart
commercial-industrial,37,Touch Up Paint,1,0,weight_each,WEIGHT EACH,DESCRIPTION,50#
commercial-industrial,37,Touch Up Paint,1,0,price,PRICE,,✓
commercial-industrial,37,Touch Up Paint,1,1,part,PART #,DESCRIPTION,HW-305
commercial-industrial,37,Touch Up Paint,1,1,finish,FINISH,DESCRIPTION,Signature® 300
commercial-industrial,37,Touch Up Paint,1,1,size,SIZE,DESCRIPTION,2 ounce
commercial-industrial,37,Touch Up Paint,1,1,color,COLOR,DESCRIPTION,See Color Chart
commercial-industrial,37,Touch Up Paint,1,1,weight_each,WEIGHT EACH,DESCRIPTION,0
commercial-industrial,37,Touch Up Paint,1,1,price,PRICE,,✓
commercial-industrial,37,Touch Up Paint,1,2,part,PART #,DESCRIPTION,HW-310S
commercial-industrial,37,Touch Up Paint,1,2,finish,FINISH,DESCRIPTION,Spray Primer
commercial-industrial,37,Touch Up Paint,1,2,size,SIZE,DESCRIPTION,1 gallon
commercial-industrial,37,Touch Up Paint,1,2,color,COLOR,DESCRIPTION,Red Oxide
commercial-industrial,37,Touch Up Paint,1,2,weight_each,WEIGHT EACH,DESCRIPTION,10.00#
commercial-industrial,37,Touch Up Paint,1,2,price,PRICE,,✓
commercial-industrial,37,Touch Up Paint,1,3,part,PART #,DESCRIPTION,HW-310B
commercial-industrial,37,Touch Up Paint,1,3,finish,FINISH,DESCRIPTION,Brush Primer
commercial-industrial,37,Touch Up Paint,1,3,size,SIZE,DESCRIPTION,1 gallon
commercial-industrial,37,Touch Up Paint,1,3,color,COLOR,DESCRIPTION,Red Oxide
commercial-industrial,37,Touch Up Paint,1,3,weight_each,WEIGHT EACH,DESCRIPTION,11.00#
commercial-industrial,37,Touch Up Paint,1,3,price,PRICE,,✓
commercial-industrial,37,Touch Up Paint,1,4,part,PART #,DESCRIPTION,HW-320S
commercial-industrial,37,Touch Up Paint,1,4,finish,FINISH,DESCRIPTION,Spray Primer
commercial-industrial,37,Touch Up Paint,1,4,size,SIZE,DESCRIPTION,5 gallon
commercial-industrial,37,Touch Up Paint,1,4,color,COLOR,DESCRIPTION,Red Oxide
commercial-industrial,37,Touch Up Paint,1,4,weight_each,WEIGHT EACH,DESCRIPTION,50.00#
commercial-industrial,37,Touch Up Paint,1,4,price,PRICE,,✓
commercial-industrial,37,Touch Up Paint,1,5,part,PART #,DESCRIPTION,HW-320B
commercial-industrial,37,Touch Up Paint,1,5,finish,FINISH,DESCRIPTION,Brush Primer
commercial-industrial,37,Touch Up Paint,1,5,size,SIZE,DESCRIPTION,5 gallon
commercial-industrial,37,Touch Up Paint,1,5,color,COLOR,DESCRIPTION,Red Oxide
commercial-industrial,37,Touch Up Paint,1,5,weight_each,WEIGHT EACH,DESCRIPTION,50.00#
commercial-industrial,37,Touch Up Paint,1,5,price,PRICE,,✓
commercial-industrial,38,Blanket Insulation,0,0,part,PART #,DESCRIPTION,HW-3927
commercial-industrial,38,Blanket Insulation,0,0,type,TYPE,DESCRIPTION,VRR+
commercial-industrial,38,Blanket Insulation,0,0,width,WIDTH,DESCRIPTION,"6'-0"""
commercial-industrial,38,Blanket Insulation,0,0,length,LENGTH,DESCRIPTION,"104'-0"""
commercial-industrial,38,Blanket Insulation,0,0,column_5,,ROLL WEIGHT,116
commercial-industrial,38,Blanket Insulation,0,0,price,PRICE,ROLL WEIGHT,39H
commercial-industrial,38,Blanket Insulation,0,0,column_7,,PRICED PER ROLL,✓
commercial-industrial,38,Vinyl Patch Tape,1,0,column_1,,,DESCRIPTION
commercial-industrial,38,Vinyl Patch Tape,1,0,column_5,,,PRICED PER ROLL
commercial-industrial,38,Vinyl Patch Tape,1,1,column_1,,,PART #
commercial-industrial,38,Vinyl Patch Tape,1,1,column_2,,,WIDTH
commercial-industrial,38,Vinyl Patch Tape,1,1,column_3,,,LENGTH
commercial-industrial,38,Vinyl Patch Tape,1,1,column_4,,,ROLL WEIGHT
commercial-industrial,38,Vinyl Patch Tape,1,1,column_5,,,PRICE
commercial-industrial,38,Vinyl Patch Tape,1,2,column_1,,,HW-5211
commercial-industrial,38,Vinyl Patch Tape,1,2,column_2,,,"3"""
commercial-industrial,38,Vinyl Patch Tape,1,2,column_3,,,"150'-0"""
commercial-industrial,38,Vinyl Patch Tape,1,2,column_4,,,1.98#
commercial-industrial,38,Vinyl Patch Tape,1,2,column_5,,,v
commercial-industrial,38,Double Faced Tape,2,0,column_1,,,DESCRIPTION
commercial-industrial,38,Double Faced Tape,2,0,column_5,,,PRICED PER ROLL
commercial-industrial,38,Double Faced Tape,2,1,column_1,,,PART #
commercial-industrial,38,Double Faced Tape,2,1,column_2,,,WIDTH
commercial-industrial,38,Double Faced Tape,2,1,column_3,,,LENGTH
commercial-industrial,38,Double Faced Tape,2,1,column_4,,,ROLL WEIGHT
commercial-industrial,38,Double Faced Tape,2,1,column_5,,,PRICE
commercial-industrial,38,Double Faced Tape,2,2,column_1,,,HW-522
commercial-industrial,38,Double Faced Tape,2,2,column_2,,,"1¥2"""
commercial-industrial,38,Double Faced Tape,2,2,column_3,,,"180'-0"""
commercial-industrial,38,Double Faced Tape,2,2,column_4,,,1.00#
commercial-industrial,38,Double Faced Tape,2,2,column_5,,,v
commercial-industrial,39,Reflective Insulation,0,0,part,PART #,DESCRIPTION,HW-3925
commercial-industrial,39,Reflective Insulation,0,0,type,TYPE,DESCRIPTION,SolarGuard
commercial-industrial,39,Reflective Insulation,0,0,width,WIDTH,DESCRIPTION,"4'-Q"""
commercial-industrial,39,Reflective Insulation,0,0,length,LENGTH,DESCRIPTION,"125'-0"""
commercial-industrial,39,Reflective Insulation,0,0,weight_per_roll,WEIGHT PER ROLL,DESCRIPTION,31.00#
commercial-industrial,39,Reflective Insulation,0,0,price,PRICE,,✓
commercial-industrial,39,Reflective Insulation,0,1,part,PART #,DESCRIPTION,HW-3926
commercial-industrial,39,Reflective Insulation,0,1,type,TYPE,DESCRIPTION,SolarGuard
commercial-industrial,39,Reflective Insulation,0,1,width,WIDTH,DESCRIPTION,"6'-0"""
commercial-industrial,39,Reflective Insulation,0,1,length,LENGTH,DESCRIPTION,"125'-0"""
commercial-industrial,39,Reflective Insulation,0,1,weight_per_roll,WEIGHT PER ROLL,DESCRIPTION,46.50#
commercial-industrial,39,Reflective Insulation,0,1,price,PRICE,,✓
commercial-industrial,39,Scrimless Aluminum Tape,1,0,column_1,,,DESCRIPTION
commercial-industrial,39,Scrimless Aluminum Tape,1,0,column_5,,,PRICED PER ROLL
commercial-industrial,39,Scrimless Aluminum Tape,1,1,column_1,,,PART #
commercial-industrial,39,Scrimless Aluminum Tape,1,1,column_2,,,WIDTH
commercial-industrial,39,Scrimless Aluminum Tape,1,1,column_3,,,LENGTH
commercial-industrial,39,Scrimless Aluminum Tape,1,1,column_4,,,WEIGHT PER ROLL
commercial-industrial,39,Scrimless Aluminum Tape,1,1,column_5,,,PRICE
commercial-industrial,39,Scrimless Aluminum Tape,1,2,column_1,,,HW-514
commercial-industrial,39,Scrimless Aluminum Tape,1,2,column_2,,,"3"""
commercial-industrial,39,Scrimless Aluminum Tape,1,2,column_3,,,"150'-0"""
commercial-industrial,39,Scrimless Aluminum Tape,1,2,column_4,,,1.50#
commercial-industrial,39,Scrimless Aluminum Tape,1,2,column_5,,,v
commercial-industrial,39,PRICE,2,0,column_1,,,"Y,"""
commercial-industrial,39,PRICE,2,0,column_2,,,"6,650 Ibs."
commercial-industrial,39,PRICE,2,0,column_3,,,Specify
commercial-industrial,39,PRICE,2,0,column_4,,,100 LF
commercial-industrial,39,PRICE,2,0,column_5,,,.12# per LF
commercial-industrial,39,PRICE,2,1,column_1,,,"she"""
commercial-industrial,39,PRICE,2,1,column_2,,,"11,200 Ibs."
commercial-industrial,39,PRICE,2,1,column_3,,,Specify
commercial-industrial,39,PRICE,2,1,column_4,,,100 LF
commercial-industrial,39,PRICE,2,1,column_5,,,.21# per LF
commercial-industrial,39,PRICE,2,2,column_1,,,"34"""
commercial-industrial,39,PRICE,2,2,column_2,,,"15,400 Ibs."
commercial-industrial,39,PRICE,2,2,column_3,,,Specify
commercial-industrial,39,PRICE,2,2,column_4,,,100 LF
commercial-industrial,39,PRICE,2,2,column_5,,,.27# per LF
commercial-industrial,39,PRICE,2,3,column_1,,,"Yo"""
commercial-industrial,39,PRICE,2,3,column_2,,,"26,900 Ibs"
commercial-industrial,39,PRICE,2,3,column_3,,,"250'-0"""
commercial-industrial,39,PRICE,2,3,column_4,,,ROLL
commercial-industrial,39,PRICE,2,3,column_5,,,106.00# per ROLL
commercial-industrial,40,Flo-Loc Grip,0,0,part,PART #,DESCRIPTION,HW-376
commercial-industrial,40,Flo-Loc Grip,0,0,size,SIZE,DESCRIPTION,"Y,"""
commercial-industrial,40,Flo-Loc Grip,0,0,minimum_breaking_strength,"MINIMUM
BREAKING STRENGTH",DESCRIPTION,"6,650 Ibs."
commercial-industrial,40,Flo-Loc Grip,0,0,length,LENGTH,DESCRIPTION,"49"""
commercial-industrial,40,Flo-Loc Grip,0,0,weight_each,WEIGHT EACH,DESCRIPTION,34H
commercial-industrial,40,Flo-Loc Grip,0,0,price,PRICE,,✓
commercial-industrial,40,Flo-Loc Grip,0,1,part,PART #,DESCRIPTION,HW-377
commercial-industrial,40,Flo-Loc Grip,0,1,size,SIZE,DESCRIPTION,"s/6"""
commercial-industrial,40,Flo-Loc Grip,0,1,minimum_breaking_strength,"MINIMUM
BREAKING STRENGTH",DESCRIPTION,"11,200 Ibs."
commercial-industrial,40,Flo-Loc Grip,0,1,length,LENGTH,DESCRIPTION,"21"""
commercial-industrial,40,Flo-Loc Grip,0,1,weight_each,WEIGHT EACH,DESCRIPTION,./0#
commercial-industrial,40,Flo-Loc Grip,0,1,price,PRICE,,✓
commercial-industrial,40,Flo-Loc Grip,0,2,part,PART #,DESCRIPTION,HW-378
commercial-industrial,40,Flo-Loc Grip,0,2,size,SIZE,DESCRIPTION,"34"""
commercial-industrial,40,Flo-Loc Grip,0,2,minimum_breaking_strength,"MINIMUM
BREAKING STRENGTH",DESCRIPTION,"15,400 Ibs."
commercial-industrial,40,Flo-Loc Grip,0,2,length,LENGTH,DESCRIPTION,"26"""
commercial-industrial,40,Flo-Loc Grip,0,2,weight_each,WEIGHT EACH,DESCRIPTION,1.04#
commercial-industrial,40,Flo-Loc Grip,0,2,price,PRICE,,✓
commercial-industrial,40,Flo-Loc Grip,0,3,part,PART #,DESCRIPTION,HW-383
commercial-industrial,40,Flo-Loc Grip,0,3,size,SIZE,DESCRIPTION,"YQ"""
commercial-industrial,40,Flo-Loc Grip,0,3,minimum_breaking_strength,"MINIMUM
BREAKING STRENGTH",DESCRIPTION,"26,900 Ibs."
commercial-industrial,40,Flo-Loc Grip,0,3,length,LENGTH,DESCRIPTION,"34"""
commercial-industrial,40,Flo-Loc Grip,0,3,weight_each,WEIGHT EACH,DESCRIPTION,2.56#
commercial-industrial,40,Flo-Loc Grip,0,3,price,PRICE,,✓
commercial-industrial,40,Eye Bolt with Flat Washer and Nut,1,0,part,PART #,DESCRIPTION,HW-352
commercial-industrial,40,Eye Bolt with Flat Washer and Nut,1,0,size,SIZE,DESCRIPTION,"YQ"""
commercial-industrial,40,Eye Bolt with Flat Washer and Nut,1,0,eye_diameter,EYE DIAMETER,DESCRIPTION,"4q"""
commercial-industrial,40,Eye Bolt with Flat Washer and Nut,1,0,shank_length,SHANK LENGTH,DESCRIPTION,gu
commercial-industrial,40,Eye Bolt with Flat Washer and Nut,1,0,thread_length,"THREAD
LENGTH",DESCRIPTION,"6"""
commercial-industrial,40,Eye Bolt with Flat Washer and Nut,1,0,yield_strength,"YIELD
STRENGTH",DESCRIPTION,"36,000 Ibs."
commercial-industrial,40,Eye Bolt with Flat Washer and Nut,1,0,weight_each,WEIGHT EACH,DESCRIPTION,60#
commercial-industrial,40,Eye Bolt with Flat Washer and Nut,1,0,price,PRICE,,✓
commercial-industrial,40,Eye Bolt with Flat Washer and Nut,1,1,part,PART #,DESCRIPTION,HW-353
commercial-industrial,40,Eye Bolt with Flat Washer and Nut,1,1,size,SIZE,DESCRIPTION,"56"""
commercial-industrial,40,Eye Bolt with Flat Washer and Nut,1,1,eye_diameter,EYE DIAMETER,DESCRIPTION,"1%"""
commercial-industrial,40,Eye Bolt with Flat Washer and Nut,1,1,shank_length,SHANK LENGTH,DESCRIPTION,gn
commercial-industrial,40,Eye Bolt with Flat Washer and Nut,1,1,thread_length,"THREAD
LENGTH",DESCRIPTION,"6"""
commercial-industrial,40,Eye Bolt with Flat Washer and Nut,1,1,yield_strength,"YIELD
STRENGTH",DESCRIPTION,"55,000 Ibs."
commercial-industrial,40,Eye Bolt with Flat Washer and Nut,1,1,weight_each,WEIGHT EACH,DESCRIPTION,1.154
commercial-industrial,40,Eye Bolt with Flat Washer and Nut,1,1,price,PRICE,,✓
commercial-industrial,40,Eye Bolt with Flat Washer and Nut,1,2,part,PART #,DESCRIPTION,HW-354
commercial-industrial,40,Eye Bolt with Flat Washer and Nut,1,2,size,SIZE,DESCRIPTION,"34"""
commercial-industrial,40,Eye Bolt with Flat Washer and Nut,1,2,eye_diameter,EYE DIAMETER,DESCRIPTION,"1¥2"""
commercial-industrial,40,Eye Bolt with Flat Washer and Nut,1,2,shank_length,SHANK LENGTH,DESCRIPTION,gn
commercial-industrial,40,Eye Bolt with Flat Washer and Nut,1,2,thread_length,"THREAD
LENGTH",DESCRIPTION,"6"""
commercial-industrial,40,Eye Bolt with Flat Washer and Nut,1,2,yield_strength,"YIELD
STRENGTH",DESCRIPTION,"55,000 Ibs."
commercial-industrial,40,Eye Bolt with Flat Washer and Nut,1,2,weight_each,WEIGHT EACH,DESCRIPTION,1.834
commercial-industrial,40,Eye Bolt with Flat Washer and Nut,1,2,price,PRICE,,✓
commercial-industrial,40,Eye Bolt with Flat Washer and Nut,1,3,part,PART #,DESCRIPTION,HW-381
commercial-industrial,40,Eye Bolt with Flat Washer and Nut,1,3,size,SIZE,DESCRIPTION,"7g"""
commercial-industrial,40,Eye Bolt with Flat Washer and Nut,1,3,eye_diameter,EYE DIAMETER,DESCRIPTION,"1¥2"""
commercial-industrial,40,Eye Bolt with Flat Washer and Nut,1,3,shank_length,SHANK LENGTH,DESCRIPTION,gn
commercial-industrial,40,Eye Bolt with Flat Washer and Nut,1,3,thread_length,"THREAD
LENGTH",DESCRIPTION,"6"""
commercial-industrial,40,Eye Bolt with Flat Washer and Nut,1,3,yield_strength,"YIELD
STRENGTH",DESCRIPTION,"60,000 Ibs."
commercial-industrial,40,Eye Bolt with Flat Washer and Nut,1,3,weight_each,WEIGHT EACH,DESCRIPTION,2.044
commercial-industrial,40,Eye Bolt with Flat Washer and Nut,1,3,price,PRICE,,✓
commercial-industrial,40,Hillside and Flat Washers,2,0,part,PART #,DESCRIPTION,HW-390
commercial-industrial,40,Hillside and Flat Washers,2,0,type,TYPE,DESCRIPTION,Flat
commercial-industrial,40,Hillside and Flat Washers,2,0,size,SIZE,DESCRIPTION,7
commercial-industrial,40,Hillside and Flat Washers,2,0,finish,FINISH,DESCRIPTION,Plated
commercial-industrial,40,Hillside and Flat Washers,2,0,weight_each,WEIGHT EACH,DESCRIPTION,O4#
commercial-industrial,40,Hillside and Flat Washers,2,0,price,PRICE,,✓
commercial-industrial,40,Hillside and Flat Washers,2,1,part,PART #,DESCRIPTION,HW-391
commercial-industrial,40,Hillside and Flat Washers,2,1,type,TYPE,DESCRIPTION,Flat
commercial-industrial,40,Hillside and Flat Washers,2,1,size,SIZE,DESCRIPTION,"5"""
commercial-industrial,40,Hillside and Flat Washers,2,1,finish,FINISH,DESCRIPTION,Plated
commercial-industrial,40,Hillside and Flat Washers,2,1,weight_each,WEIGHT EACH,DESCRIPTION,O8#
commercial-industrial,40,Hillside and Flat Washers,2,1,price,PRICE,,✓
commercial-industrial,40,Hillside and Flat Washers,2,2,part,PART #,DESCRIPTION,HW-392
commercial-industrial,40,Hillside and Flat Washers,2,2,type,TYPE,DESCRIPTION,Flat
commercial-industrial,40,Hillside and Flat Washers,2,2,size,SIZE,DESCRIPTION,"34"""
commercial-industrial,40,Hillside and Flat Washers,2,2,finish,FINISH,DESCRIPTION,Plated
commercial-industrial,40,Hillside and Flat Washers,2,2,weight_each,WEIGHT EACH,DESCRIPTION,11#
commercial-industrial,40,Hillside and Flat Washers,2,2,price,PRICE,,✓
commercial-industrial,40,Hillside and Flat Washers,2,3,part,PART #,DESCRIPTION,HW-382
commercial-industrial,40,Hillside and Flat Washers,2,3,type,TYPE,DESCRIPTION,Flat
commercial-industrial,40,Hillside and Flat Washers,2,3,size,SIZE,DESCRIPTION,7
commercial-industrial,40,Hillside and Flat Washers,2,3,finish,FINISH,DESCRIPTION,Plated
commercial-industrial,40,Hillside and Flat Washers,2,3,weight_each,WEIGHT EACH,DESCRIPTION,15H
commercial-industrial,40,Hillside and Flat Washers,2,3,price,PRICE,,✓
commercial-industrial,40,Hillside and Flat Washers,2,4,part,PART #,DESCRIPTION,HW-393
commercial-industrial,40,Hillside and Flat Washers,2,4,type,TYPE,DESCRIPTION,Flat
commercial-industrial,40,Hillside and Flat Washers,2,4,size,SIZE,DESCRIPTION,"1"""
commercial-industrial,40,Hillside and Flat Washers,2,4,finish,FINISH,DESCRIPTION,Plated
commercial-industrial,40,Hillside and Flat Washers,2,4,weight_each,WEIGHT EACH,DESCRIPTION,19#
commercial-industrial,40,Hillside and Flat Washers,2,4,price,PRICE,,✓
commercial-industrial,40,Hillside and Flat Washers,2,5,part,PART #,DESCRIPTION,HW-394
commercial-industrial,40,Hillside and Flat Washers,2,5,type,TYPE,DESCRIPTION,Hillside
commercial-industrial,40,Hillside and Flat Washers,2,5,size,SIZE,DESCRIPTION,7
commercial-industrial,40,Hillside and Flat Washers,2,5,finish,FINISH,DESCRIPTION,Black
commercial-industrial,40,Hillside and Flat Washers,2,5,weight_each,WEIGHT EACH,DESCRIPTION,34H
commercial-industrial,40,Hillside and Flat Washers,2,5,price,PRICE,,✓
commercial-industrial,40,Hillside and Flat Washers,2,6,part,PART #,DESCRIPTION,HW-395
commercial-industrial,40,Hillside and Flat Washers,2,6,type,TYPE,DESCRIPTION,Hillside
commercial-industrial,40,Hillside and Flat Washers,2,6,size,SIZE,DESCRIPTION,"56"""
commercial-industrial,40,Hillside and Flat Washers,2,6,finish,FINISH,DESCRIPTION,Black
commercial-industrial,40,Hillside and Flat Washers,2,6,weight_each,WEIGHT EACH,DESCRIPTION,5O#
commercial-industrial,40,Hillside and Flat Washers,2,6,price,PRICE,,✓
commercial-industrial,40,Hillside and Flat Washers,2,7,part,PART #,DESCRIPTION,HW-396
commercial-industrial,40,Hillside and Flat Washers,2,7,type,TYPE,DESCRIPTION,Hillside
commercial-industrial,40,Hillside and Flat Washers,2,7,size,SIZE,DESCRIPTION,"34"""
commercial-industrial,40,Hillside and Flat Washers,2,7,finish,FINISH,DESCRIPTION,Black
commercial-industrial,40,Hillside and Flat Washers,2,7,weight_each,WEIGHT EACH,DESCRIPTION,O1#
commercial-industrial,40,Hillside and Flat Washers,2,7,price,PRICE,,✓
commercial-industrial,40,Hillside and Flat Washers,2,8,part,PART #,DESCRIPTION,HW-397
commercial-industrial,40,Hillside and Flat Washers,2,8,type,TYPE,DESCRIPTION,Hillside
commercial-industrial,40,Hillside and Flat Washers,2,8,size,SIZE,DESCRIPTION,7
commercial-industrial,40,Hillside and Flat Washers,2,8,finish,FINISH,DESCRIPTION,Black
commercial-industrial,40,Hillside and Flat Washers,2,8,weight_each,WEIGHT EACH,DESCRIPTION,OOF
commercial-industrial,40,Hillside and Flat Washers,2,8,price,PRICE,,✓
commercial-industrial,40,Hillside and Flat Washers,2,9,part,PART #,DESCRIPTION,HW-398
commercial-industrial,40,Hillside and Flat Washers,2,9,type,TYPE,DESCRIPTION,Hillside
commercial-industrial,40,Hillside and Flat Washers,2,9,size,SIZE,DESCRIPTION,"1"""
commercial-industrial,40,Hillside and Flat Washers,2,9,finish,FINISH,DESCRIPTION,Black
commercial-industrial,40,Hillside and Flat Washers,2,9,weight_each,WEIGHT EACH,DESCRIPTION,1.28#
commercial-industrial,40,Hillside and Flat Washers,2,9,price,PRICE,,✓
commercial-industrial,41,Bolts with Nuts,0,0,part,PART #,DESCRIPTION,HWF-363
commercial-industrial,41,Bolts with Nuts,0,0,size,SIZE,DESCRIPTION,"Ya"" x 1%"""
commercial-industrial,41,Bolts with Nuts,0,0,bolt_grade,BOLT GRADE,DESCRIPTION,A325
commercial-industrial,41,Bolts with Nuts,0,0,nut_grade,NUT GRADE,DESCRIPTION,A563
commercial-industrial,41,Bolts with Nuts,0,0,column_5,,FINISH,Plated
commercial-industrial,41,Bolts with Nuts,0,0,column_7,,,18#
commercial-industrial,41,Bolts with Nuts,0,1,part,PART #,DESCRIPTION,HWF-3544
commercial-industrial,41,Bolts with Nuts,0,1,size,SIZE,DESCRIPTION,"54"" x 14%"""
commercial-industrial,41,Bolts with Nuts,0,1,bolt_grade,BOLT GRADE,DESCRIPTION,A325
commercial-industrial,41,Bolts with Nuts,0,1,nut_grade,NUT GRADE,DESCRIPTION,A563
commercial-industrial,41,Bolts with Nuts,0,1,column_5,,FINISH,Plated
commercial-industrial,41,Bolts with Nuts,0,1,column_7,,,31#
commercial-industrial,41,Bolts with Nuts,0,2,part,PART #,DESCRIPTION,HWF-3545
commercial-industrial,41,Bolts with Nuts,0,2,size,SIZE,DESCRIPTION,"5¢!' x 1 34,"""
commercial-industrial,41,Bolts with Nuts,0,2,bolt_grade,BOLT GRADE,DESCRIPTION,A325
commercial-industrial,41,Bolts with Nuts,0,2,nut_grade,NUT GRADE,DESCRIPTION,A563
commercial-industrial,41,Bolts with Nuts,0,2,column_5,,FINISH,Plated
commercial-industrial,41,Bolts with Nuts,0,2,column_7,,,35#
commercial-industrial,41,Bolts with Nuts,0,3,part,PART #,DESCRIPTION,HWF-3547
commercial-industrial,41,Bolts with Nuts,0,3,size,SIZE,DESCRIPTION,"54"" x 2Y%4"""
commercial-industrial,41,Bolts with Nuts,0,3,bolt_grade,BOLT GRADE,DESCRIPTION,A325
commercial-industrial,41,Bolts with Nuts,0,3,nut_grade,NUT GRADE,DESCRIPTION,A563
commercial-industrial,41,Bolts with Nuts,0,3,column_5,,FINISH,Plated
commercial-industrial,41,Bolts with Nuts,0,3,column_7,,,39H
commercial-industrial,41,Bolts with Nuts,0,4,part,PART #,DESCRIPTION,HWF-359
commercial-industrial,41,Bolts with Nuts,0,4,size,SIZE,DESCRIPTION,"34,"" x 1 34,"""
commercial-industrial,41,Bolts with Nuts,0,4,bolt_grade,BOLT GRADE,DESCRIPTION,A325
commercial-industrial,41,Bolts with Nuts,0,4,nut_grade,NUT GRADE,DESCRIPTION,A563
commercial-industrial,41,Bolts with Nuts,0,4,column_5,,FINISH,Plated
commercial-industrial,41,Bolts with Nuts,0,4,column_7,,,DOF
commercial-industrial,41,Bolts with Nuts,0,5,part,PART #,DESCRIPTION,HWF-360
commercial-industrial,41,Bolts with Nuts,0,5,size,SIZE,DESCRIPTION,"FA"" X24"""
commercial-industrial,41,Bolts with Nuts,0,5,bolt_grade,BOLT GRADE,DESCRIPTION,A325
commercial-industrial,41,Bolts with Nuts,0,5,nut_grade,NUT GRADE,DESCRIPTION,A563
commercial-industrial,41,Bolts with Nuts,0,5,column_5,,FINISH,Plated
commercial-industrial,41,Bolts with Nuts,0,5,column_7,,,O2#
commercial-industrial,41,Bolts with Nuts,0,6,part,PART #,DESCRIPTION,HWF-361
commercial-industrial,41,Bolts with Nuts,0,6,size,SIZE,DESCRIPTION,"34"" 4 2 344"""
commercial-industrial,41,Bolts with Nuts,0,6,bolt_grade,BOLT GRADE,DESCRIPTION,A325
commercial-industrial,41,Bolts with Nuts,0,6,nut_grade,NUT GRADE,DESCRIPTION,A563
commercial-industrial,41,Bolts with Nuts,0,6,column_5,,FINISH,Plated
commercial-industrial,41,Bolts with Nuts,0,6,column_7,,,.O8#
commercial-industrial,41,Fin Head with Nut,1,0,part,PART #,DESCRIPTION,HWF-2155
commercial-industrial,41,Fin Head with Nut,1,0,size,SIZE,DESCRIPTION,"Ya"" x 14%"""
commercial-industrial,41,Fin Head with Nut,1,0,bolt_grade,BOLT GRADE,DESCRIPTION,A307
commercial-industrial,41,Fin Head with Nut,1,0,nut_grade,NUT GRADE,DESCRIPTION,A563
commercial-industrial,41,Fin Head with Nut,1,0,finish,FINISH,DESCRIPTION,Plated
commercial-industrial,41,Fin Head with Nut,1,0,weight_each,WEIGHT EACH,DESCRIPTION,10#
commercial-industrial,41,Fin Head with Nut,1,0,price,PRICE,,✓
commercial-industrial,41,"Purlin Clip - 6"" x 7""",2,0,column_1,,,DESCRIPTION
commercial-industrial,41,"Purlin Clip - 6"" x 7""",2,0,column_5,,,PRICED PER EACH
commercial-industrial,41,"Purlin Clip - 6"" x 7""",2,1,column_1,,,PART #
commercial-industrial,41,"Purlin Clip - 6"" x 7""",2,1,column_2,,,SIZE
commercial-industrial,41,"Purlin Clip - 6"" x 7""",2,1,column_3,,,FINISH
commercial-industrial,41,"Purlin Clip - 6"" x 7""",2,1,column_4,,,WEIGHT EACH
commercial-industrial,41,"Purlin Clip - 6"" x 7""",2,1,column_5,,,PRICE
commercial-industrial,41,"Purlin Clip - 6"" x 7""",2,2,column_1,,,HW-6900
commercial-industrial,41,"Purlin Clip - 6"" x 7""",2,2,column_2,,,"6"" x 7"" x He"""
commercial-industrial,41,"Purlin Clip - 6"" x 7""",2,2,column_3,,,Black
commercial-industrial,41,"Purlin Clip - 6"" x 7""",2,2,column_4,,,2.254
commercial-industrial,41,"Purlin Clip - 6"" x 7""",2,2,column_5,,,v
commercial-industrial,42,Sliding Door - Track,0,0,part,PART #,DESCRIPTION,HW-966
commercial-industrial,42,Sliding Door - Track,0,0,length,LENGTH,DESCRIPTION,"12'-0"""
commercial-industrial,42,Sliding Door - Track,0,0,gauge,GAUGE,DESCRIPTION,16
commercial-industrial,42,Sliding Door - Track,0,0,finish,FINISH,DESCRIPTION,Galvanized
commercial-industrial,42,Sliding Door - Track,0,0,weight_each,WEIGHT EACH,DESCRIPTION,21.00#
commercial-industrial,42,Sliding Door - Track,0,0,price,PRICE,,✓
commercial-industrial,42,Sliding Door - Track,0,1,part,PART #,DESCRIPTION,HW-968
commercial-industrial,42,Sliding Door - Track,0,1,length,LENGTH,DESCRIPTION,"20'-0"""
commercial-industrial,42,Sliding Door - Track,0,1,gauge,GAUGE,DESCRIPTION,16
commercial-industrial,42,Sliding Door - Track,0,1,finish,FINISH,DESCRIPTION,Galvanized
commercial-industrial,42,Sliding Door - Track,0,1,weight_each,WEIGHT EACH,DESCRIPTION,35.00#
commercial-industrial,42,Sliding Door - Track,0,1,price,PRICE,,✓
commercial-industrial,42,Sliding Door - Rail Hanger and Bracket,1,0,column_1,,,DESCRIPTION
commercial-industrial,42,Sliding Door - Rail Hanger and Bracket,1,0,column_4,,,PRICED PER EACH
commercial-industrial,42,Sliding Door - Rail Hanger and Bracket,1,1,column_1,,,PART #
commercial-industrial,42,Sliding Door - Rail Hanger and Bracket,1,1,column_2,,,FINISH
commercial-industrial,42,Sliding Door - Rail Hanger and Bracket,1,1,column_3,,,WEIGHT EACH
commercial-industrial,42,Sliding Door - Rail Hanger and Bracket,1,1,column_4,,,PRICE
commercial-industrial,42,Sliding Door - Rail Hanger and Bracket,1,2,column_1,,,HW-971
commercial-industrial,42,Sliding Door - Rail Hanger and Bracket,1,2,column_2,,,Galvanized
commercial-industrial,42,Sliding Door - Rail Hanger and Bracket,1,2,column_3,,,3.00#
commercial-industrial,42,Sliding Door - Rail Hanger and Bracket,1,2,column_4,,,v
commercial-industrial,42,Sliding Door - Hanger Angle,2,0,column_1,,,DESCRIPTION
commercial-industrial,42,Sliding Door - Hanger Angle,2,0,column_4,,,PRICED PER EACH
commercial-industrial,42,Sliding Door - Hanger Angle,2,1,column_1,,,PART #
commercial-industrial,42,Sliding Door - Hanger Angle,2,1,column_2,,,FINISH
commercial-industrial,42,Sliding Door - Hanger Angle,2,1,column_3,,,WEIGHT EACH
commercial-industrial,42,Sliding Door - Hanger Angle,2,1,column_4,,,PRICE
commercial-industrial,42,Sliding Door - Hanger Angle,2,2,column_1,,,HW-975
commercial-industrial,42,Sliding Door - Hanger Angle,2,2,column_2,,,Galvanized
commercial-industrial,42,Sliding Door - Hanger Angle,2,2,column_3,,,1.00#
commercial-industrial,42,Sliding Door - Hanger Angle,2,2,column_4,,,v
commercial-industrial,42,Sliding Door - Steel Door Pull,3,0,column_1,,,DESCRIPTION
commercial-industrial,42,Sliding Door - Steel Door Pull,3,0,column_4,,,PRICED PER EACH
commercial-industrial,42,Sliding Door - Steel Door Pull,3,1,column_1,,,PART #
commercial-industrial,42,Sliding Door - Steel Door Pull,3,1,column_2,,,FINISH
commercial-industrial,42,Sliding Door - Steel Door Pull,3,1,column_3,,,WEIGHT EACH
commercial-industrial,42,Sliding Door - Steel Door Pull,3,1,column_4,,,PRICE
commercial-industrial,42,Sliding Door - Steel Door Pull,3,2,column_1,,,HW-973
commercial-industrial,42,Sliding Door - Steel Door Pull,3,2,column_2,,,Galvanized
commercial-industrial,42,Sliding Door - Steel Door Pull,3,2,column_3,,,I0#
commercial-industrial,42,Sliding Door - Steel Door Pull,3,2,column_4,,,v
commercial-industrial,43,Sliding Door - Trolley,0,0,column_1,,,DESCRIPTION
commercial-industrial,43,Sliding Door - Trolley,0,0,column_5,,,PRICED PER EACH
commercial-industrial,43,Sliding Door - Trolley,0,1,column_1,,,PART #
commercial-industrial,43,Sliding Door - Trolley,0,1,column_2,,,WHEEL DIAMETER
commercial-industrial,43,Sliding Door - Trolley,0,1,column_3,,,FINISH
commercial-industrial,43,Sliding Door - Trolley,0,1,column_4,,,WEIGHT EACH
commercial-industrial,43,Sliding Door - Trolley,0,1,column_5,,,PRICE
commercial-industrial,43,Sliding Door - Trolley,0,2,column_1,,,HW-969
commercial-industrial,43,Sliding Door - Trolley,0,2,column_2,,,"2"""
commercial-industrial,43,Sliding Door - Trolley,0,2,column_3,,,Galvanized
commercial-industrial,43,Sliding Door - Trolley,0,2,column_4,,,1.00#
commercial-industrial,43,Sliding Door - Trolley,0,2,column_5,,,v
commercial-industrial,43,Sliding Door - Cam Lock Jamb Latch,1,0,column_1,,,DESCRIPTION
commercial-industrial,43,Sliding Door - Cam Lock Jamb Latch,1,0,column_4,,,PRICED PER EACH
commercial-industrial,43,Sliding Door - Cam Lock Jamb Latch,1,1,column_1,,,PART #
commercial-industrial,43,Sliding Door - Cam Lock Jamb Latch,1,1,column_2,,,FINISH
commercial-industrial,43,Sliding Door - Cam Lock Jamb Latch,1,1,column_3,,,WEIGHT EACH
commercial-industrial,43,Sliding Door - Cam Lock Jamb Latch,1,1,column_4,,,PRICE
commercial-industrial,43,Sliding Door - Cam Lock Jamb Latch,1,2,column_1,,,HW-972
commercial-industrial,43,Sliding Door - Cam Lock Jamb Latch,1,2,column_2,,,Galvanized
commercial-industrial,43,Sliding Door - Cam Lock Jamb Latch,1,2,column_3,,,2.00#
commercial-industrial,43,Sliding Door - Cam Lock Jamb Latch,1,2,column_4,,,v
commercial-industrial,43,Sliding Door - Splice Bracket,2,0,column_1,,,DESCRIPTION
commercial-industrial,43,Sliding Door - Splice Bracket,2,0,column_4,,,PRICED PER EACH
commercial-industrial,43,Sliding Door - Splice Bracket,2,1,column_1,,,PART #
commercial-industrial,43,Sliding Door - Splice Bracket,2,1,column_2,,,FINISH
commercial-industrial,43,Sliding Door - Splice Bracket,2,1,column_3,,,WEIGHT EACH
commercial-industrial,43,Sliding Door - Splice Bracket,2,1,column_4,,,PRICE
commercial-industrial,43,Sliding Door - Splice Bracket,2,2,column_1,,,HW-970
commercial-industrial,43,Sliding Door - Splice Bracket,2,2,column_2,,,Galvanized
commercial-industrial,43,Sliding Door - Splice Bracket,2,2,column_3,,,1.00#
commercial-industrial,43,Sliding Door - Splice Bracket,2,2,column_4,,,v
commercial-industrial,44,Flat Sheet Selection Chart,0,0,column_1,,,Width
commercial-industrial,44,Flat Sheet Selection Chart,0,0,column_2,,,"40-7/8"""
commercial-industrial,44,Flat Sheet Selection Chart,0,0,column_3,,,"42-3/4"""
commercial-industrial,44,Flat Sheet Selection Chart,0,0,column_4,,,"48 - 3/8"""
commercial-industrial,44,Flat Sheet Selection Chart,0,1,column_1,,,Gauge
commercial-industrial,44,Flat Sheet Selection Chart,0,1,column_2,,,29 ga
commercial-industrial,44,Flat Sheet Selection Chart,0,1,column_3,,,26 ga
commercial-industrial,44,Flat Sheet Selection Chart,0,1,column_4,,,24 ga
commercial-industrial,44,Flat Sheet Selection Chart,0,2,column_1,,,Weight per LF
commercial-industrial,44,Flat Sheet Selection Chart,0,2,column_2,,,2.00#
commercial-industrial,44,Flat Sheet Selection Chart,0,2,column_3,,,3.324
commercial-industrial,44,Flat Sheet Selection Chart,0,2,column_4,,,3./5#
commercial-industrial,44,Flat Sheet Selection Chart,0,3,column_1,,,Signature® 200 (Polyester)
commercial-industrial,44,Flat Sheet Selection Chart,1,0,column_1,,,Polar White
commercial-industrial,44,Flat Sheet Selection Chart,1,1,column_1,,,Signature® 200
commercial-industrial,44,Flat Sheet Selection Chart,2,0,column_1,,,Wine Red
commercial-industrial,44,Flat Sheet Selection Chart,2,0,column_3,,,7)
commercial-industrial,44,Flat Sheet Selection Chart,2,0,column_4,,,0
commercial-industrial,44,Flat Sheet Selection Chart,2,1,column_1,,,Signature® 300
commercial-industrial,44,Flat Sheet Selection Chart,3,0,column_1,,,Tundra
commercial-industrial,44,Flat Sheet Selection Chart,3,0,column_2,,,=a
commercial-industrial,44,Flat Sheet Selection Chart,3,0,column_3,,,7
commercial-industrial,44,Flat Sheet Selection Chart,3,1,column_1,,,Signature® 300 Metallic
commercial-industrial,44,Flat Sheet Selection Chart,4,0,column_1,,,Copper Metallic
commercial-industrial,44,Flat Sheet Selection Chart,4,0,column_2,,,=a
commercial-industrial,44,Flat Sheet Selection Chart,4,0,column_3,,,o
commercial-industrial,44,Flat Sheet Selection Chart,4,1,column_1,,,Unpainted
commercial-industrial,45,Outside Corner Trim - PBR / PBA Panels,0,0,part,PART #,DESCRIPTION,FL-830
commercial-industrial,45,Outside Corner Trim - PBR / PBA Panels,0,0,length,LENGTH,DESCRIPTION,"10'-2"""
commercial-industrial,45,Outside Corner Trim - PBR / PBA Panels,0,0,girth,GIRTH,DESCRIPTION,"12%"""
commercial-industrial,45,Outside Corner Trim - PBR / PBA Panels,0,0,weight_each,WEIGHT EACH,DESCRIPTION,8.324
commercial-industrial,45,Outside Corner Trim - PBR / PBA Panels,0,0,galvalume_plus,GALVALUME® PLUS,PRICED PER EACH,✓
commercial-industrial,45,Outside Corner Trim - PBR / PBA Panels,0,0,signature_200,SIGNATURE® 200,PRICED PER EACH,✓
commercial-industrial,45,Outside Corner Trim - PBR / PBA Panels,0,0,signature_300,SIGNATURE® 300,PRICED PER EACH,✓
commercial-industrial,45,Outside Corner Trim - PBR / PBA Panels,0,1,part,PART #,DESCRIPTION,FL-831
commercial-industrial,45,Outside Corner Trim - PBR / PBA Panels,0,1,length,LENGTH,DESCRIPTION,"12!-0"""
commercial-industrial,45,Outside Corner Trim - PBR / PBA Panels,0,1,girth,GIRTH,DESCRIPTION,"12%"""
commercial-industrial,45,Outside Corner Trim - PBR / PBA Panels,0,1,weight_each,WEIGHT EACH,DESCRIPTION,9.83#
commercial-industrial,45,Outside Corner Trim - PBR / PBA Panels,0,1,galvalume_plus,GALVALUME® PLUS,PRICED PER EACH,✓
commercial-industrial,45,Outside Corner Trim - PBR / PBA Panels,0,1,signature_200,SIGNATURE® 200,PRICED PER EACH,✓
commercial-industrial,45,Outside Corner Trim - PBR / PBA Panels,0,1,signature_300,SIGNATURE® 300,PRICED PER EACH,✓
commercial-industrial,45,Outside Corner Trim - PBR / PBA Panels,0,2,part,PART #,DESCRIPTION,FL-832
commercial-industrial,45,Outside Corner Trim - PBR / PBA Panels,0,2,length,LENGTH,DESCRIPTION,"14'-0"""
commercial-industrial,45,Outside Corner Trim - PBR / PBA Panels,0,2,girth,GIRTH,DESCRIPTION,"12%"""
commercial-industrial,45,Outside Corner Trim - PBR / PBA Panels,0,2,weight_each,WEIGHT EACH,DESCRIPTION,11.46#
commercial-industrial,45,Outside Corner Trim - PBR / PBA Panels,0,2,galvalume_plus,GALVALUME® PLUS,PRICED PER EACH,✓
commercial-industrial,45,Outside Corner Trim - PBR / PBA Panels,0,2,signature_200,SIGNATURE® 200,PRICED PER EACH,✓
commercial-industrial,45,Outside Corner Trim - PBR / PBA Panels,0,2,signature_300,SIGNATURE® 300,PRICED PER EACH,✓
commercial-industrial,45,Outside Corner Trim - PBR / PBA Panels,0,3,part,PART #,DESCRIPTION,FL-833
commercial-industrial,45,Outside Corner Trim - PBR / PBA Panels,0,3,length,LENGTH,DESCRIPTION,"16'-0"""
commercial-industrial,45,Outside Corner Trim - PBR / PBA Panels,0,3,girth,GIRTH,DESCRIPTION,"12%"""
commercial-industrial,45,Outside Corner Trim - PBR / PBA Panels,0,3,weight_each,WEIGHT EACH,DESCRIPTION,13.10#
commercial-industrial,45,Outside Corner Trim - PBR / PBA Panels,0,3,galvalume_plus,GALVALUME® PLUS,PRICED PER EACH,✓
commercial-industrial,45,Outside Corner Trim - PBR / PBA Panels,0,3,signature_200,SIGNATURE® 200,PRICED PER EACH,✓
commercial-industrial,45,Outside Corner Trim - PBR / PBA Panels,0,3,signature_300,SIGNATURE® 300,PRICED PER EACH,✓
commercial-industrial,45,Outside Corner Trim - PBR / PBA Panels,0,4,part,PART #,DESCRIPTION,FL-834
commercial-industrial,45,Outside Corner Trim - PBR / PBA Panels,0,4,length,LENGTH,DESCRIPTION,"18'-0"""
commercial-industrial,45,Outside Corner Trim - PBR / PBA Panels,0,4,girth,GIRTH,DESCRIPTION,"12%"""
commercial-industrial,45,Outside Corner Trim - PBR / PBA Panels,0,4,weight_each,WEIGHT EACH,DESCRIPTION,14.744
commercial-industrial,45,Outside Corner Trim - PBR / PBA Panels,0,4,galvalume_plus,GALVALUME® PLUS,PRICED PER EACH,✓
commercial-industrial,45,Outside Corner Trim - PBR / PBA Panels,0,4,signature_200,SIGNATURE® 200,PRICED PER EACH,✓
commercial-industrial,45,Outside Corner Trim - PBR / PBA Panels,0,4,signature_300,SIGNATURE® 300,PRICED PER EACH,✓
commercial-industrial,45,Outside Corner Trim - PBR / PBA Panels,0,5,part,PART #,DESCRIPTION,FL-835
commercial-industrial,45,Outside Corner Trim - PBR / PBA Panels,0,5,length,LENGTH,DESCRIPTION,"20'-2"""
commercial-industrial,45,Outside Corner Trim - PBR / PBA Panels,0,5,girth,GIRTH,DESCRIPTION,"12%"""
commercial-industrial,45,Outside Corner Trim - PBR / PBA Panels,0,5,weight_each,WEIGHT EACH,DESCRIPTION,16.51#
commercial-industrial,45,Outside Corner Trim - PBR / PBA Panels,0,5,galvalume_plus,GALVALUME® PLUS,PRICED PER EACH,✓
commercial-industrial,45,Outside Corner Trim - PBR / PBA Panels,0,5,signature_200,SIGNATURE® 200,PRICED PER EACH,✓
commercial-industrial,45,Outside Corner Trim - PBR / PBA Panels,0,5,signature_300,SIGNATURE® 300,PRICED PER EACH,✓
commercial-industrial,45,Outside Corner Trim - PBU Panel,1,0,part,PART #,DESCRIPTION,FL-840
commercial-industrial,45,Outside Corner Trim - PBU Panel,1,0,length,LENGTH,DESCRIPTION,"10'-2"""
commercial-industrial,45,Outside Corner Trim - PBU Panel,1,0,girth,GIRTH,DESCRIPTION,"1138"""
commercial-industrial,45,Outside Corner Trim - PBU Panel,1,0,weight_each,WEIGHT EACH,DESCRIPTION,750#
commercial-industrial,45,Outside Corner Trim - PBU Panel,1,0,galvalume_plus,GALVALUME® PLUS,PRICED PER EACH,✓
commercial-industrial,45,Outside Corner Trim - PBU Panel,1,0,signature_200,SIGNATURE® 200,PRICED PER EACH,✓
commercial-industrial,45,Outside Corner Trim - PBU Panel,1,0,signature_300,SIGNATURE® 300,PRICED PER EACH,✓
commercial-industrial,45,Outside Corner Trim - PBU Panel,1,1,part,PART #,DESCRIPTION,FL-841
commercial-industrial,45,Outside Corner Trim - PBU Panel,1,1,length,LENGTH,DESCRIPTION,"12'-Q"""
commercial-industrial,45,Outside Corner Trim - PBU Panel,1,1,girth,GIRTH,DESCRIPTION,"11%"""
commercial-industrial,45,Outside Corner Trim - PBU Panel,1,1,weight_each,WEIGHT EACH,DESCRIPTION,8.854
commercial-industrial,45,Outside Corner Trim - PBU Panel,1,1,galvalume_plus,GALVALUME® PLUS,PRICED PER EACH,✓
commercial-industrial,45,Outside Corner Trim - PBU Panel,1,1,signature_200,SIGNATURE® 200,PRICED PER EACH,✓
commercial-industrial,45,Outside Corner Trim - PBU Panel,1,1,signature_300,SIGNATURE® 300,PRICED PER EACH,✓
commercial-industrial,45,Outside Corner Trim - PBU Panel,1,2,part,PART #,DESCRIPTION,FL-842
commercial-industrial,45,Outside Corner Trim - PBU Panel,1,2,length,LENGTH,DESCRIPTION,"14'-0"""
commercial-industrial,45,Outside Corner Trim - PBU Panel,1,2,girth,GIRTH,DESCRIPTION,"11%"""
commercial-industrial,45,Outside Corner Trim - PBU Panel,1,2,weight_each,WEIGHT EACH,DESCRIPTION,10.33#
commercial-industrial,45,Outside Corner Trim - PBU Panel,1,2,galvalume_plus,GALVALUME® PLUS,PRICED PER EACH,✓
commercial-industrial,45,Outside Corner Trim - PBU Panel,1,2,signature_200,SIGNATURE® 200,PRICED PER EACH,✓
commercial-industrial,45,Outside Corner Trim - PBU Panel,1,2,signature_300,SIGNATURE® 300,PRICED PER EACH,✓
commercial-industrial,45,Outside Corner Trim - PBU Panel,1,3,part,PART #,DESCRIPTION,FL-843
commercial-industrial,45,Outside Corner Trim - PBU Panel,1,3,length,LENGTH,DESCRIPTION,"16'-0"""
commercial-industrial,45,Outside Corner Trim - PBU Panel,1,3,girth,GIRTH,DESCRIPTION,"11%"""
commercial-industrial,45,Outside Corner Trim - PBU Panel,1,3,weight_each,WEIGHT EACH,DESCRIPTION,11.80#
commercial-industrial,45,Outside Corner Trim - PBU Panel,1,3,galvalume_plus,GALVALUME® PLUS,PRICED PER EACH,✓
commercial-industrial,45,Outside Corner Trim - PBU Panel,1,3,signature_200,SIGNATURE® 200,PRICED PER EACH,✓
commercial-industrial,45,Outside Corner Trim - PBU Panel,1,3,signature_300,SIGNATURE® 300,PRICED PER EACH,✓
commercial-industrial,45,Outside Corner Trim - PBU Panel,1,4,part,PART #,DESCRIPTION,FL-844
commercial-industrial,45,Outside Corner Trim - PBU Panel,1,4,length,LENGTH,DESCRIPTION,"18'-0"""
commercial-industrial,45,Outside Corner Trim - PBU Panel,1,4,girth,GIRTH,DESCRIPTION,"11%"""
commercial-industrial,45,Outside Corner Trim - PBU Panel,1,4,weight_each,WEIGHT EACH,DESCRIPTION,13.28#
commercial-industrial,45,Outside Corner Trim - PBU Panel,1,4,galvalume_plus,GALVALUME® PLUS,PRICED PER EACH,✓
commercial-industrial,45,Outside Corner Trim - PBU Panel,1,4,signature_200,SIGNATURE® 200,PRICED PER EACH,✓
commercial-industrial,45,Outside Corner Trim - PBU Panel,1,4,signature_300,SIGNATURE® 300,PRICED PER EACH,✓
commercial-industrial,45,Outside Corner Trim - PBU Panel,1,5,part,PART #,DESCRIPTION,FL-845
commercial-industrial,45,Outside Corner Trim - PBU Panel,1,5,length,LENGTH,DESCRIPTION,"20'-2"""
commercial-industrial,45,Outside Corner Trim - PBU Panel,1,5,girth,GIRTH,DESCRIPTION,"1138"""
commercial-industrial,45,Outside Corner Trim - PBU Panel,1,5,weight_each,WEIGHT EACH,DESCRIPTION,14.88#
commercial-industrial,45,Outside Corner Trim - PBU Panel,1,5,galvalume_plus,GALVALUME® PLUS,PRICED PER EACH,✓
commercial-industrial,45,Outside Corner Trim - PBU Panel,1,5,signature_200,SIGNATURE® 200,PRICED PER EACH,✓
commercial-industrial,45,Outside Corner Trim - PBU Panel,1,5,signature_300,SIGNATURE® 300,PRICED PER EACH,✓
commercial-industrial,46,Outside Corner Tirm - Retro-R Panel®,0,0,part,PART #,DESCRIPTION,FL-876
commercial-industrial,46,Outside Corner Tirm - Retro-R Panel®,0,0,length,LENGTH,DESCRIPTION,"10'-2"""
commercial-industrial,46,Outside Corner Tirm - Retro-R Panel®,0,0,girth,GIRTH,DESCRIPTION,"1734"""
commercial-industrial,46,Outside Corner Tirm - Retro-R Panel®,0,0,weight_each,WEIGHT EACH,DESCRIPTION,11.70#
commercial-industrial,46,Outside Corner Tirm - Retro-R Panel®,0,0,galvalume_plus,GALVALUME® PLUS,PRICED PER EACH,✓
commercial-industrial,46,Outside Corner Tirm - Retro-R Panel®,0,0,signature_200,SIGNATURE® 200,PRICED PER EACH,✓
commercial-industrial,46,Outside Corner Tirm - Retro-R Panel®,0,0,signature_300,SIGNATURE® 300,PRICED PER EACH,✓
commercial-industrial,46,Outside Corner Tirm - Retro-R Panel®,0,1,part,PART #,DESCRIPTION,FL-877
commercial-industrial,46,Outside Corner Tirm - Retro-R Panel®,0,1,length,LENGTH,DESCRIPTION,"20'-2"""
commercial-industrial,46,Outside Corner Tirm - Retro-R Panel®,0,1,girth,GIRTH,DESCRIPTION,"1734"""
commercial-industrial,46,Outside Corner Tirm - Retro-R Panel®,0,1,weight_each,WEIGHT EACH,DESCRIPTION,23.22#
commercial-industrial,46,Outside Corner Tirm - Retro-R Panel®,0,1,galvalume_plus,GALVALUME® PLUS,PRICED PER EACH,✓
commercial-industrial,46,Outside Corner Tirm - Retro-R Panel®,0,1,signature_200,SIGNATURE® 200,PRICED PER EACH,✓
commercial-industrial,46,Outside Corner Tirm - Retro-R Panel®,0,1,signature_300,SIGNATURE® 300,PRICED PER EACH,✓
commercial-industrial,46,Outside Corner Trim - 7.2 Panel,1,0,part,PART #,DESCRIPTION,FL-500
commercial-industrial,46,Outside Corner Trim - 7.2 Panel,1,0,length,LENGTH,DESCRIPTION,"1 Q'-2"""
commercial-industrial,46,Outside Corner Trim - 7.2 Panel,1,0,girth,GIRTH,DESCRIPTION,"14%"""
commercial-industrial,46,Outside Corner Trim - 7.2 Panel,1,0,weight_each,WEIGHT EACH,DESCRIPTION,9.40#
commercial-industrial,46,Outside Corner Trim - 7.2 Panel,1,0,galvalume_plus,GALVALUME® PLUS,PRICED PER EACH,✓
commercial-industrial,46,Outside Corner Trim - 7.2 Panel,1,0,signature_200,SIGNATURE® 200,PRICED PER EACH,✓
commercial-industrial,46,Outside Corner Trim - 7.2 Panel,1,0,signature_300,SIGNATURE® 300,PRICED PER EACH,✓
commercial-industrial,46,Outside Corner Trim - 7.2 Panel,1,1,part,PART #,DESCRIPTION,FL-500A
commercial-industrial,46,Outside Corner Trim - 7.2 Panel,1,1,length,LENGTH,DESCRIPTION,"12'-O"""
commercial-industrial,46,Outside Corner Trim - 7.2 Panel,1,1,girth,GIRTH,DESCRIPTION,"14%"""
commercial-industrial,46,Outside Corner Trim - 7.2 Panel,1,1,weight_each,WEIGHT EACH,DESCRIPTION,11.09#
commercial-industrial,46,Outside Corner Trim - 7.2 Panel,1,1,galvalume_plus,GALVALUME® PLUS,PRICED PER EACH,✓
commercial-industrial,46,Outside Corner Trim - 7.2 Panel,1,1,signature_200,SIGNATURE® 200,PRICED PER EACH,✓
commercial-industrial,46,Outside Corner Trim - 7.2 Panel,1,1,signature_300,SIGNATURE® 300,PRICED PER EACH,✓
commercial-industrial,46,Outside Corner Trim - 7.2 Panel,1,2,part,PART #,DESCRIPTION,FL-500B
commercial-industrial,46,Outside Corner Trim - 7.2 Panel,1,2,length,LENGTH,DESCRIPTION,"1 4'-0"""
commercial-industrial,46,Outside Corner Trim - 7.2 Panel,1,2,girth,GIRTH,DESCRIPTION,"14%"""
commercial-industrial,46,Outside Corner Trim - 7.2 Panel,1,2,weight_each,WEIGHT EACH,DESCRIPTION,12.944
commercial-industrial,46,Outside Corner Trim - 7.2 Panel,1,2,galvalume_plus,GALVALUME® PLUS,PRICED PER EACH,✓
commercial-industrial,46,Outside Corner Trim - 7.2 Panel,1,2,signature_200,SIGNATURE® 200,PRICED PER EACH,✓
commercial-industrial,46,Outside Corner Trim - 7.2 Panel,1,2,signature_300,SIGNATURE® 300,PRICED PER EACH,✓
commercial-industrial,46,Inside Corner Trim - PBR Panel,2,0,part,PART #,DESCRIPTION,FL-800
commercial-industrial,46,Inside Corner Trim - PBR Panel,2,0,length,LENGTH,DESCRIPTION,"10'-2"""
commercial-industrial,46,Inside Corner Trim - PBR Panel,2,0,girth,GIRTH,DESCRIPTION,15
commercial-industrial,46,Inside Corner Trim - PBR Panel,2,0,weight_each,WEIGHT EACH,DESCRIPTION,9.89#
commercial-industrial,46,Inside Corner Trim - PBR Panel,2,0,galvalume_plus,GALVALUME® PLUS,PRICED PER EACH,✓
commercial-industrial,46,Inside Corner Trim - PBR Panel,2,0,signature_200,SIGNATURE® 200,PRICED PER EACH,✓
commercial-industrial,46,Inside Corner Trim - PBR Panel,2,0,signature_300,SIGNATURE® 300,PRICED PER EACH,✓
commercial-industrial,46,Inside Corner Trim - PBR Panel,2,1,part,PART #,DESCRIPTION,FL-801
commercial-industrial,46,Inside Corner Trim - PBR Panel,2,1,length,LENGTH,DESCRIPTION,"12'-Q"""
commercial-industrial,46,Inside Corner Trim - PBR Panel,2,1,girth,GIRTH,DESCRIPTION,"15"""
commercial-industrial,46,Inside Corner Trim - PBR Panel,2,1,weight_each,WEIGHT EACH,DESCRIPTION,11.607#
commercial-industrial,46,Inside Corner Trim - PBR Panel,2,1,galvalume_plus,GALVALUME® PLUS,PRICED PER EACH,✓
commercial-industrial,46,Inside Corner Trim - PBR Panel,2,1,signature_200,SIGNATURE® 200,PRICED PER EACH,✓
commercial-industrial,46,Inside Corner Trim - PBR Panel,2,1,signature_300,SIGNATURE® 300,PRICED PER EACH,✓
commercial-industrial,46,Inside Corner Trim - PBR Panel,2,2,part,PART #,DESCRIPTION,FL-802
commercial-industrial,46,Inside Corner Trim - PBR Panel,2,2,length,LENGTH,DESCRIPTION,"1 4'-0"""
commercial-industrial,46,Inside Corner Trim - PBR Panel,2,2,girth,GIRTH,DESCRIPTION,"15"""
commercial-industrial,46,Inside Corner Trim - PBR Panel,2,2,weight_each,WEIGHT EACH,DESCRIPTION,13.62#
commercial-industrial,46,Inside Corner Trim - PBR Panel,2,2,galvalume_plus,GALVALUME® PLUS,PRICED PER EACH,✓
commercial-industrial,46,Inside Corner Trim - PBR Panel,2,2,signature_200,SIGNATURE® 200,PRICED PER EACH,✓
commercial-industrial,46,Inside Corner Trim - PBR Panel,2,2,signature_300,SIGNATURE® 300,PRICED PER EACH,✓
commercial-industrial,46,Inside Corner Trim - PBR Panel,2,3,part,PART #,DESCRIPTION,FL-803
commercial-industrial,46,Inside Corner Trim - PBR Panel,2,3,length,LENGTH,DESCRIPTION,"16'-0"""
commercial-industrial,46,Inside Corner Trim - PBR Panel,2,3,girth,GIRTH,DESCRIPTION,"45"""
commercial-industrial,46,Inside Corner Trim - PBR Panel,2,3,weight_each,WEIGHT EACH,DESCRIPTION,15.57#
commercial-industrial,46,Inside Corner Trim - PBR Panel,2,3,galvalume_plus,GALVALUME® PLUS,PRICED PER EACH,✓
commercial-industrial,46,Inside Corner Trim - PBR Panel,2,3,signature_200,SIGNATURE® 200,PRICED PER EACH,✓
commercial-industrial,46,Inside Corner Trim - PBR Panel,2,3,signature_300,SIGNATURE® 300,PRICED PER EACH,✓
commercial-industrial,46,Inside Corner Trim - PBR Panel,2,4,part,PART #,DESCRIPTION,FL-804
commercial-industrial,46,Inside Corner Trim - PBR Panel,2,4,length,LENGTH,DESCRIPTION,"18'-0"""
commercial-industrial,46,Inside Corner Trim - PBR Panel,2,4,girth,GIRTH,DESCRIPTION,15
commercial-industrial,46,Inside Corner Trim - PBR Panel,2,4,weight_each,WEIGHT EACH,DESCRIPTION,17.51#
commercial-industrial,46,Inside Corner Trim - PBR Panel,2,4,galvalume_plus,GALVALUME® PLUS,PRICED PER EACH,✓
commercial-industrial,46,Inside Corner Trim - PBR Panel,2,4,signature_200,SIGNATURE® 200,PRICED PER EACH,✓
commercial-industrial,46,Inside Corner Trim - PBR Panel,2,4,signature_300,SIGNATURE® 300,PRICED PER EACH,✓
commercial-industrial,46,Inside Corner Trim - PBR Panel,2,5,part,PART #,DESCRIPTION,FL-805
commercial-industrial,46,Inside Corner Trim - PBR Panel,2,5,length,LENGTH,DESCRIPTION,"20'-2"""
commercial-industrial,46,Inside Corner Trim - PBR Panel,2,5,girth,GIRTH,DESCRIPTION,"15"""
commercial-industrial,46,Inside Corner Trim - PBR Panel,2,5,weight_each,WEIGHT EACH,DESCRIPTION,19.624
commercial-industrial,46,Inside Corner Trim - PBR Panel,2,5,galvalume_plus,GALVALUME® PLUS,PRICED PER EACH,✓
commercial-industrial,46,Inside Corner Trim - PBR Panel,2,5,signature_200,SIGNATURE® 200,PRICED PER EACH,✓
commercial-industrial,46,Inside Corner Trim - PBR Panel,2,5,signature_300,SIGNATURE® 300,PRICED PER EACH,✓
commercial-industrial,47,Inside Corner Trim - PBU Panel,0,0,part,PART #,DESCRIPTION,FL-810
commercial-industrial,47,Inside Corner Trim - PBU Panel,0,0,length,LENGTH,DESCRIPTION,"10'-2"""
commercial-industrial,47,Inside Corner Trim - PBU Panel,0,0,girth,GIRTH,DESCRIPTION,"10%"""
commercial-industrial,47,Inside Corner Trim - PBU Panel,0,0,weight_each,WEIGHT EACH,DESCRIPTION,7.01#
commercial-industrial,47,Inside Corner Trim - PBU Panel,0,0,galvalume_plus,GALVALUME® PLUS,PRICED PER EACH,✓
commercial-industrial,47,Inside Corner Trim - PBU Panel,0,0,signature_200,SIGNATURE® 200,PRICED PER EACH,✓
commercial-industrial,47,Inside Corner Trim - PBU Panel,0,0,signature_300,SIGNATURE® 300,PRICED PER EACH,✓
commercial-industrial,47,Inside Corner Trim - PBU Panel,0,1,part,PART #,DESCRIPTION,FL-811
commercial-industrial,47,Inside Corner Trim - PBU Panel,0,1,length,LENGTH,DESCRIPTION,"12'-O"""
commercial-industrial,47,Inside Corner Trim - PBU Panel,0,1,girth,GIRTH,DESCRIPTION,"10%"""
commercial-industrial,47,Inside Corner Trim - PBU Panel,0,1,weight_each,WEIGHT EACH,DESCRIPTION,8.27#
commercial-industrial,47,Inside Corner Trim - PBU Panel,0,1,galvalume_plus,GALVALUME® PLUS,PRICED PER EACH,✓
commercial-industrial,47,Inside Corner Trim - PBU Panel,0,1,signature_200,SIGNATURE® 200,PRICED PER EACH,✓
commercial-industrial,47,Inside Corner Trim - PBU Panel,0,1,signature_300,SIGNATURE® 300,PRICED PER EACH,✓
commercial-industrial,47,Inside Corner Trim - PBU Panel,0,2,part,PART #,DESCRIPTION,FL-812
commercial-industrial,47,Inside Corner Trim - PBU Panel,0,2,length,LENGTH,DESCRIPTION,"14'-0"""
commercial-industrial,47,Inside Corner Trim - PBU Panel,0,2,girth,GIRTH,DESCRIPTION,"10%"""
commercial-industrial,47,Inside Corner Trim - PBU Panel,0,2,weight_each,WEIGHT EACH,DESCRIPTION,9.65#
commercial-industrial,47,Inside Corner Trim - PBU Panel,0,2,galvalume_plus,GALVALUME® PLUS,PRICED PER EACH,✓
commercial-industrial,47,Inside Corner Trim - PBU Panel,0,2,signature_200,SIGNATURE® 200,PRICED PER EACH,✓
commercial-industrial,47,Inside Corner Trim - PBU Panel,0,2,signature_300,SIGNATURE® 300,PRICED PER EACH,✓
commercial-industrial,47,Inside Corner Trim - PBU Panel,0,3,part,PART #,DESCRIPTION,FL-813
commercial-industrial,47,Inside Corner Trim - PBU Panel,0,3,length,LENGTH,DESCRIPTION,"16'-0"""
commercial-industrial,47,Inside Corner Trim - PBU Panel,0,3,girth,GIRTH,DESCRIPTION,"10%"""
commercial-industrial,47,Inside Corner Trim - PBU Panel,0,3,weight_each,WEIGHT EACH,DESCRIPTION,11.03#
commercial-industrial,47,Inside Corner Trim - PBU Panel,0,3,galvalume_plus,GALVALUME® PLUS,PRICED PER EACH,✓
commercial-industrial,47,Inside Corner Trim - PBU Panel,0,3,signature_200,SIGNATURE® 200,PRICED PER EACH,✓
commercial-industrial,47,Inside Corner Trim - PBU Panel,0,3,signature_300,SIGNATURE® 300,PRICED PER EACH,✓
commercial-industrial,47,Inside Corner Trim - PBU Panel,0,4,part,PART #,DESCRIPTION,FL-814
commercial-industrial,47,Inside Corner Trim - PBU Panel,0,4,length,LENGTH,DESCRIPTION,"18'-0"""
commercial-industrial,47,Inside Corner Trim - PBU Panel,0,4,girth,GIRTH,DESCRIPTION,"10%"""
commercial-industrial,47,Inside Corner Trim - PBU Panel,0,4,weight_each,WEIGHT EACH,DESCRIPTION,12.40#
commercial-industrial,47,Inside Corner Trim - PBU Panel,0,4,galvalume_plus,GALVALUME® PLUS,PRICED PER EACH,✓
commercial-industrial,47,Inside Corner Trim - PBU Panel,0,4,signature_200,SIGNATURE® 200,PRICED PER EACH,✓
commercial-industrial,47,Inside Corner Trim - PBU Panel,0,4,signature_300,SIGNATURE® 300,PRICED PER EACH,✓
commercial-industrial,47,Inside Corner Trim - PBU Panel,0,5,part,PART #,DESCRIPTION,FL-815
commercial-industrial,47,Inside Corner Trim - PBU Panel,0,5,length,LENGTH,DESCRIPTION,"20'-2"""
commercial-industrial,47,Inside Corner Trim - PBU Panel,0,5,girth,GIRTH,DESCRIPTION,"10%"""
commercial-industrial,47,Inside Corner Trim - PBU Panel,0,5,weight_each,WEIGHT EACH,DESCRIPTION,13.90#
commercial-industrial,47,Inside Corner Trim - PBU Panel,0,5,galvalume_plus,GALVALUME® PLUS,PRICED PER EACH,✓
commercial-industrial,47,Inside Corner Trim - PBU Panel,0,5,signature_200,SIGNATURE® 200,PRICED PER EACH,✓
commercial-industrial,47,Inside Corner Trim - PBU Panel,0,5,signature_300,SIGNATURE® 300,PRICED PER EACH,✓
commercial-industrial,47,Inside Corner Trim - Retro-R Panel®,1,0,column_1,,,DESCRIPTION
commercial-industrial,47,Inside Corner Trim - Retro-R Panel®,1,0,column_5,,,PRICED PER EACH
commercial-industrial,47,Inside Corner Trim - Retro-R Panel®,1,1,column_1,,,PART #
commercial-industrial,47,Inside Corner Trim - Retro-R Panel®,1,1,column_2,,,LENGTH
commercial-industrial,47,Inside Corner Trim - Retro-R Panel®,1,1,column_3,,,GIRTH
commercial-industrial,47,Inside Corner Trim - Retro-R Panel®,1,1,column_4,,,WEIGHT EACH
commercial-industrial,47,Inside Corner Trim - Retro-R Panel®,1,1,column_5,,,GALVALUME® PLUS
commercial-industrial,47,Inside Corner Trim - Retro-R Panel®,1,1,column_6,,,SIGNATURE® 200
commercial-industrial,47,Inside Corner Trim - Retro-R Panel®,1,1,column_7,,,SIGNATURE® 300
commercial-industrial,47,Inside Corner Trim - Retro-R Panel®,1,2,column_1,,,FL-878
commercial-industrial,47,Inside Corner Trim - Retro-R Panel®,1,2,column_2,,,"10'-2"""
commercial-industrial,47,Inside Corner Trim - Retro-R Panel®,1,2,column_3,,,"15%"""
commercial-industrial,47,Inside Corner Trim - Retro-R Panel®,1,2,column_4,,,10.22#
commercial-industrial,47,Inside Corner Trim - Retro-R Panel®,1,2,column_5,,,v
commercial-industrial,47,Inside Corner Trim - Retro-R Panel®,1,2,column_6,,,v
commercial-industrial,47,Inside Corner Trim - Retro-R Panel®,1,2,column_7,,,v
commercial-industrial,47,Inside Corner Trim - Retro-R Panel®,1,3,column_1,,,FL-879
commercial-industrial,47,Inside Corner Trim - Retro-R Panel®,1,3,column_2,,,"20'-2"""
commercial-industrial,47,Inside Corner Trim - Retro-R Panel®,1,3,column_3,,,"15%"""
commercial-industrial,47,Inside Corner Trim - Retro-R Panel®,1,3,column_4,,,20.27#
commercial-industrial,47,Inside Corner Trim - Retro-R Panel®,1,3,column_5,,,v
commercial-industrial,47,Inside Corner Trim - Retro-R Panel®,1,3,column_6,,,v
commercial-industrial,47,Inside Corner Trim - Retro-R Panel®,1,3,column_7,,,v
commercial-industrial,47,Inside Corner Trim - 7.2 Panel,2,0,part,PART #,DESCRIPTION,FL-520
commercial-industrial,47,Inside Corner Trim - 7.2 Panel,2,0,length,LENGTH,DESCRIPTION,"10'-2"""
commercial-industrial,47,Inside Corner Trim - 7.2 Panel,2,0,girth,GIRTH,DESCRIPTION,"1472"""
commercial-industrial,47,Inside Corner Trim - 7.2 Panel,2,0,weight_each,WEIGHT EACH,DESCRIPTION,9.560#
commercial-industrial,47,Inside Corner Trim - 7.2 Panel,2,0,galvalume_plus,GALVALUME® PLUS,PRICED PER EACH,✓
commercial-industrial,47,Inside Corner Trim - 7.2 Panel,2,0,signature_200,SIGNATURE® 200,PRICED PER EACH,✓
commercial-industrial,47,Inside Corner Trim - 7.2 Panel,2,0,signature_300,SIGNATURE® 300,PRICED PER EACH,✓
commercial-industrial,48,BT-20 Base Trim,0,0,part,PART #,DESCRIPTION,FL-73
commercial-industrial,48,BT-20 Base Trim,0,0,length,LENGTH,DESCRIPTION,"20'-0"""
commercial-industrial,48,BT-20 Base Trim,0,0,girth,GIRTH,DESCRIPTION,"778"""
commercial-industrial,48,BT-20 Base Trim,0,0,weight_each,WEIGHT EACH,DESCRIPTION,22.00#
commercial-industrial,48,BT-20 Base Trim,0,0,galvalume_plus,GALVALUME® PLUS,PRICED PER EACH,N/A
commercial-industrial,48,BT-20 Base Trim,0,0,signature_200,SIGNATURE® 200,PRICED PER EACH,✓
commercial-industrial,48,BT-20 Base Trim,0,0,signature_300,SIGNATURE® 300,PRICED PER EACH,N/A
commercial-industrial,48,Base Angle Corner,1,0,column_1,,,DESCRIPTION
commercial-industrial,48,Base Angle Corner,1,0,column_3,,,PRICED PER EACH
commercial-industrial,48,Base Angle Corner,1,1,column_1,,,PART #
commercial-industrial,48,Base Angle Corner,1,1,column_2,,,WEIGHT EACH
commercial-industrial,48,Base Angle Corner,1,1,column_3,,,GALVALUME® PLUS
commercial-industrial,48,Base Angle Corner,1,1,column_4,,,SIGNATURE® 200
commercial-industrial,48,Base Angle Corner,1,1,column_5,,,SIGNATURE® 300
commercial-industrial,48,Base Angle Corner,1,2,column_1,,,HW-1112
commercial-industrial,48,Base Angle Corner,1,2,column_2,,,21#
commercial-industrial,48,Base Angle Corner,1,2,column_3,,,N/A
commercial-industrial,48,Base Angle Corner,1,2,column_4,,,v
commercial-industrial,48,Base Angle Corner,1,2,column_5,,,N/A
commercial-industrial,48,Base Trim,2,0,part,PART #,DESCRIPTION,FL-72
commercial-industrial,48,Base Trim,2,0,length,LENGTH,DESCRIPTION,"10'-2"""
commercial-industrial,48,Base Trim,2,0,girth,GIRTH,DESCRIPTION,"6%"""
commercial-industrial,48,Base Trim,2,0,weight_each,WEIGHT EACH,DESCRIPTION,4.044
commercial-industrial,48,Base Trim,2,0,galvalume_plus,GALVALUME® PLUS,PRICED PER EACH,✓
commercial-industrial,48,Base Trim,2,0,signature_200,SIGNATURE® 200,PRICED PER EACH,✓
commercial-industrial,48,Base Trim,2,0,signature_300,SIGNATURE® 300,PRICED PER EACH,✓
commercial-industrial,48,Base Trim without Sheeting,3,0,part,PART #,DESCRIPTION,FL-530
commercial-industrial,48,Base Trim without Sheeting,3,0,length,LENGTH,DESCRIPTION,"10'-2"""
commercial-industrial,48,Base Trim without Sheeting,3,0,girth,GIRTH,DESCRIPTION,"634"""
commercial-industrial,48,Base Trim without Sheeting,3,0,weight_each,WEIGHT EACH,DESCRIPTION,4.45#
commercial-industrial,48,Base Trim without Sheeting,3,0,galvalume_plus,GALVALUME® PLUS,PRICED PER EACH,✓
commercial-industrial,48,Base Trim without Sheeting,3,0,signature_200,SIGNATURE® 200,PRICED PER EACH,✓
commercial-industrial,48,Base Trim without Sheeting,3,0,signature_300,SIGNATURE® 300,PRICED PER EACH,✓
commercial-industrial,49,PBR Sculptured Eave Gutter,0,0,part,PART #,DESCRIPTION,FL-18
commercial-industrial,49,PBR Sculptured Eave Gutter,0,0,dim_a,"DIM ""A""",DESCRIPTION,"6Y2"""
commercial-industrial,49,PBR Sculptured Eave Gutter,0,0,length,LENGTH,DESCRIPTION,"10'-2"""
commercial-industrial,49,PBR Sculptured Eave Gutter,0,0,girth,GIRTH,DESCRIPTION,"23"""
commercial-industrial,49,PBR Sculptured Eave Gutter,0,0,roof_slope,ROOF SLOPE,DESCRIPTION,Y2-4:12
commercial-industrial,49,PBR Sculptured Eave Gutter,0,0,weight_each,"WEIGHT
EACH",DESCRIPTION,15.17#
commercial-industrial,49,PBR Sculptured Eave Gutter,0,0,galvalume_plus,"GALVALUME®
PLUS",PRICED PER EACH,✓
commercial-industrial,49,PBR Sculptured Eave Gutter,0,0,signature_200,"SIGNATURE®
200",PRICED PER EACH,✓
commercial-industrial,49,PBR Sculptured Eave Gutter,0,0,signature_300,"SIGNATURE®
300",PRICED PER EACH,✓
commercial-industrial,49,PBR Sculptured Eave Gutter,0,1,part,PART #,DESCRIPTION,FL-18B
commercial-industrial,49,PBR Sculptured Eave Gutter,0,1,dim_a,"DIM ""A""",DESCRIPTION,"6Y2"""
commercial-industrial,49,PBR Sculptured Eave Gutter,0,1,length,LENGTH,DESCRIPTION,"20'-2"""
commercial-industrial,49,PBR Sculptured Eave Gutter,0,1,girth,GIRTH,DESCRIPTION,"23"""
commercial-industrial,49,PBR Sculptured Eave Gutter,0,1,roof_slope,ROOF SLOPE,DESCRIPTION,V2-4:12
commercial-industrial,49,PBR Sculptured Eave Gutter,0,1,weight_each,"WEIGHT
EACH",DESCRIPTION,35.40#
commercial-industrial,49,PBR Sculptured Eave Gutter,0,1,galvalume_plus,"GALVALUME®
PLUS",PRICED PER EACH,✓
commercial-industrial,49,PBR Sculptured Eave Gutter,0,1,signature_200,"SIGNATURE®
200",PRICED PER EACH,✓
commercial-industrial,49,PBR Sculptured Eave Gutter,0,1,signature_300,"SIGNATURE®
300",PRICED PER EACH,✓
commercial-industrial,49,PBR Sculptured Eave Gutter,0,2,part,PART #,DESCRIPTION,FL-18H
commercial-industrial,49,PBR Sculptured Eave Gutter,0,2,dim_a,"DIM ""A""",DESCRIPTION,"7"""
commercial-industrial,49,PBR Sculptured Eave Gutter,0,2,length,LENGTH,DESCRIPTION,"10'-2"""
commercial-industrial,49,PBR Sculptured Eave Gutter,0,2,girth,GIRTH,DESCRIPTION,"23%"""
commercial-industrial,49,PBR Sculptured Eave Gutter,0,2,roof_slope,ROOF SLOPE,DESCRIPTION,A4¥-6:12
commercial-industrial,49,PBR Sculptured Eave Gutter,0,2,weight_each,"WEIGHT
EACH",DESCRIPTION,17.88#
commercial-industrial,49,PBR Sculptured Eave Gutter,0,2,galvalume_plus,"GALVALUME®
PLUS",PRICED PER EACH,✓
commercial-industrial,49,PBR Sculptured Eave Gutter,0,2,signature_200,"SIGNATURE®
200",PRICED PER EACH,✓
commercial-industrial,49,PBR Sculptured Eave Gutter,0,2,signature_300,"SIGNATURE®
300",PRICED PER EACH,✓
commercial-industrial,49,PBR Sculptured Eave Gutter,0,3,part,PART #,DESCRIPTION,FL-18)
commercial-industrial,49,PBR Sculptured Eave Gutter,0,3,dim_a,"DIM ""A""",DESCRIPTION,"7"""
commercial-industrial,49,PBR Sculptured Eave Gutter,0,3,length,LENGTH,DESCRIPTION,"20'-2"""
commercial-industrial,49,PBR Sculptured Eave Gutter,0,3,girth,GIRTH,DESCRIPTION,"23%"""
commercial-industrial,49,PBR Sculptured Eave Gutter,0,3,roof_slope,ROOF SLOPE,DESCRIPTION,A¥-6:12
commercial-industrial,49,PBR Sculptured Eave Gutter,0,3,weight_each,"WEIGHT
EACH",DESCRIPTION,35.47#
commercial-industrial,49,PBR Sculptured Eave Gutter,0,3,galvalume_plus,"GALVALUME®
PLUS",PRICED PER EACH,✓
commercial-industrial,49,PBR Sculptured Eave Gutter,0,3,signature_200,"SIGNATURE®
200",PRICED PER EACH,✓
commercial-industrial,49,PBR Sculptured Eave Gutter,0,3,signature_300,"SIGNATURE®
300",PRICED PER EACH,✓
commercial-industrial,49,PBR Sculptured Hang-On Gutter,1,0,part,PART #,DESCRIPTION,FL-18C
commercial-industrial,49,PBR Sculptured Hang-On Gutter,1,0,dim_aa,"DIM aa""",DESCRIPTION,"6Y2"""
commercial-industrial,49,PBR Sculptured Hang-On Gutter,1,0,length,LENGTH,DESCRIPTION,"10'-2"""
commercial-industrial,49,PBR Sculptured Hang-On Gutter,1,0,girth,GIRTH,DESCRIPTION,"20%"""
commercial-industrial,49,PBR Sculptured Hang-On Gutter,1,0,roof_slope,ROOF SLOPE,DESCRIPTION,Va-4:12
commercial-industrial,49,PBR Sculptured Hang-On Gutter,1,0,weight_each,"WEIGHT
EACH",DESCRIPTION,14.50#
commercial-industrial,49,PBR Sculptured Hang-On Gutter,1,0,galvalume_plus,"GALVALUME®
PLUS",PRICED PER EACH,✓
commercial-industrial,49,PBR Sculptured Hang-On Gutter,1,0,signature_200,"SIGNATURE®
200",PRICED PER EACH,✓
commercial-industrial,49,PBR Sculptured Hang-On Gutter,1,0,signature_300,"SIGNATURE®
300",PRICED PER EACH,✓
commercial-industrial,49,PBR Sculptured Hang-On Gutter,1,1,part,PART #,DESCRIPTION,FL-18D
commercial-industrial,49,PBR Sculptured Hang-On Gutter,1,1,dim_aa,"DIM aa""",DESCRIPTION,"6%"""
commercial-industrial,49,PBR Sculptured Hang-On Gutter,1,1,length,LENGTH,DESCRIPTION,"20'-2"""
commercial-industrial,49,PBR Sculptured Hang-On Gutter,1,1,girth,GIRTH,DESCRIPTION,"20%"""
commercial-industrial,49,PBR Sculptured Hang-On Gutter,1,1,roof_slope,ROOF SLOPE,DESCRIPTION,Ya-4:12
commercial-industrial,49,PBR Sculptured Hang-On Gutter,1,1,weight_each,"WEIGHT
EACH",DESCRIPTION,29.00#
commercial-industrial,49,PBR Sculptured Hang-On Gutter,1,1,galvalume_plus,"GALVALUME®
PLUS",PRICED PER EACH,✓
commercial-industrial,49,PBR Sculptured Hang-On Gutter,1,1,signature_200,"SIGNATURE®
200",PRICED PER EACH,✓
commercial-industrial,49,PBR Sculptured Hang-On Gutter,1,1,signature_300,"SIGNATURE®
300",PRICED PER EACH,✓
commercial-industrial,49,PBR Sculptured Hang-On Gutter,1,2,part,PART #,DESCRIPTION,FL-18F
commercial-industrial,49,PBR Sculptured Hang-On Gutter,1,2,dim_aa,"DIM aa""",DESCRIPTION,"7"""
commercial-industrial,49,PBR Sculptured Hang-On Gutter,1,2,length,LENGTH,DESCRIPTION,"10'-2"""
commercial-industrial,49,PBR Sculptured Hang-On Gutter,1,2,girth,GIRTH,DESCRIPTION,"2034"""
commercial-industrial,49,PBR Sculptured Hang-On Gutter,1,2,roof_slope,ROOF SLOPE,DESCRIPTION,A4%-6:12
commercial-industrial,49,PBR Sculptured Hang-On Gutter,1,2,weight_each,"WEIGHT
EACH",DESCRIPTION,15.41#
commercial-industrial,49,PBR Sculptured Hang-On Gutter,1,2,galvalume_plus,"GALVALUME®
PLUS",PRICED PER EACH,✓
commercial-industrial,49,PBR Sculptured Hang-On Gutter,1,2,signature_200,"SIGNATURE®
200",PRICED PER EACH,✓
commercial-industrial,49,PBR Sculptured Hang-On Gutter,1,2,signature_300,"SIGNATURE®
300",PRICED PER EACH,✓
commercial-industrial,49,PBR Sculptured Hang-On Gutter,1,3,part,PART #,DESCRIPTION,FL-18G
commercial-industrial,49,PBR Sculptured Hang-On Gutter,1,3,dim_aa,"DIM aa""",DESCRIPTION,"7"""
commercial-industrial,49,PBR Sculptured Hang-On Gutter,1,3,length,LENGTH,DESCRIPTION,"20'-2"""
commercial-industrial,49,PBR Sculptured Hang-On Gutter,1,3,girth,GIRTH,DESCRIPTION,"2034"""
commercial-industrial,49,PBR Sculptured Hang-On Gutter,1,3,roof_slope,ROOF SLOPE,DESCRIPTION,4%-6:12
commercial-industrial,49,PBR Sculptured Hang-On Gutter,1,3,weight_each,"WEIGHT
EACH",DESCRIPTION,30.56#
commercial-industrial,49,PBR Sculptured Hang-On Gutter,1,3,galvalume_plus,"GALVALUME®
PLUS",PRICED PER EACH,✓
commercial-industrial,49,PBR Sculptured Hang-On Gutter,1,3,signature_200,"SIGNATURE®
200",PRICED PER EACH,✓
commercial-industrial,49,PBR Sculptured Hang-On Gutter,1,3,signature_300,"SIGNATURE®
300",PRICED PER EACH,✓
commercial-industrial,49,PBU Sculptured Eave Gutter,2,0,part,PART #,DESCRIPTION,FL-512
commercial-industrial,49,PBU Sculptured Eave Gutter,2,0,dim_a,"DIM ""A""",DESCRIPTION,"7"""
commercial-industrial,49,PBU Sculptured Eave Gutter,2,0,length,LENGTH,DESCRIPTION,"10'-2"""
commercial-industrial,49,PBU Sculptured Eave Gutter,2,0,girth,GIRTH,DESCRIPTION,"23%"""
commercial-industrial,49,PBU Sculptured Eave Gutter,2,0,roof_slope,ROOF SLOPE,DESCRIPTION,V2-4:12
commercial-industrial,49,PBU Sculptured Eave Gutter,2,0,weight_each,"WEIGHT
EACH",DESCRIPTION,15.49#
commercial-industrial,49,PBU Sculptured Eave Gutter,2,0,galvalume_plus,"GALVALUME®
PLUS",PRICED PER EACH,✓
commercial-industrial,49,PBU Sculptured Eave Gutter,2,0,signature_200,"SIGNATURE®
200",PRICED PER EACH,✓
commercial-industrial,49,PBU Sculptured Eave Gutter,2,0,signature_300,"SIGNATURE®
300",PRICED PER EACH,✓
commercial-industrial,49,PBU Sculptured Eave Gutter,2,1,part,PART #,DESCRIPTION,FL-512A
commercial-industrial,49,PBU Sculptured Eave Gutter,2,1,dim_a,"DIM ""A""",DESCRIPTION,"7"""
commercial-industrial,49,PBU Sculptured Eave Gutter,2,1,length,LENGTH,DESCRIPTION,"20'-2"""
commercial-industrial,49,PBU Sculptured Eave Gutter,2,1,girth,GIRTH,DESCRIPTION,"23%"""
commercial-industrial,49,PBU Sculptured Eave Gutter,2,1,roof_slope,ROOF SLOPE,DESCRIPTION,V2-4:12
commercial-industrial,49,PBU Sculptured Eave Gutter,2,1,weight_each,"WEIGHT
EACH",DESCRIPTION,35.40#
commercial-industrial,49,PBU Sculptured Eave Gutter,2,1,galvalume_plus,"GALVALUME®
PLUS",PRICED PER EACH,✓
commercial-industrial,49,PBU Sculptured Eave Gutter,2,1,signature_200,"SIGNATURE®
200",PRICED PER EACH,✓
commercial-industrial,49,PBU Sculptured Eave Gutter,2,1,signature_300,"SIGNATURE®
300",PRICED PER EACH,✓
commercial-industrial,49,PBU Sculptured Eave Gutter,2,2,part,PART #,DESCRIPTION,FL-512E
commercial-industrial,49,PBU Sculptured Eave Gutter,2,2,dim_a,"DIM ""A""",DESCRIPTION,"7Y¥2"""
commercial-industrial,49,PBU Sculptured Eave Gutter,2,2,length,LENGTH,DESCRIPTION,"10'-2"""
commercial-industrial,49,PBU Sculptured Eave Gutter,2,2,girth,GIRTH,DESCRIPTION,"24"""
commercial-industrial,49,PBU Sculptured Eave Gutter,2,2,roof_slope,ROOF SLOPE,DESCRIPTION,4%-6:12
commercial-industrial,49,PBU Sculptured Eave Gutter,2,2,weight_each,"WEIGHT
EACH",DESCRIPTION,18.26#
commercial-industrial,49,PBU Sculptured Eave Gutter,2,2,galvalume_plus,"GALVALUME®
PLUS",PRICED PER EACH,✓
commercial-industrial,49,PBU Sculptured Eave Gutter,2,2,signature_200,"SIGNATURE®
200",PRICED PER EACH,✓
commercial-industrial,49,PBU Sculptured Eave Gutter,2,2,signature_300,"SIGNATURE®
300",PRICED PER EACH,✓
commercial-industrial,49,PBU Sculptured Eave Gutter,2,3,part,PART #,DESCRIPTION,FL-512F
commercial-industrial,49,PBU Sculptured Eave Gutter,2,3,dim_a,"DIM ""A""",DESCRIPTION,"TY"""
commercial-industrial,49,PBU Sculptured Eave Gutter,2,3,length,LENGTH,DESCRIPTION,"20'-2"""
commercial-industrial,49,PBU Sculptured Eave Gutter,2,3,girth,GIRTH,DESCRIPTION,"24"""
commercial-industrial,49,PBU Sculptured Eave Gutter,2,3,roof_slope,ROOF SLOPE,DESCRIPTION,A¥e-6:12
commercial-industrial,49,PBU Sculptured Eave Gutter,2,3,weight_each,"WEIGHT
EACH",DESCRIPTION,36.23#
commercial-industrial,49,PBU Sculptured Eave Gutter,2,3,galvalume_plus,"GALVALUME®
PLUS",PRICED PER EACH,✓
commercial-industrial,49,PBU Sculptured Eave Gutter,2,3,signature_200,"SIGNATURE®
200",PRICED PER EACH,✓
commercial-industrial,49,PBU Sculptured Eave Gutter,2,3,signature_300,"SIGNATURE®
300",PRICED PER EACH,✓
commercial-industrial,50,PBU Sculptured Hang-On Gutter,0,0,part,PART #,DESCRIPTION,FL-512B
commercial-industrial,50,PBU Sculptured Hang-On Gutter,0,0,dim_a,"DIM ""A""",DESCRIPTION,"7"""
commercial-industrial,50,PBU Sculptured Hang-On Gutter,0,0,length,LENGTH,DESCRIPTION,"10'-2"""
commercial-industrial,50,PBU Sculptured Hang-On Gutter,0,0,girth,GIRTH,DESCRIPTION,"2034"""
commercial-industrial,50,PBU Sculptured Hang-On Gutter,0,0,roof_slope,ROOF SLOPE,DESCRIPTION,V2-4:12
commercial-industrial,50,PBU Sculptured Hang-On Gutter,0,0,weight_each,"WEIGHT
EACH",DESCRIPTION,13.68#
commercial-industrial,50,PBU Sculptured Hang-On Gutter,0,0,galvalume_plus,"GALVALUME®
PLUS",PRICED PER EACH,✓
commercial-industrial,50,PBU Sculptured Hang-On Gutter,0,0,signature_200,"SIGNATURE®
200",PRICED PER EACH,✓
commercial-industrial,50,PBU Sculptured Hang-On Gutter,0,0,signature_300,"SIGNATURE®
300",PRICED PER EACH,✓
commercial-industrial,50,PBU Sculptured Hang-On Gutter,0,1,part,PART #,DESCRIPTION,FL-512C
commercial-industrial,50,PBU Sculptured Hang-On Gutter,0,1,dim_a,"DIM ""A""",DESCRIPTION,"7"""
commercial-industrial,50,PBU Sculptured Hang-On Gutter,0,1,length,LENGTH,DESCRIPTION,"20'-2"""
commercial-industrial,50,PBU Sculptured Hang-On Gutter,0,1,girth,GIRTH,DESCRIPTION,"2034"""
commercial-industrial,50,PBU Sculptured Hang-On Gutter,0,1,roof_slope,ROOF SLOPE,DESCRIPTION,V2-4:12
commercial-industrial,50,PBU Sculptured Hang-On Gutter,0,1,weight_each,"WEIGHT
EACH",DESCRIPTION,29.50#
commercial-industrial,50,PBU Sculptured Hang-On Gutter,0,1,galvalume_plus,"GALVALUME®
PLUS",PRICED PER EACH,✓
commercial-industrial,50,PBU Sculptured Hang-On Gutter,0,1,signature_200,"SIGNATURE®
200",PRICED PER EACH,✓
commercial-industrial,50,PBU Sculptured Hang-On Gutter,0,1,signature_300,"SIGNATURE®
300",PRICED PER EACH,✓
commercial-industrial,50,PBU Sculptured Hang-On Gutter,0,2,part,PART #,DESCRIPTION,FL-512G
commercial-industrial,50,PBU Sculptured Hang-On Gutter,0,2,dim_a,"DIM ""A""",DESCRIPTION,"TY."""
commercial-industrial,50,PBU Sculptured Hang-On Gutter,0,2,length,LENGTH,DESCRIPTION,"10'-2"""
commercial-industrial,50,PBU Sculptured Hang-On Gutter,0,2,girth,GIRTH,DESCRIPTION,"21%"""
commercial-industrial,50,PBU Sculptured Hang-On Gutter,0,2,roof_slope,ROOF SLOPE,DESCRIPTION,4%-6:12
commercial-industrial,50,PBU Sculptured Hang-On Gutter,0,2,weight_each,"WEIGHT
EACH",DESCRIPTION,15.77#
commercial-industrial,50,PBU Sculptured Hang-On Gutter,0,2,galvalume_plus,"GALVALUME®
PLUS",PRICED PER EACH,✓
commercial-industrial,50,PBU Sculptured Hang-On Gutter,0,2,signature_200,"SIGNATURE®
200",PRICED PER EACH,✓
commercial-industrial,50,PBU Sculptured Hang-On Gutter,0,2,signature_300,"SIGNATURE®
300",PRICED PER EACH,✓
commercial-industrial,50,PBU Sculptured Hang-On Gutter,0,3,part,PART #,DESCRIPTION,FL-512H
commercial-industrial,50,PBU Sculptured Hang-On Gutter,0,3,dim_a,"DIM ""A""",DESCRIPTION,"7Y2"""
commercial-industrial,50,PBU Sculptured Hang-On Gutter,0,3,length,LENGTH,DESCRIPTION,"20'-2"""
commercial-industrial,50,PBU Sculptured Hang-On Gutter,0,3,girth,GIRTH,DESCRIPTION,"21%"""
commercial-industrial,50,PBU Sculptured Hang-On Gutter,0,3,roof_slope,ROOF SLOPE,DESCRIPTION,AYa-6:12
commercial-industrial,50,PBU Sculptured Hang-On Gutter,0,3,weight_each,"WEIGHT
EACH",DESCRIPTION,31.31#
commercial-industrial,50,PBU Sculptured Hang-On Gutter,0,3,galvalume_plus,"GALVALUME®
PLUS",PRICED PER EACH,✓
commercial-industrial,50,PBU Sculptured Hang-On Gutter,0,3,signature_200,"SIGNATURE®
200",PRICED PER EACH,✓
commercial-industrial,50,PBU Sculptured Hang-On Gutter,0,3,signature_300,"SIGNATURE®
300",PRICED PER EACH,✓
commercial-industrial,50,Sculptured Eave Gutter - 7.2 Panel,1,0,part,PART #,DESCRIPTION,FL-517
commercial-industrial,50,Sculptured Eave Gutter - 7.2 Panel,1,0,dim_aa,"DIM aa""",DESCRIPTION,"6%"""
commercial-industrial,50,Sculptured Eave Gutter - 7.2 Panel,1,0,length,LENGTH,DESCRIPTION,"10'-2"""
commercial-industrial,50,Sculptured Eave Gutter - 7.2 Panel,1,0,girth,GIRTH,DESCRIPTION,"23%"""
commercial-industrial,50,Sculptured Eave Gutter - 7.2 Panel,1,0,roof_slope,ROOF SLOPE,DESCRIPTION,Ya-4:12
commercial-industrial,50,Sculptured Eave Gutter - 7.2 Panel,1,0,weight_each,"WEIGHT
EACH",DESCRIPTION,15.334
commercial-industrial,50,Sculptured Eave Gutter - 7.2 Panel,1,0,galvalume_plus,"GALVALUME®
PLUS",PRICED PER EACH,✓
commercial-industrial,50,Sculptured Eave Gutter - 7.2 Panel,1,0,signature_200,"SIGNATURE®
200",PRICED PER EACH,✓
commercial-industrial,50,Sculptured Eave Gutter - 7.2 Panel,1,0,signature_300,"SIGNATURE®
300",PRICED PER EACH,✓
commercial-industrial,50,Sculptured Eave Gutter - 7.2 Panel,1,1,part,PART #,DESCRIPTION,FL-517A
commercial-industrial,50,Sculptured Eave Gutter - 7.2 Panel,1,1,dim_aa,"DIM aa""",DESCRIPTION,"6%"""
commercial-industrial,50,Sculptured Eave Gutter - 7.2 Panel,1,1,length,LENGTH,DESCRIPTION,"20'-2"""
commercial-industrial,50,Sculptured Eave Gutter - 7.2 Panel,1,1,girth,GIRTH,DESCRIPTION,"23%"""
commercial-industrial,50,Sculptured Eave Gutter - 7.2 Panel,1,1,roof_slope,ROOF SLOPE,DESCRIPTION,V2-4:12
commercial-industrial,50,Sculptured Eave Gutter - 7.2 Panel,1,1,weight_each,"WEIGHT
EACH",DESCRIPTION,30.41#
commercial-industrial,50,Sculptured Eave Gutter - 7.2 Panel,1,1,galvalume_plus,"GALVALUME®
PLUS",PRICED PER EACH,✓
commercial-industrial,50,Sculptured Eave Gutter - 7.2 Panel,1,1,signature_200,"SIGNATURE®
200",PRICED PER EACH,✓
commercial-industrial,50,Sculptured Eave Gutter - 7.2 Panel,1,1,signature_300,"SIGNATURE®
300",PRICED PER EACH,✓
commercial-industrial,50,Sculptured Eave Gutter - 7.2 Panel,1,2,part,PART #,DESCRIPTION,FL-517E
commercial-industrial,50,Sculptured Eave Gutter - 7.2 Panel,1,2,dim_aa,"DIM aa""",DESCRIPTION,"656"""
commercial-industrial,50,Sculptured Eave Gutter - 7.2 Panel,1,2,length,LENGTH,DESCRIPTION,"10'-2"""
commercial-industrial,50,Sculptured Eave Gutter - 7.2 Panel,1,2,girth,GIRTH,DESCRIPTION,"23%"""
commercial-industrial,50,Sculptured Eave Gutter - 7.2 Panel,1,2,roof_slope,ROOF SLOPE,DESCRIPTION,4%-6:12
commercial-industrial,50,Sculptured Eave Gutter - 7.2 Panel,1,2,weight_each,"WEIGHT
EACH",DESCRIPTION,15.58#
commercial-industrial,50,Sculptured Eave Gutter - 7.2 Panel,1,2,galvalume_plus,"GALVALUME®
PLUS",PRICED PER EACH,✓
commercial-industrial,50,Sculptured Eave Gutter - 7.2 Panel,1,2,signature_200,"SIGNATURE®
200",PRICED PER EACH,✓
commercial-industrial,50,Sculptured Eave Gutter - 7.2 Panel,1,2,signature_300,"SIGNATURE®
300",PRICED PER EACH,✓
commercial-industrial,50,Sculptured Eave Gutter - 7.2 Panel,1,3,part,PART #,DESCRIPTION,FL-517F
commercial-industrial,50,Sculptured Eave Gutter - 7.2 Panel,1,3,dim_aa,"DIM aa""",DESCRIPTION,"656"""
commercial-industrial,50,Sculptured Eave Gutter - 7.2 Panel,1,3,length,LENGTH,DESCRIPTION,"20'-2"""
commercial-industrial,50,Sculptured Eave Gutter - 7.2 Panel,1,3,girth,GIRTH,DESCRIPTION,"23%"""
commercial-industrial,50,Sculptured Eave Gutter - 7.2 Panel,1,3,roof_slope,ROOF SLOPE,DESCRIPTION,4%-6:12
commercial-industrial,50,Sculptured Eave Gutter - 7.2 Panel,1,3,weight_each,"WEIGHT
EACH",DESCRIPTION,30.90#
commercial-industrial,50,Sculptured Eave Gutter - 7.2 Panel,1,3,galvalume_plus,"GALVALUME®
PLUS",PRICED PER EACH,✓
commercial-industrial,50,Sculptured Eave Gutter - 7.2 Panel,1,3,signature_200,"SIGNATURE®
200",PRICED PER EACH,✓
commercial-industrial,50,Sculptured Eave Gutter - 7.2 Panel,1,3,signature_300,"SIGNATURE®
300",PRICED PER EACH,✓
commercial-industrial,50,Sculptured Hang-On Gutter - 7.2 Panel,2,0,part,PART #,DESCRIPTION,FL-517B
commercial-industrial,50,Sculptured Hang-On Gutter - 7.2 Panel,2,0,dim_a,"DIM ""A""",DESCRIPTION,"6%"""
commercial-industrial,50,Sculptured Hang-On Gutter - 7.2 Panel,2,0,length,LENGTH,DESCRIPTION,"10'-2"""
commercial-industrial,50,Sculptured Hang-On Gutter - 7.2 Panel,2,0,girth,GIRTH,DESCRIPTION,"20"""
commercial-industrial,50,Sculptured Hang-On Gutter - 7.2 Panel,2,0,roof_slope,ROOF SLOPE,DESCRIPTION,Ya-4:12
commercial-industrial,50,Sculptured Hang-On Gutter - 7.2 Panel,2,0,weight_each,"WEIGHT
EACH",DESCRIPTION,13.19#
commercial-industrial,50,Sculptured Hang-On Gutter - 7.2 Panel,2,0,galvalume_plus,"GALVALUME®
PLUS",PRICED PER EACH,✓
commercial-industrial,50,Sculptured Hang-On Gutter - 7.2 Panel,2,0,signature_200,"SIGNATURE®
200",PRICED PER EACH,✓
commercial-industrial,50,Sculptured Hang-On Gutter - 7.2 Panel,2,0,signature_300,"SIGNATURE®
300",PRICED PER EACH,✓
commercial-industrial,50,Sculptured Hang-On Gutter - 7.2 Panel,2,1,part,PART #,DESCRIPTION,FL-517C
commercial-industrial,50,Sculptured Hang-On Gutter - 7.2 Panel,2,1,dim_a,"DIM ""A""",DESCRIPTION,"6%"""
commercial-industrial,50,Sculptured Hang-On Gutter - 7.2 Panel,2,1,length,LENGTH,DESCRIPTION,"20'-2"""
commercial-industrial,50,Sculptured Hang-On Gutter - 7.2 Panel,2,1,girth,GIRTH,DESCRIPTION,"20"""
commercial-industrial,50,Sculptured Hang-On Gutter - 7.2 Panel,2,1,roof_slope,ROOF SLOPE,DESCRIPTION,¥2-4:12
commercial-industrial,50,Sculptured Hang-On Gutter - 7.2 Panel,2,1,weight_each,"WEIGHT
EACH",DESCRIPTION,26.1 6#
commercial-industrial,50,Sculptured Hang-On Gutter - 7.2 Panel,2,1,galvalume_plus,"GALVALUME®
PLUS",PRICED PER EACH,✓
commercial-industrial,50,Sculptured Hang-On Gutter - 7.2 Panel,2,1,signature_200,"SIGNATURE®
200",PRICED PER EACH,✓
commercial-industrial,50,Sculptured Hang-On Gutter - 7.2 Panel,2,1,signature_300,"SIGNATURE®
300",PRICED PER EACH,✓
commercial-industrial,50,Sculptured Hang-On Gutter - 7.2 Panel,2,2,part,PART #,DESCRIPTION,FL-517G
commercial-industrial,50,Sculptured Hang-On Gutter - 7.2 Panel,2,2,dim_a,"DIM ""A""",DESCRIPTION,"654"""
commercial-industrial,50,Sculptured Hang-On Gutter - 7.2 Panel,2,2,length,LENGTH,DESCRIPTION,"10'-2"""
commercial-industrial,50,Sculptured Hang-On Gutter - 7.2 Panel,2,2,girth,GIRTH,DESCRIPTION,"2038"""
commercial-industrial,50,Sculptured Hang-On Gutter - 7.2 Panel,2,2,roof_slope,ROOF SLOPE,DESCRIPTION,A4¥%-6:12
commercial-industrial,50,Sculptured Hang-On Gutter - 7.2 Panel,2,2,weight_each,"WEIGHT
EACH",DESCRIPTION,13.434
commercial-industrial,50,Sculptured Hang-On Gutter - 7.2 Panel,2,2,galvalume_plus,"GALVALUME®
PLUS",PRICED PER EACH,✓
commercial-industrial,50,Sculptured Hang-On Gutter - 7.2 Panel,2,2,signature_200,"SIGNATURE®
200",PRICED PER EACH,✓
commercial-industrial,50,Sculptured Hang-On Gutter - 7.2 Panel,2,2,signature_300,"SIGNATURE®
300",PRICED PER EACH,✓
commercial-industrial,50,Sculptured Hang-On Gutter - 7.2 Panel,2,3,part,PART #,DESCRIPTION,FL-517H
commercial-industrial,50,Sculptured Hang-On Gutter - 7.2 Panel,2,3,dim_a,"DIM ""A""",DESCRIPTION,"656"""
commercial-industrial,50,Sculptured Hang-On Gutter - 7.2 Panel,2,3,length,LENGTH,DESCRIPTION,"20'-2"""
commercial-industrial,50,Sculptured Hang-On Gutter - 7.2 Panel,2,3,girth,GIRTH,DESCRIPTION,"2038"""
commercial-industrial,50,Sculptured Hang-On Gutter - 7.2 Panel,2,3,roof_slope,ROOF SLOPE,DESCRIPTION,AY¥e-6:12
commercial-industrial,50,Sculptured Hang-On Gutter - 7.2 Panel,2,3,weight_each,"WEIGHT
EACH",DESCRIPTION,26.05#
commercial-industrial,50,Sculptured Hang-On Gutter - 7.2 Panel,2,3,galvalume_plus,"GALVALUME®
PLUS",PRICED PER EACH,✓
commercial-industrial,50,Sculptured Hang-On Gutter - 7.2 Panel,2,3,signature_200,"SIGNATURE®
200",PRICED PER EACH,✓
commercial-industrial,50,Sculptured Hang-On Gutter - 7.2 Panel,2,3,signature_300,"SIGNATURE®
300",PRICED PER EACH,✓
commercial-industrial,51,Gutter Ends,0,0,column_1,,,DESCRIPTION
commercial-industrial,51,Gutter Ends,0,0,column_3,,,PRICED PER EACH
commercial-industrial,51,Gutter Ends,0,1,column_1,,,PART #
commercial-industrial,51,Gutter Ends,0,1,column_2,,,WEIGHT EACH
commercial-industrial,51,Gutter Ends,0,1,column_3,,,GALVALUME® PLUS
commercial-industrial,51,Gutter Ends,0,1,column_4,,,SIGNATURE® 200
commercial-industrial,51,Gutter Ends,0,1,column_5,,,SIGNATURE® 300
commercial-industrial,51,Gutter Ends,0,2,column_1,,,FL-18A
commercial-industrial,51,Gutter Ends,0,2,column_2,,,32#
commercial-industrial,51,Gutter Ends,0,2,column_3,,,v
commercial-industrial,51,Gutter Ends,0,2,column_4,,,v
commercial-industrial,51,Gutter Ends,0,2,column_5,,,v
commercial-industrial,51,Box Hang-On Gutter,1,0,part,PART #,DESCRIPTION,FL-74
commercial-industrial,51,Box Hang-On Gutter,1,0,dim_on,"DIM on""",DESCRIPTION,"Ay"""
commercial-industrial,51,Box Hang-On Gutter,1,0,dim_b,"DIM ""B""",DESCRIPTION,"AV"""
commercial-industrial,51,Box Hang-On Gutter,1,0,length,LENGTH,DESCRIPTION,"10'-2"""
commercial-industrial,51,Box Hang-On Gutter,1,0,girth,GIRTH,DESCRIPTION,"17"""
commercial-industrial,51,Box Hang-On Gutter,1,0,roof_slope,"ROOF
SLOPE",DESCRIPTION,Y2-4:12
commercial-industrial,51,Box Hang-On Gutter,1,0,weight_each,"WEIGHT
EACH",DESCRIPTION,11.21#
commercial-industrial,51,Box Hang-On Gutter,1,0,galvalume_plus,"GALVALUME®
PLUS",PRICED PER EACH,✓
commercial-industrial,51,Box Hang-On Gutter,1,0,signature_200,"SIGNATURE®
200",PRICED PER EACH,✓
commercial-industrial,51,Box Hang-On Gutter,1,0,signature_300,"SIGNATURE®
300",PRICED PER EACH,✓
commercial-industrial,51,Box Hang-On Gutter,1,1,part,PART #,DESCRIPTION,FL-74A
commercial-industrial,51,Box Hang-On Gutter,1,1,dim_on,"DIM on""",DESCRIPTION,"Aya"""
commercial-industrial,51,Box Hang-On Gutter,1,1,dim_b,"DIM ""B""",DESCRIPTION,"4%"""
commercial-industrial,51,Box Hang-On Gutter,1,1,length,LENGTH,DESCRIPTION,"20'-2"""
commercial-industrial,51,Box Hang-On Gutter,1,1,girth,GIRTH,DESCRIPTION,"17"""
commercial-industrial,51,Box Hang-On Gutter,1,1,roof_slope,"ROOF
SLOPE",DESCRIPTION,Y2-4:12
commercial-industrial,51,Box Hang-On Gutter,1,1,weight_each,"WEIGHT
EACH",DESCRIPTION,22.234
commercial-industrial,51,Box Hang-On Gutter,1,1,galvalume_plus,"GALVALUME®
PLUS",PRICED PER EACH,✓
commercial-industrial,51,Box Hang-On Gutter,1,1,signature_200,"SIGNATURE®
200",PRICED PER EACH,✓
commercial-industrial,51,Box Hang-On Gutter,1,1,signature_300,"SIGNATURE®
300",PRICED PER EACH,✓
commercial-industrial,51,Box Hang-On Gutter,1,2,part,PART #,DESCRIPTION,FL-74L
commercial-industrial,51,Box Hang-On Gutter,1,2,dim_on,"DIM on""",DESCRIPTION,"434"""
commercial-industrial,51,Box Hang-On Gutter,1,2,dim_b,"DIM ""B""",DESCRIPTION,"AY,"""
commercial-industrial,51,Box Hang-On Gutter,1,2,length,LENGTH,DESCRIPTION,"10'-2"""
commercial-industrial,51,Box Hang-On Gutter,1,2,girth,GIRTH,DESCRIPTION,"17%"""
commercial-industrial,51,Box Hang-On Gutter,1,2,roof_slope,"ROOF
SLOPE",DESCRIPTION,4%6-6:12
commercial-industrial,51,Box Hang-On Gutter,1,2,weight_each,"WEIGHT
EACH",DESCRIPTION,11.37#
commercial-industrial,51,Box Hang-On Gutter,1,2,galvalume_plus,"GALVALUME®
PLUS",PRICED PER EACH,✓
commercial-industrial,51,Box Hang-On Gutter,1,2,signature_200,"SIGNATURE®
200",PRICED PER EACH,✓
commercial-industrial,51,Box Hang-On Gutter,1,2,signature_300,"SIGNATURE®
300",PRICED PER EACH,✓
commercial-industrial,51,Box Hang-On Gutter,1,3,part,PART #,DESCRIPTION,FL-74F
commercial-industrial,51,Box Hang-On Gutter,1,3,dim_on,"DIM on""",DESCRIPTION,"A434"""
commercial-industrial,51,Box Hang-On Gutter,1,3,dim_b,"DIM ""B""",DESCRIPTION,"AV,"""
commercial-industrial,51,Box Hang-On Gutter,1,3,length,LENGTH,DESCRIPTION,"20'-2"""
commercial-industrial,51,Box Hang-On Gutter,1,3,girth,GIRTH,DESCRIPTION,"17%"""
commercial-industrial,51,Box Hang-On Gutter,1,3,roof_slope,"ROOF
SLOPE",DESCRIPTION,4%6-6:12
commercial-industrial,51,Box Hang-On Gutter,1,3,weight_each,"WEIGHT
EACH",DESCRIPTION,22.56#
commercial-industrial,51,Box Hang-On Gutter,1,3,galvalume_plus,"GALVALUME®
PLUS",PRICED PER EACH,✓
commercial-industrial,51,Box Hang-On Gutter,1,3,signature_200,"SIGNATURE®
200",PRICED PER EACH,✓
commercial-industrial,51,Box Hang-On Gutter,1,3,signature_300,"SIGNATURE®
300",PRICED PER EACH,✓
commercial-industrial,51,Box Hang-On Gutter,2,0,column_1,,,"AY,"""
commercial-industrial,51,Box Hang-On Gutter,2,0,column_2,,,"4x2"""
commercial-industrial,51,Box Hang-On Gutter,2,0,column_3,,,"1 Q'-2"""
commercial-industrial,51,Box Hang-On Gutter,2,0,column_4,,,"17"""
commercial-industrial,51,Box Hang-On Gutter,2,0,column_5,,,Y2-4:12
commercial-industrial,51,Box Hang-On Gutter,2,0,column_6,,,11.21#
commercial-industrial,51,Box Hang-On Gutter,2,0,column_7,,,v
commercial-industrial,51,Box Hang-On Gutter,2,0,column_8,,,v
commercial-industrial,51,Box Hang-On Gutter,2,0,column_9,,,v
commercial-industrial,51,Box Hang-On Gutter,2,1,column_1,,,"AM"""
commercial-industrial,51,Box Hang-On Gutter,2,1,column_2,,,"AY2"""
commercial-industrial,51,Box Hang-On Gutter,2,1,column_3,,,"20'-2"""
commercial-industrial,51,Box Hang-On Gutter,2,1,column_4,,,"17"""
commercial-industrial,51,Box Hang-On Gutter,2,1,column_5,,,Y2-4:12
commercial-industrial,51,Box Hang-On Gutter,2,1,column_6,,,22.234
commercial-industrial,51,Box Hang-On Gutter,2,1,column_7,,,v
commercial-industrial,51,Box Hang-On Gutter,2,1,column_8,,,v
commercial-industrial,51,Box Hang-On Gutter,2,1,column_9,,,v
commercial-industrial,51,Box Hang-On Gutter,2,2,column_1,,,"454"""
commercial-industrial,51,Box Hang-On Gutter,2,2,column_2,,,"Ay."""
commercial-industrial,51,Box Hang-On Gutter,2,2,column_3,,,"10'-2"""
commercial-industrial,51,Box Hang-On Gutter,2,2,column_4,,,"17%"""
commercial-industrial,51,Box Hang-On Gutter,2,2,column_5,,,AV%6-6:12
commercial-industrial,51,Box Hang-On Gutter,2,2,column_6,,,11.46#
commercial-industrial,51,Box Hang-On Gutter,2,2,column_7,,,v
commercial-industrial,51,Box Hang-On Gutter,2,2,column_8,,,v
commercial-industrial,51,Box Hang-On Gutter,2,2,column_9,,,v
commercial-industrial,51,Box Hang-On Gutter,2,3,column_1,,,"454"""
commercial-industrial,51,Box Hang-On Gutter,2,3,column_2,,,"4y2"""
commercial-industrial,51,Box Hang-On Gutter,2,3,column_3,,,"20'-2"""
commercial-industrial,51,Box Hang-On Gutter,2,3,column_4,,,"17%"""
commercial-industrial,51,Box Hang-On Gutter,2,3,column_5,,,4%6-6:12
commercial-industrial,51,Box Hang-On Gutter,2,3,column_6,,,22.724
commercial-industrial,51,Box Hang-On Gutter,2,3,column_7,,,v
commercial-industrial,51,Box Hang-On Gutter,2,3,column_8,,,v
commercial-industrial,51,Box Hang-On Gutter,2,3,column_9,,,v
commercial-industrial,51,Box Hang-On Gutter,3,0,column_1,,,"4"""
commercial-industrial,51,Box Hang-On Gutter,3,0,column_2,,,"Ay."""
commercial-industrial,51,Box Hang-On Gutter,3,0,column_3,,,"10'-2"""
commercial-industrial,51,Box Hang-On Gutter,3,0,column_4,,,"16 34"""
commercial-industrial,51,Box Hang-On Gutter,3,0,column_5,,,Y2-4:12
commercial-industrial,51,Box Hang-On Gutter,3,0,column_6,,,11.04#
commercial-industrial,51,Box Hang-On Gutter,3,0,column_7,,,v
commercial-industrial,51,Box Hang-On Gutter,3,0,column_8,,,v
commercial-industrial,51,Box Hang-On Gutter,3,0,column_9,,,v
commercial-industrial,51,Box Hang-On Gutter,3,1,column_1,,,"4"""
commercial-industrial,51,Box Hang-On Gutter,3,1,column_2,,,"4x2"""
commercial-industrial,51,Box Hang-On Gutter,3,1,column_3,,,"20'-2"""
commercial-industrial,51,Box Hang-On Gutter,3,1,column_4,,,"16 34"""
commercial-industrial,51,Box Hang-On Gutter,3,1,column_5,,,Y2-4:12
commercial-industrial,51,Box Hang-On Gutter,3,1,column_6,,,21.91#
commercial-industrial,51,Box Hang-On Gutter,3,1,column_7,,,v
commercial-industrial,51,Box Hang-On Gutter,3,1,column_8,,,v
commercial-industrial,51,Box Hang-On Gutter,3,1,column_9,,,v
commercial-industrial,51,Box Hang-On Gutter,3,2,column_1,,,"AVA"""
commercial-industrial,51,Box Hang-On Gutter,3,2,column_2,,,"4x2"""
commercial-industrial,51,Box Hang-On Gutter,3,2,column_3,,,"10'-2"""
commercial-industrial,51,Box Hang-On Gutter,3,2,column_4,,,"17"""
commercial-industrial,51,Box Hang-On Gutter,3,2,column_5,,,AN%6-6:12
commercial-industrial,51,Box Hang-On Gutter,3,2,column_6,,,11.21#
commercial-industrial,51,Box Hang-On Gutter,3,2,column_7,,,v
commercial-industrial,51,Box Hang-On Gutter,3,2,column_8,,,v
commercial-industrial,51,Box Hang-On Gutter,3,2,column_9,,,v
commercial-industrial,51,Box Hang-On Gutter,3,3,column_1,,,"AVA"""
commercial-industrial,51,Box Hang-On Gutter,3,3,column_2,,,"Ay."""
commercial-industrial,51,Box Hang-On Gutter,3,3,column_3,,,"20'-2"""
commercial-industrial,51,Box Hang-On Gutter,3,3,column_4,,,"17"""
commercial-industrial,51,Box Hang-On Gutter,3,3,column_5,,,AV%6-6:12
commercial-industrial,51,Box Hang-On Gutter,3,3,column_6,,,22.234
commercial-industrial,51,Box Hang-On Gutter,3,3,column_7,,,v
commercial-industrial,51,Box Hang-On Gutter,3,3,column_8,,,v
commercial-industrial,51,Box Hang-On Gutter,3,3,column_9,,,v
commercial-industrial,52,Box Eave Gutter,0,0,part,PART #,DESCRIPTION,FL-14
commercial-industrial,52,Box Eave Gutter,0,0,dim_ya,DIM ya,DESCRIPTION,"Ay,"""
commercial-industrial,52,Box Eave Gutter,0,0,dim_b,"DIM ""B""",DESCRIPTION,"AVA"""
commercial-industrial,52,Box Eave Gutter,0,0,length,LENGTH,DESCRIPTION,"10'-2"""
commercial-industrial,52,Box Eave Gutter,0,0,girth,GIRTH,DESCRIPTION,"20 %"""
commercial-industrial,52,Box Eave Gutter,0,0,roof_slope,"ROOF
SLOPE",DESCRIPTION,V2-4:12
commercial-industrial,52,Box Eave Gutter,0,0,weight_each,"WEIGHT
EACH",DESCRIPTION,13.35#
commercial-industrial,52,Box Eave Gutter,0,0,galvalume_plus,"GALVALUME®
PLUS",PRICED PER EACH,✓
commercial-industrial,52,Box Eave Gutter,0,0,signature_200,"SIGNATURE®
200",PRICED PER EACH,✓
commercial-industrial,52,Box Eave Gutter,0,0,signature_300,"SIGNATURE®
300",PRICED PER EACH,✓
commercial-industrial,52,Box Eave Gutter,0,1,part,PART #,DESCRIPTION,FL-14B
commercial-industrial,52,Box Eave Gutter,0,1,dim_ya,DIM ya,DESCRIPTION,"AY."""
commercial-industrial,52,Box Eave Gutter,0,1,dim_b,"DIM ""B""",DESCRIPTION,"AY,"""
commercial-industrial,52,Box Eave Gutter,0,1,length,LENGTH,DESCRIPTION,"20'-2"""
commercial-industrial,52,Box Eave Gutter,0,1,girth,GIRTH,DESCRIPTION,"20 %"""
commercial-industrial,52,Box Eave Gutter,0,1,roof_slope,"ROOF
SLOPE",DESCRIPTION,V2-4:12
commercial-industrial,52,Box Eave Gutter,0,1,weight_each,"WEIGHT
EACH",DESCRIPTION,26.484
commercial-industrial,52,Box Eave Gutter,0,1,galvalume_plus,"GALVALUME®
PLUS",PRICED PER EACH,✓
commercial-industrial,52,Box Eave Gutter,0,1,signature_200,"SIGNATURE®
200",PRICED PER EACH,✓
commercial-industrial,52,Box Eave Gutter,0,1,signature_300,"SIGNATURE®
300",PRICED PER EACH,✓
commercial-industrial,52,Box Eave Gutter,0,2,part,PART #,DESCRIPTION,FL-14F
commercial-industrial,52,Box Eave Gutter,0,2,dim_ya,DIM ya,DESCRIPTION,"434"""
commercial-industrial,52,Box Eave Gutter,0,2,dim_b,"DIM ""B""",DESCRIPTION,"AVA"""
commercial-industrial,52,Box Eave Gutter,0,2,length,LENGTH,DESCRIPTION,"10'-2"""
commercial-industrial,52,Box Eave Gutter,0,2,girth,GIRTH,DESCRIPTION,"20 Y2"""
commercial-industrial,52,Box Eave Gutter,0,2,roof_slope,"ROOF
SLOPE",DESCRIPTION,AVM%6-6:12
commercial-industrial,52,Box Eave Gutter,0,2,weight_each,"WEIGHT
EACH",DESCRIPTION,13.52#
commercial-industrial,52,Box Eave Gutter,0,2,galvalume_plus,"GALVALUME®
PLUS",PRICED PER EACH,✓
commercial-industrial,52,Box Eave Gutter,0,2,signature_200,"SIGNATURE®
200",PRICED PER EACH,✓
commercial-industrial,52,Box Eave Gutter,0,2,signature_300,"SIGNATURE®
300",PRICED PER EACH,✓
commercial-industrial,52,Box Eave Gutter,0,3,part,PART #,DESCRIPTION,FL-14G
commercial-industrial,52,Box Eave Gutter,0,3,dim_ya,DIM ya,DESCRIPTION,"A434"""
commercial-industrial,52,Box Eave Gutter,0,3,dim_b,"DIM ""B""",DESCRIPTION,"AYA"""
commercial-industrial,52,Box Eave Gutter,0,3,length,LENGTH,DESCRIPTION,"20'-2"""
commercial-industrial,52,Box Eave Gutter,0,3,girth,GIRTH,DESCRIPTION,"20 Y2"""
commercial-industrial,52,Box Eave Gutter,0,3,roof_slope,"ROOF
SLOPE",DESCRIPTION,4V6-6:12
commercial-industrial,52,Box Eave Gutter,0,3,weight_each,"WEIGHT
EACH",DESCRIPTION,26.81#
commercial-industrial,52,Box Eave Gutter,0,3,galvalume_plus,"GALVALUME®
PLUS",PRICED PER EACH,✓
commercial-industrial,52,Box Eave Gutter,0,3,signature_200,"SIGNATURE®
200",PRICED PER EACH,✓
commercial-industrial,52,Box Eave Gutter,0,3,signature_300,"SIGNATURE®
300",PRICED PER EACH,✓
commercial-industrial,52,Box Eave Gutter,1,0,column_1,,,"AVA"""
commercial-industrial,52,Box Eave Gutter,1,0,column_2,,,"Ay"""
commercial-industrial,52,Box Eave Gutter,1,0,column_3,,,"10'-2"""
commercial-industrial,52,Box Eave Gutter,1,0,column_4,,,"20 %"""
commercial-industrial,52,Box Eave Gutter,1,0,column_5,,,¥2-4:12
commercial-industrial,52,Box Eave Gutter,1,0,column_6,,,13.35#
commercial-industrial,52,Box Eave Gutter,1,0,column_7,,,v
commercial-industrial,52,Box Eave Gutter,1,0,column_8,,,v
commercial-industrial,52,Box Eave Gutter,1,0,column_9,,,v
commercial-industrial,52,Box Eave Gutter,1,1,column_1,,,"AM"""
commercial-industrial,52,Box Eave Gutter,1,1,column_2,,,"Ay,"""
commercial-industrial,52,Box Eave Gutter,1,1,column_3,,,"20'-2"""
commercial-industrial,52,Box Eave Gutter,1,1,column_4,,,"20 4"""
commercial-industrial,52,Box Eave Gutter,1,1,column_5,,,Y2-4:12
commercial-industrial,52,Box Eave Gutter,1,1,column_6,,,260.48#
commercial-industrial,52,Box Eave Gutter,1,1,column_7,,,v
commercial-industrial,52,Box Eave Gutter,1,1,column_8,,,v
commercial-industrial,52,Box Eave Gutter,1,1,column_9,,,v
commercial-industrial,52,Box Eave Gutter,1,2,column_1,,,"45"""
commercial-industrial,52,Box Eave Gutter,1,2,column_2,,,"AY2"""
commercial-industrial,52,Box Eave Gutter,1,2,column_3,,,"10'-2"""
commercial-industrial,52,Box Eave Gutter,1,2,column_4,,,"20 %"""
commercial-industrial,52,Box Eave Gutter,1,2,column_5,,,AV6-6:12
commercial-industrial,52,Box Eave Gutter,1,2,column_6,,,13.600#
commercial-industrial,52,Box Eave Gutter,1,2,column_7,,,v
commercial-industrial,52,Box Eave Gutter,1,2,column_8,,,v
commercial-industrial,52,Box Eave Gutter,1,2,column_9,,,v
commercial-industrial,52,Box Eave Gutter,1,3,column_1,,,"A56"""
commercial-industrial,52,Box Eave Gutter,1,3,column_2,,,"Ay,"""
commercial-industrial,52,Box Eave Gutter,1,3,column_3,,,"20'-2"""
commercial-industrial,52,Box Eave Gutter,1,3,column_4,,,"20 %"""
commercial-industrial,52,Box Eave Gutter,1,3,column_5,,,AV%6-6:12
commercial-industrial,52,Box Eave Gutter,1,3,column_6,,,26.98#
commercial-industrial,52,Box Eave Gutter,1,3,column_7,,,v
commercial-industrial,52,Box Eave Gutter,1,3,column_8,,,v
commercial-industrial,52,Box Eave Gutter,1,3,column_9,,,v
commercial-industrial,52,Box Eave Gutter,2,0,column_1,,,"4"""
commercial-industrial,52,Box Eave Gutter,2,0,column_2,,,"AY2"""
commercial-industrial,52,Box Eave Gutter,2,0,column_3,,,"10'-2"""
commercial-industrial,52,Box Eave Gutter,2,0,column_4,,,"20"""
commercial-industrial,52,Box Eave Gutter,2,0,column_5,,,V2-4:12
commercial-industrial,52,Box Eave Gutter,2,0,column_6,,,13.19#
commercial-industrial,52,Box Eave Gutter,2,0,column_7,,,v
commercial-industrial,52,Box Eave Gutter,2,0,column_8,,,v
commercial-industrial,52,Box Eave Gutter,2,0,column_9,,,v
commercial-industrial,52,Box Eave Gutter,2,1,column_1,,,"4"""
commercial-industrial,52,Box Eave Gutter,2,1,column_2,,,"Ay"""
commercial-industrial,52,Box Eave Gutter,2,1,column_3,,,"20'-2"""
commercial-industrial,52,Box Eave Gutter,2,1,column_4,,,"20"""
commercial-industrial,52,Box Eave Gutter,2,1,column_5,,,Y2-4:12
commercial-industrial,52,Box Eave Gutter,2,1,column_6,,,26.16#
commercial-industrial,52,Box Eave Gutter,2,1,column_7,,,v
commercial-industrial,52,Box Eave Gutter,2,1,column_8,,,v
commercial-industrial,52,Box Eave Gutter,2,1,column_9,,,v
commercial-industrial,52,Box Eave Gutter,2,2,column_1,,,"AM,"""
commercial-industrial,52,Box Eave Gutter,2,2,column_2,,,"Ay"""
commercial-industrial,52,Box Eave Gutter,2,2,column_3,,,"10'-2"""
commercial-industrial,52,Box Eave Gutter,2,2,column_4,,,"20 4"""
commercial-industrial,52,Box Eave Gutter,2,2,column_5,,,AV%6-6:12
commercial-industrial,52,Box Eave Gutter,2,2,column_6,,,13.35#
commercial-industrial,52,Box Eave Gutter,2,2,column_7,,,v
commercial-industrial,52,Box Eave Gutter,2,2,column_8,,,v
commercial-industrial,52,Box Eave Gutter,2,2,column_9,,,v
commercial-industrial,52,Box Eave Gutter,2,3,column_1,,,"4%"""
commercial-industrial,52,Box Eave Gutter,2,3,column_2,,,"Aya"""
commercial-industrial,52,Box Eave Gutter,2,3,column_3,,,"20'-2"""
commercial-industrial,52,Box Eave Gutter,2,3,column_4,,,"20 4"""
commercial-industrial,52,Box Eave Gutter,2,3,column_5,,,4M%6-6:12
commercial-industrial,52,Box Eave Gutter,2,3,column_6,,,26.48#
commercial-industrial,52,Box Eave Gutter,2,3,column_7,,,v
commercial-industrial,52,Box Eave Gutter,2,3,column_8,,,v
commercial-industrial,52,Box Eave Gutter,2,3,column_9,,,v
commercial-industrial,52,Residential Gutter,3,0,part,PART #,DESCRIPTION,FL-1000
commercial-industrial,52,Residential Gutter,3,0,girth,GIRTH,DESCRIPTION,"12%6"""
commercial-industrial,52,Residential Gutter,3,0,gauge,GAUGE,DESCRIPTION,29
commercial-industrial,52,Residential Gutter,3,0,weight_each,WEIGHT EACH,DESCRIPTION,6.41#
commercial-industrial,52,Residential Gutter,3,0,galvalume_plus,GALVALUME® PLUS,PRICED PER EACH,✓
commercial-industrial,52,Residential Gutter,3,0,signature_200,SIGNATURE® 200,PRICED PER EACH,✓
commercial-industrial,52,Residential Gutter,3,0,signature_300,SIGNATURE® 300,PRICED PER EACH,N/A
commercial-industrial,52,Residential Gutter,3,1,part,PART #,DESCRIPTION,FL-1000
commercial-industrial,52,Residential Gutter,3,1,girth,GIRTH,DESCRIPTION,"12%6"""
commercial-industrial,52,Residential Gutter,3,1,gauge,GAUGE,DESCRIPTION,26
commercial-industrial,52,Residential Gutter,3,1,weight_each,WEIGHT EACH,DESCRIPTION,8.284
commercial-industrial,52,Residential Gutter,3,1,galvalume_plus,GALVALUME® PLUS,PRICED PER EACH,✓
commercial-industrial,52,Residential Gutter,3,1,signature_200,SIGNATURE® 200,PRICED PER EACH,✓
commercial-industrial,52,Residential Gutter,3,1,signature_300,SIGNATURE® 300,PRICED PER EACH,✓
commercial-industrial,52,Residential Gutter,3,2,part,PART #,DESCRIPTION,FL-1000
commercial-industrial,52,Residential Gutter,3,2,girth,GIRTH,DESCRIPTION,"12%6"""
commercial-industrial,52,Residential Gutter,3,2,gauge,GAUGE,DESCRIPTION,24
commercial-industrial,52,Residential Gutter,3,2,weight_each,WEIGHT EACH,DESCRIPTION,10.39#
commercial-industrial,52,Residential Gutter,3,2,galvalume_plus,GALVALUME® PLUS,PRICED PER EACH,✓
commercial-industrial,52,Residential Gutter,3,2,signature_200,SIGNATURE® 200,PRICED PER EACH,✓
commercial-industrial,52,Residential Gutter,3,2,signature_300,SIGNATURE® 300,PRICED PER EACH,✓
commercial-industrial,53,Gutter Ends,0,0,part,PART #,DESCRIPTION,FL-14A
commercial-industrial,53,Gutter Ends,0,0,gauge,GAUGE,DESCRIPTION,26
commercial-industrial,53,Gutter Ends,0,0,weight_each,WEIGHT EACH,DESCRIPTION,20#
commercial-industrial,53,Gutter Ends,0,0,galvalume_plus,GALVALUME® PLUS,PRICED PER EACH,✓
commercial-industrial,53,Gutter Ends,0,0,signature_200,SIGNATURE® 200,PRICED PER EACH,✓
commercial-industrial,53,Gutter Ends,0,0,signature_300,SIGNATURE® 300,PRICED PER EACH,✓
commercial-industrial,53,Gutter Ends,0,1,part,PART #,DESCRIPTION,FL-1001
commercial-industrial,53,Gutter Ends,0,1,gauge,GAUGE,DESCRIPTION,29
commercial-industrial,53,Gutter Ends,0,1,weight_each,WEIGHT EACH,DESCRIPTION,O7#
commercial-industrial,53,Gutter Ends,0,1,galvalume_plus,GALVALUME® PLUS,PRICED PER EACH,✓
commercial-industrial,53,Gutter Ends,0,1,signature_200,SIGNATURE® 200,PRICED PER EACH,✓
commercial-industrial,53,Gutter Ends,0,1,signature_300,SIGNATURE® 300,PRICED PER EACH,N/A
commercial-industrial,53,Gutter Ends,0,2,part,PART #,DESCRIPTION,FL-1001
commercial-industrial,53,Gutter Ends,0,2,gauge,GAUGE,DESCRIPTION,26
commercial-industrial,53,Gutter Ends,0,2,weight_each,WEIGHT EACH,DESCRIPTION,O9#
commercial-industrial,53,Gutter Ends,0,2,galvalume_plus,GALVALUME® PLUS,PRICED PER EACH,✓
commercial-industrial,53,Gutter Ends,0,2,signature_200,SIGNATURE® 200,PRICED PER EACH,✓
commercial-industrial,53,Gutter Ends,0,2,signature_300,SIGNATURE® 300,PRICED PER EACH,✓
commercial-industrial,53,Gutter Ends,0,3,part,PART #,DESCRIPTION,FL-1001
commercial-industrial,53,Gutter Ends,0,3,gauge,GAUGE,DESCRIPTION,24
commercial-industrial,53,Gutter Ends,0,3,weight_each,WEIGHT EACH,DESCRIPTION,12#
commercial-industrial,53,Gutter Ends,0,3,galvalume_plus,GALVALUME® PLUS,PRICED PER EACH,✓
commercial-industrial,53,Gutter Ends,0,3,signature_200,SIGNATURE® 200,PRICED PER EACH,✓
commercial-industrial,53,Gutter Ends,0,3,signature_300,SIGNATURE® 300,PRICED PER EACH,✓
commercial-industrial,53,Gutter Strap,1,0,part,PART #,DESCRIPTION,FL-893
commercial-industrial,53,Gutter Strap,1,0,length,LENGTH,DESCRIPTION,"1'-0"""
commercial-industrial,53,Gutter Strap,1,0,girth,GIRTH,DESCRIPTION,"3"""
commercial-industrial,53,Gutter Strap,1,0,gauge,GAUGE,DESCRIPTION,26
commercial-industrial,53,Gutter Strap,1,0,weight_each,WEIGHT EACH,DESCRIPTION,234
commercial-industrial,53,Gutter Strap,1,0,galvalume_plus,GALVALUME® PLUS,PRICED PER EACH,N/A
commercial-industrial,53,Gutter Strap,1,0,signature_200,SIGNATURE® 200,PRICED PER EACH,✓
commercial-industrial,53,Gutter Strap,1,0,signature_300,SIGNATURE® 300,PRICED PER EACH,N/A
commercial-industrial,53,Gutter Strap,1,1,part,PART #,DESCRIPTION,FL-893
commercial-industrial,53,Gutter Strap,1,1,length,LENGTH,DESCRIPTION,"1 ""_g"""
commercial-industrial,53,Gutter Strap,1,1,girth,GIRTH,DESCRIPTION,"3"""
commercial-industrial,53,Gutter Strap,1,1,gauge,GAUGE,DESCRIPTION,24
commercial-industrial,53,Gutter Strap,1,1,weight_each,WEIGHT EACH,DESCRIPTION,234
commercial-industrial,53,Gutter Strap,1,1,galvalume_plus,GALVALUME® PLUS,PRICED PER EACH,✓
commercial-industrial,53,Gutter Strap,1,1,signature_200,SIGNATURE® 200,PRICED PER EACH,✓
commercial-industrial,53,Gutter Strap,1,1,signature_300,SIGNATURE® 300,PRICED PER EACH,✓
commercial-industrial,53,PBU Residential Rake,2,0,part,PART #,DESCRIPTION,FL-1002
commercial-industrial,53,PBU Residential Rake,2,0,dim_a,"DIM ""A""",DESCRIPTION,"3H%6"""
commercial-industrial,53,PBU Residential Rake,2,0,roof_slope,ROOF SLOPE,DESCRIPTION,3-4:12
commercial-industrial,53,PBU Residential Rake,2,0,girth,GIRTH,DESCRIPTION,"81/6"""
commercial-industrial,53,PBU Residential Rake,2,0,gauge,GAUGE,DESCRIPTION,29
commercial-industrial,53,PBU Residential Rake,2,0,weight_each,"WEIGHT
EACH",DESCRIPTION,4.434
commercial-industrial,53,PBU Residential Rake,2,0,galvalume_plus,"GALVALUME®
PLUS",PRICED PER EACH,✓
commercial-industrial,53,PBU Residential Rake,2,0,signature_200,SIGNATURE® 200,PRICED PER EACH,✓
commercial-industrial,53,PBU Residential Rake,2,0,signature_300,SIGNATURE® 300,PRICED PER EACH,N/A
commercial-industrial,53,PBU Residential Rake,2,1,part,PART #,DESCRIPTION,FL-1002
commercial-industrial,53,PBU Residential Rake,2,1,dim_a,"DIM ""A""",DESCRIPTION,"3H%e6"""
commercial-industrial,53,PBU Residential Rake,2,1,roof_slope,ROOF SLOPE,DESCRIPTION,3-4:12
commercial-industrial,53,PBU Residential Rake,2,1,girth,GIRTH,DESCRIPTION,"816"""
commercial-industrial,53,PBU Residential Rake,2,1,gauge,GAUGE,DESCRIPTION,26
commercial-industrial,53,PBU Residential Rake,2,1,weight_each,"WEIGHT
EACH",DESCRIPTION,5.734
commercial-industrial,53,PBU Residential Rake,2,1,galvalume_plus,"GALVALUME®
PLUS",PRICED PER EACH,✓
commercial-industrial,53,PBU Residential Rake,2,1,signature_200,SIGNATURE® 200,PRICED PER EACH,✓
commercial-industrial,53,PBU Residential Rake,2,1,signature_300,SIGNATURE® 300,PRICED PER EACH,✓
commercial-industrial,53,PBU Residential Rake,2,2,part,PART #,DESCRIPTION,FL-1003
commercial-industrial,53,PBU Residential Rake,2,2,dim_a,"DIM ""A""",DESCRIPTION,"3Ve"""
commercial-industrial,53,PBU Residential Rake,2,2,roof_slope,ROOF SLOPE,DESCRIPTION,5-6:12
commercial-industrial,53,PBU Residential Rake,2,2,girth,GIRTH,DESCRIPTION,"8h%e"""
commercial-industrial,53,PBU Residential Rake,2,2,gauge,GAUGE,DESCRIPTION,29
commercial-industrial,53,PBU Residential Rake,2,2,weight_each,"WEIGHT
EACH",DESCRIPTION,4.37#
commercial-industrial,53,PBU Residential Rake,2,2,galvalume_plus,"GALVALUME®
PLUS",PRICED PER EACH,✓
commercial-industrial,53,PBU Residential Rake,2,2,signature_200,SIGNATURE® 200,PRICED PER EACH,✓
commercial-industrial,53,PBU Residential Rake,2,2,signature_300,SIGNATURE® 300,PRICED PER EACH,N/A
commercial-industrial,53,PBU Residential Rake,2,3,part,PART #,DESCRIPTION,FL-1003
commercial-industrial,53,PBU Residential Rake,2,3,dim_a,"DIM ""A""",DESCRIPTION,"3Ve"""
commercial-industrial,53,PBU Residential Rake,2,3,roof_slope,ROOF SLOPE,DESCRIPTION,5-6:12
commercial-industrial,53,PBU Residential Rake,2,3,girth,GIRTH,DESCRIPTION,"8%6"""
commercial-industrial,53,PBU Residential Rake,2,3,gauge,GAUGE,DESCRIPTION,26
commercial-industrial,53,PBU Residential Rake,2,3,weight_each,"WEIGHT
EACH",DESCRIPTION,5.65#
commercial-industrial,53,PBU Residential Rake,2,3,galvalume_plus,"GALVALUME®
PLUS",PRICED PER EACH,✓
commercial-industrial,53,PBU Residential Rake,2,3,signature_200,SIGNATURE® 200,PRICED PER EACH,✓
commercial-industrial,53,PBU Residential Rake,2,3,signature_300,SIGNATURE® 300,PRICED PER EACH,✓
commercial-industrial,53,PBU Residential Rake,2,4,part,PART #,DESCRIPTION,FL-1004
commercial-industrial,53,PBU Residential Rake,2,4,dim_a,"DIM ""A""",DESCRIPTION,"21/6"""
commercial-industrial,53,PBU Residential Rake,2,4,roof_slope,ROOF SLOPE,DESCRIPTION,7:12
commercial-industrial,53,PBU Residential Rake,2,4,girth,GIRTH,DESCRIPTION,"87/6"""
commercial-industrial,53,PBU Residential Rake,2,4,gauge,GAUGE,DESCRIPTION,29
commercial-industrial,53,PBU Residential Rake,2,4,weight_each,"WEIGHT
EACH",DESCRIPTION,4.30#
commercial-industrial,53,PBU Residential Rake,2,4,galvalume_plus,"GALVALUME®
PLUS",PRICED PER EACH,✓
commercial-industrial,53,PBU Residential Rake,2,4,signature_200,SIGNATURE® 200,PRICED PER EACH,✓
commercial-industrial,53,PBU Residential Rake,2,4,signature_300,SIGNATURE® 300,PRICED PER EACH,N/A
commercial-industrial,53,PBU Residential Rake,2,5,part,PART #,DESCRIPTION,FL-1004
commercial-industrial,53,PBU Residential Rake,2,5,dim_a,"DIM ""A""",DESCRIPTION,"21546"""
commercial-industrial,53,PBU Residential Rake,2,5,roof_slope,ROOF SLOPE,DESCRIPTION,7:12
commercial-industrial,53,PBU Residential Rake,2,5,girth,GIRTH,DESCRIPTION,"87/6"""
commercial-industrial,53,PBU Residential Rake,2,5,gauge,GAUGE,DESCRIPTION,26
commercial-industrial,53,PBU Residential Rake,2,5,weight_each,"WEIGHT
EACH",DESCRIPTION,5.560#
commercial-industrial,53,PBU Residential Rake,2,5,galvalume_plus,"GALVALUME®
PLUS",PRICED PER EACH,✓
commercial-industrial,53,PBU Residential Rake,2,5,signature_200,SIGNATURE® 200,PRICED PER EACH,✓
commercial-industrial,53,PBU Residential Rake,2,5,signature_300,SIGNATURE® 300,PRICED PER EACH,✓
commercial-industrial,53,PBU Residential Rake,2,6,part,PART #,DESCRIPTION,FL-1005
commercial-industrial,53,PBU Residential Rake,2,6,dim_a,"DIM ""A""",DESCRIPTION,"21/6"""
commercial-industrial,53,PBU Residential Rake,2,6,roof_slope,ROOF SLOPE,DESCRIPTION,8-9:12
commercial-industrial,53,PBU Residential Rake,2,6,girth,GIRTH,DESCRIPTION,"8%e6"""
commercial-industrial,53,PBU Residential Rake,2,6,gauge,GAUGE,DESCRIPTION,29
commercial-industrial,53,PBU Residential Rake,2,6,weight_each,"WEIGHT
EACH",DESCRIPTION,4.244
commercial-industrial,53,PBU Residential Rake,2,6,galvalume_plus,"GALVALUME®
PLUS",PRICED PER EACH,✓
commercial-industrial,53,PBU Residential Rake,2,6,signature_200,SIGNATURE® 200,PRICED PER EACH,✓
commercial-industrial,53,PBU Residential Rake,2,6,signature_300,SIGNATURE® 300,PRICED PER EACH,N/A
commercial-industrial,53,PBU Residential Rake,2,7,part,PART #,DESCRIPTION,FL-1005
commercial-industrial,53,PBU Residential Rake,2,7,dim_a,"DIM ""A""",DESCRIPTION,"21/6"""
commercial-industrial,53,PBU Residential Rake,2,7,roof_slope,ROOF SLOPE,DESCRIPTION,8-9:12
commercial-industrial,53,PBU Residential Rake,2,7,girth,GIRTH,DESCRIPTION,"8%eo"""
commercial-industrial,53,PBU Residential Rake,2,7,gauge,GAUGE,DESCRIPTION,26
commercial-industrial,53,PBU Residential Rake,2,7,weight_each,"WEIGHT
EACH",DESCRIPTION,5.48#
commercial-industrial,53,PBU Residential Rake,2,7,galvalume_plus,"GALVALUME®
PLUS",PRICED PER EACH,✓
commercial-industrial,53,PBU Residential Rake,2,7,signature_200,SIGNATURE® 200,PRICED PER EACH,✓
commercial-industrial,53,PBU Residential Rake,2,7,signature_300,SIGNATURE® 300,PRICED PER EACH,✓
commercial-industrial,53,PBU Residential Rake,2,8,part,PART #,DESCRIPTION,FL-1006
commercial-industrial,53,PBU Residential Rake,2,8,dim_a,"DIM ""A""",DESCRIPTION,"21%6"""
commercial-industrial,53,PBU Residential Rake,2,8,roof_slope,ROOF SLOPE,DESCRIPTION,10:12
commercial-industrial,53,PBU Residential Rake,2,8,girth,GIRTH,DESCRIPTION,"8%6"""
commercial-industrial,53,PBU Residential Rake,2,8,gauge,GAUGE,DESCRIPTION,29
commercial-industrial,53,PBU Residential Rake,2,8,weight_each,"WEIGHT
EACH",DESCRIPTION,4.18#
commercial-industrial,53,PBU Residential Rake,2,8,galvalume_plus,"GALVALUME®
PLUS",PRICED PER EACH,✓
commercial-industrial,53,PBU Residential Rake,2,8,signature_200,SIGNATURE® 200,PRICED PER EACH,✓
commercial-industrial,53,PBU Residential Rake,2,8,signature_300,SIGNATURE® 300,PRICED PER EACH,N/A
commercial-industrial,53,PBU Residential Rake,2,9,part,PART #,DESCRIPTION,FL-1006
commercial-industrial,53,PBU Residential Rake,2,9,dim_a,"DIM ""A""",DESCRIPTION,"21%6"""
commercial-industrial,53,PBU Residential Rake,2,9,roof_slope,ROOF SLOPE,DESCRIPTION,10:12
commercial-industrial,53,PBU Residential Rake,2,9,girth,GIRTH,DESCRIPTION,"8 He"""
commercial-industrial,53,PBU Residential Rake,2,9,gauge,GAUGE,DESCRIPTION,26
commercial-industrial,53,PBU Residential Rake,2,9,weight_each,"WEIGHT
EACH",DESCRIPTION,5.404
commercial-industrial,53,PBU Residential Rake,2,9,galvalume_plus,"GALVALUME®
PLUS",PRICED PER EACH,✓
commercial-industrial,53,PBU Residential Rake,2,9,signature_200,SIGNATURE® 200,PRICED PER EACH,✓
commercial-industrial,53,PBU Residential Rake,2,9,signature_300,SIGNATURE® 300,PRICED PER EACH,✓
commercial-industrial,54,PBR Residential Rake,0,0,part,PART #,DESCRIPTION,FL-1010
commercial-industrial,54,PBR Residential Rake,0,0,dim_a,"DIM ""A""",DESCRIPTION,"3™%M%e"""
commercial-industrial,54,PBR Residential Rake,0,0,roof_slope,ROOF SLOPE,DESCRIPTION,3-4:12
commercial-industrial,54,PBR Residential Rake,0,0,girth,GIRTH,DESCRIPTION,"10™%/6"""
commercial-industrial,54,PBR Residential Rake,0,0,gauge,GAUGE,DESCRIPTION,29
commercial-industrial,54,PBR Residential Rake,0,0,weight_each,"WEIGHT
EACH",DESCRIPTION,5.51#
commercial-industrial,54,PBR Residential Rake,0,0,galvalume_plus,"GALVALUME®
PLUS",PRICED PER EACH,✓
commercial-industrial,54,PBR Residential Rake,0,0,signature_200,SIGNATURE® 200,PRICED PER EACH,✓
commercial-industrial,54,PBR Residential Rake,0,0,signature_300,SIGNATURE® 300,PRICED PER EACH,N/A
commercial-industrial,54,PBR Residential Rake,0,1,part,PART #,DESCRIPTION,FL-1010
commercial-industrial,54,PBR Residential Rake,0,1,dim_a,"DIM ""A""",DESCRIPTION,"3146"""
commercial-industrial,54,PBR Residential Rake,0,1,roof_slope,ROOF SLOPE,DESCRIPTION,3-4:12
commercial-industrial,54,PBR Residential Rake,0,1,girth,GIRTH,DESCRIPTION,"1016"""
commercial-industrial,54,PBR Residential Rake,0,1,gauge,GAUGE,DESCRIPTION,26
commercial-industrial,54,PBR Residential Rake,0,1,weight_each,"WEIGHT
EACH",DESCRIPTION,7.134
commercial-industrial,54,PBR Residential Rake,0,1,galvalume_plus,"GALVALUME®
PLUS",PRICED PER EACH,✓
commercial-industrial,54,PBR Residential Rake,0,1,signature_200,SIGNATURE® 200,PRICED PER EACH,✓
commercial-industrial,54,PBR Residential Rake,0,1,signature_300,SIGNATURE® 300,PRICED PER EACH,✓
commercial-industrial,54,PBR Residential Rake,0,2,part,PART #,DESCRIPTION,FL-1011
commercial-industrial,54,PBR Residential Rake,0,2,dim_a,"DIM ""A""",DESCRIPTION,"3%e6"""
commercial-industrial,54,PBR Residential Rake,0,2,roof_slope,ROOF SLOPE,DESCRIPTION,5-6:12
commercial-industrial,54,PBR Residential Rake,0,2,girth,GIRTH,DESCRIPTION,"101M"""
commercial-industrial,54,PBR Residential Rake,0,2,gauge,GAUGE,DESCRIPTION,29
commercial-industrial,54,PBR Residential Rake,0,2,weight_each,"WEIGHT
EACH",DESCRIPTION,5.45#
commercial-industrial,54,PBR Residential Rake,0,2,galvalume_plus,"GALVALUME®
PLUS",PRICED PER EACH,✓
commercial-industrial,54,PBR Residential Rake,0,2,signature_200,SIGNATURE® 200,PRICED PER EACH,✓
commercial-industrial,54,PBR Residential Rake,0,2,signature_300,SIGNATURE® 300,PRICED PER EACH,N/A
commercial-industrial,54,PBR Residential Rake,0,3,part,PART #,DESCRIPTION,FL-1011
commercial-industrial,54,PBR Residential Rake,0,3,dim_a,"DIM ""A""",DESCRIPTION,"3%"""
commercial-industrial,54,PBR Residential Rake,0,3,roof_slope,ROOF SLOPE,DESCRIPTION,5-6:12
commercial-industrial,54,PBR Residential Rake,0,3,girth,GIRTH,DESCRIPTION,"10%"""
commercial-industrial,54,PBR Residential Rake,0,3,gauge,GAUGE,DESCRIPTION,26
commercial-industrial,54,PBR Residential Rake,0,3,weight_each,"WEIGHT
EACH",DESCRIPTION,705#
commercial-industrial,54,PBR Residential Rake,0,3,galvalume_plus,"GALVALUME®
PLUS",PRICED PER EACH,✓
commercial-industrial,54,PBR Residential Rake,0,3,signature_200,SIGNATURE® 200,PRICED PER EACH,✓
commercial-industrial,54,PBR Residential Rake,0,3,signature_300,SIGNATURE® 300,PRICED PER EACH,✓
commercial-industrial,54,PBR Residential Rake,0,4,part,PART #,DESCRIPTION,FL-1012
commercial-industrial,54,PBR Residential Rake,0,4,dim_a,"DIM ""A""",DESCRIPTION,"3%6"""
commercial-industrial,54,PBR Residential Rake,0,4,roof_slope,ROOF SLOPE,DESCRIPTION,7:12
commercial-industrial,54,PBR Residential Rake,0,4,girth,GIRTH,DESCRIPTION,"10%6"""
commercial-industrial,54,PBR Residential Rake,0,4,gauge,GAUGE,DESCRIPTION,29
commercial-industrial,54,PBR Residential Rake,0,4,weight_each,"WEIGHT
EACH",DESCRIPTION,5.39#
commercial-industrial,54,PBR Residential Rake,0,4,galvalume_plus,"GALVALUME®
PLUS",PRICED PER EACH,✓
commercial-industrial,54,PBR Residential Rake,0,4,signature_200,SIGNATURE® 200,PRICED PER EACH,✓
commercial-industrial,54,PBR Residential Rake,0,4,signature_300,SIGNATURE® 300,PRICED PER EACH,N/A
commercial-industrial,54,PBR Residential Rake,0,5,part,PART #,DESCRIPTION,FL-1012
commercial-industrial,54,PBR Residential Rake,0,5,dim_a,"DIM ""A""",DESCRIPTION,"3%6"""
commercial-industrial,54,PBR Residential Rake,0,5,roof_slope,ROOF SLOPE,DESCRIPTION,7:12
commercial-industrial,54,PBR Residential Rake,0,5,girth,GIRTH,DESCRIPTION,"10%6"""
commercial-industrial,54,PBR Residential Rake,0,5,gauge,GAUGE,DESCRIPTION,26
commercial-industrial,54,PBR Residential Rake,0,5,weight_each,"WEIGHT
EACH",DESCRIPTION,6.96#
commercial-industrial,54,PBR Residential Rake,0,5,galvalume_plus,"GALVALUME®
PLUS",PRICED PER EACH,✓
commercial-industrial,54,PBR Residential Rake,0,5,signature_200,SIGNATURE® 200,PRICED PER EACH,✓
commercial-industrial,54,PBR Residential Rake,0,5,signature_300,SIGNATURE® 300,PRICED PER EACH,✓
commercial-industrial,54,PBR Residential Rake,0,6,part,PART #,DESCRIPTION,FL-1013
commercial-industrial,54,PBR Residential Rake,0,6,dim_a,"DIM ""A""",DESCRIPTION,"3%"""
commercial-industrial,54,PBR Residential Rake,0,6,roof_slope,ROOF SLOPE,DESCRIPTION,8-9:12
commercial-industrial,54,PBR Residential Rake,0,6,girth,GIRTH,DESCRIPTION,"10%6"""
commercial-industrial,54,PBR Residential Rake,0,6,gauge,GAUGE,DESCRIPTION,29
commercial-industrial,54,PBR Residential Rake,0,6,weight_each,"WEIGHT
EACH",DESCRIPTION,5.32#
commercial-industrial,54,PBR Residential Rake,0,6,galvalume_plus,"GALVALUME®
PLUS",PRICED PER EACH,✓
commercial-industrial,54,PBR Residential Rake,0,6,signature_200,SIGNATURE® 200,PRICED PER EACH,✓
commercial-industrial,54,PBR Residential Rake,0,6,signature_300,SIGNATURE® 300,PRICED PER EACH,N/A
commercial-industrial,54,PBR Residential Rake,0,7,part,PART #,DESCRIPTION,FL-1013
commercial-industrial,54,PBR Residential Rake,0,7,dim_a,"DIM ""A""",DESCRIPTION,"3%6"""
commercial-industrial,54,PBR Residential Rake,0,7,roof_slope,ROOF SLOPE,DESCRIPTION,8-9:12
commercial-industrial,54,PBR Residential Rake,0,7,girth,GIRTH,DESCRIPTION,"10%6"""
commercial-industrial,54,PBR Residential Rake,0,7,gauge,GAUGE,DESCRIPTION,26
commercial-industrial,54,PBR Residential Rake,0,7,weight_each,"WEIGHT
EACH",DESCRIPTION,6.88#
commercial-industrial,54,PBR Residential Rake,0,7,galvalume_plus,"GALVALUME®
PLUS",PRICED PER EACH,✓
commercial-industrial,54,PBR Residential Rake,0,7,signature_200,SIGNATURE® 200,PRICED PER EACH,✓
commercial-industrial,54,PBR Residential Rake,0,7,signature_300,SIGNATURE® 300,PRICED PER EACH,✓
commercial-industrial,54,Sculptured Rake - PBR Panel,1,0,part,PART #,DESCRIPTION,FL-16
commercial-industrial,54,Sculptured Rake - PBR Panel,1,0,description,DESCRIPTION,DESCRIPTION,Rake Trim
commercial-industrial,54,Sculptured Rake - PBR Panel,1,0,length,LENGTH,DESCRIPTION,"10'-2"""
commercial-industrial,54,Sculptured Rake - PBR Panel,1,0,girth,GIRTH,DESCRIPTION,"20%"""
commercial-industrial,54,Sculptured Rake - PBR Panel,1,0,weight_each,WEIGHT EACH,DESCRIPTION,14.50#
commercial-industrial,54,Sculptured Rake - PBR Panel,1,0,galvalume_plus,GALVALUME® PLUS,PRICED PER EACH,✓
commercial-industrial,54,Sculptured Rake - PBR Panel,1,0,signature_200,SIGNATURE® 200,PRICED PER EACH,✓
commercial-industrial,54,Sculptured Rake - PBR Panel,1,0,signature_300,SIGNATURE® 300,PRICED PER EACH,✓
commercial-industrial,54,Sculptured Rake - PBR Panel,1,1,part,PART #,DESCRIPTION,FL-16D
commercial-industrial,54,Sculptured Rake - PBR Panel,1,1,description,DESCRIPTION,DESCRIPTION,Rake Trim
commercial-industrial,54,Sculptured Rake - PBR Panel,1,1,length,LENGTH,DESCRIPTION,"20'-2"""
commercial-industrial,54,Sculptured Rake - PBR Panel,1,1,girth,GIRTH,DESCRIPTION,"20%"""
commercial-industrial,54,Sculptured Rake - PBR Panel,1,1,weight_each,WEIGHT EACH,DESCRIPTION,29.00#
commercial-industrial,54,Sculptured Rake - PBR Panel,1,1,galvalume_plus,GALVALUME® PLUS,PRICED PER EACH,✓
commercial-industrial,54,Sculptured Rake - PBR Panel,1,1,signature_200,SIGNATURE® 200,PRICED PER EACH,✓
commercial-industrial,54,Sculptured Rake - PBR Panel,1,1,signature_300,SIGNATURE® 300,PRICED PER EACH,✓
commercial-industrial,54,Sculptured Rake - PBR Panel,1,2,part,PART #,DESCRIPTION,FL-16A
commercial-industrial,54,Sculptured Rake - PBR Panel,1,2,description,DESCRIPTION,DESCRIPTION,Rake Ends
commercial-industrial,54,Sculptured Rake - PBR Panel,1,2,length,LENGTH,DESCRIPTION,N/A
commercial-industrial,54,Sculptured Rake - PBR Panel,1,2,girth,GIRTH,DESCRIPTION,N/A
commercial-industrial,54,Sculptured Rake - PBR Panel,1,2,weight_each,WEIGHT EACH,DESCRIPTION,194
commercial-industrial,54,Sculptured Rake - PBR Panel,1,2,galvalume_plus,GALVALUME® PLUS,PRICED PER EACH,✓
commercial-industrial,54,Sculptured Rake - PBR Panel,1,2,signature_200,SIGNATURE® 200,PRICED PER EACH,✓
commercial-industrial,54,Sculptured Rake - PBR Panel,1,2,signature_300,SIGNATURE® 300,PRICED PER EACH,✓
commercial-industrial,54,Sculptured Rake - PBR Panel,1,3,part,PART #,DESCRIPTION,FL-16B
commercial-industrial,54,Sculptured Rake - PBR Panel,1,3,description,DESCRIPTION,DESCRIPTION,Peak Box
commercial-industrial,54,Sculptured Rake - PBR Panel,1,3,length,LENGTH,DESCRIPTION,N/A
commercial-industrial,54,Sculptured Rake - PBR Panel,1,3,girth,GIRTH,DESCRIPTION,N/A
commercial-industrial,54,Sculptured Rake - PBR Panel,1,3,weight_each,WEIGHT EACH,DESCRIPTION,2.67#
commercial-industrial,54,Sculptured Rake - PBR Panel,1,3,galvalume_plus,GALVALUME® PLUS,PRICED PER EACH,✓
commercial-industrial,54,Sculptured Rake - PBR Panel,1,3,signature_200,SIGNATURE® 200,PRICED PER EACH,✓
commercial-industrial,54,Sculptured Rake - PBR Panel,1,3,signature_300,SIGNATURE® 300,PRICED PER EACH,✓
commercial-industrial,55,Sculptured Rake - PBU Panel,0,0,part,PART #,DESCRIPTION,FL-15
commercial-industrial,55,Sculptured Rake - PBU Panel,0,0,description,DESCRIPTION,DESCRIPTION,Rake Trim
commercial-industrial,55,Sculptured Rake - PBU Panel,0,0,length,LENGTH,DESCRIPTION,"10'-2"""
commercial-industrial,55,Sculptured Rake - PBU Panel,0,0,girth,GIRTH,DESCRIPTION,"20%"""
commercial-industrial,55,Sculptured Rake - PBU Panel,0,0,weight_each,WEIGHT EACH,DESCRIPTION,14.50#
commercial-industrial,55,Sculptured Rake - PBU Panel,0,0,galvalume_plus,GALVALUME® PLUS,PRICED PER EACH,✓
commercial-industrial,55,Sculptured Rake - PBU Panel,0,0,signature_200,SIGNATURE® 200,PRICED PER EACH,✓
commercial-industrial,55,Sculptured Rake - PBU Panel,0,0,signature_300,SIGNATURE® 300,PRICED PER EACH,✓
commercial-industrial,55,Sculptured Rake - PBU Panel,0,1,part,PART #,DESCRIPTION,FL-15D
commercial-industrial,55,Sculptured Rake - PBU Panel,0,1,description,DESCRIPTION,DESCRIPTION,Rake Trim
commercial-industrial,55,Sculptured Rake - PBU Panel,0,1,length,LENGTH,DESCRIPTION,"20'-2"""
commercial-industrial,55,Sculptured Rake - PBU Panel,0,1,girth,GIRTH,DESCRIPTION,"20%"""
commercial-industrial,55,Sculptured Rake - PBU Panel,0,1,weight_each,WEIGHT EACH,DESCRIPTION,29.00#
commercial-industrial,55,Sculptured Rake - PBU Panel,0,1,galvalume_plus,GALVALUME® PLUS,PRICED PER EACH,✓
commercial-industrial,55,Sculptured Rake - PBU Panel,0,1,signature_200,SIGNATURE® 200,PRICED PER EACH,✓
commercial-industrial,55,Sculptured Rake - PBU Panel,0,1,signature_300,SIGNATURE® 300,PRICED PER EACH,✓
commercial-industrial,55,Sculptured Rake - PBU Panel,0,2,part,PART #,DESCRIPTION,FL-15A
commercial-industrial,55,Sculptured Rake - PBU Panel,0,2,description,DESCRIPTION,DESCRIPTION,Rake Ends
commercial-industrial,55,Sculptured Rake - PBU Panel,0,2,length,LENGTH,DESCRIPTION,N/A
commercial-industrial,55,Sculptured Rake - PBU Panel,0,2,girth,GIRTH,DESCRIPTION,N/A
commercial-industrial,55,Sculptured Rake - PBU Panel,0,2,weight_each,WEIGHT EACH,DESCRIPTION,19#
commercial-industrial,55,Sculptured Rake - PBU Panel,0,2,galvalume_plus,GALVALUME® PLUS,PRICED PER EACH,✓
commercial-industrial,55,Sculptured Rake - PBU Panel,0,2,signature_200,SIGNATURE® 200,PRICED PER EACH,✓
commercial-industrial,55,Sculptured Rake - PBU Panel,0,2,signature_300,SIGNATURE® 300,PRICED PER EACH,✓
commercial-industrial,55,Sculptured Rake - PBU Panel,0,3,part,PART #,DESCRIPTION,FL-15C
commercial-industrial,55,Sculptured Rake - PBU Panel,0,3,description,DESCRIPTION,DESCRIPTION,Peak Box
commercial-industrial,55,Sculptured Rake - PBU Panel,0,3,length,LENGTH,DESCRIPTION,N/A
commercial-industrial,55,Sculptured Rake - PBU Panel,0,3,girth,GIRTH,DESCRIPTION,N/A
commercial-industrial,55,Sculptured Rake - PBU Panel,0,3,weight_each,WEIGHT EACH,DESCRIPTION,2.67#
commercial-industrial,55,Sculptured Rake - PBU Panel,0,3,galvalume_plus,GALVALUME® PLUS,PRICED PER EACH,✓
commercial-industrial,55,Sculptured Rake - PBU Panel,0,3,signature_200,SIGNATURE® 200,PRICED PER EACH,✓
commercial-industrial,55,Sculptured Rake - PBU Panel,0,3,signature_300,SIGNATURE® 300,PRICED PER EACH,✓
commercial-industrial,55,Sculptured Rake - 7.2 Panel,1,0,part,PART #,DESCRIPTION,FL-510
commercial-industrial,55,Sculptured Rake - 7.2 Panel,1,0,description,DESCRIPTION,DESCRIPTION,Rake Trim
commercial-industrial,55,Sculptured Rake - 7.2 Panel,1,0,length,LENGTH,DESCRIPTION,"10'-2"""
commercial-industrial,55,Sculptured Rake - 7.2 Panel,1,0,girth,GIRTH,DESCRIPTION,"20%"""
commercial-industrial,55,Sculptured Rake - 7.2 Panel,1,0,weight_each,WEIGHT EACH,DESCRIPTION,13.35#
commercial-industrial,55,Sculptured Rake - 7.2 Panel,1,0,galvalume_plus,GALVALUME® PLUS,PRICED PER EACH,✓
commercial-industrial,55,Sculptured Rake - 7.2 Panel,1,0,signature_200,SIGNATURE® 200,PRICED PER EACH,✓
commercial-industrial,55,Sculptured Rake - 7.2 Panel,1,0,signature_300,SIGNATURE® 300,PRICED PER EACH,✓
commercial-industrial,55,Sculptured Rake - 7.2 Panel,1,1,part,PART #,DESCRIPTION,FL-510A
commercial-industrial,55,Sculptured Rake - 7.2 Panel,1,1,description,DESCRIPTION,DESCRIPTION,Rake Trim
commercial-industrial,55,Sculptured Rake - 7.2 Panel,1,1,length,LENGTH,DESCRIPTION,"20'-2"""
commercial-industrial,55,Sculptured Rake - 7.2 Panel,1,1,girth,GIRTH,DESCRIPTION,"20%"""
commercial-industrial,55,Sculptured Rake - 7.2 Panel,1,1,weight_each,WEIGHT EACH,DESCRIPTION,26.484
commercial-industrial,55,Sculptured Rake - 7.2 Panel,1,1,galvalume_plus,GALVALUME® PLUS,PRICED PER EACH,✓
commercial-industrial,55,Sculptured Rake - 7.2 Panel,1,1,signature_200,SIGNATURE® 200,PRICED PER EACH,✓
commercial-industrial,55,Sculptured Rake - 7.2 Panel,1,1,signature_300,SIGNATURE® 300,PRICED PER EACH,✓
commercial-industrial,55,Sculptured Rake - 7.2 Panel,1,2,part,PART #,DESCRIPTION,FL-510B
commercial-industrial,55,Sculptured Rake - 7.2 Panel,1,2,description,DESCRIPTION,DESCRIPTION,Rake Ends
commercial-industrial,55,Sculptured Rake - 7.2 Panel,1,2,length,LENGTH,DESCRIPTION,N/A
commercial-industrial,55,Sculptured Rake - 7.2 Panel,1,2,girth,GIRTH,DESCRIPTION,N/A
commercial-industrial,55,Sculptured Rake - 7.2 Panel,1,2,weight_each,WEIGHT EACH,DESCRIPTION,19#
commercial-industrial,55,Sculptured Rake - 7.2 Panel,1,2,galvalume_plus,GALVALUME® PLUS,PRICED PER EACH,✓
commercial-industrial,55,Sculptured Rake - 7.2 Panel,1,2,signature_200,SIGNATURE® 200,PRICED PER EACH,✓
commercial-industrial,55,Sculptured Rake - 7.2 Panel,1,2,signature_300,SIGNATURE® 300,PRICED PER EACH,✓
commercial-industrial,55,Sculptured Rake - 7.2 Panel,1,3,part,PART #,DESCRIPTION,FL-510C
commercial-industrial,55,Sculptured Rake - 7.2 Panel,1,3,description,DESCRIPTION,DESCRIPTION,Peak Box
commercial-industrial,55,Sculptured Rake - 7.2 Panel,1,3,length,LENGTH,DESCRIPTION,N/A
commercial-industrial,55,Sculptured Rake - 7.2 Panel,1,3,girth,GIRTH,DESCRIPTION,N/A
commercial-industrial,55,Sculptured Rake - 7.2 Panel,1,3,weight_each,WEIGHT EACH,DESCRIPTION,2.01#
commercial-industrial,55,Sculptured Rake - 7.2 Panel,1,3,galvalume_plus,GALVALUME® PLUS,PRICED PER EACH,✓
commercial-industrial,55,Sculptured Rake - 7.2 Panel,1,3,signature_200,SIGNATURE® 200,PRICED PER EACH,✓
commercial-industrial,55,Sculptured Rake - 7.2 Panel,1,3,signature_300,SIGNATURE® 300,PRICED PER EACH,✓
commercial-industrial,55,Box Rake - PBR Panel,2,0,part,PART #,DESCRIPTION,FL-13
commercial-industrial,55,Box Rake - PBR Panel,2,0,description,DESCRIPTION,DESCRIPTION,Rake Trim
commercial-industrial,55,Box Rake - PBR Panel,2,0,length,LENGTH,DESCRIPTION,"10'-2"""
commercial-industrial,55,Box Rake - PBR Panel,2,0,girth,GIRTH,DESCRIPTION,"20%"""
commercial-industrial,55,Box Rake - PBR Panel,2,0,weight_each,WEIGHT EACH,DESCRIPTION,13.354
commercial-industrial,55,Box Rake - PBR Panel,2,0,galvalume_plus,GALVALUME® PLUS,PRICED PER EACH,✓
commercial-industrial,55,Box Rake - PBR Panel,2,0,signature_200,SIGNATURE® 200,PRICED PER EACH,✓
commercial-industrial,55,Box Rake - PBR Panel,2,0,signature_300,SIGNATURE® 300,PRICED PER EACH,✓
commercial-industrial,55,Box Rake - PBR Panel,2,1,part,PART #,DESCRIPTION,FL-13D
commercial-industrial,55,Box Rake - PBR Panel,2,1,description,DESCRIPTION,DESCRIPTION,Rake Trim
commercial-industrial,55,Box Rake - PBR Panel,2,1,length,LENGTH,DESCRIPTION,"20'-2"""
commercial-industrial,55,Box Rake - PBR Panel,2,1,girth,GIRTH,DESCRIPTION,"20%"""
commercial-industrial,55,Box Rake - PBR Panel,2,1,weight_each,WEIGHT EACH,DESCRIPTION,26.484
commercial-industrial,55,Box Rake - PBR Panel,2,1,galvalume_plus,GALVALUME® PLUS,PRICED PER EACH,✓
commercial-industrial,55,Box Rake - PBR Panel,2,1,signature_200,SIGNATURE® 200,PRICED PER EACH,✓
commercial-industrial,55,Box Rake - PBR Panel,2,1,signature_300,SIGNATURE® 300,PRICED PER EACH,✓
commercial-industrial,55,Box Rake - PBR Panel,2,2,part,PART #,DESCRIPTION,FL-13A
commercial-industrial,55,Box Rake - PBR Panel,2,2,description,DESCRIPTION,DESCRIPTION,Rake Ends
commercial-industrial,55,Box Rake - PBR Panel,2,2,length,LENGTH,DESCRIPTION,N/A
commercial-industrial,55,Box Rake - PBR Panel,2,2,girth,GIRTH,DESCRIPTION,N/A
commercial-industrial,55,Box Rake - PBR Panel,2,2,weight_each,WEIGHT EACH,DESCRIPTION,13#
commercial-industrial,55,Box Rake - PBR Panel,2,2,galvalume_plus,GALVALUME® PLUS,PRICED PER EACH,✓
commercial-industrial,55,Box Rake - PBR Panel,2,2,signature_200,SIGNATURE® 200,PRICED PER EACH,✓
commercial-industrial,55,Box Rake - PBR Panel,2,2,signature_300,SIGNATURE® 300,PRICED PER EACH,✓
commercial-industrial,55,Box Rake - PBR Panel,2,3,part,PART #,DESCRIPTION,FL-13C
commercial-industrial,55,Box Rake - PBR Panel,2,3,description,DESCRIPTION,DESCRIPTION,Peak Box
commercial-industrial,55,Box Rake - PBR Panel,2,3,length,LENGTH,DESCRIPTION,N/A
commercial-industrial,55,Box Rake - PBR Panel,2,3,girth,GIRTH,DESCRIPTION,N/A
commercial-industrial,55,Box Rake - PBR Panel,2,3,weight_each,WEIGHT EACH,DESCRIPTION,2.344
commercial-industrial,55,Box Rake - PBR Panel,2,3,galvalume_plus,GALVALUME® PLUS,PRICED PER EACH,✓
commercial-industrial,55,Box Rake - PBR Panel,2,3,signature_200,SIGNATURE® 200,PRICED PER EACH,✓
commercial-industrial,55,Box Rake - PBR Panel,2,3,signature_300,SIGNATURE® 300,PRICED PER EACH,✓
commercial-industrial,56,Box Rake - PBU Panel,0,0,part,PART #,DESCRIPTION,FL-12
commercial-industrial,56,Box Rake - PBU Panel,0,0,description,DESCRIPTION,DESCRIPTION,Rake Trim
commercial-industrial,56,Box Rake - PBU Panel,0,0,length,LENGTH,DESCRIPTION,"10'-2"""
commercial-industrial,56,Box Rake - PBU Panel,0,0,girth,GIRTH,DESCRIPTION,"20%"""
commercial-industrial,56,Box Rake - PBU Panel,0,0,weight_each,WEIGHT EACH,DESCRIPTION,13.25#
commercial-industrial,56,Box Rake - PBU Panel,0,0,galvalume_plus,GALVALUME® PLUS,PRICED PER EACH,✓
commercial-industrial,56,Box Rake - PBU Panel,0,0,signature_200,SIGNATURE® 200,PRICED PER EACH,✓
commercial-industrial,56,Box Rake - PBU Panel,0,0,signature_300,SIGNATURE® 300,PRICED PER EACH,✓
commercial-industrial,56,Box Rake - PBU Panel,0,1,part,PART #,DESCRIPTION,FL-12D
commercial-industrial,56,Box Rake - PBU Panel,0,1,description,DESCRIPTION,DESCRIPTION,Rake Trim
commercial-industrial,56,Box Rake - PBU Panel,0,1,length,LENGTH,DESCRIPTION,"20'-2"""
commercial-industrial,56,Box Rake - PBU Panel,0,1,girth,GIRTH,DESCRIPTION,"20%"""
commercial-industrial,56,Box Rake - PBU Panel,0,1,weight_each,WEIGHT EACH,DESCRIPTION,26.50#
commercial-industrial,56,Box Rake - PBU Panel,0,1,galvalume_plus,GALVALUME® PLUS,PRICED PER EACH,✓
commercial-industrial,56,Box Rake - PBU Panel,0,1,signature_200,SIGNATURE® 200,PRICED PER EACH,✓
commercial-industrial,56,Box Rake - PBU Panel,0,1,signature_300,SIGNATURE® 300,PRICED PER EACH,✓
commercial-industrial,56,Box Rake - PBU Panel,0,2,part,PART #,DESCRIPTION,FL-12A
commercial-industrial,56,Box Rake - PBU Panel,0,2,description,DESCRIPTION,DESCRIPTION,Rake Ends
commercial-industrial,56,Box Rake - PBU Panel,0,2,length,LENGTH,DESCRIPTION,N/A
commercial-industrial,56,Box Rake - PBU Panel,0,2,girth,GIRTH,DESCRIPTION,N/A
commercial-industrial,56,Box Rake - PBU Panel,0,2,weight_each,WEIGHT EACH,DESCRIPTION,13#
commercial-industrial,56,Box Rake - PBU Panel,0,2,galvalume_plus,GALVALUME® PLUS,PRICED PER EACH,✓
commercial-industrial,56,Box Rake - PBU Panel,0,2,signature_200,SIGNATURE® 200,PRICED PER EACH,✓
commercial-industrial,56,Box Rake - PBU Panel,0,2,signature_300,SIGNATURE® 300,PRICED PER EACH,✓
commercial-industrial,56,Box Rake - PBU Panel,0,3,part,PART #,DESCRIPTION,FL-12C
commercial-industrial,56,Box Rake - PBU Panel,0,3,description,DESCRIPTION,DESCRIPTION,Peak Box
commercial-industrial,56,Box Rake - PBU Panel,0,3,length,LENGTH,DESCRIPTION,N/A
commercial-industrial,56,Box Rake - PBU Panel,0,3,girth,GIRTH,DESCRIPTION,N/A
commercial-industrial,56,Box Rake - PBU Panel,0,3,weight_each,WEIGHT EACH,DESCRIPTION,2.344
commercial-industrial,56,Box Rake - PBU Panel,0,3,galvalume_plus,GALVALUME® PLUS,PRICED PER EACH,✓
commercial-industrial,56,Box Rake - PBU Panel,0,3,signature_200,SIGNATURE® 200,PRICED PER EACH,✓
commercial-industrial,56,Box Rake - PBU Panel,0,3,signature_300,SIGNATURE® 300,PRICED PER EACH,✓
commercial-industrial,56,Box Rake - 7.2 Panel,1,0,part,PART #,DESCRIPTION,FL-501
commercial-industrial,56,Box Rake - 7.2 Panel,1,0,description,DESCRIPTION,DESCRIPTION,Rake Trim
commercial-industrial,56,Box Rake - 7.2 Panel,1,0,length,LENGTH,DESCRIPTION,"10'-2"""
commercial-industrial,56,Box Rake - 7.2 Panel,1,0,girth,GIRTH,DESCRIPTION,"20"""
commercial-industrial,56,Box Rake - 7.2 Panel,1,0,weight_each,WEIGHT EACH,DESCRIPTION,13.19#
commercial-industrial,56,Box Rake - 7.2 Panel,1,0,galvalume_plus,GALVALUME® PLUS,PRICED PER EACH,✓
commercial-industrial,56,Box Rake - 7.2 Panel,1,0,signature_200,SIGNATURE® 200,PRICED PER EACH,✓
commercial-industrial,56,Box Rake - 7.2 Panel,1,0,signature_300,SIGNATURE® 300,PRICED PER EACH,✓
commercial-industrial,56,Box Rake - 7.2 Panel,1,1,part,PART #,DESCRIPTION,FL-501A
commercial-industrial,56,Box Rake - 7.2 Panel,1,1,description,DESCRIPTION,DESCRIPTION,Rake Trim
commercial-industrial,56,Box Rake - 7.2 Panel,1,1,length,LENGTH,DESCRIPTION,"20'-2"""
commercial-industrial,56,Box Rake - 7.2 Panel,1,1,girth,GIRTH,DESCRIPTION,"20"""
commercial-industrial,56,Box Rake - 7.2 Panel,1,1,weight_each,WEIGHT EACH,DESCRIPTION,25.55#
commercial-industrial,56,Box Rake - 7.2 Panel,1,1,galvalume_plus,GALVALUME® PLUS,PRICED PER EACH,✓
commercial-industrial,56,Box Rake - 7.2 Panel,1,1,signature_200,SIGNATURE® 200,PRICED PER EACH,✓
commercial-industrial,56,Box Rake - 7.2 Panel,1,1,signature_300,SIGNATURE® 300,PRICED PER EACH,✓
commercial-industrial,56,Box Rake - 7.2 Panel,1,2,part,PART #,DESCRIPTION,FL-501B
commercial-industrial,56,Box Rake - 7.2 Panel,1,2,description,DESCRIPTION,DESCRIPTION,Rake Ends
commercial-industrial,56,Box Rake - 7.2 Panel,1,2,length,LENGTH,DESCRIPTION,N/A
commercial-industrial,56,Box Rake - 7.2 Panel,1,2,girth,GIRTH,DESCRIPTION,N/A
commercial-industrial,56,Box Rake - 7.2 Panel,1,2,weight_each,WEIGHT EACH,DESCRIPTION,13#
commercial-industrial,56,Box Rake - 7.2 Panel,1,2,galvalume_plus,GALVALUME® PLUS,PRICED PER EACH,✓
commercial-industrial,56,Box Rake - 7.2 Panel,1,2,signature_200,SIGNATURE® 200,PRICED PER EACH,✓
commercial-industrial,56,Box Rake - 7.2 Panel,1,2,signature_300,SIGNATURE® 300,PRICED PER EACH,✓
commercial-industrial,56,Box Rake - 7.2 Panel,1,3,part,PART #,DESCRIPTION,FL-501D
commercial-industrial,56,Box Rake - 7.2 Panel,1,3,description,DESCRIPTION,DESCRIPTION,Peak Box
commercial-industrial,56,Box Rake - 7.2 Panel,1,3,length,LENGTH,DESCRIPTION,N/A
commercial-industrial,56,Box Rake - 7.2 Panel,1,3,girth,GIRTH,DESCRIPTION,N/A
commercial-industrial,56,Box Rake - 7.2 Panel,1,3,weight_each,WEIGHT EACH,DESCRIPTION,2.344
commercial-industrial,56,Box Rake - 7.2 Panel,1,3,galvalume_plus,GALVALUME® PLUS,PRICED PER EACH,✓
commercial-industrial,56,Box Rake - 7.2 Panel,1,3,signature_200,SIGNATURE® 200,PRICED PER EACH,✓
commercial-industrial,56,Box Rake - 7.2 Panel,1,3,signature_300,SIGNATURE® 300,PRICED PER EACH,✓
commercial-industrial,56,Sculptured High Side Eave,2,0,part,PART #,DESCRIPTION,FL-17
commercial-industrial,56,Sculptured High Side Eave,2,0,length,LENGTH,DESCRIPTION,"10'-2"""
commercial-industrial,56,Sculptured High Side Eave,2,0,girth,GIRTH,DESCRIPTION,"2034"""
commercial-industrial,56,Sculptured High Side Eave,2,0,weight_each,WEIGHT EACH,DESCRIPTION,13.68#
commercial-industrial,56,Sculptured High Side Eave,2,0,galvalume_plus,GALVALUME® PLUS,PRICED PER EACH,✓
commercial-industrial,56,Sculptured High Side Eave,2,0,signature_200,SIGNATURE® 200,PRICED PER EACH,✓
commercial-industrial,56,Sculptured High Side Eave,2,0,signature_300,SIGNATURE® 300,PRICED PER EACH,✓
commercial-industrial,56,Sculptured High Side Eave,2,1,part,PART #,DESCRIPTION,FL-17A
commercial-industrial,56,Sculptured High Side Eave,2,1,length,LENGTH,DESCRIPTION,"20'-2"""
commercial-industrial,56,Sculptured High Side Eave,2,1,girth,GIRTH,DESCRIPTION,"2034"""
commercial-industrial,56,Sculptured High Side Eave,2,1,weight_each,WEIGHT EACH,DESCRIPTION,27.144
commercial-industrial,56,Sculptured High Side Eave,2,1,galvalume_plus,GALVALUME® PLUS,PRICED PER EACH,✓
commercial-industrial,56,Sculptured High Side Eave,2,1,signature_200,SIGNATURE® 200,PRICED PER EACH,✓
commercial-industrial,56,Sculptured High Side Eave,2,1,signature_300,SIGNATURE® 300,PRICED PER EACH,✓
commercial-industrial,57,Eave Trim,0,0,part,PART #,DESCRIPTION,FL-19
commercial-industrial,57,Eave Trim,0,0,length,LENGTH,DESCRIPTION,"10'-2"""
commercial-industrial,57,Eave Trim,0,0,girth,GIRTH,DESCRIPTION,"954"""
commercial-industrial,57,Eave Trim,0,0,weight_each,WEIGHT EACH,DESCRIPTION,6.35#
commercial-industrial,57,Eave Trim,0,0,galvalume_plus,GALVALUME® PLUS,PRICED PER EACH,✓
commercial-industrial,57,Eave Trim,0,0,signature_200,SIGNATURE® 200,PRICED PER EACH,✓
commercial-industrial,57,Eave Trim,0,0,signature_300,SIGNATURE® 300,PRICED PER EACH,✓
commercial-industrial,57,Eave Trim,0,1,part,PART #,DESCRIPTION,FL-19A
commercial-industrial,57,Eave Trim,0,1,length,LENGTH,DESCRIPTION,"20'-2"""
commercial-industrial,57,Eave Trim,0,1,girth,GIRTH,DESCRIPTION,"Q 54"""
commercial-industrial,57,Eave Trim,0,1,weight_each,WEIGHT EACH,DESCRIPTION,12.594
commercial-industrial,57,Eave Trim,0,1,galvalume_plus,GALVALUME® PLUS,PRICED PER EACH,✓
commercial-industrial,57,Eave Trim,0,1,signature_200,SIGNATURE® 200,PRICED PER EACH,✓
commercial-industrial,57,Eave Trim,0,1,signature_300,SIGNATURE® 300,PRICED PER EACH,✓
commercial-industrial,57,Roll Form Downspout - Straight,1,0,part,PART #,DESCRIPTION,F-320
commercial-industrial,57,Roll Form Downspout - Straight,1,0,length,LENGTH,DESCRIPTION,"1 Q'-6"""
commercial-industrial,57,Roll Form Downspout - Straight,1,0,girth,GIRTH,DESCRIPTION,"17%6"""
commercial-industrial,57,Roll Form Downspout - Straight,1,0,weight_each,WEIGHT EACH,DESCRIPTION,11.96#
commercial-industrial,57,Roll Form Downspout - Straight,1,0,galvalume_plus,GALVALUME® PLUS,PRICED PER EACH,✓
commercial-industrial,57,Roll Form Downspout - Straight,1,0,signature_200,SIGNATURE® 200,PRICED PER EACH,✓
commercial-industrial,57,Roll Form Downspout - Straight,1,0,signature_300,SIGNATURE® 300,PRICED PER EACH,✓
commercial-industrial,57,Roll Form Downspout - Straight,1,1,part,PART #,DESCRIPTION,F-313
commercial-industrial,57,Roll Form Downspout - Straight,1,1,length,LENGTH,DESCRIPTION,"14'-6"""
commercial-industrial,57,Roll Form Downspout - Straight,1,1,girth,GIRTH,DESCRIPTION,"17%6"""
commercial-industrial,57,Roll Form Downspout - Straight,1,1,weight_each,WEIGHT EACH,DESCRIPTION,16.52#
commercial-industrial,57,Roll Form Downspout - Straight,1,1,galvalume_plus,GALVALUME® PLUS,PRICED PER EACH,✓
commercial-industrial,57,Roll Form Downspout - Straight,1,1,signature_200,SIGNATURE® 200,PRICED PER EACH,✓
commercial-industrial,57,Roll Form Downspout - Straight,1,1,signature_300,SIGNATURE® 300,PRICED PER EACH,✓
commercial-industrial,57,Roll Form 72° Kickout,2,0,part,PART #,DESCRIPTION,F-321
commercial-industrial,57,Roll Form 72° Kickout,2,0,72_kickout,72° KICKOUT,DESCRIPTION,Center
commercial-industrial,57,Roll Form 72° Kickout,2,0,length,LENGTH,DESCRIPTION,"11-4"""
commercial-industrial,57,Roll Form 72° Kickout,2,0,girth,GIRTH,DESCRIPTION,"17%6"""
commercial-industrial,57,Roll Form 72° Kickout,2,0,weight_each,WEIGHT EACH,DESCRIPTION,1.99#
commercial-industrial,57,Roll Form 72° Kickout,2,0,galvalume_plus,GALVALUME® PLUS,PRICED PER EACH,✓
commercial-industrial,57,Roll Form 72° Kickout,2,0,signature_200,SIGNATURE® 200,PRICED PER EACH,✓
commercial-industrial,57,Roll Form 72° Kickout,2,0,signature_300,SIGNATURE® 300,PRICED PER EACH,✓
commercial-industrial,58,Roll Form 45° Offset,0,0,part,PART #,DESCRIPTION,F-322
commercial-industrial,58,Roll Form 45° Offset,0,0,length,LENGTH,DESCRIPTION,"41"""
commercial-industrial,58,Roll Form 45° Offset,0,0,girth,GIRTH,DESCRIPTION,"17%6"""
commercial-industrial,58,Roll Form 45° Offset,0,0,weight_each,WEIGHT EACH,DESCRIPTION,1.144
commercial-industrial,58,Roll Form 45° Offset,0,0,galvalume_plus,GALVALUME® PLUS,PRICED PER EACH,✓
commercial-industrial,58,Roll Form 45° Offset,0,0,signature_200,SIGNATURE® 200,PRICED PER EACH,✓
commercial-industrial,58,Roll Form 45° Offset,0,0,signature_300,SIGNATURE® 300,PRICED PER EACH,✓
commercial-industrial,58,Roll Form 5° Offset,1,0,part,PART #,DESCRIPTION,F-323
commercial-industrial,58,Roll Form 5° Offset,1,0,length,LENGTH,DESCRIPTION,"1'-7%2"""
commercial-industrial,58,Roll Form 5° Offset,1,0,girth,GIRTH,DESCRIPTION,"17%6"""
commercial-industrial,58,Roll Form 5° Offset,1,0,weight_each,WEIGHT EACH,DESCRIPTION,2.37#
commercial-industrial,58,Roll Form 5° Offset,1,0,galvalume_plus,GALVALUME® PLUS,PRICED PER EACH,✓
commercial-industrial,58,Roll Form 5° Offset,1,0,signature_200,SIGNATURE® 200,PRICED PER EACH,✓
commercial-industrial,58,Roll Form 5° Offset,1,0,signature_300,SIGNATURE® 300,PRICED PER EACH,✓
commercial-industrial,60,Downspout - Straight,0,0,part,PART #,DESCRIPTION,FL-31
commercial-industrial,60,Downspout - Straight,0,0,length,LENGTH,DESCRIPTION,"10'-2"""
commercial-industrial,60,Downspout - Straight,0,0,girth,GIRTH,DESCRIPTION,"167%"""
commercial-industrial,60,Downspout - Straight,0,0,weight_each,WEIGHT EACH,DESCRIPTION,11.12#
commercial-industrial,60,Downspout - Straight,0,0,galvalume_plus,GALVALUME® PLUS,PRICED PER EACH,✓
commercial-industrial,60,Downspout - Straight,0,0,signature_200,SIGNATURE® 200,PRICED PER EACH,✓
commercial-industrial,60,Downspout - Straight,0,0,signature_300,SIGNATURE® 300,PRICED PER EACH,✓
commercial-industrial,60,Downspout - Straight,0,1,part,PART #,DESCRIPTION,FL-31C
commercial-industrial,60,Downspout - Straight,0,1,length,LENGTH,DESCRIPTION,"12'-Q"""
commercial-industrial,60,Downspout - Straight,0,1,girth,GIRTH,DESCRIPTION,"167%"""
commercial-industrial,60,Downspout - Straight,0,1,weight_each,WEIGHT EACH,DESCRIPTION,13.13#
commercial-industrial,60,Downspout - Straight,0,1,galvalume_plus,GALVALUME® PLUS,PRICED PER EACH,✓
commercial-industrial,60,Downspout - Straight,0,1,signature_200,SIGNATURE® 200,PRICED PER EACH,✓
commercial-industrial,60,Downspout - Straight,0,1,signature_300,SIGNATURE® 300,PRICED PER EACH,✓
commercial-industrial,60,Downspout - Straight,0,2,part,PART #,DESCRIPTION,FL-31B
commercial-industrial,60,Downspout - Straight,0,2,length,LENGTH,DESCRIPTION,"14'-0"""
commercial-industrial,60,Downspout - Straight,0,2,girth,GIRTH,DESCRIPTION,"167%"""
commercial-industrial,60,Downspout - Straight,0,2,weight_each,WEIGHT EACH,DESCRIPTION,15.32#
commercial-industrial,60,Downspout - Straight,0,2,galvalume_plus,GALVALUME® PLUS,PRICED PER EACH,✓
commercial-industrial,60,Downspout - Straight,0,2,signature_200,SIGNATURE® 200,PRICED PER EACH,✓
commercial-industrial,60,Downspout - Straight,0,2,signature_300,SIGNATURE® 300,PRICED PER EACH,✓
commercial-industrial,60,Downspout - Straight,0,3,part,PART #,DESCRIPTION,FL-31}
commercial-industrial,60,Downspout - Straight,0,3,length,LENGTH,DESCRIPTION,"16'-0"""
commercial-industrial,60,Downspout - Straight,0,3,girth,GIRTH,DESCRIPTION,"16%"""
commercial-industrial,60,Downspout - Straight,0,3,weight_each,WEIGHT EACH,DESCRIPTION,17.51#
commercial-industrial,60,Downspout - Straight,0,3,galvalume_plus,GALVALUME® PLUS,PRICED PER EACH,✓
commercial-industrial,60,Downspout - Straight,0,3,signature_200,SIGNATURE® 200,PRICED PER EACH,✓
commercial-industrial,60,Downspout - Straight,0,3,signature_300,SIGNATURE® 300,PRICED PER EACH,✓
commercial-industrial,60,Downspout - Straight,0,4,part,PART #,DESCRIPTION,FL-31H
commercial-industrial,60,Downspout - Straight,0,4,length,LENGTH,DESCRIPTION,"20'-2"""
commercial-industrial,60,Downspout - Straight,0,4,girth,GIRTH,DESCRIPTION,"16 7%"""
commercial-industrial,60,Downspout - Straight,0,4,weight_each,WEIGHT EACH,DESCRIPTION,22.07#
commercial-industrial,60,Downspout - Straight,0,4,galvalume_plus,GALVALUME® PLUS,PRICED PER EACH,✓
commercial-industrial,60,Downspout - Straight,0,4,signature_200,SIGNATURE® 200,PRICED PER EACH,✓
commercial-industrial,60,Downspout - Straight,0,4,signature_300,SIGNATURE® 300,PRICED PER EACH,✓
commercial-industrial,60,Downspout with 45° Elbow,1,0,part,PART #,DESCRIPTION,FL-31A
commercial-industrial,60,Downspout with 45° Elbow,1,0,length,LENGTH,DESCRIPTION,"10'-2"""
commercial-industrial,60,Downspout with 45° Elbow,1,0,girth,GIRTH,DESCRIPTION,"16%"""
commercial-industrial,60,Downspout with 45° Elbow,1,0,weight_each,WEIGHT EACH,DESCRIPTION,11.124
commercial-industrial,60,Downspout with 45° Elbow,1,0,galvalume_plus,GALVALUME® PLUS,PRICED PER EACH,✓
commercial-industrial,60,Downspout with 45° Elbow,1,0,signature_200,SIGNATURE® 200,PRICED PER EACH,✓
commercial-industrial,60,Downspout with 45° Elbow,1,0,signature_300,SIGNATURE® 300,PRICED PER EACH,✓
commercial-industrial,60,Downspout with 45° Elbow,1,1,part,PART #,DESCRIPTION,FL-31D
commercial-industrial,60,Downspout with 45° Elbow,1,1,length,LENGTH,DESCRIPTION,"12'-Q"""
commercial-industrial,60,Downspout with 45° Elbow,1,1,girth,GIRTH,DESCRIPTION,"167%"""
commercial-industrial,60,Downspout with 45° Elbow,1,1,weight_each,WEIGHT EACH,DESCRIPTION,13.13#
commercial-industrial,60,Downspout with 45° Elbow,1,1,galvalume_plus,GALVALUME® PLUS,PRICED PER EACH,✓
commercial-industrial,60,Downspout with 45° Elbow,1,1,signature_200,SIGNATURE® 200,PRICED PER EACH,✓
commercial-industrial,60,Downspout with 45° Elbow,1,1,signature_300,SIGNATURE® 300,PRICED PER EACH,✓
commercial-industrial,60,Downspout with 45° Elbow,1,2,part,PART #,DESCRIPTION,FL-31E
commercial-industrial,60,Downspout with 45° Elbow,1,2,length,LENGTH,DESCRIPTION,"1 4'-0"""
commercial-industrial,60,Downspout with 45° Elbow,1,2,girth,GIRTH,DESCRIPTION,"16%"""
commercial-industrial,60,Downspout with 45° Elbow,1,2,weight_each,WEIGHT EACH,DESCRIPTION,15.32#
commercial-industrial,60,Downspout with 45° Elbow,1,2,galvalume_plus,GALVALUME® PLUS,PRICED PER EACH,✓
commercial-industrial,60,Downspout with 45° Elbow,1,2,signature_200,SIGNATURE® 200,PRICED PER EACH,✓
commercial-industrial,60,Downspout with 45° Elbow,1,2,signature_300,SIGNATURE® 300,PRICED PER EACH,✓
commercial-industrial,60,Downspout with 45° Elbow,1,3,part,PART #,DESCRIPTION,FL-31|
commercial-industrial,60,Downspout with 45° Elbow,1,3,length,LENGTH,DESCRIPTION,"16'-0"""
commercial-industrial,60,Downspout with 45° Elbow,1,3,girth,GIRTH,DESCRIPTION,"16%"""
commercial-industrial,60,Downspout with 45° Elbow,1,3,weight_each,WEIGHT EACH,DESCRIPTION,17.51#
commercial-industrial,60,Downspout with 45° Elbow,1,3,galvalume_plus,GALVALUME® PLUS,PRICED PER EACH,✓
commercial-industrial,60,Downspout with 45° Elbow,1,3,signature_200,SIGNATURE® 200,PRICED PER EACH,✓
commercial-industrial,60,Downspout with 45° Elbow,1,3,signature_300,SIGNATURE® 300,PRICED PER EACH,✓
commercial-industrial,60,Downspout with 45° Elbow,1,4,part,PART #,DESCRIPTION,FL-31G
commercial-industrial,60,Downspout with 45° Elbow,1,4,length,LENGTH,DESCRIPTION,"20'-2"""
commercial-industrial,60,Downspout with 45° Elbow,1,4,girth,GIRTH,DESCRIPTION,"16%"""
commercial-industrial,60,Downspout with 45° Elbow,1,4,weight_each,WEIGHT EACH,DESCRIPTION,22.07#
commercial-industrial,60,Downspout with 45° Elbow,1,4,galvalume_plus,GALVALUME® PLUS,PRICED PER EACH,✓
commercial-industrial,60,Downspout with 45° Elbow,1,4,signature_200,SIGNATURE® 200,PRICED PER EACH,✓
commercial-industrial,60,Downspout with 45° Elbow,1,4,signature_300,SIGNATURE® 300,PRICED PER EACH,✓
commercial-industrial,60,Downspout Elbow,2,0,part,PART #,DESCRIPTION,FL-32
commercial-industrial,60,Downspout Elbow,2,0,elbow_angle,"ELBOW
ANGLE",DESCRIPTION,45°
commercial-industrial,60,Downspout Elbow,2,0,length,LENGTH,DESCRIPTION,"7"""
commercial-industrial,60,Downspout Elbow,2,0,girth,GIRTH,DESCRIPTION,"16%"""
commercial-industrial,60,Downspout Elbow,2,0,gauge,GAUGE,DESCRIPTION,26
commercial-industrial,60,Downspout Elbow,2,0,weight_each,"WEIGHT
EACH",DESCRIPTION,1.324
commercial-industrial,60,Downspout Elbow,2,0,galvalume_plus,"GALVALUME®
PLUS",PRICED PER EACH,✓
commercial-industrial,60,Downspout Elbow,2,0,signature_200,"SIGNATURE®
200",PRICED PER EACH,✓
commercial-industrial,60,Downspout Elbow,2,0,signature_300,"SIGNATURE®
300",PRICED PER EACH,✓
commercial-industrial,60,Downspout Elbow,2,1,part,PART #,DESCRIPTION,FL-33
commercial-industrial,60,Downspout Elbow,2,1,elbow_angle,"ELBOW
ANGLE",DESCRIPTION,90°
commercial-industrial,60,Downspout Elbow,2,1,length,LENGTH,DESCRIPTION,"7"""
commercial-industrial,60,Downspout Elbow,2,1,girth,GIRTH,DESCRIPTION,"16%"""
commercial-industrial,60,Downspout Elbow,2,1,gauge,GAUGE,DESCRIPTION,26
commercial-industrial,60,Downspout Elbow,2,1,weight_each,"WEIGHT
EACH",DESCRIPTION,1.28#
commercial-industrial,60,Downspout Elbow,2,1,galvalume_plus,"GALVALUME®
PLUS",PRICED PER EACH,✓
commercial-industrial,60,Downspout Elbow,2,1,signature_200,"SIGNATURE®
200",PRICED PER EACH,✓
commercial-industrial,60,Downspout Elbow,2,1,signature_300,"SIGNATURE®
300",PRICED PER EACH,✓
commercial-industrial,61,Downspout Offset,0,0,part,PART #,DESCRIPTION,FL-35
commercial-industrial,61,Downspout Offset,0,0,length,LENGTH,DESCRIPTION,"1'-2 72"""
commercial-industrial,61,Downspout Offset,0,0,girth,GIRTH,DESCRIPTION,"167%"""
commercial-industrial,61,Downspout Offset,0,0,weight_each,WEIGHT EACH,DESCRIPTION,1.32#
commercial-industrial,61,Downspout Offset,0,0,galvalume_plus,GALVALUME® PLUS,PRICED PER EACH,✓
commercial-industrial,61,Downspout Offset,0,0,signature_200,SIGNATURE® 200,PRICED PER EACH,✓
commercial-industrial,61,Downspout Offset,0,0,signature_300,SIGNATURE® 300,PRICED PER EACH,✓
commercial-industrial,61,Offset Downspout,1,0,part,PART #,DESCRIPTION,FL-788
commercial-industrial,61,Offset Downspout,1,0,dim_a,"DIM ""A""",DESCRIPTION,"6"" . S'-o"""
commercial-industrial,61,Offset Downspout,1,0,girth,GIRTH,DESCRIPTION,"16%"""
commercial-industrial,61,Offset Downspout,1,0,weight_per_lf,WEIGHT PER LF,DESCRIPTION,2#
commercial-industrial,61,Offset Downspout,1,0,galvalume_plus,GALVALUME® PLUS,PRICED PER EACH,✓
commercial-industrial,61,Offset Downspout,1,0,signature_200,SIGNATURE® 200,PRICED PER EACH,✓
commercial-industrial,61,Offset Downspout,1,0,signature_300,SIGNATURE® 300,PRICED PER EACH,✓
commercial-industrial,61,Offset Downspout,1,1,part,PART #,DESCRIPTION,FL-789
commercial-industrial,61,Offset Downspout,1,1,dim_a,"DIM ""A""",DESCRIPTION,"5'4 ne 1 O'-0"""
commercial-industrial,61,Offset Downspout,1,1,girth,GIRTH,DESCRIPTION,"16%"""
commercial-industrial,61,Offset Downspout,1,1,weight_per_lf,WEIGHT PER LF,DESCRIPTION,52H
commercial-industrial,61,Offset Downspout,1,1,galvalume_plus,GALVALUME® PLUS,PRICED PER EACH,✓
commercial-industrial,61,Offset Downspout,1,1,signature_200,SIGNATURE® 200,PRICED PER EACH,✓
commercial-industrial,61,Offset Downspout,1,1,signature_300,SIGNATURE® 300,PRICED PER EACH,✓
commercial-industrial,61,Pig Spout Elbow,2,0,part,PART #,DESCRIPTION,FL-786
commercial-industrial,61,Pig Spout Elbow,2,0,length,LENGTH,DESCRIPTION,gn
commercial-industrial,61,Pig Spout Elbow,2,0,girth,GIRTH,DESCRIPTION,"16%"""
commercial-industrial,61,Pig Spout Elbow,2,0,weight_each,WEIGHT EACH,DESCRIPTION,1.27#
commercial-industrial,61,Pig Spout Elbow,2,0,galvalume_plus,GALVALUME® PLUS,PRICED PER EACH,✓
commercial-industrial,61,Pig Spout Elbow,2,0,signature_200,SIGNATURE® 200,PRICED PER EACH,✓
commercial-industrial,61,Pig Spout Elbow,2,0,signature_300,SIGNATURE® 300,PRICED PER EACH,✓
commercial-industrial,62,Scupper,0,0,part,PART #,DESCRIPTION,FL-40
commercial-industrial,62,Scupper,0,0,length,LENGTH,DESCRIPTION,"4"""
commercial-industrial,62,Scupper,0,0,girth,GIRTH,DESCRIPTION,Qn
commercial-industrial,62,Scupper,0,0,weight_each,WEIGHT EACH,DESCRIPTION,17#
commercial-industrial,62,Scupper,0,0,galvalume_plus,GALVALUME® PLUS,PRICED PER EACH,✓
commercial-industrial,62,Scupper,0,0,signature_200,SIGNATURE® 200,PRICED PER EACH,✓
commercial-industrial,62,Scupper,0,0,signature_300,SIGNATURE® 300,PRICED PER EACH,✓
commercial-industrial,62,Downspout Strap,1,0,part,PART #,DESCRIPTION,FL-797
commercial-industrial,62,Downspout Strap,1,0,gauge,GAUGE,DESCRIPTION,26
commercial-industrial,62,Downspout Strap,1,0,length,LENGTH,DESCRIPTION,"4q"""
commercial-industrial,62,Downspout Strap,1,0,girth,GIRTH,DESCRIPTION,"10"""
commercial-industrial,62,Downspout Strap,1,0,weight_each,WEIGHT EACH,DESCRIPTION,O5#
commercial-industrial,62,Downspout Strap,1,0,galvalume_plus,GALVALUME® PLUS,PRICED PER EACH,✓
commercial-industrial,62,Downspout Strap,1,0,signature_200,SIGNATURE® 200,PRICED PER EACH,✓
commercial-industrial,62,Downspout Strap,1,0,signature_300,SIGNATURE® 300,PRICED PER EACH,N/A
commercial-industrial,62,Downspout Strap,1,1,part,PART #,DESCRIPTION,FL-797
commercial-industrial,62,Downspout Strap,1,1,gauge,GAUGE,DESCRIPTION,24
commercial-industrial,62,Downspout Strap,1,1,length,LENGTH,DESCRIPTION,"4"""
commercial-industrial,62,Downspout Strap,1,1,girth,GIRTH,DESCRIPTION,"10"""
commercial-industrial,62,Downspout Strap,1,1,weight_each,WEIGHT EACH,DESCRIPTION,O7#
commercial-industrial,62,Downspout Strap,1,1,galvalume_plus,GALVALUME® PLUS,PRICED PER EACH,✓
commercial-industrial,62,Downspout Strap,1,1,signature_200,SIGNATURE® 200,PRICED PER EACH,✓
commercial-industrial,62,Downspout Strap,1,1,signature_300,SIGNATURE® 300,PRICED PER EACH,✓
commercial-industrial,62,Jamb Trim - PBR and Retro-R® Panels,2,0,part,PART #,DESCRIPTION,FL-22
commercial-industrial,62,Jamb Trim - PBR and Retro-R® Panels,2,0,length,LENGTH,DESCRIPTION,"71.3"""
commercial-industrial,62,Jamb Trim - PBR and Retro-R® Panels,2,0,girth,GIRTH,DESCRIPTION,"5"""
commercial-industrial,62,Jamb Trim - PBR and Retro-R® Panels,2,0,weight_each,WEIGHT EACH,DESCRIPTION,2.35#
commercial-industrial,62,Jamb Trim - PBR and Retro-R® Panels,2,0,galvalume_plus,GALVALUME® PLUS,PRICED PER EACH,✓
commercial-industrial,62,Jamb Trim - PBR and Retro-R® Panels,2,0,signature_200,SIGNATURE® 200,PRICED PER EACH,✓
commercial-industrial,62,Jamb Trim - PBR and Retro-R® Panels,2,0,signature_300,SIGNATURE® 300,PRICED PER EACH,✓
commercial-industrial,62,Jamb Trim - PBR and Retro-R® Panels,2,1,part,PART #,DESCRIPTION,FL-23
commercial-industrial,62,Jamb Trim - PBR and Retro-R® Panels,2,1,length,LENGTH,DESCRIPTION,"10'-2"""
commercial-industrial,62,Jamb Trim - PBR and Retro-R® Panels,2,1,girth,GIRTH,DESCRIPTION,"5"""
commercial-industrial,62,Jamb Trim - PBR and Retro-R® Panels,2,1,weight_each,WEIGHT EACH,DESCRIPTION,3.30#
commercial-industrial,62,Jamb Trim - PBR and Retro-R® Panels,2,1,galvalume_plus,GALVALUME® PLUS,PRICED PER EACH,✓
commercial-industrial,62,Jamb Trim - PBR and Retro-R® Panels,2,1,signature_200,SIGNATURE® 200,PRICED PER EACH,✓
commercial-industrial,62,Jamb Trim - PBR and Retro-R® Panels,2,1,signature_300,SIGNATURE® 300,PRICED PER EACH,✓
commercial-industrial,62,Jamb Trim - PBR and Retro-R® Panels,2,2,part,PART #,DESCRIPTION,FL-23B
commercial-industrial,62,Jamb Trim - PBR and Retro-R® Panels,2,2,length,LENGTH,DESCRIPTION,"42'-2"""
commercial-industrial,62,Jamb Trim - PBR and Retro-R® Panels,2,2,girth,GIRTH,DESCRIPTION,"5"""
commercial-industrial,62,Jamb Trim - PBR and Retro-R® Panels,2,2,weight_each,WEIGHT EACH,DESCRIPTION,3.95#
commercial-industrial,62,Jamb Trim - PBR and Retro-R® Panels,2,2,galvalume_plus,GALVALUME® PLUS,PRICED PER EACH,✓
commercial-industrial,62,Jamb Trim - PBR and Retro-R® Panels,2,2,signature_200,SIGNATURE® 200,PRICED PER EACH,✓
commercial-industrial,62,Jamb Trim - PBR and Retro-R® Panels,2,2,signature_300,SIGNATURE® 300,PRICED PER EACH,✓
commercial-industrial,62,Jamb Trim - PBR and Retro-R® Panels,2,3,part,PART #,DESCRIPTION,FL-23C
commercial-industrial,62,Jamb Trim - PBR and Retro-R® Panels,2,3,length,LENGTH,DESCRIPTION,"1 4'-2"""
commercial-industrial,62,Jamb Trim - PBR and Retro-R® Panels,2,3,girth,GIRTH,DESCRIPTION,"5"""
commercial-industrial,62,Jamb Trim - PBR and Retro-R® Panels,2,3,weight_each,WEIGHT EACH,DESCRIPTION,4.594
commercial-industrial,62,Jamb Trim - PBR and Retro-R® Panels,2,3,galvalume_plus,GALVALUME® PLUS,PRICED PER EACH,✓
commercial-industrial,62,Jamb Trim - PBR and Retro-R® Panels,2,3,signature_200,SIGNATURE® 200,PRICED PER EACH,✓
commercial-industrial,62,Jamb Trim - PBR and Retro-R® Panels,2,3,signature_300,SIGNATURE® 300,PRICED PER EACH,✓
commercial-industrial,63,Jamb Trim - PBU Panel,0,0,part,PART #,DESCRIPTION,FL-20
commercial-industrial,63,Jamb Trim - PBU Panel,0,0,length,LENGTH,DESCRIPTION,"71.3"""
commercial-industrial,63,Jamb Trim - PBU Panel,0,0,girth,GIRTH,DESCRIPTION,"434"""
commercial-industrial,63,Jamb Trim - PBU Panel,0,0,weight_each,WEIGHT EACH,DESCRIPTION,2.354
commercial-industrial,63,Jamb Trim - PBU Panel,0,0,galvalume_plus,GALVALUME® PLUS,PRICED PER EACH,✓
commercial-industrial,63,Jamb Trim - PBU Panel,0,0,signature_200,SIGNATURE® 200,PRICED PER EACH,✓
commercial-industrial,63,Jamb Trim - PBU Panel,0,0,signature_300,SIGNATURE® 300,PRICED PER EACH,✓
commercial-industrial,63,Jamb Trim - PBU Panel,0,1,part,PART #,DESCRIPTION,FL-21
commercial-industrial,63,Jamb Trim - PBU Panel,0,1,length,LENGTH,DESCRIPTION,"10'-2"""
commercial-industrial,63,Jamb Trim - PBU Panel,0,1,girth,GIRTH,DESCRIPTION,"434"""
commercial-industrial,63,Jamb Trim - PBU Panel,0,1,weight_each,WEIGHT EACH,DESCRIPTION,3.30#
commercial-industrial,63,Jamb Trim - PBU Panel,0,1,galvalume_plus,GALVALUME® PLUS,PRICED PER EACH,✓
commercial-industrial,63,Jamb Trim - PBU Panel,0,1,signature_200,SIGNATURE® 200,PRICED PER EACH,✓
commercial-industrial,63,Jamb Trim - PBU Panel,0,1,signature_300,SIGNATURE® 300,PRICED PER EACH,✓
commercial-industrial,63,Jamb Trim - PBU Panel,0,2,part,PART #,DESCRIPTION,FL-21B
commercial-industrial,63,Jamb Trim - PBU Panel,0,2,length,LENGTH,DESCRIPTION,"1 2'-2"""
commercial-industrial,63,Jamb Trim - PBU Panel,0,2,girth,GIRTH,DESCRIPTION,"434"""
commercial-industrial,63,Jamb Trim - PBU Panel,0,2,weight_each,WEIGHT EACH,DESCRIPTION,3.75#
commercial-industrial,63,Jamb Trim - PBU Panel,0,2,galvalume_plus,GALVALUME® PLUS,PRICED PER EACH,✓
commercial-industrial,63,Jamb Trim - PBU Panel,0,2,signature_200,SIGNATURE® 200,PRICED PER EACH,✓
commercial-industrial,63,Jamb Trim - PBU Panel,0,2,signature_300,SIGNATURE® 300,PRICED PER EACH,✓
commercial-industrial,63,Jamb Trim - PBU Panel,0,3,part,PART #,DESCRIPTION,FL-21C
commercial-industrial,63,Jamb Trim - PBU Panel,0,3,length,LENGTH,DESCRIPTION,"14'-0"""
commercial-industrial,63,Jamb Trim - PBU Panel,0,3,girth,GIRTH,DESCRIPTION,"434"""
commercial-industrial,63,Jamb Trim - PBU Panel,0,3,weight_each,WEIGHT EACH,DESCRIPTION,4.59#
commercial-industrial,63,Jamb Trim - PBU Panel,0,3,galvalume_plus,GALVALUME® PLUS,PRICED PER EACH,✓
commercial-industrial,63,Jamb Trim - PBU Panel,0,3,signature_200,SIGNATURE® 200,PRICED PER EACH,✓
commercial-industrial,63,Jamb Trim - PBU Panel,0,3,signature_300,SIGNATURE® 300,PRICED PER EACH,✓
commercial-industrial,63,Jamb Trim - 7.2 Panel,1,0,part,PART #,DESCRIPTION,FL-516
commercial-industrial,63,Jamb Trim - 7.2 Panel,1,0,length,LENGTH,DESCRIPTION,"71.3"""
commercial-industrial,63,Jamb Trim - 7.2 Panel,1,0,girth,GIRTH,DESCRIPTION,"5 V5"""
commercial-industrial,63,Jamb Trim - 7.2 Panel,1,0,weight_each,WEIGHT EACH,DESCRIPTION,2.594
commercial-industrial,63,Jamb Trim - 7.2 Panel,1,0,galvalume_plus,GALVALUME® PLUS,PRICED PER EACH,✓
commercial-industrial,63,Jamb Trim - 7.2 Panel,1,0,signature_200,SIGNATURE® 200,PRICED PER EACH,✓
commercial-industrial,63,Jamb Trim - 7.2 Panel,1,0,signature_300,SIGNATURE® 300,PRICED PER EACH,✓
commercial-industrial,63,Jamb Trim - 7.2 Panel,1,1,part,PART #,DESCRIPTION,FL-516A
commercial-industrial,63,Jamb Trim - 7.2 Panel,1,1,length,LENGTH,DESCRIPTION,"10'-2"""
commercial-industrial,63,Jamb Trim - 7.2 Panel,1,1,girth,GIRTH,DESCRIPTION,"5 V5"""
commercial-industrial,63,Jamb Trim - 7.2 Panel,1,1,weight_each,WEIGHT EACH,DESCRIPTION,3.63#
commercial-industrial,63,Jamb Trim - 7.2 Panel,1,1,galvalume_plus,GALVALUME® PLUS,PRICED PER EACH,✓
commercial-industrial,63,Jamb Trim - 7.2 Panel,1,1,signature_200,SIGNATURE® 200,PRICED PER EACH,✓
commercial-industrial,63,Jamb Trim - 7.2 Panel,1,1,signature_300,SIGNATURE® 300,PRICED PER EACH,✓
commercial-industrial,63,Jamb Trim - 7.2 Panel,1,2,part,PART #,DESCRIPTION,FL-516B
commercial-industrial,63,Jamb Trim - 7.2 Panel,1,2,length,LENGTH,DESCRIPTION,"1 4'-2"""
commercial-industrial,63,Jamb Trim - 7.2 Panel,1,2,girth,GIRTH,DESCRIPTION,"5y2"""
commercial-industrial,63,Jamb Trim - 7.2 Panel,1,2,weight_each,WEIGHT EACH,DESCRIPTION,5.05#
commercial-industrial,63,Jamb Trim - 7.2 Panel,1,2,galvalume_plus,GALVALUME® PLUS,PRICED PER EACH,✓
commercial-industrial,63,Jamb Trim - 7.2 Panel,1,2,signature_200,SIGNATURE® 200,PRICED PER EACH,✓
commercial-industrial,63,Jamb Trim - 7.2 Panel,1,2,signature_300,SIGNATURE® 300,PRICED PER EACH,✓
commercial-industrial,63,Jamb Trim - AVP Panel,2,0,part,PART #,DESCRIPTION,FL-47
commercial-industrial,63,Jamb Trim - AVP Panel,2,0,length,LENGTH,DESCRIPTION,"7'-3"""
commercial-industrial,63,Jamb Trim - AVP Panel,2,0,girth,GIRTH,DESCRIPTION,"7"""
commercial-industrial,63,Jamb Trim - AVP Panel,2,0,weight_each,WEIGHT EACH,DESCRIPTION,3.40#
commercial-industrial,63,Jamb Trim - AVP Panel,2,0,galvalume_plus,GALVALUME® PLUS,PRICED PER EACH,✓
commercial-industrial,63,Jamb Trim - AVP Panel,2,0,signature_200,SIGNATURE® 200,PRICED PER EACH,✓
commercial-industrial,63,Jamb Trim - AVP Panel,2,0,signature_300,SIGNATURE® 300,PRICED PER EACH,✓
commercial-industrial,63,Jamb Trim - AVP Panel,2,1,part,PART #,DESCRIPTION,FL-48
commercial-industrial,63,Jamb Trim - AVP Panel,2,1,length,LENGTH,DESCRIPTION,"10'-2"""
commercial-industrial,63,Jamb Trim - AVP Panel,2,1,girth,GIRTH,DESCRIPTION,"7"""
commercial-industrial,63,Jamb Trim - AVP Panel,2,1,weight_each,WEIGHT EACH,DESCRIPTION,4.70#
commercial-industrial,63,Jamb Trim - AVP Panel,2,1,galvalume_plus,GALVALUME® PLUS,PRICED PER EACH,✓
commercial-industrial,63,Jamb Trim - AVP Panel,2,1,signature_200,SIGNATURE® 200,PRICED PER EACH,✓
commercial-industrial,63,Jamb Trim - AVP Panel,2,1,signature_300,SIGNATURE® 300,PRICED PER EACH,✓
commercial-industrial,63,Jamb Trim - AVP Panel,2,2,part,PART #,DESCRIPTION,FL-48B
commercial-industrial,63,Jamb Trim - AVP Panel,2,2,length,LENGTH,DESCRIPTION,"1 ?'-2"""
commercial-industrial,63,Jamb Trim - AVP Panel,2,2,girth,GIRTH,DESCRIPTION,"7"""
commercial-industrial,63,Jamb Trim - AVP Panel,2,2,weight_each,WEIGHT EACH,DESCRIPTION,5.80#
commercial-industrial,63,Jamb Trim - AVP Panel,2,2,galvalume_plus,GALVALUME® PLUS,PRICED PER EACH,✓
commercial-industrial,63,Jamb Trim - AVP Panel,2,2,signature_200,SIGNATURE® 200,PRICED PER EACH,✓
commercial-industrial,63,Jamb Trim - AVP Panel,2,2,signature_300,SIGNATURE® 300,PRICED PER EACH,✓
commercial-industrial,63,Jamb Trim - AVP Panel,2,3,part,PART #,DESCRIPTION,FL-48C
commercial-industrial,63,Jamb Trim - AVP Panel,2,3,length,LENGTH,DESCRIPTION,"4 4'-2"""
commercial-industrial,63,Jamb Trim - AVP Panel,2,3,girth,GIRTH,DESCRIPTION,"7"""
commercial-industrial,63,Jamb Trim - AVP Panel,2,3,weight_each,WEIGHT EACH,DESCRIPTION,6.70#
commercial-industrial,63,Jamb Trim - AVP Panel,2,3,galvalume_plus,GALVALUME® PLUS,PRICED PER EACH,✓
commercial-industrial,63,Jamb Trim - AVP Panel,2,3,signature_200,SIGNATURE® 200,PRICED PER EACH,✓
commercial-industrial,63,Jamb Trim - AVP Panel,2,3,signature_300,SIGNATURE® 300,PRICED PER EACH,✓
commercial-industrial,64,Drip Trim - PBR and Retro-R® Panels,0,0,part,PART #,DESCRIPTION,FL-870
commercial-industrial,64,Drip Trim - PBR and Retro-R® Panels,0,0,length,LENGTH,DESCRIPTION,"10'-2"""
commercial-industrial,64,Drip Trim - PBR and Retro-R® Panels,0,0,girth,GIRTH,DESCRIPTION,"754"""
commercial-industrial,64,Drip Trim - PBR and Retro-R® Panels,0,0,weight_each,WEIGHT EACH,DESCRIPTION,5.03#
commercial-industrial,64,Drip Trim - PBR and Retro-R® Panels,0,0,galvalume_plus,GALVALUME® PLUS,PRICED PER EACH,✓
commercial-industrial,64,Drip Trim - PBR and Retro-R® Panels,0,0,signature_200,SIGNATURE® 200,PRICED PER EACH,✓
commercial-industrial,64,Drip Trim - PBR and Retro-R® Panels,0,0,signature_300,SIGNATURE® 300,PRICED PER EACH,✓
commercial-industrial,64,Drip Trim - PBR and Retro-R® Panels,0,1,part,PART #,DESCRIPTION,FL-871
commercial-industrial,64,Drip Trim - PBR and Retro-R® Panels,0,1,length,LENGTH,DESCRIPTION,"20'-2"""
commercial-industrial,64,Drip Trim - PBR and Retro-R® Panels,0,1,girth,GIRTH,DESCRIPTION,"758"""
commercial-industrial,64,Drip Trim - PBR and Retro-R® Panels,0,1,weight_each,WEIGHT EACH,DESCRIPTION,10.68#
commercial-industrial,64,Drip Trim - PBR and Retro-R® Panels,0,1,galvalume_plus,GALVALUME® PLUS,PRICED PER EACH,✓
commercial-industrial,64,Drip Trim - PBR and Retro-R® Panels,0,1,signature_200,SIGNATURE® 200,PRICED PER EACH,✓
commercial-industrial,64,Drip Trim - PBR and Retro-R® Panels,0,1,signature_300,SIGNATURE® 300,PRICED PER EACH,✓
commercial-industrial,64,"Head Trim - PBR, AVP and Retro-R® Panels",1,0,part,PART #,DESCRIPTION,FL-24
commercial-industrial,64,"Head Trim - PBR, AVP and Retro-R® Panels",1,0,length,LENGTH,DESCRIPTION,"3'-6"""
commercial-industrial,64,"Head Trim - PBR, AVP and Retro-R® Panels",1,0,girth,GIRTH,DESCRIPTION,"556"""
commercial-industrial,64,"Head Trim - PBR, AVP and Retro-R® Panels",1,0,weight_each,WEIGHT EACH,DESCRIPTION,1.28#
commercial-industrial,64,"Head Trim - PBR, AVP and Retro-R® Panels",1,0,galvalume_plus,GALVALUME® PLUS,PRICED PER EACH,✓
commercial-industrial,64,"Head Trim - PBR, AVP and Retro-R® Panels",1,0,signature_200,SIGNATURE® 200,PRICED PER EACH,✓
commercial-industrial,64,"Head Trim - PBR, AVP and Retro-R® Panels",1,0,signature_300,SIGNATURE® 300,PRICED PER EACH,✓
commercial-industrial,64,"Head Trim - PBR, AVP and Retro-R® Panels",1,1,part,PART #,DESCRIPTION,FL-25
commercial-industrial,64,"Head Trim - PBR, AVP and Retro-R® Panels",1,1,length,LENGTH,DESCRIPTION,"T7'-4 """
commercial-industrial,64,"Head Trim - PBR, AVP and Retro-R® Panels",1,1,girth,GIRTH,DESCRIPTION,"554"""
commercial-industrial,64,"Head Trim - PBR, AVP and Retro-R® Panels",1,1,weight_each,WEIGHT EACH,DESCRIPTION,2.584
commercial-industrial,64,"Head Trim - PBR, AVP and Retro-R® Panels",1,1,galvalume_plus,GALVALUME® PLUS,PRICED PER EACH,✓
commercial-industrial,64,"Head Trim - PBR, AVP and Retro-R® Panels",1,1,signature_200,SIGNATURE® 200,PRICED PER EACH,✓
commercial-industrial,64,"Head Trim - PBR, AVP and Retro-R® Panels",1,1,signature_300,SIGNATURE® 300,PRICED PER EACH,✓
commercial-industrial,64,"Head Trim - PBR, AVP and Retro-R® Panels",1,2,part,PART #,DESCRIPTION,FL-26
commercial-industrial,64,"Head Trim - PBR, AVP and Retro-R® Panels",1,2,length,LENGTH,DESCRIPTION,"10'-4"""
commercial-industrial,64,"Head Trim - PBR, AVP and Retro-R® Panels",1,2,girth,GIRTH,DESCRIPTION,"554"""
commercial-industrial,64,"Head Trim - PBR, AVP and Retro-R® Panels",1,2,weight_each,WEIGHT EACH,DESCRIPTION,3.80#
commercial-industrial,64,"Head Trim - PBR, AVP and Retro-R® Panels",1,2,galvalume_plus,GALVALUME® PLUS,PRICED PER EACH,✓
commercial-industrial,64,"Head Trim - PBR, AVP and Retro-R® Panels",1,2,signature_200,SIGNATURE® 200,PRICED PER EACH,✓
commercial-industrial,64,"Head Trim - PBR, AVP and Retro-R® Panels",1,2,signature_300,SIGNATURE® 300,PRICED PER EACH,✓
commercial-industrial,64,"Head Trim - PBR, AVP and Retro-R® Panels",1,3,part,PART #,DESCRIPTION,FL-26B
commercial-industrial,64,"Head Trim - PBR, AVP and Retro-R® Panels",1,3,length,LENGTH,DESCRIPTION,"q42!-4"""
commercial-industrial,64,"Head Trim - PBR, AVP and Retro-R® Panels",1,3,girth,GIRTH,DESCRIPTION,"554"""
commercial-industrial,64,"Head Trim - PBR, AVP and Retro-R® Panels",1,3,weight_each,WEIGHT EACH,DESCRIPTION,4.65#
commercial-industrial,64,"Head Trim - PBR, AVP and Retro-R® Panels",1,3,galvalume_plus,GALVALUME® PLUS,PRICED PER EACH,✓
commercial-industrial,64,"Head Trim - PBR, AVP and Retro-R® Panels",1,3,signature_200,SIGNATURE® 200,PRICED PER EACH,✓
commercial-industrial,64,"Head Trim - PBR, AVP and Retro-R® Panels",1,3,signature_300,SIGNATURE® 300,PRICED PER EACH,✓
commercial-industrial,64,"Head Trim - PBR, AVP and Retro-R® Panels",1,4,part,PART #,DESCRIPTION,FL-26C
commercial-industrial,64,"Head Trim - PBR, AVP and Retro-R® Panels",1,4,length,LENGTH,DESCRIPTION,"14'-4"""
commercial-industrial,64,"Head Trim - PBR, AVP and Retro-R® Panels",1,4,girth,GIRTH,DESCRIPTION,"554"""
commercial-industrial,64,"Head Trim - PBR, AVP and Retro-R® Panels",1,4,weight_each,WEIGHT EACH,DESCRIPTION,5.41#
commercial-industrial,64,"Head Trim - PBR, AVP and Retro-R® Panels",1,4,galvalume_plus,GALVALUME® PLUS,PRICED PER EACH,✓
commercial-industrial,64,"Head Trim - PBR, AVP and Retro-R® Panels",1,4,signature_200,SIGNATURE® 200,PRICED PER EACH,✓
commercial-industrial,64,"Head Trim - PBR, AVP and Retro-R® Panels",1,4,signature_300,SIGNATURE® 300,PRICED PER EACH,✓
commercial-industrial,64,Head Trim - PBU Panel,2,0,part,PART #,DESCRIPTION,FL-514
commercial-industrial,64,Head Trim - PBU Panel,2,0,length,LENGTH,DESCRIPTION,"31-6"""
commercial-industrial,64,Head Trim - PBU Panel,2,0,girth,GIRTH,DESCRIPTION,"5"""
commercial-industrial,64,Head Trim - PBU Panel,2,0,weight_each,WEIGHT EACH,DESCRIPTION,1.20#
commercial-industrial,64,Head Trim - PBU Panel,2,0,galvalume_plus,GALVALUME® PLUS,PRICED PER EACH,✓
commercial-industrial,64,Head Trim - PBU Panel,2,0,signature_200,SIGNATURE® 200,PRICED PER EACH,✓
commercial-industrial,64,Head Trim - PBU Panel,2,0,signature_300,SIGNATURE® 300,PRICED PER EACH,✓
commercial-industrial,64,Head Trim - PBU Panel,2,1,part,PART #,DESCRIPTION,FL-514A
commercial-industrial,64,Head Trim - PBU Panel,2,1,length,LENGTH,DESCRIPTION,"10'-4"""
commercial-industrial,64,Head Trim - PBU Panel,2,1,girth,GIRTH,DESCRIPTION,"5"""
commercial-industrial,64,Head Trim - PBU Panel,2,1,weight_each,WEIGHT EACH,DESCRIPTION,3.634
commercial-industrial,64,Head Trim - PBU Panel,2,1,galvalume_plus,GALVALUME® PLUS,PRICED PER EACH,✓
commercial-industrial,64,Head Trim - PBU Panel,2,1,signature_200,SIGNATURE® 200,PRICED PER EACH,✓
commercial-industrial,64,Head Trim - PBU Panel,2,1,signature_300,SIGNATURE® 300,PRICED PER EACH,✓
commercial-industrial,64,Head Trim - PBU Panel,2,2,part,PART #,DESCRIPTION,FL-514B
commercial-industrial,64,Head Trim - PBU Panel,2,2,length,LENGTH,DESCRIPTION,"1 4'-4"""
commercial-industrial,64,Head Trim - PBU Panel,2,2,girth,GIRTH,DESCRIPTION,"5"""
commercial-industrial,64,Head Trim - PBU Panel,2,2,weight_each,WEIGHT EACH,DESCRIPTION,5.17#
commercial-industrial,64,Head Trim - PBU Panel,2,2,galvalume_plus,GALVALUME® PLUS,PRICED PER EACH,✓
commercial-industrial,64,Head Trim - PBU Panel,2,2,signature_200,SIGNATURE® 200,PRICED PER EACH,✓
commercial-industrial,64,Head Trim - PBU Panel,2,2,signature_300,SIGNATURE® 300,PRICED PER EACH,✓
commercial-industrial,65,Head Trim - 7.2 Panel,0,0,part,PART #,DESCRIPTION,FL-515
commercial-industrial,65,Head Trim - 7.2 Panel,0,0,length,LENGTH,DESCRIPTION,"3'-6"""
commercial-industrial,65,Head Trim - 7.2 Panel,0,0,girth,GIRTH,DESCRIPTION,"6"""
commercial-industrial,65,Head Trim - 7.2 Panel,0,0,weight_each,WEIGHT EACH,DESCRIPTION,1.334
commercial-industrial,65,Head Trim - 7.2 Panel,0,0,galvalume_plus,GALVALUME® PLUS,PRICED PER EACH,✓
commercial-industrial,65,Head Trim - 7.2 Panel,0,0,signature_200,SIGNATURE® 200,PRICED PER EACH,✓
commercial-industrial,65,Head Trim - 7.2 Panel,0,0,signature_300,SIGNATURE® 300,PRICED PER EACH,✓
commercial-industrial,65,Head Trim - 7.2 Panel,0,1,part,PART #,DESCRIPTION,FL-515A
commercial-industrial,65,Head Trim - 7.2 Panel,0,1,length,LENGTH,DESCRIPTION,"10'-4"""
commercial-industrial,65,Head Trim - 7.2 Panel,0,1,girth,GIRTH,DESCRIPTION,"6"""
commercial-industrial,65,Head Trim - 7.2 Panel,0,1,weight_each,WEIGHT EACH,DESCRIPTION,4.02#
commercial-industrial,65,Head Trim - 7.2 Panel,0,1,galvalume_plus,GALVALUME® PLUS,PRICED PER EACH,✓
commercial-industrial,65,Head Trim - 7.2 Panel,0,1,signature_200,SIGNATURE® 200,PRICED PER EACH,✓
commercial-industrial,65,Head Trim - 7.2 Panel,0,1,signature_300,SIGNATURE® 300,PRICED PER EACH,✓
commercial-industrial,65,Head Trim - 7.2 Panel,0,2,part,PART #,DESCRIPTION,FL-515B
commercial-industrial,65,Head Trim - 7.2 Panel,0,2,length,LENGTH,DESCRIPTION,"4 4'-4"""
commercial-industrial,65,Head Trim - 7.2 Panel,0,2,girth,GIRTH,DESCRIPTION,"6"""
commercial-industrial,65,Head Trim - 7.2 Panel,0,2,weight_each,WEIGHT EACH,DESCRIPTION,5.77#
commercial-industrial,65,Head Trim - 7.2 Panel,0,2,galvalume_plus,GALVALUME® PLUS,PRICED PER EACH,✓
commercial-industrial,65,Head Trim - 7.2 Panel,0,2,signature_200,SIGNATURE® 200,PRICED PER EACH,✓
commercial-industrial,65,Head Trim - 7.2 Panel,0,2,signature_300,SIGNATURE® 300,PRICED PER EACH,✓
commercial-industrial,65,"Head Trim - PBR, AVP and Retro-R® Panels",1,0,part,PART #,DESCRIPTION,FL-850
commercial-industrial,65,"Head Trim - PBR, AVP and Retro-R® Panels",1,0,length,LENGTH,DESCRIPTION,"31-6"""
commercial-industrial,65,"Head Trim - PBR, AVP and Retro-R® Panels",1,0,girth,GIRTH,DESCRIPTION,636
commercial-industrial,65,"Head Trim - PBR, AVP and Retro-R® Panels",1,0,weight_each,WEIGHT EACH,DESCRIPTION,1.45#
commercial-industrial,65,"Head Trim - PBR, AVP and Retro-R® Panels",1,0,galvalume_plus,GALVALUME® PLUS,PRICED PER EACH,✓
commercial-industrial,65,"Head Trim - PBR, AVP and Retro-R® Panels",1,0,signature_200,SIGNATURE® 200,PRICED PER EACH,✓
commercial-industrial,65,"Head Trim - PBR, AVP and Retro-R® Panels",1,0,signature_300,SIGNATURE® 300,PRICED PER EACH,✓
commercial-industrial,65,"Head Trim - PBR, AVP and Retro-R® Panels",1,1,part,PART #,DESCRIPTION,FL-851
commercial-industrial,65,"Head Trim - PBR, AVP and Retro-R® Panels",1,1,length,LENGTH,DESCRIPTION,"T'-4 """
commercial-industrial,65,"Head Trim - PBR, AVP and Retro-R® Panels",1,1,girth,GIRTH,DESCRIPTION,"634"""
commercial-industrial,65,"Head Trim - PBR, AVP and Retro-R® Panels",1,1,weight_each,WEIGHT EACH,DESCRIPTION,2.934
commercial-industrial,65,"Head Trim - PBR, AVP and Retro-R® Panels",1,1,galvalume_plus,GALVALUME® PLUS,PRICED PER EACH,✓
commercial-industrial,65,"Head Trim - PBR, AVP and Retro-R® Panels",1,1,signature_200,SIGNATURE® 200,PRICED PER EACH,✓
commercial-industrial,65,"Head Trim - PBR, AVP and Retro-R® Panels",1,1,signature_300,SIGNATURE® 300,PRICED PER EACH,✓
commercial-industrial,65,"Head Trim - PBR, AVP and Retro-R® Panels",1,2,part,PART #,DESCRIPTION,FL-852
commercial-industrial,65,"Head Trim - PBR, AVP and Retro-R® Panels",1,2,length,LENGTH,DESCRIPTION,"10Q'-4"""
commercial-industrial,65,"Head Trim - PBR, AVP and Retro-R® Panels",1,2,girth,GIRTH,DESCRIPTION,634
commercial-industrial,65,"Head Trim - PBR, AVP and Retro-R® Panels",1,2,weight_each,WEIGHT EACH,DESCRIPTION,4.27#
commercial-industrial,65,"Head Trim - PBR, AVP and Retro-R® Panels",1,2,galvalume_plus,GALVALUME® PLUS,PRICED PER EACH,✓
commercial-industrial,65,"Head Trim - PBR, AVP and Retro-R® Panels",1,2,signature_200,SIGNATURE® 200,PRICED PER EACH,✓
commercial-industrial,65,"Head Trim - PBR, AVP and Retro-R® Panels",1,2,signature_300,SIGNATURE® 300,PRICED PER EACH,✓
commercial-industrial,65,"Head Trim - PBR, AVP and Retro-R® Panels",1,3,part,PART #,DESCRIPTION,FL-853
commercial-industrial,65,"Head Trim - PBR, AVP and Retro-R® Panels",1,3,length,LENGTH,DESCRIPTION,"q42'-4"""
commercial-industrial,65,"Head Trim - PBR, AVP and Retro-R® Panels",1,3,girth,GIRTH,DESCRIPTION,"634"""
commercial-industrial,65,"Head Trim - PBR, AVP and Retro-R® Panels",1,3,weight_each,WEIGHT EACH,DESCRIPTION,5.10#
commercial-industrial,65,"Head Trim - PBR, AVP and Retro-R® Panels",1,3,galvalume_plus,GALVALUME® PLUS,PRICED PER EACH,✓
commercial-industrial,65,"Head Trim - PBR, AVP and Retro-R® Panels",1,3,signature_200,SIGNATURE® 200,PRICED PER EACH,✓
commercial-industrial,65,"Head Trim - PBR, AVP and Retro-R® Panels",1,3,signature_300,SIGNATURE® 300,PRICED PER EACH,✓
commercial-industrial,65,"Head Trim - PBR, AVP and Retro-R® Panels",1,4,part,PART #,DESCRIPTION,FL-854
commercial-industrial,65,"Head Trim - PBR, AVP and Retro-R® Panels",1,4,length,LENGTH,DESCRIPTION,"14'-4"""
commercial-industrial,65,"Head Trim - PBR, AVP and Retro-R® Panels",1,4,girth,GIRTH,DESCRIPTION,"634"""
commercial-industrial,65,"Head Trim - PBR, AVP and Retro-R® Panels",1,4,weight_each,WEIGHT EACH,DESCRIPTION,5.934
commercial-industrial,65,"Head Trim - PBR, AVP and Retro-R® Panels",1,4,galvalume_plus,GALVALUME® PLUS,PRICED PER EACH,✓
commercial-industrial,65,"Head Trim - PBR, AVP and Retro-R® Panels",1,4,signature_200,SIGNATURE® 200,PRICED PER EACH,✓
commercial-industrial,65,"Head Trim - PBR, AVP and Retro-R® Panels",1,4,signature_300,SIGNATURE® 300,PRICED PER EACH,✓
commercial-industrial,65,Panel Starter - AVP Panel,2,0,part,PART #,DESCRIPTION,FL-46
commercial-industrial,65,Panel Starter - AVP Panel,2,0,length,LENGTH,DESCRIPTION,"10'-2"""
commercial-industrial,65,Panel Starter - AVP Panel,2,0,girth,GIRTH,DESCRIPTION,"8%eo"""
commercial-industrial,65,Panel Starter - AVP Panel,2,0,weight_each,WEIGHT EACH,DESCRIPTION,5.48#
commercial-industrial,65,Panel Starter - AVP Panel,2,0,galvalume_plus,GALVALUME® PLUS,PRICED PER EACH,✓
commercial-industrial,65,Panel Starter - AVP Panel,2,0,signature_200,SIGNATURE® 200,PRICED PER EACH,✓
commercial-industrial,65,Panel Starter - AVP Panel,2,0,signature_300,SIGNATURE® 300,PRICED PER EACH,✓
commercial-industrial,65,Panel Starter - AVP Panel,2,1,part,PART #,DESCRIPTION,FL-46A
commercial-industrial,65,Panel Starter - AVP Panel,2,1,length,LENGTH,DESCRIPTION,"12'-O"""
commercial-industrial,65,Panel Starter - AVP Panel,2,1,girth,GIRTH,DESCRIPTION,"8%e6"""
commercial-industrial,65,Panel Starter - AVP Panel,2,1,weight_each,WEIGHT EACH,DESCRIPTION,6.47#
commercial-industrial,65,Panel Starter - AVP Panel,2,1,galvalume_plus,GALVALUME® PLUS,PRICED PER EACH,✓
commercial-industrial,65,Panel Starter - AVP Panel,2,1,signature_200,SIGNATURE® 200,PRICED PER EACH,✓
commercial-industrial,65,Panel Starter - AVP Panel,2,1,signature_300,SIGNATURE® 300,PRICED PER EACH,✓
commercial-industrial,65,Panel Starter - AVP Panel,2,2,part,PART #,DESCRIPTION,FL-46B
commercial-industrial,65,Panel Starter - AVP Panel,2,2,length,LENGTH,DESCRIPTION,"1 4'-0"""
commercial-industrial,65,Panel Starter - AVP Panel,2,2,girth,GIRTH,DESCRIPTION,"8%"""
commercial-industrial,65,Panel Starter - AVP Panel,2,2,weight_each,WEIGHT EACH,DESCRIPTION,75#
commercial-industrial,65,Panel Starter - AVP Panel,2,2,galvalume_plus,GALVALUME® PLUS,PRICED PER EACH,✓
commercial-industrial,65,Panel Starter - AVP Panel,2,2,signature_200,SIGNATURE® 200,PRICED PER EACH,✓
commercial-industrial,65,Panel Starter - AVP Panel,2,2,signature_300,SIGNATURE® 300,PRICED PER EACH,✓
commercial-industrial,65,Panel Starter - AVP Panel,2,3,part,PART #,DESCRIPTION,FL-46C
commercial-industrial,65,Panel Starter - AVP Panel,2,3,length,LENGTH,DESCRIPTION,"16'-0"""
commercial-industrial,65,Panel Starter - AVP Panel,2,3,girth,GIRTH,DESCRIPTION,"8%eo"""
commercial-industrial,65,Panel Starter - AVP Panel,2,3,weight_each,WEIGHT EACH,DESCRIPTION,8.634
commercial-industrial,65,Panel Starter - AVP Panel,2,3,galvalume_plus,GALVALUME® PLUS,PRICED PER EACH,✓
commercial-industrial,65,Panel Starter - AVP Panel,2,3,signature_200,SIGNATURE® 200,PRICED PER EACH,✓
commercial-industrial,65,Panel Starter - AVP Panel,2,3,signature_300,SIGNATURE® 300,PRICED PER EACH,✓
commercial-industrial,65,Panel Starter - AVP Panel,2,4,part,PART #,DESCRIPTION,FL-46D
commercial-industrial,65,Panel Starter - AVP Panel,2,4,length,LENGTH,DESCRIPTION,"20'-2"""
commercial-industrial,65,Panel Starter - AVP Panel,2,4,girth,GIRTH,DESCRIPTION,"8%e"""
commercial-industrial,65,Panel Starter - AVP Panel,2,4,weight_each,WEIGHT EACH,DESCRIPTION,10.87#
commercial-industrial,65,Panel Starter - AVP Panel,2,4,galvalume_plus,GALVALUME® PLUS,PRICED PER EACH,✓
commercial-industrial,65,Panel Starter - AVP Panel,2,4,signature_200,SIGNATURE® 200,PRICED PER EACH,✓
commercial-industrial,65,Panel Starter - AVP Panel,2,4,signature_300,SIGNATURE® 300,PRICED PER EACH,✓
commercial-industrial,66,Parapet High Eave Trim,0,0,part,PART #,DESCRIPTION,FL-195
commercial-industrial,66,Parapet High Eave Trim,0,0,length,LENGTH,DESCRIPTION,"10'-2"""
commercial-industrial,66,Parapet High Eave Trim,0,0,girth,GIRTH,DESCRIPTION,"14"""
commercial-industrial,66,Parapet High Eave Trim,0,0,weight_each,WEIGHT EACH,DESCRIPTION,9.80#
commercial-industrial,66,Parapet High Eave Trim,0,0,galvalume_plus,GALVALUME® PLUS,PRICED PER EACH,✓
commercial-industrial,66,Parapet High Eave Trim,0,0,signature_200,SIGNATURE® 200,PRICED PER EACH,✓
commercial-industrial,66,Parapet High Eave Trim,0,0,signature_300,SIGNATURE® 300,PRICED PER EACH,✓
commercial-industrial,66,Parapet High Eave Trim,1,0,part,PART #,DESCRIPTION,FL-874
commercial-industrial,66,Parapet High Eave Trim,1,0,length,LENGTH,DESCRIPTION,"10'-2"""
commercial-industrial,66,Parapet High Eave Trim,1,0,girth,GIRTH,DESCRIPTION,"12"""
commercial-industrial,66,Parapet High Eave Trim,1,0,weight_each,WEIGHT EACH,DESCRIPTION,7.914
commercial-industrial,66,Parapet High Eave Trim,1,0,galvalume_plus,GALVALUME® PLUS,PRICED PER EACH,✓
commercial-industrial,66,Parapet High Eave Trim,1,0,signature_200,SIGNATURE® 200,PRICED PER EACH,✓
commercial-industrial,66,Parapet High Eave Trim,1,0,signature_300,SIGNATURE® 300,PRICED PER EACH,✓
commercial-industrial,66,Parapet High Eave Trim,1,1,part,PART #,DESCRIPTION,FL-875
commercial-industrial,66,Parapet High Eave Trim,1,1,length,LENGTH,DESCRIPTION,"20'-2"""
commercial-industrial,66,Parapet High Eave Trim,1,1,girth,GIRTH,DESCRIPTION,"12"""
commercial-industrial,66,Parapet High Eave Trim,1,1,weight_each,WEIGHT EACH,DESCRIPTION,15.09#
commercial-industrial,66,Parapet High Eave Trim,1,1,galvalume_plus,GALVALUME® PLUS,PRICED PER EACH,✓
commercial-industrial,66,Parapet High Eave Trim,1,1,signature_200,SIGNATURE® 200,PRICED PER EACH,✓
commercial-industrial,66,Parapet High Eave Trim,1,1,signature_300,SIGNATURE® 300,PRICED PER EACH,✓
commercial-industrial,66,Parapet Rake - PBR Panel,2,0,part,PART #,DESCRIPTION,FL-952
commercial-industrial,66,Parapet Rake - PBR Panel,2,0,length,LENGTH,DESCRIPTION,"10'-2"""
commercial-industrial,66,Parapet Rake - PBR Panel,2,0,girth,GIRTH,DESCRIPTION,"14"""
commercial-industrial,66,Parapet Rake - PBR Panel,2,0,weight_each,WEIGHT EACH,DESCRIPTION,9.234
commercial-industrial,66,Parapet Rake - PBR Panel,2,0,galvalume_plus,GALVALUME® PLUS,PRICED PER EACH,✓
commercial-industrial,66,Parapet Rake - PBR Panel,2,0,signature_200,SIGNATURE® 200,PRICED PER EACH,✓
commercial-industrial,66,Parapet Rake - PBR Panel,2,0,signature_300,SIGNATURE® 300,PRICED PER EACH,✓
commercial-industrial,66,Parapet Rake - PBR Panel,2,1,part,PART #,DESCRIPTION,FL-953
commercial-industrial,66,Parapet Rake - PBR Panel,2,1,length,LENGTH,DESCRIPTION,"20'-2"""
commercial-industrial,66,Parapet Rake - PBR Panel,2,1,girth,GIRTH,DESCRIPTION,"14"""
commercial-industrial,66,Parapet Rake - PBR Panel,2,1,weight_each,WEIGHT EACH,DESCRIPTION,19.60#
commercial-industrial,66,Parapet Rake - PBR Panel,2,1,galvalume_plus,GALVALUME® PLUS,PRICED PER EACH,✓
commercial-industrial,66,Parapet Rake - PBR Panel,2,1,signature_200,SIGNATURE® 200,PRICED PER EACH,✓
commercial-industrial,66,Parapet Rake - PBR Panel,2,1,signature_300,SIGNATURE® 300,PRICED PER EACH,✓
commercial-industrial,67,Parapet Rake - PBU Panel,0,0,part,PART #,DESCRIPTION,FL-954
commercial-industrial,67,Parapet Rake - PBU Panel,0,0,length,LENGTH,DESCRIPTION,"10'-2"""
commercial-industrial,67,Parapet Rake - PBU Panel,0,0,girth,GIRTH,DESCRIPTION,"14"""
commercial-industrial,67,Parapet Rake - PBU Panel,0,0,weight_each,WEIGHT EACH,DESCRIPTION,9.80#
commercial-industrial,67,Parapet Rake - PBU Panel,0,0,galvalume_plus,GALVALUME® PLUS,PRICED PER EACH,✓
commercial-industrial,67,Parapet Rake - PBU Panel,0,0,signature_200,SIGNATURE® 200,PRICED PER EACH,✓
commercial-industrial,67,Parapet Rake - PBU Panel,0,0,signature_300,SIGNATURE® 300,PRICED PER EACH,✓
commercial-industrial,67,Parapet Rake - PBU Panel,0,1,part,PART #,DESCRIPTION,FL-855
commercial-industrial,67,Parapet Rake - PBU Panel,0,1,length,LENGTH,DESCRIPTION,"20'-2"""
commercial-industrial,67,Parapet Rake - PBU Panel,0,1,girth,GIRTH,DESCRIPTION,"14"""
commercial-industrial,67,Parapet Rake - PBU Panel,0,1,weight_each,WEIGHT EACH,DESCRIPTION,19.60#
commercial-industrial,67,Parapet Rake - PBU Panel,0,1,galvalume_plus,GALVALUME® PLUS,PRICED PER EACH,✓
commercial-industrial,67,Parapet Rake - PBU Panel,0,1,signature_200,SIGNATURE® 200,PRICED PER EACH,✓
commercial-industrial,67,Parapet Rake - PBU Panel,0,1,signature_300,SIGNATURE® 300,PRICED PER EACH,✓
commercial-industrial,67,Parapet Rake - 7.2 Panel,1,0,part,PART #,DESCRIPTION,FL-525
commercial-industrial,67,Parapet Rake - 7.2 Panel,1,0,length,LENGTH,DESCRIPTION,"1 Q'-2"""
commercial-industrial,67,Parapet Rake - 7.2 Panel,1,0,girth,GIRTH,DESCRIPTION,"14"""
commercial-industrial,67,Parapet Rake - 7.2 Panel,1,0,weight_each,WEIGHT EACH,DESCRIPTION,9.234
commercial-industrial,67,Parapet Rake - 7.2 Panel,1,0,galvalume_plus,GALVALUME® PLUS,PRICED PER EACH,✓
commercial-industrial,67,Parapet Rake - 7.2 Panel,1,0,signature_200,SIGNATURE® 200,PRICED PER EACH,✓
commercial-industrial,67,Parapet Rake - 7.2 Panel,1,0,signature_300,SIGNATURE® 300,PRICED PER EACH,✓
commercial-industrial,67,2 x 2 Outside Angle,2,0,part,PART #,DESCRIPTION,FL-27
commercial-industrial,67,2 x 2 Outside Angle,2,0,length,LENGTH,DESCRIPTION,"10'-2"""
commercial-industrial,67,2 x 2 Outside Angle,2,0,girth,GIRTH,DESCRIPTION,"5"""
commercial-industrial,67,2 x 2 Outside Angle,2,0,weight_each,WEIGHT EACH,DESCRIPTION,3.30#
commercial-industrial,67,2 x 2 Outside Angle,2,0,galvalume_plus,GALVALUME® PLUS,PRICED PER EACH,✓
commercial-industrial,67,2 x 2 Outside Angle,2,0,signature_200,SIGNATURE® 200,PRICED PER EACH,✓
commercial-industrial,67,2 x 2 Outside Angle,2,0,signature_300,SIGNATURE® 300,PRICED PER EACH,✓
commercial-industrial,68,2 x 2 Inside Angle,0,0,part,PART #,DESCRIPTION,FL-28
commercial-industrial,68,2 x 2 Inside Angle,0,0,length,LENGTH,DESCRIPTION,"10'-2"""
commercial-industrial,68,2 x 2 Inside Angle,0,0,girth,GIRTH,DESCRIPTION,"5"""
commercial-industrial,68,2 x 2 Inside Angle,0,0,weight_each,WEIGHT EACH,DESCRIPTION,3.30#
commercial-industrial,68,2 x 2 Inside Angle,0,0,galvalume_plus,GALVALUME® PLUS,PRICED PER EACH,✓
commercial-industrial,68,2 x 2 Inside Angle,0,0,signature_200,SIGNATURE® 200,PRICED PER EACH,✓
commercial-industrial,68,2 x 2 Inside Angle,0,0,signature_300,SIGNATURE® 300,PRICED PER EACH,✓
commercial-industrial,68,3 x 3 Outside Angle,1,0,part,PART #,DESCRIPTION,FL-29
commercial-industrial,68,3 x 3 Outside Angle,1,0,length,LENGTH,DESCRIPTION,"10'-2"""
commercial-industrial,68,3 x 3 Outside Angle,1,0,girth,GIRTH,DESCRIPTION,"7"""
commercial-industrial,68,3 x 3 Outside Angle,1,0,weight_each,WEIGHT EACH,DESCRIPTION,4.70#
commercial-industrial,68,3 x 3 Outside Angle,1,0,galvalume_plus,GALVALUME® PLUS,PRICED PER EACH,✓
commercial-industrial,68,3 x 3 Outside Angle,1,0,signature_200,SIGNATURE® 200,PRICED PER EACH,✓
commercial-industrial,68,3 x 3 Outside Angle,1,0,signature_300,SIGNATURE® 300,PRICED PER EACH,✓
commercial-industrial,68,3 x3 Inside Angle,2,0,part,PART #,DESCRIPTION,FL-30
commercial-industrial,68,3 x3 Inside Angle,2,0,length,LENGTH,DESCRIPTION,"10'-2"""
commercial-industrial,68,3 x3 Inside Angle,2,0,girth,GIRTH,DESCRIPTION,"7"""
commercial-industrial,68,3 x3 Inside Angle,2,0,weight_each,WEIGHT EACH,DESCRIPTION,4.70#
commercial-industrial,68,3 x3 Inside Angle,2,0,galvalume_plus,GALVALUME® PLUS,PRICED PER EACH,✓
commercial-industrial,68,3 x3 Inside Angle,2,0,signature_200,SIGNATURE® 200,PRICED PER EACH,✓
commercial-industrial,68,3 x3 Inside Angle,2,0,signature_300,SIGNATURE® 300,PRICED PER EACH,✓
commercial-industrial,69,Flat Ridge Cap,0,0,part,PART #,DESCRIPTION,FL-38
commercial-industrial,69,Flat Ridge Cap,0,0,length,LENGTH,DESCRIPTION,"10'-2"""
commercial-industrial,69,Flat Ridge Cap,0,0,girth,GIRTH,DESCRIPTION,"24"""
commercial-industrial,69,Flat Ridge Cap,0,0,weight_each,WEIGHT EACH,DESCRIPTION,15.82#
commercial-industrial,69,Flat Ridge Cap,0,0,galvalume_plus,GALVALUME® PLUS,PRICED PER EACH,✓
commercial-industrial,69,Flat Ridge Cap,0,0,signature_200,SIGNATURE® 200,PRICED PER EACH,✓
commercial-industrial,69,Flat Ridge Cap,0,0,signature_300,SIGNATURE® 300,PRICED PER EACH,✓
commercial-industrial,69,Flat Ridge Cap,0,1,part,PART #,DESCRIPTION,FL-38A
commercial-industrial,69,Flat Ridge Cap,0,1,length,LENGTH,DESCRIPTION,"20'-2"""
commercial-industrial,69,Flat Ridge Cap,0,1,girth,GIRTH,DESCRIPTION,"24"""
commercial-industrial,69,Flat Ridge Cap,0,1,weight_each,WEIGHT EACH,DESCRIPTION,31.39#
commercial-industrial,69,Flat Ridge Cap,0,1,galvalume_plus,GALVALUME® PLUS,PRICED PER EACH,✓
commercial-industrial,69,Flat Ridge Cap,0,1,signature_200,SIGNATURE® 200,PRICED PER EACH,✓
commercial-industrial,69,Flat Ridge Cap,0,1,signature_300,SIGNATURE® 300,PRICED PER EACH,✓
commercial-industrial,69,Masonry Flash,1,0,part,PART #,DESCRIPTION,FL-846
commercial-industrial,69,Masonry Flash,1,0,length,LENGTH,DESCRIPTION,"1 Q'-2"""
commercial-industrial,69,Masonry Flash,1,0,girth,GIRTH,DESCRIPTION,"11"""
commercial-industrial,69,Masonry Flash,1,0,weight_each,WEIGHT EACH,DESCRIPTION,7. 10#
commercial-industrial,69,Masonry Flash,1,0,galvalume_plus,GALVALUME® PLUS,PRICED PER EACH,✓
commercial-industrial,69,Masonry Flash,1,0,signature_200,SIGNATURE® 200,PRICED PER EACH,✓
commercial-industrial,69,Masonry Flash,1,0,signature_300,SIGNATURE® 300,PRICED PER EACH,✓
commercial-industrial,69,Masonry Flash,1,1,part,PART #,DESCRIPTION,FL-847
commercial-industrial,69,Masonry Flash,1,1,length,LENGTH,DESCRIPTION,"20'-2"""
commercial-industrial,69,Masonry Flash,1,1,girth,GIRTH,DESCRIPTION,"11"""
commercial-industrial,69,Masonry Flash,1,1,weight_each,WEIGHT EACH,DESCRIPTION,15.40#
commercial-industrial,69,Masonry Flash,1,1,galvalume_plus,GALVALUME® PLUS,PRICED PER EACH,✓
commercial-industrial,69,Masonry Flash,1,1,signature_200,SIGNATURE® 200,PRICED PER EACH,✓
commercial-industrial,69,Masonry Flash,1,1,signature_300,SIGNATURE® 300,PRICED PER EACH,✓
commercial-industrial,69,Window Sill Trim - Fixed Glass,2,0,part,PART #,DESCRIPTION,FL-848
commercial-industrial,69,Window Sill Trim - Fixed Glass,2,0,length,LENGTH,DESCRIPTION,"10'-2"""
commercial-industrial,69,Window Sill Trim - Fixed Glass,2,0,girth,GIRTH,DESCRIPTION,"6"""
commercial-industrial,69,Window Sill Trim - Fixed Glass,2,0,weight_each,WEIGHT EACH,DESCRIPTION,3.96#
commercial-industrial,69,Window Sill Trim - Fixed Glass,2,0,galvalume_plus,GALVALUME® PLUS,PRICED PER EACH,✓
commercial-industrial,69,Window Sill Trim - Fixed Glass,2,0,signature_200,SIGNATURE® 200,PRICED PER EACH,✓
commercial-industrial,69,Window Sill Trim - Fixed Glass,2,0,signature_300,SIGNATURE® 300,PRICED PER EACH,✓
commercial-industrial,70,Jamb or Head Cap,0,0,part,PART #,DESCRIPTION,FL-37
commercial-industrial,70,Jamb or Head Cap,0,0,length,LENGTH,DESCRIPTION,"10'-2"""
commercial-industrial,70,Jamb or Head Cap,0,0,girth,GIRTH,DESCRIPTION,"13%"""
commercial-industrial,70,Jamb or Head Cap,0,0,weight_each,WEIGHT EACH,DESCRIPTION,8.65#
commercial-industrial,70,Jamb or Head Cap,0,0,galvalume_plus,GALVALUME® PLUS,PRICED PER EACH,✓
commercial-industrial,70,Jamb or Head Cap,0,0,signature_200,SIGNATURE® 200,PRICED PER EACH,✓
commercial-industrial,70,Jamb or Head Cap,0,0,signature_300,SIGNATURE® 300,PRICED PER EACH,✓
commercial-industrial,70,Sliding Door Hood,1,0,part,PART #,DESCRIPTION,FL-45
commercial-industrial,70,Sliding Door Hood,1,0,length,LENGTH,DESCRIPTION,"10'-2"""
commercial-industrial,70,Sliding Door Hood,1,0,girth,GIRTH,DESCRIPTION,"1672"""
commercial-industrial,70,Sliding Door Hood,1,0,weight_each,WEIGHT EACH,DESCRIPTION,10.88#
commercial-industrial,70,Sliding Door Hood,1,0,galvalume_plus,GALVALUME® PLUS,PRICED PER EACH,✓
commercial-industrial,70,Sliding Door Hood,1,0,signature_200,SIGNATURE® 200,PRICED PER EACH,✓
commercial-industrial,70,Sliding Door Hood,1,0,signature_300,SIGNATURE® 300,PRICED PER EACH,✓
commercial-industrial,70,Sliding Door Hood,1,1,part,PART #,DESCRIPTION,FL-45B
commercial-industrial,70,Sliding Door Hood,1,1,length,LENGTH,DESCRIPTION,"q42'-2"""
commercial-industrial,70,Sliding Door Hood,1,1,girth,GIRTH,DESCRIPTION,"1672"""
commercial-industrial,70,Sliding Door Hood,1,1,weight_each,WEIGHT EACH,DESCRIPTION,13.02#
commercial-industrial,70,Sliding Door Hood,1,1,galvalume_plus,GALVALUME® PLUS,PRICED PER EACH,✓
commercial-industrial,70,Sliding Door Hood,1,1,signature_200,SIGNATURE® 200,PRICED PER EACH,✓
commercial-industrial,70,Sliding Door Hood,1,1,signature_300,SIGNATURE® 300,PRICED PER EACH,✓
commercial-industrial,70,Sliding Door Hood,1,2,part,PART #,DESCRIPTION,FL-45C
commercial-industrial,70,Sliding Door Hood,1,2,length,LENGTH,DESCRIPTION,"q4'-2"""
commercial-industrial,70,Sliding Door Hood,1,2,girth,GIRTH,DESCRIPTION,162
commercial-industrial,70,Sliding Door Hood,1,2,weight_each,WEIGHT EACH,DESCRIPTION,15.16#
commercial-industrial,70,Sliding Door Hood,1,2,galvalume_plus,GALVALUME® PLUS,PRICED PER EACH,✓
commercial-industrial,70,Sliding Door Hood,1,2,signature_200,SIGNATURE® 200,PRICED PER EACH,✓
commercial-industrial,70,Sliding Door Hood,1,2,signature_300,SIGNATURE® 300,PRICED PER EACH,✓
commercial-industrial,70,Sliding Door Hood,2,0,part,PART #,DESCRIPTION,FL-451
commercial-industrial,70,Sliding Door Hood,2,0,length,LENGTH,DESCRIPTION,"10'-2"""
commercial-industrial,70,Sliding Door Hood,2,0,girth,GIRTH,DESCRIPTION,"19%"""
commercial-industrial,70,Sliding Door Hood,2,0,weight_each,WEIGHT EACH,DESCRIPTION,13.43#
commercial-industrial,70,Sliding Door Hood,2,0,galvalume_plus,GALVALUME® PLUS,PRICED PER EACH,✓
commercial-industrial,70,Sliding Door Hood,2,0,signature_200,SIGNATURE® 200,PRICED PER EACH,✓
commercial-industrial,70,Sliding Door Hood,2,0,signature_300,SIGNATURE® 300,PRICED PER EACH,✓
commercial-industrial,71,Standard Valley,0,0,part,PART #,DESCRIPTION,FL-556
commercial-industrial,71,Standard Valley,0,0,length,LENGTH,DESCRIPTION,"10'-2"""
commercial-industrial,71,Standard Valley,0,0,girth,GIRTH,DESCRIPTION,"26"""
commercial-industrial,71,Standard Valley,0,0,weight_each,WEIGHT EACH,DESCRIPTION,17.80#
commercial-industrial,71,Standard Valley,0,0,galvalume_plus,GALVALUME® PLUS,PRICED PER EACH,✓
commercial-industrial,71,Standard Valley,0,0,signature_200,SIGNATURE® 200,PRICED PER EACH,✓
commercial-industrial,71,Standard Valley,0,0,signature_300,SIGNATURE® 300,PRICED PER EACH,✓
commercial-industrial,71,Standard Valley,0,1,part,PART #,DESCRIPTION,FL-557
commercial-industrial,71,Standard Valley,0,1,length,LENGTH,DESCRIPTION,"20'-2"""
commercial-industrial,71,Standard Valley,0,1,girth,GIRTH,DESCRIPTION,"26"""
commercial-industrial,71,Standard Valley,0,1,weight_each,WEIGHT EACH,DESCRIPTION,25.70#
commercial-industrial,71,Standard Valley,0,1,galvalume_plus,GALVALUME® PLUS,PRICED PER EACH,✓
commercial-industrial,71,Standard Valley,0,1,signature_200,SIGNATURE® 200,PRICED PER EACH,✓
commercial-industrial,71,Standard Valley,0,1,signature_300,SIGNATURE® 300,PRICED PER EACH,✓
commercial-industrial,71,Extended Valley,1,0,part,PART #,DESCRIPTION,FL-558
commercial-industrial,71,Extended Valley,1,0,length,LENGTH,DESCRIPTION,"1 Q'-2"""
commercial-industrial,71,Extended Valley,1,0,girth,GIRTH,DESCRIPTION,"41%"""
commercial-industrial,71,Extended Valley,1,0,weight_each,WEIGHT EACH,DESCRIPTION,27.85#
commercial-industrial,71,Extended Valley,1,0,galvalume_plus,GALVALUME® PLUS,PRICED PER EACH,✓
commercial-industrial,71,Extended Valley,1,0,signature_200,SIGNATURE® 200,PRICED PER EACH,✓
commercial-industrial,71,Extended Valley,1,0,signature_300,SIGNATURE® 300,PRICED PER EACH,✓
commercial-industrial,71,Extended Valley,1,1,part,PART #,DESCRIPTION,FL-559
commercial-industrial,71,Extended Valley,1,1,length,LENGTH,DESCRIPTION,"14'-0"""
commercial-industrial,71,Extended Valley,1,1,girth,GIRTH,DESCRIPTION,"41 %2"""
commercial-industrial,71,Extended Valley,1,1,weight_each,WEIGHT EACH,DESCRIPTION,37.68#
commercial-industrial,71,Extended Valley,1,1,galvalume_plus,GALVALUME® PLUS,PRICED PER EACH,✓
commercial-industrial,71,Extended Valley,1,1,signature_200,SIGNATURE® 200,PRICED PER EACH,✓
commercial-industrial,71,Extended Valley,1,1,signature_300,SIGNATURE® 300,PRICED PER EACH,✓
commercial-industrial,71,Gutter Strap - Retro-R® / 7.2 Panels,2,0,part,PART #,DESCRIPTION,FL-895
commercial-industrial,71,Gutter Strap - Retro-R® / 7.2 Panels,2,0,length,LENGTH,DESCRIPTION,"1 _o"""
commercial-industrial,71,Gutter Strap - Retro-R® / 7.2 Panels,2,0,girth,GIRTH,DESCRIPTION,"3%"""
commercial-industrial,71,Gutter Strap - Retro-R® / 7.2 Panels,2,0,weight_each,WEIGHT EACH,DESCRIPTION,25H
commercial-industrial,71,Gutter Strap - Retro-R® / 7.2 Panels,2,0,galvalume_plus,GALVALUME® PLUS,PRICED PER EACH,✓
commercial-industrial,71,Gutter Strap - Retro-R® / 7.2 Panels,2,0,signature_200,SIGNATURE® 200,PRICED PER EACH,✓
commercial-industrial,71,Gutter Strap - Retro-R® / 7.2 Panels,2,0,signature_300,SIGNATURE® 300,PRICED PER EACH,✓
commercial-industrial,72,,0,0,column_1,,,DESCRIPTION
commercial-industrial,72,,0,0,column_2,,,PRICED PER EACH
commercial-industrial,72,,0,1,column_1,,,GAUGE
commercial-industrial,72,,0,1,column_2,,,GALVALUME® PLUS
commercial-industrial,72,,0,1,column_3,,,SIGNATURE® 200
commercial-industrial,72,,0,1,column_4,,,SIGNATURE® 300
commercial-industrial,72,,0,2,column_1,,,26
commercial-industrial,72,,0,2,column_2,,,v
commercial-industrial,72,,0,2,column_3,,,v
commercial-industrial,72,,0,2,column_4,,,Please Inquire
commercial-industrial,72,,0,3,column_1,,,24
commercial-industrial,72,,0,3,column_2,,,v
commercial-industrial,72,,0,3,column_3,,,v
commercial-industrial,72,,0,3,column_4,,,v
