catalog,page,section,table,row,column,column_label,column_group,value
agricultural,4,Ameri-Drain®,0,0,gauge,GAUGE,DESCRIPTION,29
agricultural,4,Ameri-Drain®,0,0,coverage,COVERAGE,DESCRIPTION,"36"""
agricultural,4,Ameri-Drain®,0,0,yield_psi,YIELD (PSI),DESCRIPTION,"80,000"
agricultural,4,Ameri-Drain®,0,0,weight_per_sq,WEIGHT PER SQ,DESCRIPTION,O8#
agricultural,4,Ameri-Drain®,0,0,finish,FINISH*,DESCRIPTION,Galvalume® Plus &
agricultural,4,Ameri-Drain®,0,0,price,PRICE,,✓
agricultural,4,Ameri-Drain®,0,1,gauge,GAUGE,DESCRIPTION,29
agricultural,4,Ameri-Drain®,0,1,coverage,COVERAGE,DESCRIPTION,"36"""
agricultural,4,Ameri-Drain®,0,1,yield_psi,YIELD (PSI),DESCRIPTION,"80,000"
agricultural,4,Ameri-Drain®,0,1,weight_per_sq,WEIGHT PER SQ,DESCRIPTION,O8#
agricultural,4,Ameri-Drain®,0,1,finish,FINISH*,DESCRIPTION,Signature® 200
agricultural,4,Ameri-Drain®,0,1,price,PRICE,,✓
agricultural,4,Ameri-Drain®,0,2,gauge,GAUGE,DESCRIPTION,26
agricultural,4,Ameri-Drain®,0,2,coverage,COVERAGE,DESCRIPTION,"36"""
agricultural,4,Ameri-Drain®,0,2,yield_psi,YIELD (PSI),DESCRIPTION,"80,000"
agricultural,4,Ameri-Drain®,0,2,weight_per_sq,WEIGHT PER SQ,DESCRIPTION,85#
agricultural,4,Ameri-Drain®,0,2,finish,FINISH*,DESCRIPTION,Galvalume® Plus &
agricultural,4,Ameri-Drain®,0,2,price,PRICE,,✓
agricultural,4,Ameri-Drain®,0,3,gauge,GAUGE,DESCRIPTION,26
agricultural,4,Ameri-Drain®,0,3,coverage,COVERAGE,DESCRIPTION,"36"""
agricultural,4,Ameri-Drain®,0,3,yield_psi,YIELD (PSI),DESCRIPTION,"80,000"
agricultural,4,Ameri-Drain®,0,3,weight_per_sq,WEIGHT PER SQ,DESCRIPTION,85#
agricultural,4,Ameri-Drain®,0,3,finish,FINISH*,DESCRIPTION,Signature® 200
agricultural,4,Ameri-Drain®,0,3,price,PRICE,,✓
agricultural,4,Ameri-Drain®,0,4,gauge,GAUGE,DESCRIPTION,.024 Alum tt
agricultural,4,Ameri-Drain®,0,4,coverage,COVERAGE,DESCRIPTION,"36"""
agricultural,4,Ameri-Drain®,0,4,yield_psi,YIELD (PSI),DESCRIPTION,"18,000"
agricultural,4,Ameri-Drain®,0,4,weight_per_sq,WEIGHT PER SQ,DESCRIPTION,Al#
agricultural,4,Ameri-Drain®,0,4,finish,FINISH*,DESCRIPTION,Signature® 200 - Polar White Only
agricultural,4,Ameri-Drain®,0,4,price,PRICE,,✓
agricultural,6,Perma-Clad® and MasterRib®,0,0,gauge,GAUGE,DESCRIPTION,29
agricultural,6,Perma-Clad® and MasterRib®,0,0,coverage,COVERAGE,DESCRIPTION,"36"""
agricultural,6,Perma-Clad® and MasterRib®,0,0,yield_psi,YIELD (PSI),DESCRIPTION,"80,000"
agricultural,6,Perma-Clad® and MasterRib®,0,0,weight_per_sq,WEIGHT PER SQ,DESCRIPTION,O7#
agricultural,6,Perma-Clad® and MasterRib®,0,0,finish,FINISH*,DESCRIPTION,Galvalume® Plus &
agricultural,6,Perma-Clad® and MasterRib®,0,0,price,PRICE,,✓
agricultural,6,Perma-Clad® and MasterRib®,0,1,gauge,GAUGE,DESCRIPTION,29
agricultural,6,Perma-Clad® and MasterRib®,0,1,coverage,COVERAGE,DESCRIPTION,"36"""
agricultural,6,Perma-Clad® and MasterRib®,0,1,yield_psi,YIELD (PSI),DESCRIPTION,"80,000"
agricultural,6,Perma-Clad® and MasterRib®,0,1,weight_per_sq,WEIGHT PER SQ,DESCRIPTION,71#
agricultural,6,Perma-Clad® and MasterRib®,0,1,finish,FINISH*,DESCRIPTION,Galvanized
agricultural,6,Perma-Clad® and MasterRib®,0,1,price,PRICE,,✓
agricultural,6,Perma-Clad® and MasterRib®,0,2,gauge,GAUGE,DESCRIPTION,29
agricultural,6,Perma-Clad® and MasterRib®,0,2,coverage,COVERAGE,DESCRIPTION,"36"""
agricultural,6,Perma-Clad® and MasterRib®,0,2,yield_psi,YIELD (PSI),DESCRIPTION,"80,000"
agricultural,6,Perma-Clad® and MasterRib®,0,2,weight_per_sq,WEIGHT PER SQ,DESCRIPTION,O7#
agricultural,6,Perma-Clad® and MasterRib®,0,2,finish,FINISH*,DESCRIPTION,Signature® 200
agricultural,6,Perma-Clad® and MasterRib®,0,2,price,PRICE,,✓
agricultural,6,Perma-Clad® and MasterRib®,0,3,gauge,GAUGE,DESCRIPTION,26
agricultural,6,Perma-Clad® and MasterRib®,0,3,coverage,COVERAGE,DESCRIPTION,"36"""
agricultural,6,Perma-Clad® and MasterRib®,0,3,yield_psi,YIELD (PSI),DESCRIPTION,"80,000"
agricultural,6,Perma-Clad® and MasterRib®,0,3,weight_per_sq,WEIGHT PER SQ,DESCRIPTION,844
agricultural,6,Perma-Clad® and MasterRib®,0,3,finish,FINISH*,DESCRIPTION,Galvalume® Plus &
agricultural,6,Perma-Clad® and MasterRib®,0,3,price,PRICE,,✓
agricultural,6,Perma-Clad® and MasterRib®,0,4,gauge,GAUGE,DESCRIPTION,26
agricultural,6,Perma-Clad® and MasterRib®,0,4,coverage,COVERAGE,DESCRIPTION,"36"""
agricultural,6,Perma-Clad® and MasterRib®,0,4,yield_psi,YIELD (PSI),DESCRIPTION,"80,000"
agricultural,6,Perma-Clad® and MasterRib®,0,4,weight_per_sq,WEIGHT PER SQ,DESCRIPTION,S44
agricultural,6,Perma-Clad® and MasterRib®,0,4,finish,FINISH*,DESCRIPTION,Signature® 200
agricultural,6,Perma-Clad® and MasterRib®,0,4,price,PRICE,,✓
agricultural,6,Perma-Clad® and MasterRib®,0,5,gauge,GAUGE,DESCRIPTION,.024 Alum tt
agricultural,6,Perma-Clad® and MasterRib®,0,5,coverage,COVERAGE,DESCRIPTION,"36"""
agricultural,6,Perma-Clad® and MasterRib®,0,5,yield_psi,YIELD (PSI),DESCRIPTION,"18,000"
agricultural,6,Perma-Clad® and MasterRib®,0,5,weight_per_sq,WEIGHT PER SQ,DESCRIPTION,Alt
agricultural,6,Perma-Clad® and MasterRib®,0,5,finish,FINISH*,DESCRIPTION,Signature® 200 - Polar White Only
agricultural,6,Perma-Clad® and MasterRib®,0,5,price,PRICE,,✓
agricultural,7,MasterRib® with Drip Stop,0,0,gauge,GAUGE,DESCRIPTION,29
agricultural,7,MasterRib® with Drip Stop,0,0,coverage,COVERAGE,DESCRIPTION,"36"""
agricultural,7,MasterRib® with Drip Stop,0,0,yield_psi,YIELD (PSI),DESCRIPTION,"80,000"
agricultural,7,MasterRib® with Drip Stop,0,0,weight_per_sq,WEIGHT PER SQ,DESCRIPTION,7#
agricultural,7,MasterRib® with Drip Stop,0,0,finish,FINISH*,DESCRIPTION,Galvalume® Plus &
agricultural,7,MasterRib® with Drip Stop,0,0,price,PRICE,,✓
agricultural,7,MasterRib® with Drip Stop,0,1,gauge,GAUGE,DESCRIPTION,29
agricultural,7,MasterRib® with Drip Stop,0,1,coverage,COVERAGE,DESCRIPTION,"36"""
agricultural,7,MasterRib® with Drip Stop,0,1,yield_psi,YIELD (PSI),DESCRIPTION,"80,000"
agricultural,7,MasterRib® with Drip Stop,0,1,weight_per_sq,WEIGHT PER SQ,DESCRIPTION,71#
agricultural,7,MasterRib® with Drip Stop,0,1,finish,FINISH*,DESCRIPTION,Galvanized
agricultural,7,MasterRib® with Drip Stop,0,1,price,PRICE,,✓
agricultural,7,MasterRib® with Drip Stop,0,2,gauge,GAUGE,DESCRIPTION,29
agricultural,7,MasterRib® with Drip Stop,0,2,coverage,COVERAGE,DESCRIPTION,"36"""
agricultural,7,MasterRib® with Drip Stop,0,2,yield_psi,YIELD (PSI),DESCRIPTION,"80,000"
agricultural,7,MasterRib® with Drip Stop,0,2,weight_per_sq,WEIGHT PER SQ,DESCRIPTION,67#
agricultural,7,MasterRib® with Drip Stop,0,2,finish,FINISH*,DESCRIPTION,Signature® 200
agricultural,7,MasterRib® with Drip Stop,0,2,price,PRICE,,✓
agricultural,7,MasterRib® with Drip Stop,0,3,gauge,GAUGE,DESCRIPTION,26
agricultural,7,MasterRib® with Drip Stop,0,3,coverage,COVERAGE,DESCRIPTION,"36"""
agricultural,7,MasterRib® with Drip Stop,0,3,yield_psi,YIELD (PSI),DESCRIPTION,"80,000"
agricultural,7,MasterRib® with Drip Stop,0,3,weight_per_sq,WEIGHT PER SQ,DESCRIPTION,84#
agricultural,7,MasterRib® with Drip Stop,0,3,finish,FINISH*,DESCRIPTION,Galvalume® Plus &
agricultural,7,MasterRib® with Drip Stop,0,3,price,PRICE,,✓
agricultural,7,MasterRib® with Drip Stop,0,4,gauge,GAUGE,DESCRIPTION,26
agricultural,7,MasterRib® with Drip Stop,0,4,coverage,COVERAGE,DESCRIPTION,"36"""
agricultural,7,MasterRib® with Drip Stop,0,4,yield_psi,YIELD (PSI),DESCRIPTION,"80,000"
agricultural,7,MasterRib® with Drip Stop,0,4,weight_per_sq,WEIGHT PER SQ,DESCRIPTION,844
agricultural,7,MasterRib® with Drip Stop,0,4,finish,FINISH*,DESCRIPTION,Signature® 200
agricultural,7,MasterRib® with Drip Stop,0,4,price,PRICE,,✓
agricultural,9,"2%"" Corrugated",0,0,gauge,GAUGE,DESCRIPTION,29
agricultural,9,"2%"" Corrugated",0,0,coverage,COVERAGE,DESCRIPTION,"24"""
agricultural,9,"2%"" Corrugated",0,0,yield_psi,YIELD (PSI),DESCRIPTION,"80,000"
agricultural,9,"2%"" Corrugated",0,0,weight_per_sq,WEIGHT PER SQ,DESCRIPTION,66#
agricultural,9,"2%"" Corrugated",0,0,finish,FINISH*,DESCRIPTION,Galvalume® Plus &
agricultural,9,"2%"" Corrugated",0,0,price,PRICE,,✓
agricultural,9,"2%"" Corrugated",0,1,gauge,GAUGE,DESCRIPTION,26
agricultural,9,"2%"" Corrugated",0,1,coverage,COVERAGE,DESCRIPTION,"24"""
agricultural,9,"2%"" Corrugated",0,1,yield_psi,YIELD (PSI),DESCRIPTION,"80,000"
agricultural,9,"2%"" Corrugated",0,1,weight_per_sq,WEIGHT PER SQ,DESCRIPTION,82#
agricultural,9,"2%"" Corrugated",0,1,finish,FINISH*,DESCRIPTION,Galvalume® Plus &
agricultural,9,"2%"" Corrugated",0,1,price,PRICE,,✓
agricultural,9,"2%"" Corrugated",0,2,gauge,GAUGE,DESCRIPTION,26
agricultural,9,"2%"" Corrugated",0,2,coverage,COVERAGE,DESCRIPTION,"24"""
agricultural,9,"2%"" Corrugated",0,2,yield_psi,YIELD (PSI),DESCRIPTION,"80,000"
agricultural,9,"2%"" Corrugated",0,2,weight_per_sq,WEIGHT PER SQ,DESCRIPTION,82#
agricultural,9,"2%"" Corrugated",0,2,finish,FINISH*,DESCRIPTION,Signature® 200
agricultural,9,"2%"" Corrugated",0,2,price,PRICE,,Please Inquire
agricultural,10,Flat Sheets,0,0,column_1,,,Width
agricultural,10,Flat Sheets,0,0,column_2,,,"40-7/8"""
agricultural,10,Flat Sheets,0,0,column_3,,,"42-3/4"""
agricultural,10,Flat Sheets,0,0,column_4,,,"48 - 3/8"""
agricultural,10,Flat Sheets,0,1,column_1,,,Gauge
agricultural,10,Flat Sheets,0,1,column_2,,,29 ga
agricultural,10,Flat Sheets,0,1,column_3,,,26 ga
agricultural,10,Flat Sheets,0,1,column_4,,,24 ga
agricultural,10,Flat Sheets,0,2,column_1,,,Weight per LF
agricultural,10,Flat Sheets,0,2,column_2,,,2.00#
agricultural,10,Flat Sheets,0,2,column_3,,,3.324
agricultural,10,Flat Sheets,0,2,column_4,,,3.754
agricultural,10,Flat Sheets,0,3,column_1,,,Signature® 200 (Polyester)
agricultural,10,Flat Sheets,1,0,column_1,,,Polar White
agricultural,10,Flat Sheets,1,1,column_1,,,Signature® 200
agricultural,10,Flat Sheets,2,0,column_1,,,Wine Red
agricultural,10,Flat Sheets,2,0,column_3,,,>
agricultural,10,Flat Sheets,2,0,column_4,,,>
agricultural,10,Flat Sheets,2,1,column_1,,,Signature® 300
agricultural,10,Flat Sheets,3,0,column_1,,,Tundra
agricultural,10,Flat Sheets,3,0,column_2,,,a
agricultural,10,Flat Sheets,3,0,column_3,,,>
agricultural,10,Flat Sheets,3,1,column_1,,,Signature® 300 Metallic
agricultural,10,Flat Sheets,4,0,column_1,,,Copper Metallic
agricultural,10,Flat Sheets,4,0,column_2,,,=a
agricultural,10,Flat Sheets,4,0,column_3,,,0
agricultural,10,Flat Sheets,4,1,column_1,,,Unpainted
agricultural,11,Rubber Roof Jack,0,0,part,PART #,DESCRIPTION,HW-1000
agricultural,11,Rubber Roof Jack,0,0,temperature_range,"TEMPERATURE
RANGE",DESCRIPTION,-65°F to +212°F
agricultural,11,Rubber Roof Jack,0,0,pipe_size,PIPE SIZE,DESCRIPTION,"Vy"" — 15"""
agricultural,11,Rubber Roof Jack,0,0,base_dim,BASE DIM.,DESCRIPTION,42
agricultural,11,Rubber Roof Jack,0,0,weight_each,WEIGHT EACH,DESCRIPTION,17#
agricultural,11,Rubber Roof Jack,0,0,price,PRICE,,✓
agricultural,11,Rubber Roof Jack,0,1,part,PART #,DESCRIPTION,HW-1001
agricultural,11,Rubber Roof Jack,0,1,temperature_range,"TEMPERATURE
RANGE",DESCRIPTION,-65°F to +212°F
agricultural,11,Rubber Roof Jack,0,1,pipe_size,PIPE SIZE,DESCRIPTION,"1%"" - 4"""
agricultural,11,Rubber Roof Jack,0,1,base_dim,BASE DIM.,DESCRIPTION,8
agricultural,11,Rubber Roof Jack,0,1,weight_each,WEIGHT EACH,DESCRIPTION,0#
agricultural,11,Rubber Roof Jack,0,1,price,PRICE,,✓
agricultural,11,Rubber Roof Jack,0,2,part,PART #,DESCRIPTION,HW-1002
agricultural,11,Rubber Roof Jack,0,2,temperature_range,"TEMPERATURE
RANGE",DESCRIPTION,-65°F to +212°F
agricultural,11,Rubber Roof Jack,0,2,pipe_size,PIPE SIZE,DESCRIPTION,"AY,"" _ 6"""
agricultural,11,Rubber Roof Jack,0,2,base_dim,BASE DIM.,DESCRIPTION,"41"""
agricultural,11,Rubber Roof Jack,0,2,weight_each,WEIGHT EACH,DESCRIPTION,5#
agricultural,11,Rubber Roof Jack,0,2,price,PRICE,,✓
agricultural,11,Rubber Roof Jack,0,3,part,PART #,DESCRIPTION,HW-1003
agricultural,11,Rubber Roof Jack,0,3,temperature_range,"TEMPERATURE
RANGE",DESCRIPTION,-65°F to +212°F
agricultural,11,Rubber Roof Jack,0,3,pipe_size,PIPE SIZE,DESCRIPTION,"6""-411"""
agricultural,11,Rubber Roof Jack,0,3,base_dim,BASE DIM.,DESCRIPTION,"14"""
agricultural,11,Rubber Roof Jack,0,3,weight_each,WEIGHT EACH,DESCRIPTION,1.55#
agricultural,11,Rubber Roof Jack,0,3,price,PRICE,,✓
agricultural,11,Rubber Roof Jack,0,4,part,PART #,DESCRIPTION,HW-1004
agricultural,11,Rubber Roof Jack,0,4,temperature_range,"TEMPERATURE
RANGE",DESCRIPTION,-65°F to +212°F
agricultural,11,Rubber Roof Jack,0,4,pipe_size,PIPE SIZE,DESCRIPTION,"7"" . 1 3"""
agricultural,11,Rubber Roof Jack,0,4,base_dim,BASE DIM.,DESCRIPTION,"17"""
agricultural,11,Rubber Roof Jack,0,4,weight_each,WEIGHT EACH,DESCRIPTION,2.564
agricultural,11,Rubber Roof Jack,0,4,price,PRICE,,✓
agricultural,11,Rubber Roof Jack,1,0,column_2,,,HIGH TEMPERATUF
agricultural,11,Rubber Roof Jack,1,0,column_3,,,E
agricultural,11,Rubber Roof Jack,1,1,column_1,,,-100°F to +437°F
agricultural,11,Rubber Roof Jack,1,1,column_2,,,"wy"" 4"""
agricultural,11,Rubber Roof Jack,1,1,column_3,,,gn
agricultural,11,Rubber Roof Jack,1,1,column_4,,,SOF
agricultural,11,Rubber Roof Jack,1,1,column_5,,,v
agricultural,11,Rubber Roof Jack,1,2,column_1,,,-100°F to +437°F
agricultural,11,Rubber Roof Jack,1,2,column_2,,,"AM"" . 7"""
agricultural,11,Rubber Roof Jack,1,2,column_3,,,"qq"""
agricultural,11,Rubber Roof Jack,1,2,column_4,,,5H
agricultural,11,Rubber Roof Jack,1,2,column_5,,,v
agricultural,11,Rubber Roof Jack,1,3,column_1,,,-100°F to +437°F
agricultural,11,Rubber Roof Jack,1,3,column_2,,,"7"" . 43"""
agricultural,11,Rubber Roof Jack,1,3,column_3,,,"17"""
agricultural,11,Rubber Roof Jack,1,3,column_4,,,2.56#
agricultural,11,Rubber Roof Jack,1,3,column_5,,,v
agricultural,11,Rubber Roof Jack,1,4,column_1,,,-100°F to +437°F
agricultural,11,Rubber Roof Jack,1,4,column_2,,,"10"" _ 19"""
agricultural,11,Rubber Roof Jack,1,4,column_3,,,"25"""
agricultural,11,Rubber Roof Jack,1,4,column_4,,,3.86#
agricultural,11,Rubber Roof Jack,1,4,column_5,,,v
agricultural,11,Retrofit Rubber Roof Jack,2,0,part,PART #,DESCRIPTION,HW-1005
agricultural,11,Retrofit Rubber Roof Jack,2,0,temperature_range,"TEMPERATURE
RANGE",DESCRIPTION,-65°F to +212°F
agricultural,11,Retrofit Rubber Roof Jack,2,0,pipe_size,PIPE SIZE,DESCRIPTION,"Y,"" . 4A"""
agricultural,11,Retrofit Rubber Roof Jack,2,0,base_dim,BASE DIM.,DESCRIPTION,"8 3/16"""
agricultural,11,Retrofit Rubber Roof Jack,2,0,weight_each,WEIGHT EACH,DESCRIPTION,14#
agricultural,11,Retrofit Rubber Roof Jack,2,0,price,PRICE,,✓
agricultural,11,Retrofit Rubber Roof Jack,2,1,part,PART #,DESCRIPTION,HW-1006
agricultural,11,Retrofit Rubber Roof Jack,2,1,temperature_range,"TEMPERATURE
RANGE",DESCRIPTION,-65°F to +212°F
agricultural,11,Retrofit Rubber Roof Jack,2,1,pipe_size,PIPE SIZE,DESCRIPTION,"4"" _ OY"""
agricultural,11,Retrofit Rubber Roof Jack,2,1,base_dim,BASE DIM.,DESCRIPTION,"14%"""
agricultural,11,Retrofit Rubber Roof Jack,2,1,weight_each,WEIGHT EACH,DESCRIPTION,2.20#
agricultural,11,Retrofit Rubber Roof Jack,2,1,price,PRICE,,✓
agricultural,11,Retrofit Rubber Roof Jack,2,2,part,PART #,DESCRIPTION,HW-1007
agricultural,11,Retrofit Rubber Roof Jack,2,2,temperature_range,"TEMPERATURE
RANGE",DESCRIPTION,-65°F to +212°F
agricultural,11,Retrofit Rubber Roof Jack,2,2,pipe_size,PIPE SIZE,DESCRIPTION,"9%"" - 16%"""
agricultural,11,Retrofit Rubber Roof Jack,2,2,base_dim,BASE DIM.,DESCRIPTION,"21%2"""
agricultural,11,Retrofit Rubber Roof Jack,2,2,weight_each,WEIGHT EACH,DESCRIPTION,3.78#
agricultural,11,Retrofit Rubber Roof Jack,2,2,price,PRICE,,✓
agricultural,11,Retrofit Rubber Roof Jack,3,0,column_2,,,HIGH TEMPERATUF
agricultural,11,Retrofit Rubber Roof Jack,3,0,column_3,,,E
agricultural,11,Retrofit Rubber Roof Jack,3,1,column_1,,,-100°F to +437°F
agricultural,11,Retrofit Rubber Roof Jack,3,1,column_2,,,"YQ"" _ A"""
agricultural,11,Retrofit Rubber Roof Jack,3,1,column_3,,,"8 3/16"""
agricultural,11,Retrofit Rubber Roof Jack,3,1,column_4,,,144
agricultural,11,Retrofit Rubber Roof Jack,3,1,column_5,,,v
agricultural,11,Retrofit Rubber Roof Jack,3,2,column_1,,,-100°F to +437°F
agricultural,11,Retrofit Rubber Roof Jack,3,2,column_2,,,"4"" _ 9 YY"""
agricultural,11,Retrofit Rubber Roof Jack,3,2,column_3,,,"14%"""
agricultural,11,Retrofit Rubber Roof Jack,3,2,column_4,,,2.20#
agricultural,11,Retrofit Rubber Roof Jack,3,2,column_5,,,v
agricultural,11,Retrofit Rubber Roof Jack,3,3,column_1,,,-100°F to +437°F
agricultural,11,Retrofit Rubber Roof Jack,3,3,column_2,,,"9%"" - 16%"""
agricultural,11,Retrofit Rubber Roof Jack,3,3,column_3,,,"21%"""
agricultural,11,Retrofit Rubber Roof Jack,3,3,column_4,,,3.78#
agricultural,11,Retrofit Rubber Roof Jack,3,3,column_5,,,v
agricultural,12,Continuous Vent,0,0,part,PART #,DESCRIPTION,HW-702
agricultural,12,Continuous Vent,0,0,size,SIZE,DESCRIPTION,"Qo"" x 10'-O"""
agricultural,12,Continuous Vent,0,0,gauge,GAUGE,DESCRIPTION,26
agricultural,12,Continuous Vent,0,0,weight_each,WEIGHT EACH,DESCRIPTION,115.00#
agricultural,12,Continuous Vent,0,0,galvalume_plus,GALVALUME® PLUS,PRICED PER EACH,✓
agricultural,12,Continuous Vent,0,0,white,WHITE,PRICED PER EACH,✓
agricultural,12,Continuous Vent,0,1,part,PART #,DESCRIPTION,HW-704
agricultural,12,Continuous Vent,0,1,size,SIZE,DESCRIPTION,"12"" x 10'-0"""
agricultural,12,Continuous Vent,0,1,gauge,GAUGE,DESCRIPTION,26
agricultural,12,Continuous Vent,0,1,weight_each,WEIGHT EACH,DESCRIPTION,150.00#
agricultural,12,Continuous Vent,0,1,galvalume_plus,GALVALUME® PLUS,PRICED PER EACH,✓
agricultural,12,Continuous Vent,0,1,white,WHITE,PRICED PER EACH,✓
agricultural,12,Vent Damper Operator Parts,1,0,column_1,,,DESCRIPTION
agricultural,12,Vent Damper Operator Parts,1,0,column_5,,,PRICED PER EACH
agricultural,12,Vent Damper Operator Parts,1,1,column_1,,,PART #
agricultural,12,Vent Damper Operator Parts,1,1,column_2,,,DESCIRPTION
agricultural,12,Vent Damper Operator Parts,1,1,column_3,,,PRICED BY
agricultural,12,Vent Damper Operator Parts,1,1,column_4,,,WEIGHT EACH
agricultural,12,Vent Damper Operator Parts,1,1,column_5,,,PRICE
agricultural,12,Vent Damper Operator Parts,1,2,column_1,,,HW-705
agricultural,12,Vent Damper Operator Parts,1,2,column_2,,,"Vent Cable 3/16"")"
agricultural,12,Vent Damper Operator Parts,1,2,column_3,,,Foot
agricultural,12,Vent Damper Operator Parts,1,2,column_4,,,10#
agricultural,12,Vent Damper Operator Parts,1,2,column_5,,,v
agricultural,12,Vent Damper Operator Parts,1,3,column_1,,,HW-706
agricultural,12,Vent Damper Operator Parts,1,3,column_2,,,Vent Pulley
agricultural,12,Vent Damper Operator Parts,1,3,column_3,,,Each
agricultural,12,Vent Damper Operator Parts,1,3,column_4,,,25H
agricultural,12,Vent Damper Operator Parts,1,3,column_5,,,v
agricultural,12,Vent Damper Operator Parts,1,4,column_1,,,HW-708
agricultural,12,Vent Damper Operator Parts,1,4,column_2,,,Vent Cable Clamp
agricultural,12,Vent Damper Operator Parts,1,4,column_3,,,Each
agricultural,12,Vent Damper Operator Parts,1,4,column_4,,,10#
agricultural,12,Vent Damper Operator Parts,1,4,column_5,,,v
agricultural,12,Vent Damper Operator Parts,1,5,column_1,,,HW-710
agricultural,12,Vent Damper Operator Parts,1,5,column_2,,,"Vent Eve Bolt (4"" x 2"")"
agricultural,12,Vent Damper Operator Parts,1,5,column_3,,,Each
agricultural,12,Vent Damper Operator Parts,1,5,column_4,,,.10#
agricultural,12,Vent Damper Operator Parts,1,5,column_5,,,v
agricultural,12,Vent Damper Operator Parts,1,6,column_1,,,HW-712
agricultural,12,Vent Damper Operator Parts,1,6,column_2,,,Vent Pull Chain with Handle
agricultural,12,Vent Damper Operator Parts,1,6,column_3,,,"3'-0"" section"
agricultural,12,Vent Damper Operator Parts,1,6,column_4,,,1.00#
agricultural,12,Vent Damper Operator Parts,1,6,column_5,,,v
agricultural,12,Vent Damper Operator Parts,1,7,column_1,,,HW-714
agricultural,12,Vent Damper Operator Parts,1,7,column_2,,,"Vent ""S"" Hook (1%2"")"
agricultural,12,Vent Damper Operator Parts,1,7,column_3,,,Each
agricultural,12,Vent Damper Operator Parts,1,7,column_4,,,O1#
agricultural,12,Vent Damper Operator Parts,1,7,column_5,,,v
agricultural,12,Perma-Clad® Light Transmitting Panel,2,0,part,PART #,DESCRIPTION,HW-1564
agricultural,12,Perma-Clad® Light Transmitting Panel,2,0,length,LENGTH,DESCRIPTION,"12'-Q"""
agricultural,12,Perma-Clad® Light Transmitting Panel,2,0,color,COLOR,DESCRIPTION,White
agricultural,12,Perma-Clad® Light Transmitting Panel,2,0,type,TYPE,DESCRIPTION,1
agricultural,12,Perma-Clad® Light Transmitting Panel,2,0,weight_sq_ft,WEIGHT / SQ FT,DESCRIPTION,5 ounce
agricultural,12,Perma-Clad® Light Transmitting Panel,2,0,weight_each,WEIGHT EACH,DESCRIPTION,11.30#
agricultural,12,Perma-Clad® Light Transmitting Panel,2,0,price,PRICE,,✓
agricultural,13,MasterRib® Light Transmitting Panel,0,0,part,PART #,DESCRIPTION,HW-1566A
agricultural,13,MasterRib® Light Transmitting Panel,0,0,length,LENGTH,DESCRIPTION,"10'-0"""
agricultural,13,MasterRib® Light Transmitting Panel,0,0,color,COLOR,DESCRIPTION,White
agricultural,13,MasterRib® Light Transmitting Panel,0,0,type,TYPE,DESCRIPTION,1
agricultural,13,MasterRib® Light Transmitting Panel,0,0,weight_sq_ft,WEIGHT / SQ FT,DESCRIPTION,5 ounce
agricultural,13,MasterRib® Light Transmitting Panel,0,0,weight_each,WEIGHT EACH,DESCRIPTION,12.81#
agricultural,13,MasterRib® Light Transmitting Panel,0,0,price,PRICE,,✓
agricultural,13,"2%"" Corrugated Light Transmitting Panel",1,0,part,PART #,DESCRIPTION,HW-1568
agricultural,13,"2%"" Corrugated Light Transmitting Panel",1,0,length,LENGTH,DESCRIPTION,"8'-0"""
agricultural,13,"2%"" Corrugated Light Transmitting Panel",1,0,color,COLOR,DESCRIPTION,White
agricultural,13,"2%"" Corrugated Light Transmitting Panel",1,0,type,TYPE,DESCRIPTION,1
agricultural,13,"2%"" Corrugated Light Transmitting Panel",1,0,weight_sq_ft,WEIGHT / SQ FT,DESCRIPTION,5 ounce
agricultural,13,"2%"" Corrugated Light Transmitting Panel",1,0,weight_each,WEIGHT EACH,DESCRIPTION,8.70#
agricultural,13,"2%"" Corrugated Light Transmitting Panel",1,0,price,PRICE,,✓
agricultural,13,"2%"" Corrugated Light Transmitting Panel",1,1,part,PART #,DESCRIPTION,HW-1570
agricultural,13,"2%"" Corrugated Light Transmitting Panel",1,1,length,LENGTH,DESCRIPTION,"10'-0"""
agricultural,13,"2%"" Corrugated Light Transmitting Panel",1,1,color,COLOR,DESCRIPTION,White
agricultural,13,"2%"" Corrugated Light Transmitting Panel",1,1,type,TYPE,DESCRIPTION,1
agricultural,13,"2%"" Corrugated Light Transmitting Panel",1,1,weight_sq_ft,WEIGHT / SQ FT,DESCRIPTION,5 ounce
agricultural,13,"2%"" Corrugated Light Transmitting Panel",1,1,weight_each,WEIGHT EACH,DESCRIPTION,10.85#
agricultural,13,"2%"" Corrugated Light Transmitting Panel",1,1,price,PRICE,,✓
agricultural,13,"2%"" Corrugated Light Transmitting Panel",1,2,part,PART #,DESCRIPTION,HW-1572
agricultural,13,"2%"" Corrugated Light Transmitting Panel",1,2,length,LENGTH,DESCRIPTION,"42'-0"""
agricultural,13,"2%"" Corrugated Light Transmitting Panel",1,2,color,COLOR,DESCRIPTION,White
agricultural,13,"2%"" Corrugated Light Transmitting Panel",1,2,type,TYPE,DESCRIPTION,1
agricultural,13,"2%"" Corrugated Light Transmitting Panel",1,2,weight_sq_ft,WEIGHT / SQ FT,DESCRIPTION,5 ounce
agricultural,13,"2%"" Corrugated Light Transmitting Panel",1,2,weight_each,WEIGHT EACH,DESCRIPTION,13.00#
agricultural,13,"2%"" Corrugated Light Transmitting Panel",1,2,price,PRICE,,✓
agricultural,14,"Y%"" Rubber Grommet",0,0,part,PART #,DESCRIPTION,HW-399
agricultural,14,"Y%"" Rubber Grommet",0,0,head_size,HEAD SIZE,DESCRIPTION,"Y,"""
agricultural,14,"Y%"" Rubber Grommet",0,0,type,TYPE,DESCRIPTION,Aluminum
agricultural,14,"Y%"" Rubber Grommet",0,0,color,COLOR,DESCRIPTION,Polar White
agricultural,14,"Y%"" Rubber Grommet",0,0,weight_per_1000,WEIGHT PER 1000,DESCRIPTION,O1#
agricultural,14,"Y%"" Rubber Grommet",0,0,price,PRICE,,✓
agricultural,14,Perma-Clad® Closure Strip,1,0,part,PART #,DESCRIPTION,HW-470
agricultural,14,Perma-Clad® Closure Strip,1,0,type,TYPE,DESCRIPTION,Inside
agricultural,14,Perma-Clad® Closure Strip,1,0,adhesive,ADHESIVE?,DESCRIPTION,No
agricultural,14,Perma-Clad® Closure Strip,1,0,size,SIZE,DESCRIPTION,"1 "" x 36"""
agricultural,14,Perma-Clad® Closure Strip,1,0,weight_each,WEIGHT EACH,DESCRIPTION,034
agricultural,14,Perma-Clad® Closure Strip,1,0,price,PRICE,,✓
agricultural,14,Perma-Clad® Closure Strip,1,1,part,PART #,DESCRIPTION,HW-471
agricultural,14,Perma-Clad® Closure Strip,1,1,type,TYPE,DESCRIPTION,Outside
agricultural,14,Perma-Clad® Closure Strip,1,1,adhesive,ADHESIVE?,DESCRIPTION,Yes
agricultural,14,Perma-Clad® Closure Strip,1,1,size,SIZE,DESCRIPTION,"1 W xX 36"""
agricultural,14,Perma-Clad® Closure Strip,1,1,weight_each,WEIGHT EACH,DESCRIPTION,O6#
agricultural,14,Perma-Clad® Closure Strip,1,1,price,PRICE,,✓
agricultural,14,MasterRib® Closure Strip,2,0,part,PART #,DESCRIPTION,HW-472
agricultural,14,MasterRib® Closure Strip,2,0,type,TYPE,DESCRIPTION,Inside
agricultural,14,MasterRib® Closure Strip,2,0,adhesive,ADHESIVE?,DESCRIPTION,No
agricultural,14,MasterRib® Closure Strip,2,0,size,SIZE,DESCRIPTION,"1 W 4 36"""
agricultural,14,MasterRib® Closure Strip,2,0,weight_each,WEIGHT EACH,DESCRIPTION,O3#
agricultural,14,MasterRib® Closure Strip,2,0,price,PRICE,,✓
agricultural,14,MasterRib® Closure Strip,2,1,part,PART #,DESCRIPTION,HW-473
agricultural,14,MasterRib® Closure Strip,2,1,type,TYPE,DESCRIPTION,Outside
agricultural,14,MasterRib® Closure Strip,2,1,adhesive,ADHESIVE?,DESCRIPTION,Yes
agricultural,14,MasterRib® Closure Strip,2,1,size,SIZE,DESCRIPTION,"4 "" xX 36"""
agricultural,14,MasterRib® Closure Strip,2,1,weight_each,WEIGHT EACH,DESCRIPTION,O6#
agricultural,14,MasterRib® Closure Strip,2,1,price,PRICE,,✓
agricultural,15,Ameri-Drain® Closure Strip,0,0,part,PART #,DESCRIPTION,HW-476
agricultural,15,Ameri-Drain® Closure Strip,0,0,type,TYPE,DESCRIPTION,Inside
agricultural,15,Ameri-Drain® Closure Strip,0,0,adhesive,ADHESIVE?,DESCRIPTION,No
agricultural,15,Ameri-Drain® Closure Strip,0,0,size,SIZE,DESCRIPTION,"4 "" x 36"""
agricultural,15,Ameri-Drain® Closure Strip,0,0,weight_each,WEIGHT EACH,DESCRIPTION,O3#
agricultural,15,Ameri-Drain® Closure Strip,0,0,price,PRICE,,✓
agricultural,15,Ameri-Drain® Closure Strip,0,1,part,PART #,DESCRIPTION,HW-477
agricultural,15,Ameri-Drain® Closure Strip,0,1,type,TYPE,DESCRIPTION,Outside
agricultural,15,Ameri-Drain® Closure Strip,0,1,adhesive,ADHESIVE?,DESCRIPTION,Yes
agricultural,15,Ameri-Drain® Closure Strip,0,1,size,SIZE,DESCRIPTION,"1 W 4 36"""
agricultural,15,Ameri-Drain® Closure Strip,0,1,weight_each,WEIGHT EACH,DESCRIPTION,O6#
agricultural,15,Ameri-Drain® Closure Strip,0,1,price,PRICE,,✓
agricultural,15,"2¥"" Corrugated Closure Strip",1,0,part,PART #,DESCRIPTION,HW-478
agricultural,15,"2¥"" Corrugated Closure Strip",1,0,type,TYPE,DESCRIPTION,Inside or Outside
agricultural,15,"2¥"" Corrugated Closure Strip",1,0,adhesive,ADHESIVE?,DESCRIPTION,No
agricultural,15,"2¥"" Corrugated Closure Strip",1,0,size,SIZE,DESCRIPTION,"1"" x 24"""
agricultural,15,"2¥"" Corrugated Closure Strip",1,0,weight_each,WEIGHT EACH,DESCRIPTION,03#
agricultural,15,"2¥"" Corrugated Closure Strip",1,0,price,PRICE,,✓
agricultural,15,Walk Doors,2,0,part,PART #,DESCRIPTION,HW-9200
agricultural,15,Walk Doors,2,0,size,SIZE,DESCRIPTION,3070
agricultural,15,Walk Doors,2,0,type,TYPE,DESCRIPTION,M
agricultural,15,Walk Doors,2,0,color,COLOR,DESCRIPTION,White
agricultural,15,Walk Doors,2,0,weight_each,WEIGHT EACH,DESCRIPTION,162.00#
agricultural,15,Walk Doors,2,0,price,PRICE,,✓
agricultural,15,Walk Doors,2,1,part,PART #,DESCRIPTION,HW-9204
agricultural,15,Walk Doors,2,1,size,SIZE,DESCRIPTION,4070
agricultural,15,Walk Doors,2,1,type,TYPE,DESCRIPTION,M
agricultural,15,Walk Doors,2,1,color,COLOR,DESCRIPTION,White
agricultural,15,Walk Doors,2,1,weight_each,WEIGHT EACH,DESCRIPTION,218.00#
agricultural,15,Walk Doors,2,1,price,PRICE,,✓
agricultural,16,Tape Sealer - Flat,0,0,part,PART #,DESCRIPTION,HW-505
agricultural,16,Tape Sealer - Flat,0,0,type,TYPE,DESCRIPTION,Butyl
agricultural,16,Tape Sealer - Flat,0,0,width,WIDTH,DESCRIPTION,"34"""
agricultural,16,Tape Sealer - Flat,0,0,thickness,THICKNESS,DESCRIPTION,"3/32"""
agricultural,16,Tape Sealer - Flat,0,0,length,LENGTH,DESCRIPTION,"A5'-Q"""
agricultural,16,Tape Sealer - Flat,0,0,roll_weight,ROLL WEIGHT,DESCRIPTION,1.20#
agricultural,16,Tape Sealer - Flat,0,0,price,PRICE,,✓
agricultural,16,Tape Sealer - Flat,0,1,part,PART #,DESCRIPTION,HW-506
agricultural,16,Tape Sealer - Flat,0,1,type,TYPE,DESCRIPTION,Butyl
agricultural,16,Tape Sealer - Flat,0,1,width,WIDTH,DESCRIPTION,"4q"""
agricultural,16,Tape Sealer - Flat,0,1,thickness,THICKNESS,DESCRIPTION,"3/32"""
agricultural,16,Tape Sealer - Flat,0,1,length,LENGTH,DESCRIPTION,"A5'-Q"""
agricultural,16,Tape Sealer - Flat,0,1,roll_weight,ROLL WEIGHT,DESCRIPTION,2.85#
agricultural,16,Tape Sealer - Flat,0,1,price,PRICE,,✓
agricultural,16,Tape Sealer - Flat,0,2,part,PART #,DESCRIPTION,HW-507
agricultural,16,Tape Sealer - Flat,0,2,type,TYPE,DESCRIPTION,Butyl
agricultural,16,Tape Sealer - Flat,0,2,width,WIDTH,DESCRIPTION,"YQ"""
agricultural,16,Tape Sealer - Flat,0,2,thickness,THICKNESS,DESCRIPTION,"3/32"""
agricultural,16,Tape Sealer - Flat,0,2,length,LENGTH,DESCRIPTION,"50O'-0"""
agricultural,16,Tape Sealer - Flat,0,2,roll_weight,ROLL WEIGHT,DESCRIPTION,1.60#
agricultural,16,Tape Sealer - Flat,0,2,price,PRICE,,✓
agricultural,16,Tape Sealer - Triple Bead,1,0,part,PART #,DESCRIPTION,HW-502
agricultural,16,Tape Sealer - Triple Bead,1,0,type,TYPE,DESCRIPTION,Butyl
agricultural,16,Tape Sealer - Triple Bead,1,0,width,WIDTH,DESCRIPTION,"292"""
agricultural,16,Tape Sealer - Triple Bead,1,0,thickness,THICKNESS,DESCRIPTION,"3/16"""
agricultural,16,Tape Sealer - Triple Bead,1,0,length,LENGTH,DESCRIPTION,"20'-0"""
agricultural,16,Tape Sealer - Triple Bead,1,0,carton_weight,CARTON WEIGHT,DESCRIPTION,23.00#
agricultural,16,Tape Sealer - Triple Bead,1,0,price,PRICE,,✓
agricultural,16,Tape Sealer - Tri-Bead,2,0,part,PART #,DESCRIPTION,HW-504
agricultural,16,Tape Sealer - Tri-Bead,2,0,type,TYPE,DESCRIPTION,Butyl
agricultural,16,Tape Sealer - Tri-Bead,2,0,width,WIDTH,DESCRIPTION,"Ip"""
agricultural,16,Tape Sealer - Tri-Bead,2,0,thickness,THICKNESS,DESCRIPTION,"hie"""
agricultural,16,Tape Sealer - Tri-Bead,2,0,length,LENGTH,DESCRIPTION,"251-0"""
agricultural,16,Tape Sealer - Tri-Bead,2,0,carton_weight,CARTON WEIGHT,DESCRIPTION,20.00#
agricultural,16,Tape Sealer - Tri-Bead,2,0,price,PRICE,,✓
agricultural,16,Tube Sealant,3,0,part,PART #,DESCRIPTION,HW-548
agricultural,16,Tube Sealant,3,0,type,TYPE,DESCRIPTION,Acrylic
agricultural,16,Tube Sealant,3,0,color,COLOR,DESCRIPTION,White
agricultural,16,Tube Sealant,3,0,tube_size,TUBE SIZE,DESCRIPTION,11 ounce
agricultural,16,Tube Sealant,3,0,tube_weight,TUBE WEIGHT,DESCRIPTION,1 OF
agricultural,16,Tube Sealant,3,0,price,PRICE,,✓
agricultural,16,Tube Sealant,3,1,part,PART #,DESCRIPTION,HW-550
agricultural,16,Tube Sealant,3,1,type,TYPE,DESCRIPTION,Acrylic
agricultural,16,Tube Sealant,3,1,color,COLOR,DESCRIPTION,Gray
agricultural,16,Tube Sealant,3,1,tube_size,TUBE SIZE,DESCRIPTION,11 ounce
agricultural,16,Tube Sealant,3,1,tube_weight,TUBE WEIGHT,DESCRIPTION,whet
agricultural,16,Tube Sealant,3,1,price,PRICE,,✓
agricultural,16,Tube Sealant,3,2,part,PART #,DESCRIPTION,HW-540
agricultural,16,Tube Sealant,3,2,type,TYPE,DESCRIPTION,Urethane
agricultural,16,Tube Sealant,3,2,color,COLOR,DESCRIPTION,White
agricultural,16,Tube Sealant,3,2,tube_size,TUBE SIZE,DESCRIPTION,11 ounce
agricultural,16,Tube Sealant,3,2,tube_weight,TUBE WEIGHT,DESCRIPTION,OOF
agricultural,16,Tube Sealant,3,2,price,PRICE,,✓
agricultural,16,Tube Sealant,3,3,part,PART #,DESCRIPTION,HW-541
agricultural,16,Tube Sealant,3,3,type,TYPE,DESCRIPTION,Urethane
agricultural,16,Tube Sealant,3,3,color,COLOR,DESCRIPTION,Gray
agricultural,16,Tube Sealant,3,3,tube_size,TUBE SIZE,DESCRIPTION,11 ounce
agricultural,16,Tube Sealant,3,3,tube_weight,TUBE WEIGHT,DESCRIPTION,OSH
agricultural,16,Tube Sealant,3,3,price,PRICE,,✓
agricultural,16,Tube Sealant,3,4,part,PART #,DESCRIPTION,HW-542
agricultural,16,Tube Sealant,3,4,type,TYPE,DESCRIPTION,Urethane
agricultural,16,Tube Sealant,3,4,color,COLOR,DESCRIPTION,Bronze
agricultural,16,Tube Sealant,3,4,tube_size,TUBE SIZE,DESCRIPTION,11 ounce
agricultural,16,Tube Sealant,3,4,tube_weight,TUBE WEIGHT,DESCRIPTION,O5#
agricultural,16,Tube Sealant,3,4,price,PRICE,,✓
agricultural,16,Tube Sealant,3,5,part,PART #,DESCRIPTION,HW-544
agricultural,16,Tube Sealant,3,5,type,TYPE,DESCRIPTION,Urethane
agricultural,16,Tube Sealant,3,5,color,COLOR,DESCRIPTION,Almond
agricultural,16,Tube Sealant,3,5,tube_size,TUBE SIZE,DESCRIPTION,11 ounce
agricultural,16,Tube Sealant,3,5,tube_weight,TUBE WEIGHT,DESCRIPTION,85H
agricultural,16,Tube Sealant,3,5,price,PRICE,,✓
agricultural,16,Tube Sealant,3,6,part,PART #,DESCRIPTION,HW-549
agricultural,16,Tube Sealant,3,6,type,TYPE,DESCRIPTION,Non-Skinning Butyl
agricultural,16,Tube Sealant,3,6,color,COLOR,DESCRIPTION,White
agricultural,16,Tube Sealant,3,6,tube_size,TUBE SIZE,DESCRIPTION,10 ounce
agricultural,16,Tube Sealant,3,6,tube_weight,TUBE WEIGHT,DESCRIPTION,1.00#
agricultural,16,Tube Sealant,3,6,price,PRICE,,✓
agricultural,17,Touch-Up Paint,0,0,part,PART #,DESCRIPTION,HW-304
agricultural,17,Touch-Up Paint,0,0,finish,FINISH,DESCRIPTION,Signature® 200
agricultural,17,Touch-Up Paint,0,0,size,SIZE,DESCRIPTION,2 ounce
agricultural,17,Touch-Up Paint,0,0,color,COLOR,DESCRIPTION,See color chart
agricultural,17,Touch-Up Paint,0,0,weight_each,WEIGHT EACH,DESCRIPTION,SOF
agricultural,17,Touch-Up Paint,0,0,price,PRICE,,✓
agricultural,17,Blanket Insulation,1,0,part,PART #,DESCRIPTION,HW-3927
agricultural,17,Blanket Insulation,1,0,type,TYPE,DESCRIPTION,VRR+
agricultural,17,Blanket Insulation,1,0,width,WIDTH,DESCRIPTION,"6'-0"""
agricultural,17,Blanket Insulation,1,0,length,LENGTH,DESCRIPTION,"104'-0"""
agricultural,17,Blanket Insulation,1,0,column_5,,ROLL WEIGHT,11€
agricultural,17,Blanket Insulation,1,0,price,PRICE,ROLL WEIGHT,6O9#
agricultural,17,Blanket Insulation,1,0,column_7,,PRICED PER ROLL,✓
agricultural,17,Vinyl Patch Tape,2,0,column_1,,,DESCRIPTION
agricultural,17,Vinyl Patch Tape,2,0,column_5,,,PRICED PER ROLL
agricultural,17,Vinyl Patch Tape,2,1,column_1,,,PART #
agricultural,17,Vinyl Patch Tape,2,1,column_2,,,WIDTH
agricultural,17,Vinyl Patch Tape,2,1,column_3,,,LENGTH
agricultural,17,Vinyl Patch Tape,2,1,column_4,,,ROLL WEIGHT
agricultural,17,Vinyl Patch Tape,2,1,column_5,,,PRICE
agricultural,17,Vinyl Patch Tape,2,2,column_1,,,HW-5211
agricultural,17,Vinyl Patch Tape,2,2,column_2,,,"3"""
agricultural,17,Vinyl Patch Tape,2,2,column_3,,,"150'-0"""
agricultural,17,Vinyl Patch Tape,2,2,column_4,,,1.98#
agricultural,17,Vinyl Patch Tape,2,2,column_5,,,v
agricultural,17,Double Faced Tape,3,0,column_1,,,DESCRIPTION
agricultural,17,Double Faced Tape,3,0,column_5,,,PRICED PER ROLL
agricultural,17,Double Faced Tape,3,1,column_1,,,PART #
agricultural,17,Double Faced Tape,3,1,column_2,,,WIDTH
agricultural,17,Double Faced Tape,3,1,column_3,,,LENGTH
agricultural,17,Double Faced Tape,3,1,column_4,,,ROLL WEIGHT
agricultural,17,Double Faced Tape,3,1,column_5,,,PRICE
agricultural,17,Double Faced Tape,3,2,column_1,,,HW-522
agricultural,17,Double Faced Tape,3,2,column_2,,,"1%2"""
agricultural,17,Double Faced Tape,3,2,column_3,,,"180'-0"""
agricultural,17,Double Faced Tape,3,2,column_4,,,1.00#
agricultural,17,Double Faced Tape,3,2,column_5,,,v
agricultural,18,14 Gauge Track with Side Mount Brackets,0,0,part,PART #,DESCRIPTION,HW-985
agricultural,18,14 Gauge Track with Side Mount Brackets,0,0,gauge,GAUGE,DESCRIPTION,14
agricultural,18,14 Gauge Track with Side Mount Brackets,0,0,finish,FINISH,DESCRIPTION,Galvanized
agricultural,18,14 Gauge Track with Side Mount Brackets,0,0,length,LENGTH,DESCRIPTION,"31-9"""
agricultural,18,14 Gauge Track with Side Mount Brackets,0,0,weight_each,WEIGHT EACH,DESCRIPTION,17.60#
agricultural,18,14 Gauge Track with Side Mount Brackets,0,0,price,PRICE,,✓
agricultural,18,14 Gauge Track with Side Mount Brackets,0,1,part,PART #,DESCRIPTION,HW-986
agricultural,18,14 Gauge Track with Side Mount Brackets,0,1,gauge,GAUGE,DESCRIPTION,14
agricultural,18,14 Gauge Track with Side Mount Brackets,0,1,finish,FINISH,DESCRIPTION,Galvanized
agricultural,18,14 Gauge Track with Side Mount Brackets,0,1,length,LENGTH,DESCRIPTION,"10'-0"""
agricultural,18,14 Gauge Track with Side Mount Brackets,0,1,weight_each,WEIGHT EACH,DESCRIPTION,22.00#
agricultural,18,14 Gauge Track with Side Mount Brackets,0,1,price,PRICE,,✓
agricultural,18,14 Gauge Track with Side Mount Brackets,0,2,part,PART #,DESCRIPTION,HW-987
agricultural,18,14 Gauge Track with Side Mount Brackets,0,2,gauge,GAUGE,DESCRIPTION,14
agricultural,18,14 Gauge Track with Side Mount Brackets,0,2,finish,FINISH,DESCRIPTION,Galvanized
agricultural,18,14 Gauge Track with Side Mount Brackets,0,2,length,LENGTH,DESCRIPTION,"12'-Q"""
agricultural,18,14 Gauge Track with Side Mount Brackets,0,2,weight_each,WEIGHT EACH,DESCRIPTION,26.40#
agricultural,18,14 Gauge Track with Side Mount Brackets,0,2,price,PRICE,,✓
agricultural,18,14 Gauge Track with Top Mount Brackets,1,0,part,PART #,DESCRIPTION,HW-988
agricultural,18,14 Gauge Track with Top Mount Brackets,1,0,gauge,GAUGE,DESCRIPTION,14
agricultural,18,14 Gauge Track with Top Mount Brackets,1,0,finish,FINISH,DESCRIPTION,Galvanized
agricultural,18,14 Gauge Track with Top Mount Brackets,1,0,length,LENGTH,DESCRIPTION,"31.0"""
agricultural,18,14 Gauge Track with Top Mount Brackets,1,0,weight_each,WEIGHT EACH,DESCRIPTION,17.60#
agricultural,18,14 Gauge Track with Top Mount Brackets,1,0,price,PRICE,,✓
agricultural,18,14 Gauge Track with Top Mount Brackets,1,1,part,PART #,DESCRIPTION,HW-989
agricultural,18,14 Gauge Track with Top Mount Brackets,1,1,gauge,GAUGE,DESCRIPTION,14
agricultural,18,14 Gauge Track with Top Mount Brackets,1,1,finish,FINISH,DESCRIPTION,Galvanized
agricultural,18,14 Gauge Track with Top Mount Brackets,1,1,length,LENGTH,DESCRIPTION,"10'-0"""
agricultural,18,14 Gauge Track with Top Mount Brackets,1,1,weight_each,WEIGHT EACH,DESCRIPTION,22.00#
agricultural,18,14 Gauge Track with Top Mount Brackets,1,1,price,PRICE,,✓
agricultural,18,14 Gauge Track with Top Mount Brackets,1,2,part,PART #,DESCRIPTION,HW-990
agricultural,18,14 Gauge Track with Top Mount Brackets,1,2,gauge,GAUGE,DESCRIPTION,14
agricultural,18,14 Gauge Track with Top Mount Brackets,1,2,finish,FINISH,DESCRIPTION,Galvanized
agricultural,18,14 Gauge Track with Top Mount Brackets,1,2,length,LENGTH,DESCRIPTION,"12'-O"""
agricultural,18,14 Gauge Track with Top Mount Brackets,1,2,weight_each,WEIGHT EACH,DESCRIPTION,26.40#
agricultural,18,14 Gauge Track with Top Mount Brackets,1,2,price,PRICE,,✓
agricultural,18,Double Track Side Mount Bracket,2,0,column_1,,,DESCRIPTION
agricultural,18,Double Track Side Mount Bracket,2,0,column_4,,,PRICED PER EACH
agricultural,18,Double Track Side Mount Bracket,2,1,column_1,,,PART #
agricultural,18,Double Track Side Mount Bracket,2,1,column_2,,,FINISH
agricultural,18,Double Track Side Mount Bracket,2,1,column_3,,,WEIGHT EACH
agricultural,18,Double Track Side Mount Bracket,2,1,column_4,,,PRICE
agricultural,18,Double Track Side Mount Bracket,2,2,column_1,,,HW-976
agricultural,18,Double Track Side Mount Bracket,2,2,column_2,,,Galvanized
agricultural,18,Double Track Side Mount Bracket,2,2,column_3,,,80#
agricultural,18,Double Track Side Mount Bracket,2,2,column_4,,,v
agricultural,19,Splice Collar,0,0,column_1,,,DESCRIPTION
agricultural,19,Splice Collar,0,0,column_4,,,PRICED PER EACH
agricultural,19,Splice Collar,0,1,column_1,,,PART #
agricultural,19,Splice Collar,0,1,column_2,,,FINISH
agricultural,19,Splice Collar,0,1,column_3,,,WEIGHT EACH
agricultural,19,Splice Collar,0,1,column_4,,,PRICE
agricultural,19,Splice Collar,0,2,column_1,,,HW-977
agricultural,19,Splice Collar,0,2,column_2,,,Galvanized
agricultural,19,Splice Collar,0,2,column_3,,,SOF
agricultural,19,Splice Collar,0,2,column_4,,,v
agricultural,19,Track End Plug,1,0,column_1,,,DESCRIPTION
agricultural,19,Track End Plug,1,0,column_4,,,PRICED PER EACH
agricultural,19,Track End Plug,1,1,column_1,,,PART #
agricultural,19,Track End Plug,1,1,column_2,,,FINISH
agricultural,19,Track End Plug,1,1,column_3,,,WEIGHT EACH
agricultural,19,Track End Plug,1,1,column_4,,,PRICE
agricultural,19,Track End Plug,1,2,column_1,,,HW-978
agricultural,19,Track End Plug,1,2,column_2,,,Galvanized
agricultural,19,Track End Plug,1,2,column_3,,,20#
agricultural,19,Track End Plug,1,2,column_4,,,v
agricultural,19,Offset-Bolt Trolley Hanger,2,0,column_1,,,DESCRIPTION
agricultural,19,Offset-Bolt Trolley Hanger,2,0,column_5,,,PRICED PER EACH
agricultural,19,Offset-Bolt Trolley Hanger,2,1,column_1,,,PART #
agricultural,19,Offset-Bolt Trolley Hanger,2,1,column_2,,,BOLT LENGTH
agricultural,19,Offset-Bolt Trolley Hanger,2,1,column_3,,,FINISH
agricultural,19,Offset-Bolt Trolley Hanger,2,1,column_4,,,WEIGHT EACH
agricultural,19,Offset-Bolt Trolley Hanger,2,1,column_5,,,PRICE
agricultural,19,Offset-Bolt Trolley Hanger,2,2,column_1,,,HW-979
agricultural,19,Offset-Bolt Trolley Hanger,2,2,column_2,,,"9 ¥2"""
agricultural,19,Offset-Bolt Trolley Hanger,2,2,column_3,,,Galvanized
agricultural,19,Offset-Bolt Trolley Hanger,2,2,column_4,,,2.30#
agricultural,19,Offset-Bolt Trolley Hanger,2,2,column_5,,,v
agricultural,19,Offset-Bolt Trolley Hanger,2,3,column_1,,,HW-980
agricultural,19,Offset-Bolt Trolley Hanger,2,3,column_2,,,"6 Y2"""
agricultural,19,Offset-Bolt Trolley Hanger,2,3,column_3,,,Galvanized
agricultural,19,Offset-Bolt Trolley Hanger,2,3,column_4,,,2.20#
agricultural,19,Offset-Bolt Trolley Hanger,2,3,column_5,,,v
agricultural,20,Straight-Bolt Trolley Hanger,0,0,column_1,,,DESCRIPTION
agricultural,20,Straight-Bolt Trolley Hanger,0,0,column_4,,,PRICED PER EACH
agricultural,20,Straight-Bolt Trolley Hanger,0,1,column_1,,,PART #
agricultural,20,Straight-Bolt Trolley Hanger,0,1,column_2,,,FINISH
agricultural,20,Straight-Bolt Trolley Hanger,0,1,column_3,,,WEIGHT EACH
agricultural,20,Straight-Bolt Trolley Hanger,0,1,column_4,,,PRICE
agricultural,20,Straight-Bolt Trolley Hanger,0,2,column_1,,,HW-981
agricultural,20,Straight-Bolt Trolley Hanger,0,2,column_2,,,Galvanized
agricultural,20,Straight-Bolt Trolley Hanger,0,2,column_3,,,2.00#
agricultural,20,Straight-Bolt Trolley Hanger,0,2,column_4,,,v
agricultural,20,Wood Frame Door Trolley Hanger,1,0,column_1,,,DESCRIPTION
agricultural,20,Wood Frame Door Trolley Hanger,1,0,column_4,,,PRICED PER PAIR
agricultural,20,Wood Frame Door Trolley Hanger,1,1,column_1,,,PART #
agricultural,20,Wood Frame Door Trolley Hanger,1,1,column_2,,,FINISH
agricultural,20,Wood Frame Door Trolley Hanger,1,1,column_3,,,WEIGHT EACH
agricultural,20,Wood Frame Door Trolley Hanger,1,1,column_4,,,PRICE
agricultural,20,Wood Frame Door Trolley Hanger,1,2,column_1,,,HW-982
agricultural,20,Wood Frame Door Trolley Hanger,1,2,column_2,,,Galvanized
agricultural,20,Wood Frame Door Trolley Hanger,1,2,column_3,,,6.80#
agricultural,20,Wood Frame Door Trolley Hanger,1,2,column_4,,,v
agricultural,20,Bolt Type Door Latch,2,0,column_1,,,DESCRIPTION
agricultural,20,Bolt Type Door Latch,2,0,column_4,,,PRICED PER EACH
agricultural,20,Bolt Type Door Latch,2,1,column_1,,,PART #
agricultural,20,Bolt Type Door Latch,2,1,column_2,,,FINISH
agricultural,20,Bolt Type Door Latch,2,1,column_3,,,WEIGHT EACH
agricultural,20,Bolt Type Door Latch,2,1,column_4,,,PRICE
agricultural,20,Bolt Type Door Latch,2,2,column_1,,,HW-983
agricultural,20,Bolt Type Door Latch,2,2,column_2,,,Galvanized
agricultural,20,Bolt Type Door Latch,2,2,column_3,,,SOF
agricultural,20,Bolt Type Door Latch,2,2,column_4,,,v
agricultural,21,Center Latch,0,0,column_1,,,DESCRIPTION
agricultural,21,Center Latch,0,0,column_5,,,PRICED PER EACH
agricultural,21,Center Latch,0,1,column_1,,,PART #
agricultural,21,Center Latch,0,1,column_2,,,LENGTH
agricultural,21,Center Latch,0,1,column_3,,,FINISH
agricultural,21,Center Latch,0,1,column_4,,,WEIGHT EACH
agricultural,21,Center Latch,0,1,column_5,,,PRICE
agricultural,21,Center Latch,0,2,column_1,,,HW-940
agricultural,21,Center Latch,0,2,column_2,,,"43"""
agricultural,21,Center Latch,0,2,column_3,,,Galvanized
agricultural,21,Center Latch,0,2,column_4,,,2.80#
agricultural,21,Center Latch,0,2,column_5,,,v
agricultural,21,Center Latch,0,3,column_1,,,HW-941
agricultural,21,Center Latch,0,3,column_2,,,"17"""
agricultural,21,Center Latch,0,3,column_3,,,Galvanized
agricultural,21,Center Latch,0,3,column_4,,,3.00#
agricultural,21,Center Latch,0,3,column_5,,,v
agricultural,21,Steel Door Pull,1,0,column_1,,,DESCRIPTION
agricultural,21,Steel Door Pull,1,0,column_4,,,PRICED PER EACH
agricultural,21,Steel Door Pull,1,1,column_1,,,PART #
agricultural,21,Steel Door Pull,1,1,column_2,,,FINISH
agricultural,21,Steel Door Pull,1,1,column_3,,,WEIGHT EACH
agricultural,21,Steel Door Pull,1,1,column_4,,,PRICE
agricultural,21,Steel Door Pull,1,2,column_1,,,HW-942
agricultural,21,Steel Door Pull,1,2,column_2,,,White
agricultural,21,Steel Door Pull,1,2,column_3,,,A0#
agricultural,21,Steel Door Pull,1,2,column_4,,,v
agricultural,21,Standard Track Cover Bracket,2,0,column_1,,,DESCRIPTION
agricultural,21,Standard Track Cover Bracket,2,0,column_4,,,PRICED PER EACH
agricultural,21,Standard Track Cover Bracket,2,1,column_1,,,PART #
agricultural,21,Standard Track Cover Bracket,2,1,column_2,,,FINISH
agricultural,21,Standard Track Cover Bracket,2,1,column_3,,,WEIGHT EACH
agricultural,21,Standard Track Cover Bracket,2,1,column_4,,,PRICE
agricultural,21,Standard Track Cover Bracket,2,2,column_1,,,HW-943
agricultural,21,Standard Track Cover Bracket,2,2,column_2,,,Galvanized
agricultural,21,Standard Track Cover Bracket,2,2,column_3,,,20#
agricultural,21,Standard Track Cover Bracket,2,2,column_4,,,v
agricultural,21,Snap-Up Track Cover Bracket,3,0,column_1,,,DESCRIPTION
agricultural,21,Snap-Up Track Cover Bracket,3,0,column_4,,,PRICED PER EACH
agricultural,21,Snap-Up Track Cover Bracket,3,1,column_1,,,PART #
agricultural,21,Snap-Up Track Cover Bracket,3,1,column_2,,,FINISH
agricultural,21,Snap-Up Track Cover Bracket,3,1,column_3,,,WEIGHT EACH
agricultural,21,Snap-Up Track Cover Bracket,3,1,column_4,,,PRICE
agricultural,21,Snap-Up Track Cover Bracket,3,2,column_1,,,HW-944
agricultural,21,Snap-Up Track Cover Bracket,3,2,column_2,,,Galvanized
agricultural,21,Snap-Up Track Cover Bracket,3,2,column_3,,,20#
agricultural,21,Snap-Up Track Cover Bracket,3,2,column_4,,,v
agricultural,22,Adjustable Offset Stay Roller,0,0,column_1,,,DESCRIPTION
agricultural,22,Adjustable Offset Stay Roller,0,0,column_4,,,PRICED PER EACH
agricultural,22,Adjustable Offset Stay Roller,0,1,column_1,,,PART #
agricultural,22,Adjustable Offset Stay Roller,0,1,column_2,,,FINISH
agricultural,22,Adjustable Offset Stay Roller,0,1,column_3,,,WEIGHT EACH
agricultural,22,Adjustable Offset Stay Roller,0,1,column_4,,,PRICE
agricultural,22,Adjustable Offset Stay Roller,0,2,column_1,,,HW-945
agricultural,22,Adjustable Offset Stay Roller,0,2,column_2,,,Galvanized
agricultural,22,Adjustable Offset Stay Roller,0,2,column_3,,,1.90#
agricultural,22,Adjustable Offset Stay Roller,0,2,column_4,,,v
agricultural,22,Adjustable Door Guide and Stop,1,0,column_1,,,DESCRIPTION
agricultural,22,Adjustable Door Guide and Stop,1,0,column_4,,,PRICED PER EACH
agricultural,22,Adjustable Door Guide and Stop,1,1,column_1,,,PART #
agricultural,22,Adjustable Door Guide and Stop,1,1,column_2,,,FINISH
agricultural,22,Adjustable Door Guide and Stop,1,1,column_3,,,WEIGHT EACH
agricultural,22,Adjustable Door Guide and Stop,1,1,column_4,,,PRICE
agricultural,22,Adjustable Door Guide and Stop,1,2,column_1,,,HW-946
agricultural,22,Adjustable Door Guide and Stop,1,2,column_2,,,White
agricultural,22,Adjustable Door Guide and Stop,1,2,column_3,,,3.00#
agricultural,22,Adjustable Door Guide and Stop,1,2,column_4,,,v
agricultural,22,Complete Cover Bracket,2,0,column_1,,,DESCRIPTION
agricultural,22,Complete Cover Bracket,2,0,column_4,,,PRICED PER EACH
agricultural,22,Complete Cover Bracket,2,1,column_1,,,PART #
agricultural,22,Complete Cover Bracket,2,1,column_2,,,FINISH
agricultural,22,Complete Cover Bracket,2,1,column_3,,,WEIGHT EACH
agricultural,22,Complete Cover Bracket,2,1,column_4,,,PRICE
agricultural,22,Complete Cover Bracket,2,2,column_1,,,HW-947
agricultural,22,Complete Cover Bracket,2,2,column_2,,,Galvanized
agricultural,22,Complete Cover Bracket,2,2,column_3,,,1.00#
agricultural,22,Complete Cover Bracket,2,2,column_4,,,v
agricultural,23,Square Track,0,0,part,PART #,DESCRIPTION,HW-966
agricultural,23,Square Track,0,0,gauge,GAUGE,DESCRIPTION,16
agricultural,23,Square Track,0,0,length,LENGTH,DESCRIPTION,"12'-0"""
agricultural,23,Square Track,0,0,finish,FINISH,DESCRIPTION,Galvanized
agricultural,23,Square Track,0,0,weight_each,WEIGHT EACH,DESCRIPTION,21.00#
agricultural,23,Square Track,0,0,price,PRICE,,✓
agricultural,23,Square Track,0,1,part,PART #,DESCRIPTION,HW-967
agricultural,23,Square Track,0,1,gauge,GAUGE,DESCRIPTION,16
agricultural,23,Square Track,0,1,length,LENGTH,DESCRIPTION,"1 4'-0"""
agricultural,23,Square Track,0,1,finish,FINISH,DESCRIPTION,Galvanized
agricultural,23,Square Track,0,1,weight_each,WEIGHT EACH,DESCRIPTION,25.00#
agricultural,23,Square Track,0,1,price,PRICE,,✓
agricultural,23,Square Track,0,2,part,PART #,DESCRIPTION,HW-968
agricultural,23,Square Track,0,2,gauge,GAUGE,DESCRIPTION,16
agricultural,23,Square Track,0,2,length,LENGTH,DESCRIPTION,"20'-0"""
agricultural,23,Square Track,0,2,finish,FINISH,DESCRIPTION,Galvanized
agricultural,23,Square Track,0,2,weight_each,WEIGHT EACH,DESCRIPTION,35.00#
agricultural,23,Square Track,0,2,price,PRICE,,✓
agricultural,23,Rail Hanger and Bracket,1,0,column_1,,,DESCRIPTION
agricultural,23,Rail Hanger and Bracket,1,0,column_4,,,PRICED PER EACH
agricultural,23,Rail Hanger and Bracket,1,1,column_1,,,PART #
agricultural,23,Rail Hanger and Bracket,1,1,column_2,,,FINISH
agricultural,23,Rail Hanger and Bracket,1,1,column_3,,,WEIGHT EACH
agricultural,23,Rail Hanger and Bracket,1,1,column_4,,,PRICE
agricultural,23,Rail Hanger and Bracket,1,2,column_1,,,HW-971
agricultural,23,Rail Hanger and Bracket,1,2,column_2,,,Galvanized
agricultural,23,Rail Hanger and Bracket,1,2,column_3,,,3.00#
agricultural,23,Rail Hanger and Bracket,1,2,column_4,,,v
agricultural,23,Hanger Angle,2,0,column_1,,,DESCRIPTION
agricultural,23,Hanger Angle,2,0,column_4,,,PRICED PER EACH
agricultural,23,Hanger Angle,2,1,column_1,,,PART #
agricultural,23,Hanger Angle,2,1,column_2,,,FINISH
agricultural,23,Hanger Angle,2,1,column_3,,,WEIGHT EACH
agricultural,23,Hanger Angle,2,1,column_4,,,PRICE
agricultural,23,Hanger Angle,2,2,column_1,,,HW-975
agricultural,23,Hanger Angle,2,2,column_2,,,Galvanized
agricultural,23,Hanger Angle,2,2,column_3,,,1.00#
agricultural,23,Hanger Angle,2,2,column_4,,,v
agricultural,24,Steel Door Pull,0,0,column_1,,,DESCRIPTION
agricultural,24,Steel Door Pull,0,0,column_4,,,PRICED PER EACH
agricultural,24,Steel Door Pull,0,1,column_1,,,PART #
agricultural,24,Steel Door Pull,0,1,column_2,,,FINISH
agricultural,24,Steel Door Pull,0,1,column_3,,,WEIGHT EACH
agricultural,24,Steel Door Pull,0,1,column_4,,,PRICE
agricultural,24,Steel Door Pull,0,2,column_1,,,HW-973
agricultural,24,Steel Door Pull,0,2,column_2,,,Galvanized
agricultural,24,Steel Door Pull,0,2,column_3,,,I0#
agricultural,24,Steel Door Pull,0,2,column_4,,,v
agricultural,24,"Trolleys - 2"" diameter wheel",1,0,column_1,,,DESCRIPTION
agricultural,24,"Trolleys - 2"" diameter wheel",1,0,column_4,,,PRICED PER EACH
agricultural,24,"Trolleys - 2"" diameter wheel",1,1,column_1,,,PART #
agricultural,24,"Trolleys - 2"" diameter wheel",1,1,column_2,,,FINISH
agricultural,24,"Trolleys - 2"" diameter wheel",1,1,column_3,,,WEIGHT EACH
agricultural,24,"Trolleys - 2"" diameter wheel",1,1,column_4,,,PRICE
agricultural,24,"Trolleys - 2"" diameter wheel",1,2,column_1,,,HW-969
agricultural,24,"Trolleys - 2"" diameter wheel",1,2,column_2,,,Galvanized
agricultural,24,"Trolleys - 2"" diameter wheel",1,2,column_3,,,1.00#
agricultural,24,"Trolleys - 2"" diameter wheel",1,2,column_4,,,v
agricultural,24,Cam Lock Jamb Latch,2,0,column_1,,,DESCRIPTION
agricultural,24,Cam Lock Jamb Latch,2,0,column_4,,,PRICED PER EACH
agricultural,24,Cam Lock Jamb Latch,2,1,column_1,,,PART #
agricultural,24,Cam Lock Jamb Latch,2,1,column_2,,,FINISH
agricultural,24,Cam Lock Jamb Latch,2,1,column_3,,,WEIGHT EACH
agricultural,24,Cam Lock Jamb Latch,2,1,column_4,,,PRICE
agricultural,24,Cam Lock Jamb Latch,2,2,column_1,,,HW-972
agricultural,24,Cam Lock Jamb Latch,2,2,column_2,,,Galvanized
agricultural,24,Cam Lock Jamb Latch,2,2,column_3,,,2.00#
agricultural,24,Cam Lock Jamb Latch,2,2,column_4,,,v
agricultural,25,Splice Bracket,0,0,column_1,,,DESCRIPTION
agricultural,25,Splice Bracket,0,0,column_4,,,PRICED PER EACH
agricultural,25,Splice Bracket,0,1,column_1,,,PART #
agricultural,25,Splice Bracket,0,1,column_2,,,FINISH
agricultural,25,Splice Bracket,0,1,column_3,,,WEIGHT EACH
agricultural,25,Splice Bracket,0,1,column_4,,,PRICE
agricultural,25,Splice Bracket,0,2,column_1,,,HW-970
agricultural,25,Splice Bracket,0,2,column_2,,,Galvanized
agricultural,25,Splice Bracket,0,2,column_3,,,1.00#
agricultural,25,Splice Bracket,0,2,column_4,,,v
agricultural,26,Ridge Flash,0,0,part,PART #,DESCRIPTION,AG-200
agricultural,26,Ridge Flash,0,0,length,LENGTH,DESCRIPTION,"10'-6"""
agricultural,26,Ridge Flash,0,0,girth,GIRTH,DESCRIPTION,"12%"""
agricultural,26,Ridge Flash,0,0,gauge,GAUGE,DESCRIPTION,29
agricultural,26,Ridge Flash,0,0,weight_each,WEIGHT EACH,DESCRIPTION,6.96#
agricultural,26,Ridge Flash,0,0,galvalume_plus,GALVALUME® PLUS,PRICED PER EACH,✓
agricultural,26,Ridge Flash,0,0,signature_200,SIGNATURE® 200,PRICED PER EACH,✓
agricultural,26,Ridge Cap,1,0,part,PART #,DESCRIPTION,LG-101
agricultural,26,Ridge Cap,1,0,length,LENGTH,DESCRIPTION,"10'-6"""
agricultural,26,Ridge Cap,1,0,girth,GIRTH,DESCRIPTION,"45"""
agricultural,26,Ridge Cap,1,0,gauge,GAUGE,DESCRIPTION,29
agricultural,26,Ridge Cap,1,0,weight_each,WEIGHT EACH,DESCRIPTION,7 924
agricultural,26,Ridge Cap,1,0,galvalume_plus,GALVALUME® PLUS,PRICED PER EACH,✓
agricultural,26,Ridge Cap,1,0,signature_200,SIGNATURE® 200,PRICED PER EACH,✓
agricultural,26,Corner Trim,2,0,part,PART #,DESCRIPTION,LG-114
agricultural,26,Corner Trim,2,0,length,LENGTH,DESCRIPTION,"10'-6"""
agricultural,26,Corner Trim,2,0,girth,GIRTH,DESCRIPTION,"1034"""
agricultural,26,Corner Trim,2,0,gauge,GAUGE,DESCRIPTION,29
agricultural,26,Corner Trim,2,0,weight_each,WEIGHT EACH,DESCRIPTION,5.46#
agricultural,26,Corner Trim,2,0,galvalume_plus,GALVALUME® PLUS,PRICED PER EACH,✓
agricultural,26,Corner Trim,2,0,signature_200,SIGNATURE® 200,PRICED PER EACH,✓
agricultural,27,Corner Trim,0,0,part,PART #,DESCRIPTION,LG-113
agricultural,27,Corner Trim,0,0,length,LENGTH,DESCRIPTION,"10'-6"""
agricultural,27,Corner Trim,0,0,girth,GIRTH,DESCRIPTION,"13%"""
agricultural,27,Corner Trim,0,0,gauge,GAUGE,DESCRIPTION,29
agricultural,27,Corner Trim,0,0,weight_each,WEIGHT EACH,DESCRIPTION,6.744
agricultural,27,Corner Trim,0,0,galvalume_plus,GALVALUME® PLUS,PRICED PER EACH,✓
agricultural,27,Corner Trim,0,0,signature_200,SIGNATURE® 200,PRICED PER EACH,✓
agricultural,27,Corner Trim,0,1,part,PART #,DESCRIPTION,LG-113A
agricultural,27,Corner Trim,0,1,length,LENGTH,DESCRIPTION,"12'-6"""
agricultural,27,Corner Trim,0,1,girth,GIRTH,DESCRIPTION,"13%"""
agricultural,27,Corner Trim,0,1,gauge,GAUGE,DESCRIPTION,29
agricultural,27,Corner Trim,0,1,weight_each,WEIGHT EACH,DESCRIPTION,8.02#
agricultural,27,Corner Trim,0,1,galvalume_plus,GALVALUME® PLUS,PRICED PER EACH,✓
agricultural,27,Corner Trim,0,1,signature_200,SIGNATURE® 200,PRICED PER EACH,✓
agricultural,27,Corner Trim,0,2,part,PART #,DESCRIPTION,LG-113B
agricultural,27,Corner Trim,0,2,length,LENGTH,DESCRIPTION,"14'-6"""
agricultural,27,Corner Trim,0,2,girth,GIRTH,DESCRIPTION,"13%"""
agricultural,27,Corner Trim,0,2,gauge,GAUGE,DESCRIPTION,29
agricultural,27,Corner Trim,0,2,weight_each,WEIGHT EACH,DESCRIPTION,9.31#
agricultural,27,Corner Trim,0,2,galvalume_plus,GALVALUME® PLUS,PRICED PER EACH,✓
agricultural,27,Corner Trim,0,2,signature_200,SIGNATURE® 200,PRICED PER EACH,✓
agricultural,27,Rake Trim,1,0,part,PART #,DESCRIPTION,LG-117
agricultural,27,Rake Trim,1,0,length,LENGTH,DESCRIPTION,"10'-6"""
agricultural,27,Rake Trim,1,0,girth,GIRTH,DESCRIPTION,"15%"""
agricultural,27,Rake Trim,1,0,gauge,GAUGE,DESCRIPTION,29
agricultural,27,Rake Trim,1,0,weight_each,WEIGHT EACH,DESCRIPTION,7 82#
agricultural,27,Rake Trim,1,0,galvalume_plus,GALVALUME® PLUS,PRICED PER EACH,✓
agricultural,27,Rake Trim,1,0,signature_200,SIGNATURE® 200,PRICED PER EACH,✓
agricultural,27,Rake Trim,1,1,part,PART #,DESCRIPTION,LG-117A
agricultural,27,Rake Trim,1,1,length,LENGTH,DESCRIPTION,"16'-0"""
agricultural,27,Rake Trim,1,1,girth,GIRTH,DESCRIPTION,"15%"""
agricultural,27,Rake Trim,1,1,gauge,GAUGE,DESCRIPTION,29
agricultural,27,Rake Trim,1,1,weight_each,WEIGHT EACH,DESCRIPTION,11.91#
agricultural,27,Rake Trim,1,1,galvalume_plus,GALVALUME® PLUS,PRICED PER EACH,✓
agricultural,27,Rake Trim,1,1,signature_200,SIGNATURE® 200,PRICED PER EACH,✓
agricultural,28,Rake Trim,0,0,part,PART #,DESCRIPTION,FL-1002
agricultural,28,Rake Trim,0,0,length,LENGTH,DESCRIPTION,"10'-2"""
agricultural,28,Rake Trim,0,0,dim_a,"DIM ""A""",DESCRIPTION,"33/16"""
agricultural,28,Rake Trim,0,0,roof_slope,ROOF SLOPE,DESCRIPTION,3-4:12
agricultural,28,Rake Trim,0,0,girth,GIRTH,DESCRIPTION,"81/16"""
agricultural,28,Rake Trim,0,0,gauge,GAUGE,DESCRIPTION,29
agricultural,28,Rake Trim,0,0,weight_each,WEIGHT EACH,DESCRIPTION,4.434
agricultural,28,Rake Trim,0,0,galvalume_plus,GALVALUME® PLUS,PRICED PER EACH,✓
agricultural,28,Rake Trim,0,0,signature_200,SIGNATURE® 200,PRICED PER EACH,✓
agricultural,28,Rake Trim,0,1,part,PART #,DESCRIPTION,FL-1002
agricultural,28,Rake Trim,0,1,length,LENGTH,DESCRIPTION,"10'-2"""
agricultural,28,Rake Trim,0,1,dim_a,"DIM ""A""",DESCRIPTION,"33/16"""
agricultural,28,Rake Trim,0,1,roof_slope,ROOF SLOPE,DESCRIPTION,3-4:12
agricultural,28,Rake Trim,0,1,girth,GIRTH,DESCRIPTION,"8/16"""
agricultural,28,Rake Trim,0,1,gauge,GAUGE,DESCRIPTION,26
agricultural,28,Rake Trim,0,1,weight_each,WEIGHT EACH,DESCRIPTION,5.73#
agricultural,28,Rake Trim,0,1,galvalume_plus,GALVALUME® PLUS,PRICED PER EACH,✓
agricultural,28,Rake Trim,0,1,signature_200,SIGNATURE® 200,PRICED PER EACH,✓
agricultural,28,Rake Trim,0,2,part,PART #,DESCRIPTION,FL-1003
agricultural,28,Rake Trim,0,2,length,LENGTH,DESCRIPTION,"10'-2"""
agricultural,28,Rake Trim,0,2,dim_a,"DIM ""A""",DESCRIPTION,"31/16"""
agricultural,28,Rake Trim,0,2,roof_slope,ROOF SLOPE,DESCRIPTION,5-6:12
agricultural,28,Rake Trim,0,2,girth,GIRTH,DESCRIPTION,"8/16"""
agricultural,28,Rake Trim,0,2,gauge,GAUGE,DESCRIPTION,29
agricultural,28,Rake Trim,0,2,weight_each,WEIGHT EACH,DESCRIPTION,4.37#
agricultural,28,Rake Trim,0,2,galvalume_plus,GALVALUME® PLUS,PRICED PER EACH,✓
agricultural,28,Rake Trim,0,2,signature_200,SIGNATURE® 200,PRICED PER EACH,✓
agricultural,28,Rake Trim,0,3,part,PART #,DESCRIPTION,FL-1003
agricultural,28,Rake Trim,0,3,length,LENGTH,DESCRIPTION,"10'-2"""
agricultural,28,Rake Trim,0,3,dim_a,"DIM ""A""",DESCRIPTION,"31/16"""
agricultural,28,Rake Trim,0,3,roof_slope,ROOF SLOPE,DESCRIPTION,5-6:12
agricultural,28,Rake Trim,0,3,girth,GIRTH,DESCRIPTION,"8/16"""
agricultural,28,Rake Trim,0,3,gauge,GAUGE,DESCRIPTION,26
agricultural,28,Rake Trim,0,3,weight_each,WEIGHT EACH,DESCRIPTION,5.65#
agricultural,28,Rake Trim,0,3,galvalume_plus,GALVALUME® PLUS,PRICED PER EACH,✓
agricultural,28,Rake Trim,0,3,signature_200,SIGNATURE® 200,PRICED PER EACH,✓
agricultural,28,Rake Trim,0,4,part,PART #,DESCRIPTION,FL-1004
agricultural,28,Rake Trim,0,4,length,LENGTH,DESCRIPTION,"10'-2"""
agricultural,28,Rake Trim,0,4,dim_a,"DIM ""A""",DESCRIPTION,"213/16"""
agricultural,28,Rake Trim,0,4,roof_slope,ROOF SLOPE,DESCRIPTION,7:12
agricultural,28,Rake Trim,0,4,girth,GIRTH,DESCRIPTION,"87/16"""
agricultural,28,Rake Trim,0,4,gauge,GAUGE,DESCRIPTION,29
agricultural,28,Rake Trim,0,4,weight_each,WEIGHT EACH,DESCRIPTION,4.30#
agricultural,28,Rake Trim,0,4,galvalume_plus,GALVALUME® PLUS,PRICED PER EACH,✓
agricultural,28,Rake Trim,0,4,signature_200,SIGNATURE® 200,PRICED PER EACH,✓
agricultural,28,Rake Trim,0,5,part,PART #,DESCRIPTION,FL-1004
agricultural,28,Rake Trim,0,5,length,LENGTH,DESCRIPTION,"10'-2"""
agricultural,28,Rake Trim,0,5,dim_a,"DIM ""A""",DESCRIPTION,"21/16"""
agricultural,28,Rake Trim,0,5,roof_slope,ROOF SLOPE,DESCRIPTION,7:12
agricultural,28,Rake Trim,0,5,girth,GIRTH,DESCRIPTION,"87/16"""
agricultural,28,Rake Trim,0,5,gauge,GAUGE,DESCRIPTION,26
agricultural,28,Rake Trim,0,5,weight_each,WEIGHT EACH,DESCRIPTION,5.56#
agricultural,28,Rake Trim,0,5,galvalume_plus,GALVALUME® PLUS,PRICED PER EACH,✓
agricultural,28,Rake Trim,0,5,signature_200,SIGNATURE® 200,PRICED PER EACH,✓
agricultural,28,Rake Trim,0,6,part,PART #,DESCRIPTION,FL-1005
agricultural,28,Rake Trim,0,6,length,LENGTH,DESCRIPTION,"10'-2"""
agricultural,28,Rake Trim,0,6,dim_a,"DIM ""A""",DESCRIPTION,"2 13/16"""
agricultural,28,Rake Trim,0,6,roof_slope,ROOF SLOPE,DESCRIPTION,8-9:12
agricultural,28,Rake Trim,0,6,girth,GIRTH,DESCRIPTION,"85/16"""
agricultural,28,Rake Trim,0,6,gauge,GAUGE,DESCRIPTION,29
agricultural,28,Rake Trim,0,6,weight_each,WEIGHT EACH,DESCRIPTION,4.244
agricultural,28,Rake Trim,0,6,galvalume_plus,GALVALUME® PLUS,PRICED PER EACH,✓
agricultural,28,Rake Trim,0,6,signature_200,SIGNATURE® 200,PRICED PER EACH,✓
agricultural,28,Rake Trim,0,7,part,PART #,DESCRIPTION,FL-1005
agricultural,28,Rake Trim,0,7,length,LENGTH,DESCRIPTION,"10'-2"""
agricultural,28,Rake Trim,0,7,dim_a,"DIM ""A""",DESCRIPTION,"2 ""3/16"""
agricultural,28,Rake Trim,0,7,roof_slope,ROOF SLOPE,DESCRIPTION,8-9:12
agricultural,28,Rake Trim,0,7,girth,GIRTH,DESCRIPTION,"85/16"""
agricultural,28,Rake Trim,0,7,gauge,GAUGE,DESCRIPTION,26
agricultural,28,Rake Trim,0,7,weight_each,WEIGHT EACH,DESCRIPTION,5.48#
agricultural,28,Rake Trim,0,7,galvalume_plus,GALVALUME® PLUS,PRICED PER EACH,✓
agricultural,28,Rake Trim,0,7,signature_200,SIGNATURE® 200,PRICED PER EACH,✓
agricultural,28,Rake Trim,0,8,part,PART #,DESCRIPTION,FL-1006
agricultural,28,Rake Trim,0,8,length,LENGTH,DESCRIPTION,"1Q0'-2"""
agricultural,28,Rake Trim,0,8,dim_a,"DIM ""A""",DESCRIPTION,"2 """"/16"""
agricultural,28,Rake Trim,0,8,roof_slope,ROOF SLOPE,DESCRIPTION,10:12
agricultural,28,Rake Trim,0,8,girth,GIRTH,DESCRIPTION,"83/16"""
agricultural,28,Rake Trim,0,8,gauge,GAUGE,DESCRIPTION,29
agricultural,28,Rake Trim,0,8,weight_each,WEIGHT EACH,DESCRIPTION,4.18#
agricultural,28,Rake Trim,0,8,galvalume_plus,GALVALUME® PLUS,PRICED PER EACH,✓
agricultural,28,Rake Trim,0,8,signature_200,SIGNATURE® 200,PRICED PER EACH,✓
agricultural,28,Rake Trim,0,9,part,PART #,DESCRIPTION,FL-1006
agricultural,28,Rake Trim,0,9,length,LENGTH,DESCRIPTION,"10'-2"""
agricultural,28,Rake Trim,0,9,dim_a,"DIM ""A""",DESCRIPTION,"2 ""S16"""
agricultural,28,Rake Trim,0,9,roof_slope,ROOF SLOPE,DESCRIPTION,10:12
agricultural,28,Rake Trim,0,9,girth,GIRTH,DESCRIPTION,"83/16"""
agricultural,28,Rake Trim,0,9,gauge,GAUGE,DESCRIPTION,26
agricultural,28,Rake Trim,0,9,weight_each,WEIGHT EACH,DESCRIPTION,5.48#
agricultural,28,Rake Trim,0,9,galvalume_plus,GALVALUME® PLUS,PRICED PER EACH,✓
agricultural,28,Rake Trim,0,9,signature_200,SIGNATURE® 200,PRICED PER EACH,✓
agricultural,28,Inside Corner,1,0,part,PART #,DESCRIPTION,LG-115
agricultural,28,Inside Corner,1,0,length,LENGTH,DESCRIPTION,"10'-6"""
agricultural,28,Inside Corner,1,0,girth,GIRTH,DESCRIPTION,"13%"""
agricultural,28,Inside Corner,1,0,gauge,GAUGE,DESCRIPTION,29
agricultural,28,Inside Corner,1,0,weight_each,WEIGHT EACH,DESCRIPTION,6.744
agricultural,28,Inside Corner,1,0,galvalume_plus,GALVALUME® PLUS,PRICED PER EACH,✓
agricultural,28,Inside Corner,1,0,signature_200,SIGNATURE® 200,PRICED PER EACH,✓
agricultural,28,Eave Trim,2,0,part,PART #,DESCRIPTION,LG-120
agricultural,28,Eave Trim,2,0,length,LENGTH,DESCRIPTION,"10'-6"""
agricultural,28,Eave Trim,2,0,girth,GIRTH,DESCRIPTION,"6 52"""
agricultural,28,Eave Trim,2,0,gauge,GAUGE,DESCRIPTION,29
agricultural,28,Eave Trim,2,0,weight_each,WEIGHT EACH,DESCRIPTION,3.41#
agricultural,28,Eave Trim,2,0,galvalume_plus,GALVALUME® PLUS,PRICED PER EACH,✓
agricultural,28,Eave Trim,2,0,signature_200,SIGNATURE® 200,PRICED PER EACH,✓
agricultural,29,Eave Trim,0,0,part,PART #,DESCRIPTION,AG-474
agricultural,29,Eave Trim,0,0,length,LENGTH,DESCRIPTION,"10'-6"""
agricultural,29,Eave Trim,0,0,girth,GIRTH,DESCRIPTION,"10%"""
agricultural,29,Eave Trim,0,0,gauge,GAUGE,DESCRIPTION,29
agricultural,29,Eave Trim,0,0,weight_each,WEIGHT EACH,DESCRIPTION,5.734
agricultural,29,Eave Trim,0,0,galvalume_plus,GALVALUME® PLUS,PRICED PER EACH,✓
agricultural,29,Eave Trim,0,0,signature_200,SIGNATURE® 200,PRICED PER EACH,✓
agricultural,29,Eave Trim,0,1,part,PART #,DESCRIPTION,AG-476
agricultural,29,Eave Trim,0,1,length,LENGTH,DESCRIPTION,"12'-6"""
agricultural,29,Eave Trim,0,1,girth,GIRTH,DESCRIPTION,"10%"""
agricultural,29,Eave Trim,0,1,gauge,GAUGE,DESCRIPTION,29
agricultural,29,Eave Trim,0,1,weight_each,WEIGHT EACH,DESCRIPTION,6.58#
agricultural,29,Eave Trim,0,1,galvalume_plus,GALVALUME® PLUS,PRICED PER EACH,✓
agricultural,29,Eave Trim,0,1,signature_200,SIGNATURE® 200,PRICED PER EACH,✓
agricultural,29,Eave Trim,1,0,part,PART #,DESCRIPTION,LG-119
agricultural,29,Eave Trim,1,0,length,LENGTH,DESCRIPTION,"10'-6"""
agricultural,29,Eave Trim,1,0,girth,GIRTH,DESCRIPTION,"9 7%"""
agricultural,29,Eave Trim,1,0,gauge,GAUGE,DESCRIPTION,29
agricultural,29,Eave Trim,1,0,weight_each,WEIGHT EACH,DESCRIPTION,5.19#
agricultural,29,Eave Trim,1,0,galvalume_plus,GALVALUME® PLUS,PRICED PER EACH,✓
agricultural,29,Eave Trim,1,0,signature_200,SIGNATURE® 200,PRICED PER EACH,✓
agricultural,29,Peak Trim,2,0,part,PART #,DESCRIPTION,LG-103
agricultural,29,Peak Trim,2,0,length,LENGTH,DESCRIPTION,"10'-6"""
agricultural,29,Peak Trim,2,0,girth,GIRTH,DESCRIPTION,"11%"""
agricultural,29,Peak Trim,2,0,gauge,GAUGE,DESCRIPTION,29
agricultural,29,Peak Trim,2,0,weight_each,WEIGHT EACH,DESCRIPTION,6.01#
agricultural,29,Peak Trim,2,0,galvalume_plus,GALVALUME® PLUS,PRICED PER EACH,✓
agricultural,29,Peak Trim,2,0,signature_200,SIGNATURE® 200,PRICED PER EACH,✓
agricultural,30,Valley Trim,0,0,part,PART #,DESCRIPTION,LG-138
agricultural,30,Valley Trim,0,0,length,LENGTH,DESCRIPTION,"10'-6"""
agricultural,30,Valley Trim,0,0,girth,GIRTH,DESCRIPTION,"20%"""
agricultural,30,Valley Trim,0,0,gauge,GAUGE,DESCRIPTION,29
agricultural,30,Valley Trim,0,0,weight_each,WEIGHT EACH,DESCRIPTION,11.02#
agricultural,30,Valley Trim,0,0,galvalume_plus,GALVALUME® PLUS,PRICED PER EACH,✓
agricultural,30,Valley Trim,0,0,signature_200,SIGNATURE® 200,PRICED PER EACH,✓
agricultural,30,Base Trim,1,0,part,PART #,DESCRIPTION,LG-110A
agricultural,30,Base Trim,1,0,length,LENGTH,DESCRIPTION,"10'-6"""
agricultural,30,Base Trim,1,0,girth,GIRTH,DESCRIPTION,"5 34"""
agricultural,30,Base Trim,1,0,gauge,GAUGE,DESCRIPTION,29
agricultural,30,Base Trim,1,0,weight_each,WEIGHT EACH,DESCRIPTION,3.144
agricultural,30,Base Trim,1,0,galvalume_plus,GALVALUME® PLUS,PRICED PER EACH,✓
agricultural,30,Base Trim,1,0,signature_200,SIGNATURE® 200,PRICED PER EACH,✓
agricultural,30,Jamb Trim,2,0,part,PART #,DESCRIPTION,AG-490
agricultural,30,Jamb Trim,2,0,length,LENGTH,DESCRIPTION,"71.3"""
agricultural,30,Jamb Trim,2,0,girth,GIRTH,DESCRIPTION,"5"""
agricultural,30,Jamb Trim,2,0,gauge,GAUGE,DESCRIPTION,29
agricultural,30,Jamb Trim,2,0,weight_each,WEIGHT EACH,DESCRIPTION,1.89#
agricultural,30,Jamb Trim,2,0,galvalume_plus,GALVALUME® PLUS,PRICED PER EACH,✓
agricultural,30,Jamb Trim,2,0,signature_200,SIGNATURE® 200,PRICED PER EACH,✓
agricultural,30,Jamb Trim,2,1,part,PART #,DESCRIPTION,AG-491
agricultural,30,Jamb Trim,2,1,length,LENGTH,DESCRIPTION,"10'-6"""
agricultural,30,Jamb Trim,2,1,girth,GIRTH,DESCRIPTION,"5"""
agricultural,30,Jamb Trim,2,1,gauge,GAUGE,DESCRIPTION,29
agricultural,30,Jamb Trim,2,1,weight_each,WEIGHT EACH,DESCRIPTION,2.63#
agricultural,30,Jamb Trim,2,1,galvalume_plus,GALVALUME® PLUS,PRICED PER EACH,✓
agricultural,30,Jamb Trim,2,1,signature_200,SIGNATURE® 200,PRICED PER EACH,✓
agricultural,30,Jamb Trim,2,2,part,PART #,DESCRIPTION,AG-492
agricultural,30,Jamb Trim,2,2,length,LENGTH,DESCRIPTION,"12'-O"""
agricultural,30,Jamb Trim,2,2,girth,GIRTH,DESCRIPTION,"5"""
agricultural,30,Jamb Trim,2,2,gauge,GAUGE,DESCRIPTION,29
agricultural,30,Jamb Trim,2,2,weight_each,WEIGHT EACH,DESCRIPTION,3.01#
agricultural,30,Jamb Trim,2,2,galvalume_plus,GALVALUME® PLUS,PRICED PER EACH,✓
agricultural,30,Jamb Trim,2,2,signature_200,SIGNATURE® 200,PRICED PER EACH,✓
agricultural,30,Jamb Trim,2,3,part,PART #,DESCRIPTION,AG-493
agricultural,30,Jamb Trim,2,3,length,LENGTH,DESCRIPTION,"1 4'-0"""
agricultural,30,Jamb Trim,2,3,girth,GIRTH,DESCRIPTION,"5"""
agricultural,30,Jamb Trim,2,3,gauge,GAUGE,DESCRIPTION,29
agricultural,30,Jamb Trim,2,3,weight_each,WEIGHT EACH,DESCRIPTION,3.51#
agricultural,30,Jamb Trim,2,3,galvalume_plus,GALVALUME® PLUS,PRICED PER EACH,✓
agricultural,30,Jamb Trim,2,3,signature_200,SIGNATURE® 200,PRICED PER EACH,✓
agricultural,31,Head Trim,0,0,part,PART #,DESCRIPTION,LG-124
agricultural,31,Head Trim,0,0,length,LENGTH,DESCRIPTION,"10'-6"""
agricultural,31,Head Trim,0,0,girth,GIRTH,DESCRIPTION,"4"""
agricultural,31,Head Trim,0,0,gauge,GAUGE,DESCRIPTION,29
agricultural,31,Head Trim,0,0,weight_each,WEIGHT EACH,DESCRIPTION,2.18#
agricultural,31,Head Trim,0,0,galvalume_plus,GALVALUME® PLUS,PRICED PER EACH,✓
agricultural,31,Head Trim,0,0,signature_200,SIGNATURE® 200,PRICED PER EACH,✓
agricultural,31,Head Trim,0,1,part,PART #,DESCRIPTION,LG-124A
agricultural,31,Head Trim,0,1,length,LENGTH,DESCRIPTION,"1 4'-0"""
agricultural,31,Head Trim,0,1,girth,GIRTH,DESCRIPTION,"4"""
agricultural,31,Head Trim,0,1,gauge,GAUGE,DESCRIPTION,29
agricultural,31,Head Trim,0,1,weight_each,WEIGHT EACH,DESCRIPTION,3.334
agricultural,31,Head Trim,0,1,galvalume_plus,GALVALUME® PLUS,PRICED PER EACH,✓
agricultural,31,Head Trim,0,1,signature_200,SIGNATURE® 200,PRICED PER EACH,✓
agricultural,31,J-Trim,1,0,part,PART #,DESCRIPTION,LG-123
agricultural,31,J-Trim,1,0,length,LENGTH,DESCRIPTION,"10'-6"""
agricultural,31,J-Trim,1,0,girth,GIRTH,DESCRIPTION,"3%"""
agricultural,31,J-Trim,1,0,gauge,GAUGE,DESCRIPTION,29
agricultural,31,J-Trim,1,0,weight_each,WEIGHT EACH,DESCRIPTION,2.12#
agricultural,31,J-Trim,1,0,galvalume_plus,GALVALUME® PLUS,PRICED PER EACH,✓
agricultural,31,J-Trim,1,0,signature_200,SIGNATURE® 200,PRICED PER EACH,✓
agricultural,31,J-Trim,1,1,part,PART #,DESCRIPTION,LG-123A
agricultural,31,J-Trim,1,1,length,LENGTH,DESCRIPTION,"16'-0"""
agricultural,31,J-Trim,1,1,girth,GIRTH,DESCRIPTION,"3%"""
agricultural,31,J-Trim,1,1,gauge,GAUGE,DESCRIPTION,29
agricultural,31,J-Trim,1,1,weight_each,WEIGHT EACH,DESCRIPTION,3.22#
agricultural,31,J-Trim,1,1,galvalume_plus,GALVALUME® PLUS,PRICED PER EACH,✓
agricultural,31,J-Trim,1,1,signature_200,SIGNATURE® 200,PRICED PER EACH,✓
agricultural,31,Door Header,2,0,part,PART #,DESCRIPTION,AG-485
agricultural,31,Door Header,2,0,length,LENGTH,DESCRIPTION,"3'-6"""
agricultural,31,Door Header,2,0,girth,GIRTH,DESCRIPTION,"5"""
agricultural,31,Door Header,2,0,gauge,GAUGE,DESCRIPTION,29
agricultural,31,Door Header,2,0,weight_each,WEIGHT EACH,DESCRIPTION,1
agricultural,31,Door Header,2,0,galvalume_plus,GALVALUME® PLUS,PRICED PER EACH,✓
agricultural,31,Door Header,2,0,signature_200,SIGNATURE® 200,PRICED PER EACH,✓
agricultural,31,Door Header,2,1,part,PART #,DESCRIPTION,AG-486
agricultural,31,Door Header,2,1,length,LENGTH,DESCRIPTION,"10'-6"""
agricultural,31,Door Header,2,1,girth,GIRTH,DESCRIPTION,"5"""
agricultural,31,Door Header,2,1,gauge,GAUGE,DESCRIPTION,29
agricultural,31,Door Header,2,1,weight_each,WEIGHT EACH,DESCRIPTION,2.3#
agricultural,31,Door Header,2,1,galvalume_plus,GALVALUME® PLUS,PRICED PER EACH,✓
agricultural,31,Door Header,2,1,signature_200,SIGNATURE® 200,PRICED PER EACH,✓
agricultural,31,Door Header,2,2,part,PART #,DESCRIPTION,AG-487
agricultural,31,Door Header,2,2,length,LENGTH,DESCRIPTION,"12'-O"""
agricultural,31,Door Header,2,2,girth,GIRTH,DESCRIPTION,"5"""
agricultural,31,Door Header,2,2,gauge,GAUGE,DESCRIPTION,29
agricultural,31,Door Header,2,2,weight_each,WEIGHT EACH,DESCRIPTION,3.12#
agricultural,31,Door Header,2,2,galvalume_plus,GALVALUME® PLUS,PRICED PER EACH,✓
agricultural,31,Door Header,2,2,signature_200,SIGNATURE® 200,PRICED PER EACH,✓
agricultural,31,Door Header,2,3,part,PART #,DESCRIPTION,AG-488
agricultural,31,Door Header,2,3,length,LENGTH,DESCRIPTION,"14'-0"""
agricultural,31,Door Header,2,3,girth,GIRTH,DESCRIPTION,"5"""
agricultural,31,Door Header,2,3,gauge,GAUGE,DESCRIPTION,29
agricultural,31,Door Header,2,3,weight_each,WEIGHT EACH,DESCRIPTION,3.93#
agricultural,31,Door Header,2,3,galvalume_plus,GALVALUME® PLUS,PRICED PER EACH,✓
agricultural,31,Door Header,2,3,signature_200,SIGNATURE® 200,PRICED PER EACH,✓
agricultural,32,Drip Cap,0,0,part,PART #,DESCRIPTION,LG-129
agricultural,32,Drip Cap,0,0,length,LENGTH,DESCRIPTION,"10'-6"""
agricultural,32,Drip Cap,0,0,girth,GIRTH,DESCRIPTION,"3%"""
agricultural,32,Drip Cap,0,0,gauge,GAUGE,DESCRIPTION,29
agricultural,32,Drip Cap,0,0,weight_each,WEIGHT EACH,DESCRIPTION,1.77#
agricultural,32,Drip Cap,0,0,galvalume_plus,GALVALUME® PLUS,PRICED PER EACH,✓
agricultural,32,Drip Cap,0,0,signature_200,SIGNATURE® 200,PRICED PER EACH,✓
agricultural,32,Endplate,1,0,part,PART #,DESCRIPTION,AG-225
agricultural,32,Endplate,1,0,length,LENGTH,DESCRIPTION,"2'-O"""
agricultural,32,Endplate,1,0,girth,GIRTH,DESCRIPTION,"6 3"""
agricultural,32,Endplate,1,0,gauge,GAUGE,DESCRIPTION,29
agricultural,32,Endplate,1,0,weight_each,WEIGHT EACH,DESCRIPTION,O44
agricultural,32,Endplate,1,0,galvalume_plus,GALVALUME® PLUS,PRICED PER EACH,✓
agricultural,32,Endplate,1,0,signature_200,SIGNATURE® 200,PRICED PER EACH,✓
agricultural,32,Endplate,1,1,part,PART #,DESCRIPTION,AG-226
agricultural,32,Endplate,1,1,length,LENGTH,DESCRIPTION,"2'-0"""
agricultural,32,Endplate,1,1,girth,GIRTH,DESCRIPTION,"21,"""
agricultural,32,Endplate,1,1,gauge,GAUGE,DESCRIPTION,29
agricultural,32,Endplate,1,1,weight_each,WEIGHT EACH,DESCRIPTION,85H
agricultural,32,Endplate,1,1,galvalume_plus,GALVALUME® PLUS,PRICED PER EACH,✓
agricultural,32,Endplate,1,1,signature_200,SIGNATURE® 200,PRICED PER EACH,✓
agricultural,32,Inside Angle,2,0,part,PART #,DESCRIPTION,AG-260
agricultural,32,Inside Angle,2,0,length,LENGTH,DESCRIPTION,"10'-6"""
agricultural,32,Inside Angle,2,0,girth,GIRTH,DESCRIPTION,"4"""
agricultural,32,Inside Angle,2,0,gauge,GAUGE,DESCRIPTION,29
agricultural,32,Inside Angle,2,0,weight_each,WEIGHT EACH,DESCRIPTION,2.18#
agricultural,32,Inside Angle,2,0,galvalume_plus,GALVALUME® PLUS,PRICED PER EACH,✓
agricultural,32,Inside Angle,2,0,signature_200,SIGNATURE® 200,PRICED PER EACH,✓
agricultural,33,Single Angle,0,0,part,PART #,DESCRIPTION,AG-265
agricultural,33,Single Angle,0,0,length,LENGTH,DESCRIPTION,"10'-6"""
agricultural,33,Single Angle,0,0,girth,GIRTH,DESCRIPTION,"3"""
agricultural,33,Single Angle,0,0,gauge,GAUGE,DESCRIPTION,29
agricultural,33,Single Angle,0,0,weight_each,WEIGHT EACH,DESCRIPTION,1.044
agricultural,33,Single Angle,0,0,galvalume_plus,GALVALUME® PLUS,PRICED PER EACH,✓
agricultural,33,Single Angle,0,0,signature_200,SIGNATURE® 200,PRICED PER EACH,✓
agricultural,33,Single Angle,0,1,part,PART #,DESCRIPTION,AG-266
agricultural,33,Single Angle,0,1,length,LENGTH,DESCRIPTION,"1 2'-O"""
agricultural,33,Single Angle,0,1,girth,GIRTH,DESCRIPTION,"3"""
agricultural,33,Single Angle,0,1,gauge,GAUGE,DESCRIPTION,29
agricultural,33,Single Angle,0,1,weight_each,WEIGHT EACH,DESCRIPTION,1.87#
agricultural,33,Single Angle,0,1,galvalume_plus,GALVALUME® PLUS,PRICED PER EACH,✓
agricultural,33,Single Angle,0,1,signature_200,SIGNATURE® 200,PRICED PER EACH,✓
agricultural,33,Single Angle,0,2,part,PART #,DESCRIPTION,AG-267
agricultural,33,Single Angle,0,2,length,LENGTH,DESCRIPTION,"14'-0"""
agricultural,33,Single Angle,0,2,girth,GIRTH,DESCRIPTION,"3"""
agricultural,33,Single Angle,0,2,gauge,GAUGE,DESCRIPTION,29
agricultural,33,Single Angle,0,2,weight_each,WEIGHT EACH,DESCRIPTION,2.18#
agricultural,33,Single Angle,0,2,galvalume_plus,GALVALUME® PLUS,PRICED PER EACH,✓
agricultural,33,Single Angle,0,2,signature_200,SIGNATURE® 200,PRICED PER EACH,✓
agricultural,33,Door Post Trim,1,0,part,PART #,DESCRIPTION,LG-126
agricultural,33,Door Post Trim,1,0,length,LENGTH,DESCRIPTION,"10'-6"""
agricultural,33,Door Post Trim,1,0,girth,GIRTH,DESCRIPTION,"545"""
agricultural,33,Door Post Trim,1,0,gauge,GAUGE,DESCRIPTION,29
agricultural,33,Door Post Trim,1,0,weight_each,WEIGHT EACH,DESCRIPTION,3.00#
agricultural,33,Door Post Trim,1,0,galvalume_plus,GALVALUME® PLUS,PRICED PER EACH,✓
agricultural,33,Door Post Trim,1,0,signature_200,SIGNATURE® 200,PRICED PER EACH,✓
agricultural,33,Door Post Trim,1,1,part,PART #,DESCRIPTION,LG-126C
agricultural,33,Door Post Trim,1,1,length,LENGTH,DESCRIPTION,"16'-0"""
agricultural,33,Door Post Trim,1,1,girth,GIRTH,DESCRIPTION,"5 ¥2"""
agricultural,33,Door Post Trim,1,1,gauge,GAUGE,DESCRIPTION,29
agricultural,33,Door Post Trim,1,1,weight_each,WEIGHT EACH,DESCRIPTION,4.58#
agricultural,33,Door Post Trim,1,1,galvalume_plus,GALVALUME® PLUS,PRICED PER EACH,✓
agricultural,33,Door Post Trim,1,1,signature_200,SIGNATURE® 200,PRICED PER EACH,✓
agricultural,33,Door Post Trim,2,0,part,PART #,DESCRIPTION,LG-126A
agricultural,33,Door Post Trim,2,0,length,LENGTH,DESCRIPTION,"10'-6"""
agricultural,33,Door Post Trim,2,0,girth,GIRTH,DESCRIPTION,"7 Y2"""
agricultural,33,Door Post Trim,2,0,gauge,GAUGE,DESCRIPTION,29
agricultural,33,Door Post Trim,2,0,weight_each,WEIGHT EACH,DESCRIPTION,4.10#
agricultural,33,Door Post Trim,2,0,galvalume_plus,GALVALUME® PLUS,PRICED PER EACH,✓
agricultural,33,Door Post Trim,2,0,signature_200,SIGNATURE® 200,PRICED PER EACH,✓
agricultural,33,Door Post Trim,2,1,part,PART #,DESCRIPTION,LG-126D
agricultural,33,Door Post Trim,2,1,length,LENGTH,DESCRIPTION,"16'-0"""
agricultural,33,Door Post Trim,2,1,girth,GIRTH,DESCRIPTION,"7 Y2"""
agricultural,33,Door Post Trim,2,1,gauge,GAUGE,DESCRIPTION,29
agricultural,33,Door Post Trim,2,1,weight_each,WEIGHT EACH,DESCRIPTION,6.244
agricultural,33,Door Post Trim,2,1,galvalume_plus,GALVALUME® PLUS,PRICED PER EACH,✓
agricultural,33,Door Post Trim,2,1,signature_200,SIGNATURE® 200,PRICED PER EACH,✓
agricultural,34,Door Post Trim,0,0,part,PART #,DESCRIPTION,LG-126B
agricultural,34,Door Post Trim,0,0,length,LENGTH,DESCRIPTION,"10'-6"""
agricultural,34,Door Post Trim,0,0,girth,GIRTH,DESCRIPTION,"91%"""
agricultural,34,Door Post Trim,0,0,gauge,GAUGE,DESCRIPTION,29
agricultural,34,Door Post Trim,0,0,weight_each,WEIGHT EACH,DESCRIPTION,5.05#
agricultural,34,Door Post Trim,0,0,galvalume_plus,GALVALUME® PLUS,PRICED PER EACH,✓
agricultural,34,Door Post Trim,0,0,signature_200,SIGNATURE® 200,PRICED PER EACH,✓
agricultural,34,Door Post Trim,0,1,part,PART #,DESCRIPTION,LG-126E
agricultural,34,Door Post Trim,0,1,length,LENGTH,DESCRIPTION,"16'-O"""
agricultural,34,Door Post Trim,0,1,girth,GIRTH,DESCRIPTION,"9 ¥%4"""
agricultural,34,Door Post Trim,0,1,gauge,GAUGE,DESCRIPTION,29
agricultural,34,Door Post Trim,0,1,weight_each,WEIGHT EACH,DESCRIPTION,7104
agricultural,34,Door Post Trim,0,1,galvalume_plus,GALVALUME® PLUS,PRICED PER EACH,✓
agricultural,34,Door Post Trim,0,1,signature_200,SIGNATURE® 200,PRICED PER EACH,✓
agricultural,34,Double Angle,1,0,part,PART #,DESCRIPTION,AG-285
agricultural,34,Double Angle,1,0,length,LENGTH,DESCRIPTION,"10'-6"""
agricultural,34,Double Angle,1,0,girth,GIRTH,DESCRIPTION,"3"""
agricultural,34,Double Angle,1,0,gauge,GAUGE,DESCRIPTION,29
agricultural,34,Double Angle,1,0,weight_each,WEIGHT EACH,DESCRIPTION,1.644
agricultural,34,Double Angle,1,0,galvalume_plus,GALVALUME® PLUS,PRICED PER EACH,✓
agricultural,34,Double Angle,1,0,signature_200,SIGNATURE® 200,PRICED PER EACH,✓
agricultural,34,Double Angle,2,0,part,PART #,DESCRIPTION,AG-290
agricultural,34,Double Angle,2,0,length,LENGTH,DESCRIPTION,"10'-6"""
agricultural,34,Double Angle,2,0,girth,GIRTH,DESCRIPTION,"3%"""
agricultural,34,Double Angle,2,0,gauge,GAUGE,DESCRIPTION,29
agricultural,34,Double Angle,2,0,weight_each,WEIGHT EACH,DESCRIPTION,1.91#
agricultural,34,Double Angle,2,0,galvalume_plus,GALVALUME® PLUS,PRICED PER EACH,✓
agricultural,34,Double Angle,2,0,signature_200,SIGNATURE® 200,PRICED PER EACH,✓
agricultural,35,Double Angle,0,0,part,PART #,DESCRIPTION,DBLA
agricultural,35,Double Angle,0,0,length,LENGTH,DESCRIPTION,"10'-6"""
agricultural,35,Double Angle,0,0,girth,GIRTH,DESCRIPTION,"3"""
agricultural,35,Double Angle,0,0,gauge,GAUGE,DESCRIPTION,29
agricultural,35,Double Angle,0,0,weight_each,WEIGHT EACH,DESCRIPTION,1.044
agricultural,35,Double Angle,0,0,galvalume_plus,GALVALUME® PLUS,PRICED PER EACH,✓
agricultural,35,Double Angle,0,0,signature_200,SIGNATURE® 200,PRICED PER EACH,✓
agricultural,35,Z-Flashing,1,0,part,PART #,DESCRIPTION,LG-122
agricultural,35,Z-Flashing,1,0,length,LENGTH,DESCRIPTION,"10'-6"""
agricultural,35,Z-Flashing,1,0,girth,GIRTH,DESCRIPTION,"4%"""
agricultural,35,Z-Flashing,1,0,gauge,GAUGE,DESCRIPTION,29
agricultural,35,Z-Flashing,1,0,weight_each,WEIGHT EACH,DESCRIPTION,2.32#
agricultural,35,Z-Flashing,1,0,galvalume_plus,GALVALUME® PLUS,PRICED PER EACH,✓
agricultural,35,Z-Flashing,1,0,signature_200,SIGNATURE® 200,PRICED PER EACH,✓
agricultural,35,Door and Edge Cap,2,0,part,PART #,DESCRIPTION,LG-112
agricultural,35,Door and Edge Cap,2,0,length,LENGTH,DESCRIPTION,"10'-6"""
agricultural,35,Door and Edge Cap,2,0,girth,GIRTH,DESCRIPTION,"6%"""
agricultural,35,Door and Edge Cap,2,0,gauge,GAUGE,DESCRIPTION,29
agricultural,35,Door and Edge Cap,2,0,weight_each,WEIGHT EACH,DESCRIPTION,3.55#
agricultural,35,Door and Edge Cap,2,0,galvalume_plus,GALVALUME® PLUS,PRICED PER EACH,✓
agricultural,35,Door and Edge Cap,2,0,signature_200,SIGNATURE® 200,PRICED PER EACH,✓
agricultural,36,Snap-Up Track Cover,0,0,part,PART #,DESCRIPTION,AG-340
agricultural,36,Snap-Up Track Cover,0,0,length,LENGTH,DESCRIPTION,"10'-6"""
agricultural,36,Snap-Up Track Cover,0,0,girth,GIRTH,DESCRIPTION,"10%"""
agricultural,36,Snap-Up Track Cover,0,0,gauge,GAUGE,DESCRIPTION,29
agricultural,36,Snap-Up Track Cover,0,0,weight_each,WEIGHT EACH,DESCRIPTION,5.534
agricultural,36,Snap-Up Track Cover,0,0,galvalume_plus,GALVALUME® PLUS,PRICED PER EACH,✓
agricultural,36,Snap-Up Track Cover,0,0,signature_200,SIGNATURE® 200,PRICED PER EACH,✓
agricultural,36,Snap-Up Track Cover,0,1,part,PART #,DESCRIPTION,AG-341
agricultural,36,Snap-Up Track Cover,0,1,length,LENGTH,DESCRIPTION,"1 2'-O"""
agricultural,36,Snap-Up Track Cover,0,1,girth,GIRTH,DESCRIPTION,"10%"""
agricultural,36,Snap-Up Track Cover,0,1,gauge,GAUGE,DESCRIPTION,29
agricultural,36,Snap-Up Track Cover,0,1,weight_each,WEIGHT EACH,DESCRIPTION,6.32#
agricultural,36,Snap-Up Track Cover,0,1,galvalume_plus,GALVALUME® PLUS,PRICED PER EACH,✓
agricultural,36,Snap-Up Track Cover,0,1,signature_200,SIGNATURE® 200,PRICED PER EACH,✓
agricultural,36,Snap-Up Track Cover,0,2,part,PART #,DESCRIPTION,AG-342
agricultural,36,Snap-Up Track Cover,0,2,length,LENGTH,DESCRIPTION,"14'-0"""
agricultural,36,Snap-Up Track Cover,0,2,girth,GIRTH,DESCRIPTION,"10%"""
agricultural,36,Snap-Up Track Cover,0,2,gauge,GAUGE,DESCRIPTION,29
agricultural,36,Snap-Up Track Cover,0,2,weight_each,WEIGHT EACH,DESCRIPTION,7374
agricultural,36,Snap-Up Track Cover,0,2,galvalume_plus,GALVALUME® PLUS,PRICED PER EACH,✓
agricultural,36,Snap-Up Track Cover,0,2,signature_200,SIGNATURE® 200,PRICED PER EACH,✓
agricultural,36,Track Cover End Cap,1,0,column_1,,,DESCRIPTION
agricultural,36,Track Cover End Cap,1,0,column_4,,,PRICED PER EACH
agricultural,36,Track Cover End Cap,1,1,column_1,,,PART #
agricultural,36,Track Cover End Cap,1,1,column_2,,,WEIGHT EACH
agricultural,36,Track Cover End Cap,1,1,column_3,,,GAUGE
agricultural,36,Track Cover End Cap,1,1,column_4,,,GALVALUME® PLUS
agricultural,36,Track Cover End Cap,1,1,column_5,,,SIGNATURE® 200
agricultural,36,Track Cover End Cap,1,2,column_1,,,AG-343
agricultural,36,Track Cover End Cap,1,2,column_2,,,11#
agricultural,36,Track Cover End Cap,1,2,column_3,,,29
agricultural,36,Track Cover End Cap,1,2,column_4,,,v
agricultural,36,Track Cover End Cap,1,2,column_5,,,v
agricultural,36,Track Cover Cap,2,0,part,PART #,DESCRIPTION,AG-344
agricultural,36,Track Cover Cap,2,0,length,LENGTH,DESCRIPTION,"10'-6"""
agricultural,36,Track Cover Cap,2,0,girth,GIRTH,DESCRIPTION,"3%"""
agricultural,36,Track Cover Cap,2,0,gauge,GAUGE,DESCRIPTION,29
agricultural,36,Track Cover Cap,2,0,weight_each,WEIGHT EACH,DESCRIPTION,1.91#
agricultural,36,Track Cover Cap,2,0,galvalume_plus,GALVALUME® PLUS,PRICED PER EACH,✓
agricultural,36,Track Cover Cap,2,0,signature_200,SIGNATURE® 200,PRICED PER EACH,✓
agricultural,37,Door Track Cover - Square,0,0,part,PART #,DESCRIPTION,AG-345
agricultural,37,Door Track Cover - Square,0,0,length,LENGTH,DESCRIPTION,"10'-6"""
agricultural,37,Door Track Cover - Square,0,0,girth,GIRTH,DESCRIPTION,"8/16"""
agricultural,37,Door Track Cover - Square,0,0,gauge,GAUGE,DESCRIPTION,29
agricultural,37,Door Track Cover - Square,0,0,weight_each,WEIGHT EACH,DESCRIPTION,4.544
agricultural,37,Door Track Cover - Square,0,0,galvalume_plus,GALVALUME® PLUS,PRICED PER EACH,✓
agricultural,37,Door Track Cover - Square,0,0,signature_200,SIGNATURE® 200,PRICED PER EACH,✓
agricultural,37,Door Track Cover - Square,0,1,part,PART #,DESCRIPTION,AG-346
agricultural,37,Door Track Cover - Square,0,1,length,LENGTH,DESCRIPTION,"12'-0"""
agricultural,37,Door Track Cover - Square,0,1,girth,GIRTH,DESCRIPTION,"85/16"""
agricultural,37,Door Track Cover - Square,0,1,gauge,GAUGE,DESCRIPTION,29
agricultural,37,Door Track Cover - Square,0,1,weight_each,WEIGHT EACH,DESCRIPTION,5.19#
agricultural,37,Door Track Cover - Square,0,1,galvalume_plus,GALVALUME® PLUS,PRICED PER EACH,✓
agricultural,37,Door Track Cover - Square,0,1,signature_200,SIGNATURE® 200,PRICED PER EACH,✓
agricultural,37,Door Track Cover - Square,0,2,part,PART #,DESCRIPTION,AG-347
agricultural,37,Door Track Cover - Square,0,2,length,LENGTH,DESCRIPTION,"14'-0"""
agricultural,37,Door Track Cover - Square,0,2,girth,GIRTH,DESCRIPTION,"85/16"""
agricultural,37,Door Track Cover - Square,0,2,gauge,GAUGE,DESCRIPTION,29
agricultural,37,Door Track Cover - Square,0,2,weight_each,WEIGHT EACH,DESCRIPTION,6.05#
agricultural,37,Door Track Cover - Square,0,2,galvalume_plus,GALVALUME® PLUS,PRICED PER EACH,✓
agricultural,37,Door Track Cover - Square,0,2,signature_200,SIGNATURE® 200,PRICED PER EACH,✓
agricultural,37,Door Track Cover - Square,1,0,part,PART #,DESCRIPTION,LG-131
agricultural,37,Door Track Cover - Square,1,0,length,LENGTH,DESCRIPTION,"10'-6"""
agricultural,37,Door Track Cover - Square,1,0,girth,GIRTH,DESCRIPTION,"10%"""
agricultural,37,Door Track Cover - Square,1,0,gauge,GAUGE,DESCRIPTION,29
agricultural,37,Door Track Cover - Square,1,0,weight_each,WEIGHT EACH,DESCRIPTION,5.67#
agricultural,37,Door Track Cover - Square,1,0,galvalume_plus,GALVALUME® PLUS,PRICED PER EACH,✓
agricultural,37,Door Track Cover - Square,1,0,signature_200,SIGNATURE® 200,PRICED PER EACH,✓
agricultural,37,Door Track Cover - Square,1,1,part,PART #,DESCRIPTION,LG-131A
agricultural,37,Door Track Cover - Square,1,1,length,LENGTH,DESCRIPTION,"16'-0"""
agricultural,37,Door Track Cover - Square,1,1,girth,GIRTH,DESCRIPTION,"1036"""
agricultural,37,Door Track Cover - Square,1,1,gauge,GAUGE,DESCRIPTION,29
agricultural,37,Door Track Cover - Square,1,1,weight_each,WEIGHT EACH,DESCRIPTION,8.63#
agricultural,37,Door Track Cover - Square,1,1,galvalume_plus,GALVALUME® PLUS,PRICED PER EACH,✓
agricultural,37,Door Track Cover - Square,1,1,signature_200,SIGNATURE® 200,PRICED PER EACH,✓
agricultural,37,Top Mount Track Cover,2,0,part,PART #,DESCRIPTION,LG-133
agricultural,37,Top Mount Track Cover,2,0,length,LENGTH,DESCRIPTION,"10'-6"""
agricultural,37,Top Mount Track Cover,2,0,girth,GIRTH,DESCRIPTION,"10%"""
agricultural,37,Top Mount Track Cover,2,0,gauge,GAUGE,DESCRIPTION,29
agricultural,37,Top Mount Track Cover,2,0,weight_each,WEIGHT EACH,DESCRIPTION,5.944
agricultural,37,Top Mount Track Cover,2,0,galvalume_plus,GALVALUME® PLUS,PRICED PER EACH,✓
agricultural,37,Top Mount Track Cover,2,0,signature_200,SIGNATURE® 200,PRICED PER EACH,✓
agricultural,37,Top Mount Track Cover,2,1,part,PART #,DESCRIPTION,LG-133A
agricultural,37,Top Mount Track Cover,2,1,length,LENGTH,DESCRIPTION,"16'-0"""
agricultural,37,Top Mount Track Cover,2,1,girth,GIRTH,DESCRIPTION,"10%"""
agricultural,37,Top Mount Track Cover,2,1,gauge,GAUGE,DESCRIPTION,29
agricultural,37,Top Mount Track Cover,2,1,weight_each,WEIGHT EACH,DESCRIPTION,9.05#
agricultural,37,Top Mount Track Cover,2,1,galvalume_plus,GALVALUME® PLUS,PRICED PER EACH,✓
agricultural,37,Top Mount Track Cover,2,1,signature_200,SIGNATURE® 200,PRICED PER EACH,✓
agricultural,38,Door Track Cover - Round,0,0,part,PART #,DESCRIPTION,LG-132
agricultural,38,Door Track Cover - Round,0,0,length,LENGTH,DESCRIPTION,"10'-6"""
agricultural,38,Door Track Cover - Round,0,0,girth,GIRTH,DESCRIPTION,"42"""
agricultural,38,Door Track Cover - Round,0,0,gauge,GAUGE,DESCRIPTION,29
agricultural,38,Door Track Cover - Round,0,0,weight_each,WEIGHT EACH,DESCRIPTION,6.55#
agricultural,38,Door Track Cover - Round,0,0,galvalume_plus,GALVALUME® PLUS,PRICED PER EACH,✓
agricultural,38,Door Track Cover - Round,0,0,signature_200,SIGNATURE® 200,PRICED PER EACH,✓
agricultural,38,Door Track Cover - Round,0,1,part,PART #,DESCRIPTION,LG-132A
agricultural,38,Door Track Cover - Round,0,1,length,LENGTH,DESCRIPTION,"16'-0"""
agricultural,38,Door Track Cover - Round,0,1,girth,GIRTH,DESCRIPTION,"12"""
agricultural,38,Door Track Cover - Round,0,1,gauge,GAUGE,DESCRIPTION,29
agricultural,38,Door Track Cover - Round,0,1,weight_each,WEIGHT EACH,DESCRIPTION,9.98#
agricultural,38,Door Track Cover - Round,0,1,galvalume_plus,GALVALUME® PLUS,PRICED PER EACH,✓
agricultural,38,Door Track Cover - Round,0,1,signature_200,SIGNATURE® 200,PRICED PER EACH,✓
agricultural,38,Sidewall Flashing,1,0,part,PART #,DESCRIPTION,LG-108
agricultural,38,Sidewall Flashing,1,0,length,LENGTH,DESCRIPTION,"10'-6"""
agricultural,38,Sidewall Flashing,1,0,girth,GIRTH,DESCRIPTION,"834"""
agricultural,38,Sidewall Flashing,1,0,gauge,GAUGE,DESCRIPTION,29
agricultural,38,Sidewall Flashing,1,0,weight_each,WEIGHT EACH,DESCRIPTION,4.78#
agricultural,38,Sidewall Flashing,1,0,galvalume_plus,GALVALUME® PLUS,PRICED PER EACH,✓
agricultural,38,Sidewall Flashing,1,0,signature_200,SIGNATURE® 200,PRICED PER EACH,✓
agricultural,38,Endwall Flashing,2,0,part,PART #,DESCRIPTION,LG-107
agricultural,38,Endwall Flashing,2,0,length,LENGTH,DESCRIPTION,"10'-6"""
agricultural,38,Endwall Flashing,2,0,girth,GIRTH,DESCRIPTION,"934"""
agricultural,38,Endwall Flashing,2,0,gauge,GAUGE,DESCRIPTION,29
agricultural,38,Endwall Flashing,2,0,weight_each,WEIGHT EACH,DESCRIPTION,5.32#
agricultural,38,Endwall Flashing,2,0,galvalume_plus,GALVALUME® PLUS,PRICED PER EACH,✓
agricultural,38,Endwall Flashing,2,0,signature_200,SIGNATURE® 200,PRICED PER EACH,✓
agricultural,39,Box Gutter,0,0,part,PART #,DESCRIPTION,LG-152
agricultural,39,Box Gutter,0,0,length,LENGTH,DESCRIPTION,"10'-6"""
agricultural,39,Box Gutter,0,0,girth,GIRTH,DESCRIPTION,"49"""
agricultural,39,Box Gutter,0,0,gauge,GAUGE,DESCRIPTION,29
agricultural,39,Box Gutter,0,0,weight_each,WEIGHT EACH,DESCRIPTION,10.37#
agricultural,39,Box Gutter,0,0,galvalume_plus,GALVALUME® PLUS,PRICED PER EACH,✓
agricultural,39,Box Gutter,0,0,signature_200,SIGNATURE® 200,PRICED PER EACH,✓
agricultural,39,Box Gutter,0,1,part,PART #,DESCRIPTION,LG-152A
agricultural,39,Box Gutter,0,1,length,LENGTH,DESCRIPTION,"16'-0"""
agricultural,39,Box Gutter,0,1,girth,GIRTH,DESCRIPTION,"49"""
agricultural,39,Box Gutter,0,1,gauge,GAUGE,DESCRIPTION,29
agricultural,39,Box Gutter,0,1,weight_each,WEIGHT EACH,DESCRIPTION,15.81#
agricultural,39,Box Gutter,0,1,galvalume_plus,GALVALUME® PLUS,PRICED PER EACH,✓
agricultural,39,Box Gutter,0,1,signature_200,SIGNATURE® 200,PRICED PER EACH,✓
agricultural,39,Residential Gutter,1,0,part,PART #,DESCRIPTION,FL-1000
agricultural,39,Residential Gutter,1,0,length,LENGTH,DESCRIPTION,"10'-2"""
agricultural,39,Residential Gutter,1,0,girth,GIRTH,DESCRIPTION,"12°16"""
agricultural,39,Residential Gutter,1,0,gauge,GAUGE,DESCRIPTION,29
agricultural,39,Residential Gutter,1,0,weight_each,WEIGHT EACH,DESCRIPTION,6.044
agricultural,39,Residential Gutter,1,0,galvalume_plus,GALVALUME® PLUS,PRICED PER EACH,✓
agricultural,39,Residential Gutter,1,0,signature_200,SIGNATURE® 200,PRICED PER EACH,✓
agricultural,39,Residential Gutter,1,1,part,PART #,DESCRIPTION,FL-1000
agricultural,39,Residential Gutter,1,1,length,LENGTH,DESCRIPTION,"10'-2"""
agricultural,39,Residential Gutter,1,1,girth,GIRTH,DESCRIPTION,"12°16"""
agricultural,39,Residential Gutter,1,1,gauge,GAUGE,DESCRIPTION,26
agricultural,39,Residential Gutter,1,1,weight_each,WEIGHT EACH,DESCRIPTION,8.284
agricultural,39,Residential Gutter,1,1,galvalume_plus,GALVALUME® PLUS,PRICED PER EACH,✓
agricultural,39,Residential Gutter,1,1,signature_200,SIGNATURE® 200,PRICED PER EACH,✓
agricultural,39,Gutter Ends,2,0,column_1,,,DESCRIPTION
agricultural,39,Gutter Ends,2,0,column_4,,,PRICED PER EACH
agricultural,39,Gutter Ends,2,1,column_1,,,PART #
agricultural,39,Gutter Ends,2,1,column_2,,,WEIGHT EACH
agricultural,39,Gutter Ends,2,1,column_3,,,GAUGE
agricultural,39,Gutter Ends,2,1,column_4,,,GALVALUME® PLUS
agricultural,39,Gutter Ends,2,1,column_5,,,SIGNATURE® 200
agricultural,39,Gutter Ends,2,2,column_1,,,AG-382
agricultural,39,Gutter Ends,2,2,column_2,,,29
agricultural,39,Gutter Ends,2,2,column_3,,,.16#
agricultural,39,Gutter Ends,2,2,column_4,,,v
agricultural,39,Gutter Ends,2,2,column_5,,,v
agricultural,39,Gutter Ends,2,3,column_1,,,FL-1001
agricultural,39,Gutter Ends,2,3,column_2,,,29
agricultural,39,Gutter Ends,2,3,column_3,,,A12#
agricultural,39,Gutter Ends,2,3,column_4,,,v
agricultural,39,Gutter Ends,2,3,column_5,,,v
agricultural,39,Gutter Ends,2,4,column_1,,,FL-1001
agricultural,39,Gutter Ends,2,4,column_2,,,26
agricultural,39,Gutter Ends,2,4,column_3,,,14
agricultural,39,Gutter Ends,2,4,column_4,,,v
agricultural,39,Gutter Ends,2,4,column_5,,,v
agricultural,40,Gutter Strap,0,0,part,PART #,DESCRIPTION,FL-893
agricultural,40,Gutter Strap,0,0,length,LENGTH,DESCRIPTION,"4'-0"""
agricultural,40,Gutter Strap,0,0,girth,GIRTH,DESCRIPTION,"3"""
agricultural,40,Gutter Strap,0,0,gauge,GAUGE,DESCRIPTION,26
agricultural,40,Gutter Strap,0,0,weight_each,WEIGHT EACH,DESCRIPTION,234
agricultural,40,Gutter Strap,0,0,galvalume_plus,GALVALUME® PLUS,PRICED PER EACH,N/A
agricultural,40,Gutter Strap,0,0,signature_200,SIGNATURE® 200,PRICED PER EACH,✓
agricultural,40,Gutter Strap,0,1,part,PART #,DESCRIPTION,FL-893
agricultural,40,Gutter Strap,0,1,length,LENGTH,DESCRIPTION,"4'-0"""
agricultural,40,Gutter Strap,0,1,girth,GIRTH,DESCRIPTION,"3"""
agricultural,40,Gutter Strap,0,1,gauge,GAUGE,DESCRIPTION,24
agricultural,40,Gutter Strap,0,1,weight_each,WEIGHT EACH,DESCRIPTION,244
agricultural,40,Gutter Strap,0,1,galvalume_plus,GALVALUME® PLUS,PRICED PER EACH,✓
agricultural,40,Gutter Strap,0,1,signature_200,SIGNATURE® 200,PRICED PER EACH,✓
agricultural,41,Rake and Corner,0,0,part,PART #,DESCRIPTION,AG-410
agricultural,41,Rake and Corner,0,0,length,LENGTH,DESCRIPTION,"10'-6"""
agricultural,41,Rake and Corner,0,0,girth,GIRTH,DESCRIPTION,"8 y2"""
agricultural,41,Rake and Corner,0,0,gauge,GAUGE,DESCRIPTION,29
agricultural,41,Rake and Corner,0,0,weight_each,WEIGHT EACH,DESCRIPTION,4.04#
agricultural,41,Rake and Corner,0,0,galvalume_plus,GALVALUME® PLUS,PRICED PER EACH,✓
agricultural,41,Rake and Corner,0,0,signature_200,SIGNATURE® 200,PRICED PER EACH,✓
agricultural,41,Rake and Corner,0,1,part,PART #,DESCRIPTION,AG-411
agricultural,41,Rake and Corner,0,1,length,LENGTH,DESCRIPTION,"42'-Q"""
agricultural,41,Rake and Corner,0,1,girth,GIRTH,DESCRIPTION,"8 y2"""
agricultural,41,Rake and Corner,0,1,gauge,GAUGE,DESCRIPTION,29
agricultural,41,Rake and Corner,0,1,weight_each,WEIGHT EACH,DESCRIPTION,5.30#
agricultural,41,Rake and Corner,0,1,galvalume_plus,GALVALUME® PLUS,PRICED PER EACH,✓
agricultural,41,Rake and Corner,0,1,signature_200,SIGNATURE® 200,PRICED PER EACH,✓
agricultural,41,Rake and Corner,0,2,part,PART #,DESCRIPTION,AG-412
agricultural,41,Rake and Corner,0,2,length,LENGTH,DESCRIPTION,"14'-0"""
agricultural,41,Rake and Corner,0,2,girth,GIRTH,DESCRIPTION,"8 y2"""
agricultural,41,Rake and Corner,0,2,gauge,GAUGE,DESCRIPTION,29
agricultural,41,Rake and Corner,0,2,weight_each,WEIGHT EACH,DESCRIPTION,6.19#
agricultural,41,Rake and Corner,0,2,galvalume_plus,GALVALUME® PLUS,PRICED PER EACH,✓
agricultural,41,Rake and Corner,0,2,signature_200,SIGNATURE® 200,PRICED PER EACH,✓
agricultural,42,Rake and Corner,0,0,part,PART #,DESCRIPTION,AG-415
agricultural,42,Rake and Corner,0,0,length,LENGTH,DESCRIPTION,"10'-6"""
agricultural,42,Rake and Corner,0,0,girth,GIRTH,DESCRIPTION,"13%"""
agricultural,42,Rake and Corner,0,0,gauge,GAUGE,DESCRIPTION,29
agricultural,42,Rake and Corner,0,0,weight_each,WEIGHT EACH,DESCRIPTION,7.37#
agricultural,42,Rake and Corner,0,0,galvalume_plus,GALVALUME® PLUS,PRICED PER EACH,✓
agricultural,42,Rake and Corner,0,0,signature_200,SIGNATURE® 200,PRICED PER EACH,✓
agricultural,42,Rake and Corner,0,1,part,PART #,DESCRIPTION,AG-416
agricultural,42,Rake and Corner,0,1,length,LENGTH,DESCRIPTION,"1 2'-O"""
agricultural,42,Rake and Corner,0,1,girth,GIRTH,DESCRIPTION,"13%"""
agricultural,42,Rake and Corner,0,1,gauge,GAUGE,DESCRIPTION,29
agricultural,42,Rake and Corner,0,1,weight_each,WEIGHT EACH,DESCRIPTION,8.42#
agricultural,42,Rake and Corner,0,1,galvalume_plus,GALVALUME® PLUS,PRICED PER EACH,✓
agricultural,42,Rake and Corner,0,1,signature_200,SIGNATURE® 200,PRICED PER EACH,✓
agricultural,42,Rake and Corner,0,2,part,PART #,DESCRIPTION,AG-417
agricultural,42,Rake and Corner,0,2,length,LENGTH,DESCRIPTION,"14'-0"""
agricultural,42,Rake and Corner,0,2,girth,GIRTH,DESCRIPTION,"13%"""
agricultural,42,Rake and Corner,0,2,gauge,GAUGE,DESCRIPTION,29
agricultural,42,Rake and Corner,0,2,weight_each,WEIGHT EACH,DESCRIPTION,9.83#
agricultural,42,Rake and Corner,0,2,galvalume_plus,GALVALUME® PLUS,PRICED PER EACH,✓
agricultural,42,Rake and Corner,0,2,signature_200,SIGNATURE® 200,PRICED PER EACH,✓
agricultural,42,Rake and Corner,1,0,part,PART #,DESCRIPTION,AG-420
agricultural,42,Rake and Corner,1,0,length,LENGTH,DESCRIPTION,"10'-6"""
agricultural,42,Rake and Corner,1,0,girth,GIRTH,DESCRIPTION,"15%"""
agricultural,42,Rake and Corner,1,0,gauge,GAUGE,DESCRIPTION,29
agricultural,42,Rake and Corner,1,0,weight_each,WEIGHT EACH,DESCRIPTION,8.46#
agricultural,42,Rake and Corner,1,0,galvalume_plus,GALVALUME® PLUS,PRICED PER EACH,✓
agricultural,42,Rake and Corner,1,0,signature_200,SIGNATURE® 200,PRICED PER EACH,✓
agricultural,42,Rake and Corner,1,1,part,PART #,DESCRIPTION,AG-421
agricultural,42,Rake and Corner,1,1,length,LENGTH,DESCRIPTION,"12'-O"""
agricultural,42,Rake and Corner,1,1,girth,GIRTH,DESCRIPTION,"15%"""
agricultural,42,Rake and Corner,1,1,gauge,GAUGE,DESCRIPTION,29
agricultural,42,Rake and Corner,1,1,weight_each,WEIGHT EACH,DESCRIPTION,9.67#
agricultural,42,Rake and Corner,1,1,galvalume_plus,GALVALUME® PLUS,PRICED PER EACH,✓
agricultural,42,Rake and Corner,1,1,signature_200,SIGNATURE® 200,PRICED PER EACH,✓
agricultural,42,Rake and Corner,1,2,part,PART #,DESCRIPTION,AG-422
agricultural,42,Rake and Corner,1,2,length,LENGTH,DESCRIPTION,"1 4'-0"""
agricultural,42,Rake and Corner,1,2,girth,GIRTH,DESCRIPTION,"15%"""
agricultural,42,Rake and Corner,1,2,gauge,GAUGE,DESCRIPTION,29
agricultural,42,Rake and Corner,1,2,weight_each,WEIGHT EACH,DESCRIPTION,11.284
agricultural,42,Rake and Corner,1,2,galvalume_plus,GALVALUME® PLUS,PRICED PER EACH,✓
agricultural,42,Rake and Corner,1,2,signature_200,SIGNATURE® 200,PRICED PER EACH,✓
agricultural,42,Inside Corner,2,0,part,PART #,DESCRIPTION,AG-430
agricultural,42,Inside Corner,2,0,length,LENGTH,DESCRIPTION,"10'-6"""
agricultural,42,Inside Corner,2,0,girth,GIRTH,DESCRIPTION,"13%"""
agricultural,42,Inside Corner,2,0,gauge,GAUGE,DESCRIPTION,29
agricultural,42,Inside Corner,2,0,weight_each,WEIGHT EACH,DESCRIPTION,7.37#
agricultural,42,Inside Corner,2,0,galvalume_plus,GALVALUME® PLUS,PRICED PER EACH,✓
agricultural,42,Inside Corner,2,0,signature_200,SIGNATURE® 200,PRICED PER EACH,✓
agricultural,42,Inside Corner,2,1,part,PART #,DESCRIPTION,AG-431
agricultural,42,Inside Corner,2,1,length,LENGTH,DESCRIPTION,"12'-0"""
agricultural,42,Inside Corner,2,1,girth,GIRTH,DESCRIPTION,"13%"""
agricultural,42,Inside Corner,2,1,gauge,GAUGE,DESCRIPTION,29
agricultural,42,Inside Corner,2,1,weight_each,WEIGHT EACH,DESCRIPTION,8.42#
agricultural,42,Inside Corner,2,1,galvalume_plus,GALVALUME® PLUS,PRICED PER EACH,✓
agricultural,42,Inside Corner,2,1,signature_200,SIGNATURE® 200,PRICED PER EACH,✓
agricultural,42,Inside Corner,2,2,part,PART #,DESCRIPTION,AG-432
agricultural,42,Inside Corner,2,2,length,LENGTH,DESCRIPTION,"14'-0"""
agricultural,42,Inside Corner,2,2,girth,GIRTH,DESCRIPTION,"13%"""
agricultural,42,Inside Corner,2,2,gauge,GAUGE,DESCRIPTION,29
agricultural,42,Inside Corner,2,2,weight_each,WEIGHT EACH,DESCRIPTION,9.83#
agricultural,42,Inside Corner,2,2,galvalume_plus,GALVALUME® PLUS,PRICED PER EACH,✓
agricultural,42,Inside Corner,2,2,signature_200,SIGNATURE® 200,PRICED PER EACH,✓
agricultural,43,Transition Trim,0,0,part,PART #,DESCRIPTION,AG-478
agricultural,43,Transition Trim,0,0,length,LENGTH,DESCRIPTION,"10'-6"""
agricultural,43,Transition Trim,0,0,girth,GIRTH,DESCRIPTION,"8 34,"""
agricultural,43,Transition Trim,0,0,gauge,GAUGE,DESCRIPTION,29
agricultural,43,Transition Trim,0,0,weight_each,WEIGHT EACH,DESCRIPTION,4.78#
agricultural,43,Transition Trim,0,0,galvalume_plus,GALVALUME® PLUS,PRICED PER EACH,✓
agricultural,43,Transition Trim,0,0,signature_200,SIGNATURE® 200,PRICED PER EACH,✓
agricultural,43,Transition Trim,0,1,part,PART #,DESCRIPTION,AG-480
agricultural,43,Transition Trim,0,1,length,LENGTH,DESCRIPTION,"12'-6"""
agricultural,43,Transition Trim,0,1,girth,GIRTH,DESCRIPTION,"334"""
agricultural,43,Transition Trim,0,1,gauge,GAUGE,DESCRIPTION,29
agricultural,43,Transition Trim,0,1,weight_each,WEIGHT EACH,DESCRIPTION,5.69#
agricultural,43,Transition Trim,0,1,galvalume_plus,GALVALUME® PLUS,PRICED PER EACH,✓
agricultural,43,Transition Trim,0,1,signature_200,SIGNATURE® 200,PRICED PER EACH,✓
agricultural,43,Transition Trim,1,0,column_1,,,DESCRIPTION
agricultural,43,Transition Trim,1,0,column_2,,,PRICED PER SQUARE FOOT
agricultural,43,Transition Trim,1,1,column_1,,,GAUGE
agricultural,43,Transition Trim,1,1,column_2,,,GALVALUME® PLUS
agricultural,43,Transition Trim,1,1,column_3,,,SIGNATURE® 200
agricultural,43,Transition Trim,1,2,column_1,,,29
agricultural,43,Transition Trim,1,2,column_2,,,v
agricultural,43,Transition Trim,1,2,column_3,,,v
agricultural,43,Transition Trim,1,3,column_1,,,26
agricultural,43,Transition Trim,1,3,column_2,,,v
agricultural,43,Transition Trim,1,3,column_3,,,v
architectural,3,"LokSeam® Series 12""",0,0,gauge,GAUGE,DESCRIPTION,26
architectural,3,"LokSeam® Series 12""",0,0,coverage,COVERAGE,DESCRIPTION,12
architectural,3,"LokSeam® Series 12""",0,0,yield_psi,YIELD (PSI),DESCRIPTION,"50,000"
architectural,3,"LokSeam® Series 12""",0,0,weight_per_sq,WEIGHT PER SQ.,DESCRIPTION,124#
architectural,3,"LokSeam® Series 12""",0,0,finish,FINISH*,DESCRIPTION,Galvalume® Plus &
architectural,3,"LokSeam® Series 12""",0,0,price,PRICE,,Please Inquire
architectural,3,"LokSeam® Series 12""",0,1,gauge,GAUGE,DESCRIPTION,26
architectural,3,"LokSeam® Series 12""",0,1,coverage,COVERAGE,DESCRIPTION,"42"""
architectural,3,"LokSeam® Series 12""",0,1,yield_psi,YIELD (PSI),DESCRIPTION,"50,000"
architectural,3,"LokSeam® Series 12""",0,1,weight_per_sq,WEIGHT PER SQ.,DESCRIPTION,124#
architectural,3,"LokSeam® Series 12""",0,1,finish,FINISH*,DESCRIPTION,Signature® 200
architectural,3,"LokSeam® Series 12""",0,1,price,PRICE,,Please Inquire
architectural,3,"LokSeam® Series 12""",0,2,gauge,GAUGE,DESCRIPTION,24
architectural,3,"LokSeam® Series 12""",0,2,coverage,COVERAGE,DESCRIPTION,"12"""
architectural,3,"LokSeam® Series 12""",0,2,yield_psi,YIELD (PSI),DESCRIPTION,"50,000"
architectural,3,"LokSeam® Series 12""",0,2,weight_per_sq,WEIGHT PER SQ.,DESCRIPTION,154#
architectural,3,"LokSeam® Series 12""",0,2,finish,FINISH*,DESCRIPTION,Galvalume® Plus &
architectural,3,"LokSeam® Series 12""",0,2,price,PRICE,,Please Inquire
architectural,3,"LokSeam® Series 12""",0,3,gauge,GAUGE,DESCRIPTION,24
architectural,3,"LokSeam® Series 12""",0,3,coverage,COVERAGE,DESCRIPTION,"12"""
architectural,3,"LokSeam® Series 12""",0,3,yield_psi,YIELD (PSI),DESCRIPTION,"50,000"
architectural,3,"LokSeam® Series 12""",0,3,weight_per_sq,WEIGHT PER SQ.,DESCRIPTION,146#
architectural,3,"LokSeam® Series 12""",0,3,finish,FINISH*,DESCRIPTION,Signature® 200
architectural,3,"LokSeam® Series 12""",0,3,price,PRICE,,✓
architectural,3,"LokSeam® Series 12""",0,4,gauge,GAUGE,DESCRIPTION,24
architectural,3,"LokSeam® Series 12""",0,4,coverage,COVERAGE,DESCRIPTION,"12"""
architectural,3,"LokSeam® Series 12""",0,4,yield_psi,YIELD (PSI),DESCRIPTION,"50,000"
architectural,3,"LokSeam® Series 12""",0,4,weight_per_sq,WEIGHT PER SQ.,DESCRIPTION,1460#
architectural,3,"LokSeam® Series 12""",0,4,finish,FINISH*,DESCRIPTION,Signature® 300
architectural,3,"LokSeam® Series 12""",0,4,price,PRICE,,✓
architectural,3,"LokSeam® Series 12""",0,5,gauge,GAUGE,DESCRIPTION,24
architectural,3,"LokSeam® Series 12""",0,5,coverage,COVERAGE,DESCRIPTION,"42"""
architectural,3,"LokSeam® Series 12""",0,5,yield_psi,YIELD (PSI),DESCRIPTION,"50,000"
architectural,3,"LokSeam® Series 12""",0,5,weight_per_sq,WEIGHT PER SQ.,DESCRIPTION,154#
architectural,3,"LokSeam® Series 12""",0,5,finish,FINISH*,DESCRIPTION,Signature® 300 Metallic
architectural,3,"LokSeam® Series 12""",0,5,price,PRICE,,Please Inquire
architectural,3,"LokSeam® Series 12""",0,6,gauge,GAUGE,DESCRIPTION,22
architectural,3,"LokSeam® Series 12""",0,6,coverage,COVERAGE,DESCRIPTION,"42"""
architectural,3,"LokSeam® Series 12""",0,6,yield_psi,YIELD (PSI),DESCRIPTION,"50,000"
architectural,3,"LokSeam® Series 12""",0,6,weight_per_sq,WEIGHT PER SQ.,DESCRIPTION,193#
architectural,3,"LokSeam® Series 12""",0,6,finish,FINISH*,DESCRIPTION,Galvalume® Plus &
architectural,3,"LokSeam® Series 12""",0,6,price,PRICE,,Please Inquire
architectural,3,"LokSeam® Series 12""",0,7,gauge,GAUGE,DESCRIPTION,22
architectural,3,"LokSeam® Series 12""",0,7,coverage,COVERAGE,DESCRIPTION,"12"""
architectural,3,"LokSeam® Series 12""",0,7,yield_psi,YIELD (PSI),DESCRIPTION,"50,000"
architectural,3,"LokSeam® Series 12""",0,7,weight_per_sq,WEIGHT PER SQ.,DESCRIPTION,193#
architectural,3,"LokSeam® Series 12""",0,7,finish,FINISH*,DESCRIPTION,Signature® 200
architectural,3,"LokSeam® Series 12""",0,7,price,PRICE,,Please Inquire
architectural,3,"LokSeam® Series 12""",0,8,gauge,GAUGE,DESCRIPTION,22
architectural,3,"LokSeam® Series 12""",0,8,coverage,COVERAGE,DESCRIPTION,"12"""
architectural,3,"LokSeam® Series 12""",0,8,yield_psi,YIELD (PSI),DESCRIPTION,"50,000"
architectural,3,"LokSeam® Series 12""",0,8,weight_per_sq,WEIGHT PER SQ.,DESCRIPTION,193#
architectural,3,"LokSeam® Series 12""",0,8,finish,FINISH*,DESCRIPTION,Signature® 300
architectural,3,"LokSeam® Series 12""",0,8,price,PRICE,,Please Inquire
architectural,3,"LokSeam® Series 12""",0,9,gauge,GAUGE,DESCRIPTION,22
architectural,3,"LokSeam® Series 12""",0,9,coverage,COVERAGE,DESCRIPTION,"12"""
architectural,3,"LokSeam® Series 12""",0,9,yield_psi,YIELD (PSI),DESCRIPTION,"50,000"
architectural,3,"LokSeam® Series 12""",0,9,weight_per_sq,WEIGHT PER SQ.,DESCRIPTION,193#
architectural,3,"LokSeam® Series 12""",0,9,finish,FINISH*,DESCRIPTION,Signature® 300 Metallic
architectural,3,"LokSeam® Series 12""",0,9,price,PRICE,,Please Inquire
architectural,3,"LokSeam® Series 16""",1,0,gauge,GAUGE,DESCRIPTION,24
architectural,3,"LokSeam® Series 16""",1,0,coverage,COVERAGE,DESCRIPTION,"16"""
architectural,3,"LokSeam® Series 16""",1,0,yield_psi,YIELD (PSI),DESCRIPTION,"50,000"
architectural,3,"LokSeam® Series 16""",1,0,weight_per_sq,WEIGHT PER SQ.,DESCRIPTION,134#
architectural,3,"LokSeam® Series 16""",1,0,finish,FINISH*,DESCRIPTION,Galvalume® Plus &
architectural,3,"LokSeam® Series 16""",1,0,price,PRICE,,✓
architectural,3,"LokSeam® Series 16""",1,1,gauge,GAUGE,DESCRIPTION,24
architectural,3,"LokSeam® Series 16""",1,1,coverage,COVERAGE,DESCRIPTION,"16"""
architectural,3,"LokSeam® Series 16""",1,1,yield_psi,YIELD (PSI),DESCRIPTION,"50,000"
architectural,3,"LokSeam® Series 16""",1,1,weight_per_sq,WEIGHT PER SQ.,DESCRIPTION,1344
architectural,3,"LokSeam® Series 16""",1,1,finish,FINISH*,DESCRIPTION,Signature® 200
architectural,3,"LokSeam® Series 16""",1,1,price,PRICE,,✓
architectural,3,"LokSeam® Series 16""",1,2,gauge,GAUGE,DESCRIPTION,24
architectural,3,"LokSeam® Series 16""",1,2,coverage,COVERAGE,DESCRIPTION,"16"""
architectural,3,"LokSeam® Series 16""",1,2,yield_psi,YIELD (PSI),DESCRIPTION,"50,000"
architectural,3,"LokSeam® Series 16""",1,2,weight_per_sq,WEIGHT PER SQ.,DESCRIPTION,134#
architectural,3,"LokSeam® Series 16""",1,2,finish,FINISH*,DESCRIPTION,Signature® 300
architectural,3,"LokSeam® Series 16""",1,2,price,PRICE,,✓
architectural,3,"LokSeam® Series 16""",1,3,gauge,GAUGE,DESCRIPTION,24
architectural,3,"LokSeam® Series 16""",1,3,coverage,COVERAGE,DESCRIPTION,"16"""
architectural,3,"LokSeam® Series 16""",1,3,yield_psi,YIELD (PSI),DESCRIPTION,"50,000"
architectural,3,"LokSeam® Series 16""",1,3,weight_per_sq,WEIGHT PER SQ.,DESCRIPTION,146#
architectural,3,"LokSeam® Series 16""",1,3,finish,FINISH*,DESCRIPTION,Signature® 300 Metallic
architectural,3,"LokSeam® Series 16""",1,3,price,PRICE,,Please Inquire
architectural,3,"LokSeam® Series 16""",1,4,gauge,GAUGE,DESCRIPTION,22
architectural,3,"LokSeam® Series 16""",1,4,coverage,COVERAGE,DESCRIPTION,"16"""
architectural,3,"LokSeam® Series 16""",1,4,yield_psi,YIELD (PSI),DESCRIPTION,"50,000"
architectural,3,"LokSeam® Series 16""",1,4,weight_per_sq,WEIGHT PER SQ.,DESCRIPTION,171#
architectural,3,"LokSeam® Series 16""",1,4,finish,FINISH*,DESCRIPTION,Galvalume® Plus &
architectural,3,"LokSeam® Series 16""",1,4,price,PRICE,,✓
architectural,3,"LokSeam® Series 16""",1,5,gauge,GAUGE,DESCRIPTION,22
architectural,3,"LokSeam® Series 16""",1,5,coverage,COVERAGE,DESCRIPTION,"16"""
architectural,3,"LokSeam® Series 16""",1,5,yield_psi,YIELD (PSI),DESCRIPTION,"50,000"
architectural,3,"LokSeam® Series 16""",1,5,weight_per_sq,WEIGHT PER SQ.,DESCRIPTION,171#
architectural,3,"LokSeam® Series 16""",1,5,finish,FINISH*,DESCRIPTION,Signature® 200
architectural,3,"LokSeam® Series 16""",1,5,price,PRICE,,✓
architectural,3,"LokSeam® Series 16""",1,6,gauge,GAUGE,DESCRIPTION,22
architectural,3,"LokSeam® Series 16""",1,6,coverage,COVERAGE,DESCRIPTION,"16"""
architectural,3,"LokSeam® Series 16""",1,6,yield_psi,YIELD (PSI),DESCRIPTION,"50,000"
architectural,3,"LokSeam® Series 16""",1,6,weight_per_sq,WEIGHT PER SQ.,DESCRIPTION,171#
architectural,3,"LokSeam® Series 16""",1,6,finish,FINISH*,DESCRIPTION,Signature® 300
architectural,3,"LokSeam® Series 16""",1,6,price,PRICE,,✓
architectural,3,"LokSeam® Series 16""",1,7,gauge,GAUGE,DESCRIPTION,22
architectural,3,"LokSeam® Series 16""",1,7,coverage,COVERAGE,DESCRIPTION,"16"""
architectural,3,"LokSeam® Series 16""",1,7,yield_psi,YIELD (PSI),DESCRIPTION,"50,000"
architectural,3,"LokSeam® Series 16""",1,7,weight_per_sq,WEIGHT PER SQ.,DESCRIPTION,171#
architectural,3,"LokSeam® Series 16""",1,7,finish,FINISH*,DESCRIPTION,Signature® 300 Metallic
architectural,3,"LokSeam® Series 16""",1,7,price,PRICE,,✓
architectural,4,"LokSeam® Series 18""",0,0,gauge,GAUGE,DESCRIPTION,24
architectural,4,"LokSeam® Series 18""",0,0,coverage,COVERAGE,DESCRIPTION,"18"""
architectural,4,"LokSeam® Series 18""",0,0,yield_psi,YIELD (PSI),DESCRIPTION,"50,000"
architectural,4,"LokSeam® Series 18""",0,0,weight_per_sq,WEIGHT PER SQ.,DESCRIPTION,130#
architectural,4,"LokSeam® Series 18""",0,0,finish,FINISH*,DESCRIPTION,Galvalume® Plus &
architectural,4,"LokSeam® Series 18""",0,0,price,PRICE,,✓
architectural,4,"LokSeam® Series 18""",0,1,gauge,GAUGE,DESCRIPTION,24
architectural,4,"LokSeam® Series 18""",0,1,coverage,COVERAGE,DESCRIPTION,"18"""
architectural,4,"LokSeam® Series 18""",0,1,yield_psi,YIELD (PSI),DESCRIPTION,"50,000"
architectural,4,"LokSeam® Series 18""",0,1,weight_per_sq,WEIGHT PER SQ.,DESCRIPTION,130#
architectural,4,"LokSeam® Series 18""",0,1,finish,FINISH*,DESCRIPTION,Signature® 200
architectural,4,"LokSeam® Series 18""",0,1,price,PRICE,,✓
architectural,4,"LokSeam® Series 18""",0,2,gauge,GAUGE,DESCRIPTION,24
architectural,4,"LokSeam® Series 18""",0,2,coverage,COVERAGE,DESCRIPTION,"18"""
architectural,4,"LokSeam® Series 18""",0,2,yield_psi,YIELD (PSI),DESCRIPTION,"50,000"
architectural,4,"LokSeam® Series 18""",0,2,weight_per_sq,WEIGHT PER SQ.,DESCRIPTION,130#
architectural,4,"LokSeam® Series 18""",0,2,finish,FINISH*,DESCRIPTION,Signature® 300
architectural,4,"LokSeam® Series 18""",0,2,price,PRICE,,✓
architectural,4,"LokSeam® Series 18""",0,3,gauge,GAUGE,DESCRIPTION,24
architectural,4,"LokSeam® Series 18""",0,3,coverage,COVERAGE,DESCRIPTION,"18"""
architectural,4,"LokSeam® Series 18""",0,3,yield_psi,YIELD (PSI),DESCRIPTION,"50,000"
architectural,4,"LokSeam® Series 18""",0,3,weight_per_sq,WEIGHT PER SQ.,DESCRIPTION,146#
architectural,4,"LokSeam® Series 18""",0,3,finish,FINISH*,DESCRIPTION,Signature® 300 Metallic
architectural,4,"LokSeam® Series 18""",0,3,price,PRICE,,Please Inquire
architectural,4,"LokSeam® Series 18""",0,4,gauge,GAUGE,DESCRIPTION,22
architectural,4,"LokSeam® Series 18""",0,4,coverage,COVERAGE,DESCRIPTION,"18"""
architectural,4,"LokSeam® Series 18""",0,4,yield_psi,YIELD (PSI),DESCRIPTION,"50,000"
architectural,4,"LokSeam® Series 18""",0,4,weight_per_sq,WEIGHT PER SQ.,DESCRIPTION,1844
architectural,4,"LokSeam® Series 18""",0,4,finish,FINISH*,DESCRIPTION,Galvalume® Plus &
architectural,4,"LokSeam® Series 18""",0,4,price,PRICE,,Please Inquire
architectural,4,"LokSeam® Series 18""",0,5,gauge,GAUGE,DESCRIPTION,22
architectural,4,"LokSeam® Series 18""",0,5,coverage,COVERAGE,DESCRIPTION,"18"""
architectural,4,"LokSeam® Series 18""",0,5,yield_psi,YIELD (PSI),DESCRIPTION,"50,000"
architectural,4,"LokSeam® Series 18""",0,5,weight_per_sq,WEIGHT PER SQ.,DESCRIPTION,184#
architectural,4,"LokSeam® Series 18""",0,5,finish,FINISH*,DESCRIPTION,Signature® 200
architectural,4,"LokSeam® Series 18""",0,5,price,PRICE,,Please Inquire
architectural,4,"LokSeam® Series 18""",0,6,gauge,GAUGE,DESCRIPTION,22
architectural,4,"LokSeam® Series 18""",0,6,coverage,COVERAGE,DESCRIPTION,"18"""
architectural,4,"LokSeam® Series 18""",0,6,yield_psi,YIELD (PSI),DESCRIPTION,"50,000"
architectural,4,"LokSeam® Series 18""",0,6,weight_per_sq,WEIGHT PER SQ.,DESCRIPTION,184#
architectural,4,"LokSeam® Series 18""",0,6,finish,FINISH*,DESCRIPTION,Signature® 300
architectural,4,"LokSeam® Series 18""",0,6,price,PRICE,,Please Inquire
architectural,4,"LokSeam® Series 18""",0,7,gauge,GAUGE,DESCRIPTION,22
architectural,4,"LokSeam® Series 18""",0,7,coverage,COVERAGE,DESCRIPTION,"18"""
architectural,4,"LokSeam® Series 18""",0,7,yield_psi,YIELD (PSI),DESCRIPTION,"50,000"
architectural,4,"LokSeam® Series 18""",0,7,weight_per_sq,WEIGHT PER SQ.,DESCRIPTION,184#
architectural,4,"LokSeam® Series 18""",0,7,finish,FINISH*,DESCRIPTION,Signature® 300 Metallic
architectural,4,"LokSeam® Series 18""",0,7,price,PRICE,,Please Inquire
architectural,5,"Craftsman"" Series - Small Batten 12""",0,0,gauge,GAUGE,DESCRIPTION,26
architectural,5,"Craftsman"" Series - Small Batten 12""",0,0,coverage,COVERAGE,DESCRIPTION,"12"""
architectural,5,"Craftsman"" Series - Small Batten 12""",0,0,yield_psi,YIELD (PSI),DESCRIPTION,"50,000"
architectural,5,"Craftsman"" Series - Small Batten 12""",0,0,weight_per_sq,WEIGHT PER SQ.,DESCRIPTION,108#
architectural,5,"Craftsman"" Series - Small Batten 12""",0,0,finish,FINISH*,DESCRIPTION,Galvalume?® Plus &
architectural,5,"Craftsman"" Series - Small Batten 12""",0,0,price,PRICE,,Please Inquire
architectural,5,"Craftsman"" Series - Small Batten 12""",0,1,gauge,GAUGE,DESCRIPTION,26
architectural,5,"Craftsman"" Series - Small Batten 12""",0,1,coverage,COVERAGE,DESCRIPTION,12
architectural,5,"Craftsman"" Series - Small Batten 12""",0,1,yield_psi,YIELD (PSI),DESCRIPTION,"50,000"
architectural,5,"Craftsman"" Series - Small Batten 12""",0,1,weight_per_sq,WEIGHT PER SQ.,DESCRIPTION,108#
architectural,5,"Craftsman"" Series - Small Batten 12""",0,1,finish,FINISH*,DESCRIPTION,Signature® 200
architectural,5,"Craftsman"" Series - Small Batten 12""",0,1,price,PRICE,,Please Inquire
architectural,5,"Craftsman"" Series - Small Batten 12""",0,2,gauge,GAUGE,DESCRIPTION,24
architectural,5,"Craftsman"" Series - Small Batten 12""",0,2,coverage,COVERAGE,DESCRIPTION,"12"""
architectural,5,"Craftsman"" Series - Small Batten 12""",0,2,yield_psi,YIELD (PSI),DESCRIPTION,"50,000"
architectural,5,"Craftsman"" Series - Small Batten 12""",0,2,weight_per_sq,WEIGHT PER SQ.,DESCRIPTION,109#
architectural,5,"Craftsman"" Series - Small Batten 12""",0,2,finish,FINISH*,DESCRIPTION,Galvalume® Plus &
architectural,5,"Craftsman"" Series - Small Batten 12""",0,2,price,PRICE,,✓
architectural,5,"Craftsman"" Series - Small Batten 12""",0,3,gauge,GAUGE,DESCRIPTION,24
architectural,5,"Craftsman"" Series - Small Batten 12""",0,3,coverage,COVERAGE,DESCRIPTION,"12"""
architectural,5,"Craftsman"" Series - Small Batten 12""",0,3,yield_psi,YIELD (PSI),DESCRIPTION,"50,000"
architectural,5,"Craftsman"" Series - Small Batten 12""",0,3,weight_per_sq,WEIGHT PER SQ.,DESCRIPTION,109#
architectural,5,"Craftsman"" Series - Small Batten 12""",0,3,finish,FINISH*,DESCRIPTION,Signature® 200
architectural,5,"Craftsman"" Series - Small Batten 12""",0,3,price,PRICE,,✓
architectural,5,"Craftsman"" Series - Small Batten 12""",0,4,gauge,GAUGE,DESCRIPTION,24
architectural,5,"Craftsman"" Series - Small Batten 12""",0,4,coverage,COVERAGE,DESCRIPTION,"12"""
architectural,5,"Craftsman"" Series - Small Batten 12""",0,4,yield_psi,YIELD (PSI),DESCRIPTION,"50,000"
architectural,5,"Craftsman"" Series - Small Batten 12""",0,4,weight_per_sq,WEIGHT PER SQ.,DESCRIPTION,109#
architectural,5,"Craftsman"" Series - Small Batten 12""",0,4,finish,FINISH*,DESCRIPTION,Signature® 300
architectural,5,"Craftsman"" Series - Small Batten 12""",0,4,price,PRICE,,✓
architectural,5,"Craftsman"" Series - Small Batten 12""",0,5,gauge,GAUGE,DESCRIPTION,24
architectural,5,"Craftsman"" Series - Small Batten 12""",0,5,coverage,COVERAGE,DESCRIPTION,"12"""
architectural,5,"Craftsman"" Series - Small Batten 12""",0,5,yield_psi,YIELD (PSI),DESCRIPTION,"50,000"
architectural,5,"Craftsman"" Series - Small Batten 12""",0,5,weight_per_sq,WEIGHT PER SQ.,DESCRIPTION,109#
architectural,5,"Craftsman"" Series - Small Batten 12""",0,5,finish,FINISH*,DESCRIPTION,"Signature"" 300 Metallic"
architectural,5,"Craftsman"" Series - Small Batten 12""",0,5,price,PRICE,,Please Inquire
architectural,5,"Craftsman"" Series - Small Batten 12""",0,6,gauge,GAUGE,DESCRIPTION,22
architectural,5,"Craftsman"" Series - Small Batten 12""",0,6,coverage,COVERAGE,DESCRIPTION,"12"""
architectural,5,"Craftsman"" Series - Small Batten 12""",0,6,yield_psi,YIELD (PSI),DESCRIPTION,"50,000"
architectural,5,"Craftsman"" Series - Small Batten 12""",0,6,weight_per_sq,WEIGHT PER SQ.,DESCRIPTION,138#
architectural,5,"Craftsman"" Series - Small Batten 12""",0,6,finish,FINISH*,DESCRIPTION,Galvalume® Plus &
architectural,5,"Craftsman"" Series - Small Batten 12""",0,6,price,PRICE,,Please Inquire
architectural,5,"Craftsman"" Series - Small Batten 12""",0,7,gauge,GAUGE,DESCRIPTION,22
architectural,5,"Craftsman"" Series - Small Batten 12""",0,7,coverage,COVERAGE,DESCRIPTION,"12"""
architectural,5,"Craftsman"" Series - Small Batten 12""",0,7,yield_psi,YIELD (PSI),DESCRIPTION,"50,000"
architectural,5,"Craftsman"" Series - Small Batten 12""",0,7,weight_per_sq,WEIGHT PER SQ.,DESCRIPTION,138#
architectural,5,"Craftsman"" Series - Small Batten 12""",0,7,finish,FINISH*,DESCRIPTION,Signature® 200
architectural,5,"Craftsman"" Series - Small Batten 12""",0,7,price,PRICE,,Please Inquire
architectural,5,"Craftsman"" Series - Small Batten 12""",0,8,gauge,GAUGE,DESCRIPTION,22
architectural,5,"Craftsman"" Series - Small Batten 12""",0,8,coverage,COVERAGE,DESCRIPTION,"12"""
architectural,5,"Craftsman"" Series - Small Batten 12""",0,8,yield_psi,YIELD (PSI),DESCRIPTION,"50,000"
architectural,5,"Craftsman"" Series - Small Batten 12""",0,8,weight_per_sq,WEIGHT PER SQ.,DESCRIPTION,138#
architectural,5,"Craftsman"" Series - Small Batten 12""",0,8,finish,FINISH*,DESCRIPTION,Signature® 300
architectural,5,"Craftsman"" Series - Small Batten 12""",0,8,price,PRICE,,Please Inquire
architectural,5,"Craftsman"" Series - Small Batten 12""",0,9,gauge,GAUGE,DESCRIPTION,22
architectural,5,"Craftsman"" Series - Small Batten 12""",0,9,coverage,COVERAGE,DESCRIPTION,"12"""
architectural,5,"Craftsman"" Series - Small Batten 12""",0,9,yield_psi,YIELD (PSI),DESCRIPTION,"50,000"
architectural,5,"Craftsman"" Series - Small Batten 12""",0,9,weight_per_sq,WEIGHT PER SQ.,DESCRIPTION,138#
architectural,5,"Craftsman"" Series - Small Batten 12""",0,9,finish,FINISH*,DESCRIPTION,Signature® 300 Metallic
architectural,5,"Craftsman"" Series - Small Batten 12""",0,9,price,PRICE,,Please Inquire
architectural,6,"Craftsman"" Series - Small Batten 16%""",0,0,gauge,GAUGE,DESCRIPTION,24
architectural,6,"Craftsman"" Series - Small Batten 16%""",0,0,coverage,COVERAGE,DESCRIPTION,"16%"""
architectural,6,"Craftsman"" Series - Small Batten 16%""",0,0,yield_psi,YIELD (PSI),DESCRIPTION,"50,000"
architectural,6,"Craftsman"" Series - Small Batten 16%""",0,0,weight_per_sq,WEIGHT PER SQ.,DESCRIPTION,105#
architectural,6,"Craftsman"" Series - Small Batten 16%""",0,0,finish,FINISH*,DESCRIPTION,Galvalume® Plus &
architectural,6,"Craftsman"" Series - Small Batten 16%""",0,0,price,PRICE,,✓
architectural,6,"Craftsman"" Series - Small Batten 16%""",0,1,gauge,GAUGE,DESCRIPTION,24
architectural,6,"Craftsman"" Series - Small Batten 16%""",0,1,coverage,COVERAGE,DESCRIPTION,"16%"""
architectural,6,"Craftsman"" Series - Small Batten 16%""",0,1,yield_psi,YIELD (PSI),DESCRIPTION,"50,000"
architectural,6,"Craftsman"" Series - Small Batten 16%""",0,1,weight_per_sq,WEIGHT PER SQ.,DESCRIPTION,105#
architectural,6,"Craftsman"" Series - Small Batten 16%""",0,1,finish,FINISH*,DESCRIPTION,Signature® 200
architectural,6,"Craftsman"" Series - Small Batten 16%""",0,1,price,PRICE,,✓
architectural,6,"Craftsman"" Series - Small Batten 16%""",0,2,gauge,GAUGE,DESCRIPTION,24
architectural,6,"Craftsman"" Series - Small Batten 16%""",0,2,coverage,COVERAGE,DESCRIPTION,"16%"""
architectural,6,"Craftsman"" Series - Small Batten 16%""",0,2,yield_psi,YIELD (PSI),DESCRIPTION,"50,000"
architectural,6,"Craftsman"" Series - Small Batten 16%""",0,2,weight_per_sq,WEIGHT PER SQ.,DESCRIPTION,105#
architectural,6,"Craftsman"" Series - Small Batten 16%""",0,2,finish,FINISH*,DESCRIPTION,Signature® 300
architectural,6,"Craftsman"" Series - Small Batten 16%""",0,2,price,PRICE,,✓
architectural,6,"Craftsman"" Series - Small Batten 16%""",0,3,gauge,GAUGE,DESCRIPTION,24
architectural,6,"Craftsman"" Series - Small Batten 16%""",0,3,coverage,COVERAGE,DESCRIPTION,"16%"""
architectural,6,"Craftsman"" Series - Small Batten 16%""",0,3,yield_psi,YIELD (PSI),DESCRIPTION,"50,000"
architectural,6,"Craftsman"" Series - Small Batten 16%""",0,3,weight_per_sq,WEIGHT PER SQ.,DESCRIPTION,105#
architectural,6,"Craftsman"" Series - Small Batten 16%""",0,3,finish,FINISH*,DESCRIPTION,Signature® 300 Metallic
architectural,6,"Craftsman"" Series - Small Batten 16%""",0,3,price,PRICE,,Please Inquire
architectural,6,"Craftsman"" Series - Small Batten 16%""",0,4,gauge,GAUGE,DESCRIPTION,22
architectural,6,"Craftsman"" Series - Small Batten 16%""",0,4,coverage,COVERAGE,DESCRIPTION,"16%"""
architectural,6,"Craftsman"" Series - Small Batten 16%""",0,4,yield_psi,YIELD (PSI),DESCRIPTION,"50,000"
architectural,6,"Craftsman"" Series - Small Batten 16%""",0,4,weight_per_sq,WEIGHT PER SQ.,DESCRIPTION,133#
architectural,6,"Craftsman"" Series - Small Batten 16%""",0,4,finish,FINISH*,DESCRIPTION,Galvalume® Plus &
architectural,6,"Craftsman"" Series - Small Batten 16%""",0,4,price,PRICE,,Please Inquire
architectural,6,"Craftsman"" Series - Small Batten 16%""",0,5,gauge,GAUGE,DESCRIPTION,22
architectural,6,"Craftsman"" Series - Small Batten 16%""",0,5,coverage,COVERAGE,DESCRIPTION,"16%"""
architectural,6,"Craftsman"" Series - Small Batten 16%""",0,5,yield_psi,YIELD (PSI),DESCRIPTION,"50,000"
architectural,6,"Craftsman"" Series - Small Batten 16%""",0,5,weight_per_sq,WEIGHT PER SQ.,DESCRIPTION,133#
architectural,6,"Craftsman"" Series - Small Batten 16%""",0,5,finish,FINISH*,DESCRIPTION,Signature® 200
architectural,6,"Craftsman"" Series - Small Batten 16%""",0,5,price,PRICE,,Please Inquire
architectural,6,"Craftsman"" Series - Small Batten 16%""",0,6,gauge,GAUGE,DESCRIPTION,22
architectural,6,"Craftsman"" Series - Small Batten 16%""",0,6,coverage,COVERAGE,DESCRIPTION,"16%"""
architectural,6,"Craftsman"" Series - Small Batten 16%""",0,6,yield_psi,YIELD (PSI),DESCRIPTION,"50,000"
architectural,6,"Craftsman"" Series - Small Batten 16%""",0,6,weight_per_sq,WEIGHT PER SQ.,DESCRIPTION,133#
architectural,6,"Craftsman"" Series - Small Batten 16%""",0,6,finish,FINISH*,DESCRIPTION,Signature® 300
architectural,6,"Craftsman"" Series - Small Batten 16%""",0,6,price,PRICE,,Please Inquire
architectural,6,"Craftsman"" Series - Small Batten 16%""",0,7,gauge,GAUGE,DESCRIPTION,22
architectural,6,"Craftsman"" Series - Small Batten 16%""",0,7,coverage,COVERAGE,DESCRIPTION,"16%"""
architectural,6,"Craftsman"" Series - Small Batten 16%""",0,7,yield_psi,YIELD (PSI),DESCRIPTION,"50,000"
architectural,6,"Craftsman"" Series - Small Batten 16%""",0,7,weight_per_sq,WEIGHT PER SQ.,DESCRIPTION,133#
architectural,6,"Craftsman"" Series - Small Batten 16%""",0,7,finish,FINISH*,DESCRIPTION,Signature® 300 Metallic
architectural,6,"Craftsman"" Series - Small Batten 16%""",0,7,price,PRICE,,Please Inquire
architectural,7,"Craftsman""™ Series - High Batten 12""",0,0,gauge,GAUGE,DESCRIPTION,26
architectural,7,"Craftsman""™ Series - High Batten 12""",0,0,coverage,COVERAGE,DESCRIPTION,"12"""
architectural,7,"Craftsman""™ Series - High Batten 12""",0,0,yield_psi,YIELD (PSI),DESCRIPTION,"50,000"
architectural,7,"Craftsman""™ Series - High Batten 12""",0,0,weight_per_sq,WEIGHT PER SQ.,DESCRIPTION,98#
architectural,7,"Craftsman""™ Series - High Batten 12""",0,0,finish,FINISH*,DESCRIPTION,Galvalume® Plus &
architectural,7,"Craftsman""™ Series - High Batten 12""",0,0,price,PRICE,,Please Inquire
architectural,7,"Craftsman""™ Series - High Batten 12""",0,1,gauge,GAUGE,DESCRIPTION,26
architectural,7,"Craftsman""™ Series - High Batten 12""",0,1,coverage,COVERAGE,DESCRIPTION,"12"""
architectural,7,"Craftsman""™ Series - High Batten 12""",0,1,yield_psi,YIELD (PSI),DESCRIPTION,"50,000"
architectural,7,"Craftsman""™ Series - High Batten 12""",0,1,weight_per_sq,WEIGHT PER SQ.,DESCRIPTION,98#
architectural,7,"Craftsman""™ Series - High Batten 12""",0,1,finish,FINISH*,DESCRIPTION,Signature® 200
architectural,7,"Craftsman""™ Series - High Batten 12""",0,1,price,PRICE,,Please Inquire
architectural,7,"Craftsman""™ Series - High Batten 12""",0,2,gauge,GAUGE,DESCRIPTION,24
architectural,7,"Craftsman""™ Series - High Batten 12""",0,2,coverage,COVERAGE,DESCRIPTION,"12"""
architectural,7,"Craftsman""™ Series - High Batten 12""",0,2,yield_psi,YIELD (PSI),DESCRIPTION,"50,000"
architectural,7,"Craftsman""™ Series - High Batten 12""",0,2,weight_per_sq,WEIGHT PER SQ.,DESCRIPTION,124#
architectural,7,"Craftsman""™ Series - High Batten 12""",0,2,finish,FINISH*,DESCRIPTION,Galvalume® Plus &
architectural,7,"Craftsman""™ Series - High Batten 12""",0,2,price,PRICE,,✓
architectural,7,"Craftsman""™ Series - High Batten 12""",0,3,gauge,GAUGE,DESCRIPTION,24
architectural,7,"Craftsman""™ Series - High Batten 12""",0,3,coverage,COVERAGE,DESCRIPTION,"12"""
architectural,7,"Craftsman""™ Series - High Batten 12""",0,3,yield_psi,YIELD (PSI),DESCRIPTION,"50,000"
architectural,7,"Craftsman""™ Series - High Batten 12""",0,3,weight_per_sq,WEIGHT PER SQ.,DESCRIPTION,124#
architectural,7,"Craftsman""™ Series - High Batten 12""",0,3,finish,FINISH*,DESCRIPTION,Signature® 200
architectural,7,"Craftsman""™ Series - High Batten 12""",0,3,price,PRICE,,✓
architectural,7,"Craftsman""™ Series - High Batten 12""",0,4,gauge,GAUGE,DESCRIPTION,24
architectural,7,"Craftsman""™ Series - High Batten 12""",0,4,coverage,COVERAGE,DESCRIPTION,"12"""
architectural,7,"Craftsman""™ Series - High Batten 12""",0,4,yield_psi,YIELD (PSI),DESCRIPTION,"50,000"
architectural,7,"Craftsman""™ Series - High Batten 12""",0,4,weight_per_sq,WEIGHT PER SQ.,DESCRIPTION,124#
architectural,7,"Craftsman""™ Series - High Batten 12""",0,4,finish,FINISH*,DESCRIPTION,Signature® 300
architectural,7,"Craftsman""™ Series - High Batten 12""",0,4,price,PRICE,,✓
architectural,7,"Craftsman""™ Series - High Batten 12""",0,5,gauge,GAUGE,DESCRIPTION,24
architectural,7,"Craftsman""™ Series - High Batten 12""",0,5,coverage,COVERAGE,DESCRIPTION,"12"""
architectural,7,"Craftsman""™ Series - High Batten 12""",0,5,yield_psi,YIELD (PSI),DESCRIPTION,"50,000"
architectural,7,"Craftsman""™ Series - High Batten 12""",0,5,weight_per_sq,WEIGHT PER SQ.,DESCRIPTION,124#
architectural,7,"Craftsman""™ Series - High Batten 12""",0,5,finish,FINISH*,DESCRIPTION,"Signature"" 300 Metallic"
architectural,7,"Craftsman""™ Series - High Batten 12""",0,5,price,PRICE,,Please Inquire
architectural,7,"Craftsman""™ Series - High Batten 12""",0,6,gauge,GAUGE,DESCRIPTION,22
architectural,7,"Craftsman""™ Series - High Batten 12""",0,6,coverage,COVERAGE,DESCRIPTION,"12"""
architectural,7,"Craftsman""™ Series - High Batten 12""",0,6,yield_psi,YIELD (PSI),DESCRIPTION,"50,000"
architectural,7,"Craftsman""™ Series - High Batten 12""",0,6,weight_per_sq,WEIGHT PER SQ.,DESCRIPTION,157#
architectural,7,"Craftsman""™ Series - High Batten 12""",0,6,finish,FINISH*,DESCRIPTION,Galvalume® Plus &
architectural,7,"Craftsman""™ Series - High Batten 12""",0,6,price,PRICE,,Please Inquire
architectural,7,"Craftsman""™ Series - High Batten 12""",0,7,gauge,GAUGE,DESCRIPTION,22
architectural,7,"Craftsman""™ Series - High Batten 12""",0,7,coverage,COVERAGE,DESCRIPTION,"12"""
architectural,7,"Craftsman""™ Series - High Batten 12""",0,7,yield_psi,YIELD (PSI),DESCRIPTION,"50,000"
architectural,7,"Craftsman""™ Series - High Batten 12""",0,7,weight_per_sq,WEIGHT PER SQ.,DESCRIPTION,157#
architectural,7,"Craftsman""™ Series - High Batten 12""",0,7,finish,FINISH*,DESCRIPTION,Signature® 200
architectural,7,"Craftsman""™ Series - High Batten 12""",0,7,price,PRICE,,Please Inquire
architectural,7,"Craftsman""™ Series - High Batten 12""",0,8,gauge,GAUGE,DESCRIPTION,22
architectural,7,"Craftsman""™ Series - High Batten 12""",0,8,coverage,COVERAGE,DESCRIPTION,"12"""
architectural,7,"Craftsman""™ Series - High Batten 12""",0,8,yield_psi,YIELD (PSI),DESCRIPTION,"50,000"
architectural,7,"Craftsman""™ Series - High Batten 12""",0,8,weight_per_sq,WEIGHT PER SQ.,DESCRIPTION,157#
architectural,7,"Craftsman""™ Series - High Batten 12""",0,8,finish,FINISH*,DESCRIPTION,Signature® 300
architectural,7,"Craftsman""™ Series - High Batten 12""",0,8,price,PRICE,,Please Inquire
architectural,7,"Craftsman""™ Series - High Batten 12""",0,9,gauge,GAUGE,DESCRIPTION,22
architectural,7,"Craftsman""™ Series - High Batten 12""",0,9,coverage,COVERAGE,DESCRIPTION,12
architectural,7,"Craftsman""™ Series - High Batten 12""",0,9,yield_psi,YIELD (PSI),DESCRIPTION,"50,000"
architectural,7,"Craftsman""™ Series - High Batten 12""",0,9,weight_per_sq,WEIGHT PER SQ.,DESCRIPTION,157#
architectural,7,"Craftsman""™ Series - High Batten 12""",0,9,finish,FINISH*,DESCRIPTION,Signature® 300 Metallic
architectural,7,"Craftsman""™ Series - High Batten 12""",0,9,price,PRICE,,Please Inquire
architectural,8,"Craftsman"" Series - High Batten 16%""",0,0,gauge,GAUGE,DESCRIPTION,24
architectural,8,"Craftsman"" Series - High Batten 16%""",0,0,coverage,COVERAGE,DESCRIPTION,"16%"""
architectural,8,"Craftsman"" Series - High Batten 16%""",0,0,yield_psi,YIELD (PSI),DESCRIPTION,"50,000"
architectural,8,"Craftsman"" Series - High Batten 16%""",0,0,weight_per_sq,WEIGHT PER SQ.,DESCRIPTION,117#
architectural,8,"Craftsman"" Series - High Batten 16%""",0,0,finish,FINISH*,DESCRIPTION,Galvalume® Plus &
architectural,8,"Craftsman"" Series - High Batten 16%""",0,0,price,PRICE,,✓
architectural,8,"Craftsman"" Series - High Batten 16%""",0,1,gauge,GAUGE,DESCRIPTION,24
architectural,8,"Craftsman"" Series - High Batten 16%""",0,1,coverage,COVERAGE,DESCRIPTION,"16%"""
architectural,8,"Craftsman"" Series - High Batten 16%""",0,1,yield_psi,YIELD (PSI),DESCRIPTION,"50,000"
architectural,8,"Craftsman"" Series - High Batten 16%""",0,1,weight_per_sq,WEIGHT PER SQ.,DESCRIPTION,117#
architectural,8,"Craftsman"" Series - High Batten 16%""",0,1,finish,FINISH*,DESCRIPTION,Signature® 200
architectural,8,"Craftsman"" Series - High Batten 16%""",0,1,price,PRICE,,✓
architectural,8,"Craftsman"" Series - High Batten 16%""",0,2,gauge,GAUGE,DESCRIPTION,24
architectural,8,"Craftsman"" Series - High Batten 16%""",0,2,coverage,COVERAGE,DESCRIPTION,"16%"""
architectural,8,"Craftsman"" Series - High Batten 16%""",0,2,yield_psi,YIELD (PSI),DESCRIPTION,"50,000"
architectural,8,"Craftsman"" Series - High Batten 16%""",0,2,weight_per_sq,WEIGHT PER SQ.,DESCRIPTION,117#
architectural,8,"Craftsman"" Series - High Batten 16%""",0,2,finish,FINISH*,DESCRIPTION,Signature® 300
architectural,8,"Craftsman"" Series - High Batten 16%""",0,2,price,PRICE,,✓
architectural,8,"Craftsman"" Series - High Batten 16%""",0,3,gauge,GAUGE,DESCRIPTION,24
architectural,8,"Craftsman"" Series - High Batten 16%""",0,3,coverage,COVERAGE,DESCRIPTION,"16%"""
architectural,8,"Craftsman"" Series - High Batten 16%""",0,3,yield_psi,YIELD (PSI),DESCRIPTION,"50,000"
architectural,8,"Craftsman"" Series - High Batten 16%""",0,3,weight_per_sq,WEIGHT PER SQ.,DESCRIPTION,117#
architectural,8,"Craftsman"" Series - High Batten 16%""",0,3,finish,FINISH*,DESCRIPTION,Signature® 300 Metallic
architectural,8,"Craftsman"" Series - High Batten 16%""",0,3,price,PRICE,,Please Inquire
architectural,8,"Craftsman"" Series - High Batten 16%""",0,4,gauge,GAUGE,DESCRIPTION,22
architectural,8,"Craftsman"" Series - High Batten 16%""",0,4,coverage,COVERAGE,DESCRIPTION,"16%"""
architectural,8,"Craftsman"" Series - High Batten 16%""",0,4,yield_psi,YIELD (PSI),DESCRIPTION,"50,000"
architectural,8,"Craftsman"" Series - High Batten 16%""",0,4,weight_per_sq,WEIGHT PER SQ.,DESCRIPTION,148#
architectural,8,"Craftsman"" Series - High Batten 16%""",0,4,finish,FINISH*,DESCRIPTION,Galvalume® Plus &
architectural,8,"Craftsman"" Series - High Batten 16%""",0,4,price,PRICE,,Please Inquire
architectural,8,"Craftsman"" Series - High Batten 16%""",0,5,gauge,GAUGE,DESCRIPTION,22
architectural,8,"Craftsman"" Series - High Batten 16%""",0,5,coverage,COVERAGE,DESCRIPTION,"16%"""
architectural,8,"Craftsman"" Series - High Batten 16%""",0,5,yield_psi,YIELD (PSI),DESCRIPTION,"50,000"
architectural,8,"Craftsman"" Series - High Batten 16%""",0,5,weight_per_sq,WEIGHT PER SQ.,DESCRIPTION,148#
architectural,8,"Craftsman"" Series - High Batten 16%""",0,5,finish,FINISH*,DESCRIPTION,Signature® 200
architectural,8,"Craftsman"" Series - High Batten 16%""",0,5,price,PRICE,,Please Inquire
architectural,8,"Craftsman"" Series - High Batten 16%""",0,6,gauge,GAUGE,DESCRIPTION,22
architectural,8,"Craftsman"" Series - High Batten 16%""",0,6,coverage,COVERAGE,DESCRIPTION,"16%"""
architectural,8,"Craftsman"" Series - High Batten 16%""",0,6,yield_psi,YIELD (PSI),DESCRIPTION,"50,000"
architectural,8,"Craftsman"" Series - High Batten 16%""",0,6,weight_per_sq,WEIGHT PER SQ.,DESCRIPTION,148#
architectural,8,"Craftsman"" Series - High Batten 16%""",0,6,finish,FINISH*,DESCRIPTION,Signature® 300
architectural,8,"Craftsman"" Series - High Batten 16%""",0,6,price,PRICE,,Please Inquire
architectural,8,"Craftsman"" Series - High Batten 16%""",0,7,gauge,GAUGE,DESCRIPTION,22
architectural,8,"Craftsman"" Series - High Batten 16%""",0,7,coverage,COVERAGE,DESCRIPTION,"16%"""
architectural,8,"Craftsman"" Series - High Batten 16%""",0,7,yield_psi,YIELD (PSI),DESCRIPTION,"50,000"
architectural,8,"Craftsman"" Series - High Batten 16%""",0,7,weight_per_sq,WEIGHT PER SQ.,DESCRIPTION,148#
architectural,8,"Craftsman"" Series - High Batten 16%""",0,7,finish,FINISH*,DESCRIPTION,Signature® 300 Metallic
architectural,8,"Craftsman"" Series - High Batten 16%""",0,7,price,PRICE,,Please Inquire
architectural,9,Classic®,0,0,gauge,GAUGE,DESCRIPTION,24
architectural,9,Classic®,0,0,coverage,COVERAGE,DESCRIPTION,"16"""
architectural,9,Classic®,0,0,yield_psi,YIELD (PSI),DESCRIPTION,"50,000"
architectural,9,Classic®,0,0,weight_per_sq,WEIGHT PER SQ.,DESCRIPTION,140#
architectural,9,Classic®,0,0,finish,FINISH*,DESCRIPTION,Galvalume® Plus &
architectural,9,Classic®,0,0,price,PRICE,,✓
architectural,9,Classic®,0,1,gauge,GAUGE,DESCRIPTION,24
architectural,9,Classic®,0,1,coverage,COVERAGE,DESCRIPTION,"16"""
architectural,9,Classic®,0,1,yield_psi,YIELD (PSI),DESCRIPTION,"50,000"
architectural,9,Classic®,0,1,weight_per_sq,WEIGHT PER SQ.,DESCRIPTION,146#
architectural,9,Classic®,0,1,finish,FINISH*,DESCRIPTION,Signature® 200
architectural,9,Classic®,0,1,price,PRICE,,✓
architectural,9,Classic®,0,2,gauge,GAUGE,DESCRIPTION,24
architectural,9,Classic®,0,2,coverage,COVERAGE,DESCRIPTION,"16"""
architectural,9,Classic®,0,2,yield_psi,YIELD (PSI),DESCRIPTION,"50,000"
architectural,9,Classic®,0,2,weight_per_sq,WEIGHT PER SQ.,DESCRIPTION,146#
architectural,9,Classic®,0,2,finish,FINISH*,DESCRIPTION,Signature® 300
architectural,9,Classic®,0,2,price,PRICE,,✓
architectural,9,Classic®,0,3,gauge,GAUGE,DESCRIPTION,22
architectural,9,Classic®,0,3,coverage,COVERAGE,DESCRIPTION,"16"""
architectural,9,Classic®,0,3,yield_psi,YIELD (PSI),DESCRIPTION,"50,000"
architectural,9,Classic®,0,3,weight_per_sq,WEIGHT PER SQ.,DESCRIPTION,202#
architectural,9,Classic®,0,3,finish,FINISH*,DESCRIPTION,Galvalume® Plus &
architectural,9,Classic®,0,3,price,PRICE,,✓
architectural,9,Classic®,0,4,gauge,GAUGE,DESCRIPTION,22
architectural,9,Classic®,0,4,coverage,COVERAGE,DESCRIPTION,"16"""
architectural,9,Classic®,0,4,yield_psi,YIELD (PSI),DESCRIPTION,"50,000"
architectural,9,Classic®,0,4,weight_per_sq,WEIGHT PER SQ.,DESCRIPTION,202#
architectural,9,Classic®,0,4,finish,FINISH*,DESCRIPTION,Signature® 200
architectural,9,Classic®,0,4,price,PRICE,,✓
architectural,10,"ShadowRib™ 16""",0,0,gauge,GAUGE,DESCRIPTION,24
architectural,10,"ShadowRib™ 16""",0,0,coverage,COVERAGE,DESCRIPTION,"16"""
architectural,10,"ShadowRib™ 16""",0,0,yield_psi,YIELD (PSI),DESCRIPTION,"50,000"
architectural,10,"ShadowRib™ 16""",0,0,weight_per_sq,WEIGHT PER SQ.,DESCRIPTION,157#
architectural,10,"ShadowRib™ 16""",0,0,finish,FINISH*,DESCRIPTION,Galvalume® Plus &
architectural,10,"ShadowRib™ 16""",0,0,price,PRICE,,✓
architectural,10,"ShadowRib™ 16""",0,1,gauge,GAUGE,DESCRIPTION,24
architectural,10,"ShadowRib™ 16""",0,1,coverage,COVERAGE,DESCRIPTION,"16"""
architectural,10,"ShadowRib™ 16""",0,1,yield_psi,YIELD (PSI),DESCRIPTION,"50,000"
architectural,10,"ShadowRib™ 16""",0,1,weight_per_sq,WEIGHT PER SQ.,DESCRIPTION,157#
architectural,10,"ShadowRib™ 16""",0,1,finish,FINISH*,DESCRIPTION,Signature® 200
architectural,10,"ShadowRib™ 16""",0,1,price,PRICE,,✓
architectural,10,"ShadowRib™ 16""",0,2,gauge,GAUGE,DESCRIPTION,24
architectural,10,"ShadowRib™ 16""",0,2,coverage,COVERAGE,DESCRIPTION,"16"""
architectural,10,"ShadowRib™ 16""",0,2,yield_psi,YIELD (PSI),DESCRIPTION,"50,000"
architectural,10,"ShadowRib™ 16""",0,2,weight_per_sq,WEIGHT PER SQ.,DESCRIPTION,157#
architectural,10,"ShadowRib™ 16""",0,2,finish,FINISH*,DESCRIPTION,Signature® 300
architectural,10,"ShadowRib™ 16""",0,2,price,PRICE,,✓
architectural,10,"ShadowRib™ 16""",0,3,gauge,GAUGE,DESCRIPTION,24
architectural,10,"ShadowRib™ 16""",0,3,coverage,COVERAGE,DESCRIPTION,"16"""
architectural,10,"ShadowRib™ 16""",0,3,yield_psi,YIELD (PSI),DESCRIPTION,"50,000"
architectural,10,"ShadowRib™ 16""",0,3,weight_per_sq,WEIGHT PER SQ.,DESCRIPTION,157#
architectural,10,"ShadowRib™ 16""",0,3,finish,FINISH*,DESCRIPTION,Signature® 300 Metallic
architectural,10,"ShadowRib™ 16""",0,3,price,PRICE,,✓
architectural,10,"ShadowRib™ 16""",0,4,gauge,GAUGE,DESCRIPTION,22
architectural,10,"ShadowRib™ 16""",0,4,coverage,COVERAGE,DESCRIPTION,"16"""
architectural,10,"ShadowRib™ 16""",0,4,yield_psi,YIELD (PSI),DESCRIPTION,"50,000"
architectural,10,"ShadowRib™ 16""",0,4,weight_per_sq,WEIGHT PER SQ.,DESCRIPTION,200#
architectural,10,"ShadowRib™ 16""",0,4,finish,FINISH*,DESCRIPTION,Galvalume® Plus &
architectural,10,"ShadowRib™ 16""",0,4,price,PRICE,,Please Inquire
architectural,10,"ShadowRib™ 16""",0,5,gauge,GAUGE,DESCRIPTION,22
architectural,10,"ShadowRib™ 16""",0,5,coverage,COVERAGE,DESCRIPTION,"16"""
architectural,10,"ShadowRib™ 16""",0,5,yield_psi,YIELD (PSI),DESCRIPTION,"50,000"
architectural,10,"ShadowRib™ 16""",0,5,weight_per_sq,WEIGHT PER SQ.,DESCRIPTION,200#
architectural,10,"ShadowRib™ 16""",0,5,finish,FINISH*,DESCRIPTION,Signature® 200
architectural,10,"ShadowRib™ 16""",0,5,price,PRICE,,Please Inquire
architectural,10,"ShadowRib™ 16""",0,6,gauge,GAUGE,DESCRIPTION,22
architectural,10,"ShadowRib™ 16""",0,6,coverage,COVERAGE,DESCRIPTION,"16"""
architectural,10,"ShadowRib™ 16""",0,6,yield_psi,YIELD (PSI),DESCRIPTION,"50,000"
architectural,10,"ShadowRib™ 16""",0,6,weight_per_sq,WEIGHT PER SQ.,DESCRIPTION,200#
architectural,10,"ShadowRib™ 16""",0,6,finish,FINISH*,DESCRIPTION,Signature® 300
architectural,10,"ShadowRib™ 16""",0,6,price,PRICE,,Please Inquire
architectural,10,"ShadowRib™ 16""",0,7,gauge,GAUGE,DESCRIPTION,22
architectural,10,"ShadowRib™ 16""",0,7,coverage,COVERAGE,DESCRIPTION,"16"""
architectural,10,"ShadowRib™ 16""",0,7,yield_psi,YIELD (PSI),DESCRIPTION,"50,000"
architectural,10,"ShadowRib™ 16""",0,7,weight_per_sq,WEIGHT PER SQ.,DESCRIPTION,200#
architectural,10,"ShadowRib™ 16""",0,7,finish,FINISH*,DESCRIPTION,Signature® 300 Metallic
architectural,10,"ShadowRib™ 16""",0,7,price,PRICE,,Please Inquire
architectural,11,MasterLine 16®,0,0,gauge,GAUGE,DESCRIPTION,24
architectural,11,MasterLine 16®,0,0,coverage,COVERAGE,DESCRIPTION,"16"""
architectural,11,MasterLine 16®,0,0,yield_psi,YIELD (PSI),DESCRIPTION,"50,000"
architectural,11,MasterLine 16®,0,0,weight_per_sq,WEIGHT PER SQ.,DESCRIPTION,146#
architectural,11,MasterLine 16®,0,0,finish,FINISH*,DESCRIPTION,Galvalume® Plus &
architectural,11,MasterLine 16®,0,0,price,PRICE,,✓
architectural,11,MasterLine 16®,0,1,gauge,GAUGE,DESCRIPTION,24
architectural,11,MasterLine 16®,0,1,coverage,COVERAGE,DESCRIPTION,"16"""
architectural,11,MasterLine 16®,0,1,yield_psi,YIELD (PSI),DESCRIPTION,"50,000"
architectural,11,MasterLine 16®,0,1,weight_per_sq,WEIGHT PER SQ.,DESCRIPTION,146#
architectural,11,MasterLine 16®,0,1,finish,FINISH*,DESCRIPTION,Signature® 200
architectural,11,MasterLine 16®,0,1,price,PRICE,,✓
architectural,11,MasterLine 16®,0,2,gauge,GAUGE,DESCRIPTION,24
architectural,11,MasterLine 16®,0,2,coverage,COVERAGE,DESCRIPTION,"16"""
architectural,11,MasterLine 16®,0,2,yield_psi,YIELD (PSI),DESCRIPTION,"50,000"
architectural,11,MasterLine 16®,0,2,weight_per_sq,WEIGHT PER SQ.,DESCRIPTION,1460#
architectural,11,MasterLine 16®,0,2,finish,FINISH*,DESCRIPTION,Signature® 300
architectural,11,MasterLine 16®,0,2,price,PRICE,,✓
architectural,11,MasterLine 16®,0,3,gauge,GAUGE,DESCRIPTION,24
architectural,11,MasterLine 16®,0,3,coverage,COVERAGE,DESCRIPTION,"16"""
architectural,11,MasterLine 16®,0,3,yield_psi,YIELD (PSI),DESCRIPTION,"50,000"
architectural,11,MasterLine 16®,0,3,weight_per_sq,WEIGHT PER SQ.,DESCRIPTION,146#
architectural,11,MasterLine 16®,0,3,finish,FINISH*,DESCRIPTION,Signature® 300 Metallic
architectural,11,MasterLine 16®,0,3,price,PRICE,,✓
architectural,11,MasterLine 16®,0,4,gauge,GAUGE,DESCRIPTION,22
architectural,11,MasterLine 16®,0,4,coverage,COVERAGE,DESCRIPTION,"16"""
architectural,11,MasterLine 16®,0,4,yield_psi,YIELD (PSI),DESCRIPTION,"50,000"
architectural,11,MasterLine 16®,0,4,weight_per_sq,WEIGHT PER SQ.,DESCRIPTION,186#
architectural,11,MasterLine 16®,0,4,finish,FINISH*,DESCRIPTION,Galvalume® Plus &
architectural,11,MasterLine 16®,0,4,price,PRICE,,Please Inquire
architectural,11,MasterLine 16®,0,5,gauge,GAUGE,DESCRIPTION,22
architectural,11,MasterLine 16®,0,5,coverage,COVERAGE,DESCRIPTION,"16"""
architectural,11,MasterLine 16®,0,5,yield_psi,YIELD (PSI),DESCRIPTION,"50,000"
architectural,11,MasterLine 16®,0,5,weight_per_sq,WEIGHT PER SQ.,DESCRIPTION,186#
architectural,11,MasterLine 16®,0,5,finish,FINISH*,DESCRIPTION,Signature® 200
architectural,11,MasterLine 16®,0,5,price,PRICE,,Please Inquire
architectural,11,MasterLine 16®,0,6,gauge,GAUGE,DESCRIPTION,22
architectural,11,MasterLine 16®,0,6,coverage,COVERAGE,DESCRIPTION,"16"""
architectural,11,MasterLine 16®,0,6,yield_psi,YIELD (PSI),DESCRIPTION,"50,000"
architectural,11,MasterLine 16®,0,6,weight_per_sq,WEIGHT PER SQ.,DESCRIPTION,186#
architectural,11,MasterLine 16®,0,6,finish,FINISH*,DESCRIPTION,Signature® 300
architectural,11,MasterLine 16®,0,6,price,PRICE,,Please Inquire
architectural,11,MasterLine 16®,0,7,gauge,GAUGE,DESCRIPTION,22
architectural,11,MasterLine 16®,0,7,coverage,COVERAGE,DESCRIPTION,"16"""
architectural,11,MasterLine 16®,0,7,yield_psi,YIELD (PSI),DESCRIPTION,"50,000"
architectural,11,MasterLine 16®,0,7,weight_per_sq,WEIGHT PER SQ.,DESCRIPTION,186#
architectural,11,MasterLine 16®,0,7,finish,FINISH*,DESCRIPTION,Signature® 300 Metallic
architectural,11,MasterLine 16®,0,7,price,PRICE,,Please Inquire
architectural,12,"NuWall® 12""",0,0,gauge,GAUGE,DESCRIPTION,24
architectural,12,"NuWall® 12""",0,0,coverage,COVERAGE,DESCRIPTION,"12"""
architectural,12,"NuWall® 12""",0,0,yield_psi,YIELD (PSI),DESCRIPTION,"50,000"
architectural,12,"NuWall® 12""",0,0,weight_per_sq,WEIGHT PER SQ.,DESCRIPTION,179#
architectural,12,"NuWall® 12""",0,0,finish,FINISH*,DESCRIPTION,Galvalume® Plus &
architectural,12,"NuWall® 12""",0,0,price,PRICE,,✓
architectural,12,"NuWall® 12""",0,1,gauge,GAUGE,DESCRIPTION,24
architectural,12,"NuWall® 12""",0,1,coverage,COVERAGE,DESCRIPTION,"12"""
architectural,12,"NuWall® 12""",0,1,yield_psi,YIELD (PSI),DESCRIPTION,"50,000"
architectural,12,"NuWall® 12""",0,1,weight_per_sq,WEIGHT PER SQ.,DESCRIPTION,179#
architectural,12,"NuWall® 12""",0,1,finish,FINISH*,DESCRIPTION,Signature® 200
architectural,12,"NuWall® 12""",0,1,price,PRICE,,✓
architectural,12,"NuWall® 12""",0,2,gauge,GAUGE,DESCRIPTION,24
architectural,12,"NuWall® 12""",0,2,coverage,COVERAGE,DESCRIPTION,12
architectural,12,"NuWall® 12""",0,2,yield_psi,YIELD (PSI),DESCRIPTION,"50,000"
architectural,12,"NuWall® 12""",0,2,weight_per_sq,WEIGHT PER SQ.,DESCRIPTION,179#
architectural,12,"NuWall® 12""",0,2,finish,FINISH*,DESCRIPTION,Signature® 300
architectural,12,"NuWall® 12""",0,2,price,PRICE,,✓
architectural,12,"NuWall® 12""",0,3,gauge,GAUGE,DESCRIPTION,24
architectural,12,"NuWall® 12""",0,3,coverage,COVERAGE,DESCRIPTION,"42"""
architectural,12,"NuWall® 12""",0,3,yield_psi,YIELD (PSI),DESCRIPTION,"50,000"
architectural,12,"NuWall® 12""",0,3,weight_per_sq,WEIGHT PER SQ.,DESCRIPTION,179#
architectural,12,"NuWall® 12""",0,3,finish,FINISH*,DESCRIPTION,Signature® 300 Metallic
architectural,12,"NuWall® 12""",0,3,price,PRICE,,Please Inquire
architectural,12,"NuWall® 12""",0,4,gauge,GAUGE,DESCRIPTION,22
architectural,12,"NuWall® 12""",0,4,coverage,COVERAGE,DESCRIPTION,"12"""
architectural,12,"NuWall® 12""",0,4,yield_psi,YIELD (PSI),DESCRIPTION,"50,000"
architectural,12,"NuWall® 12""",0,4,weight_per_sq,WEIGHT PER SQ.,DESCRIPTION,227#
architectural,12,"NuWall® 12""",0,4,finish,FINISH*,DESCRIPTION,Galvalume® Plus &
architectural,12,"NuWall® 12""",0,4,price,PRICE,,Please Inquire
architectural,12,"NuWall® 12""",0,5,gauge,GAUGE,DESCRIPTION,22
architectural,12,"NuWall® 12""",0,5,coverage,COVERAGE,DESCRIPTION,"42"""
architectural,12,"NuWall® 12""",0,5,yield_psi,YIELD (PSI),DESCRIPTION,"50,000"
architectural,12,"NuWall® 12""",0,5,weight_per_sq,WEIGHT PER SQ.,DESCRIPTION,227#
architectural,12,"NuWall® 12""",0,5,finish,FINISH*,DESCRIPTION,Signature® 200
architectural,12,"NuWall® 12""",0,5,price,PRICE,,Please Inquire
architectural,12,"NuWall® 12""",0,6,gauge,GAUGE,DESCRIPTION,22
architectural,12,"NuWall® 12""",0,6,coverage,COVERAGE,DESCRIPTION,"12"""
architectural,12,"NuWall® 12""",0,6,yield_psi,YIELD (PSI),DESCRIPTION,"50,000"
architectural,12,"NuWall® 12""",0,6,weight_per_sq,WEIGHT PER SQ.,DESCRIPTION,227#
architectural,12,"NuWall® 12""",0,6,finish,FINISH*,DESCRIPTION,Signature® 300
architectural,12,"NuWall® 12""",0,6,price,PRICE,,Please Inquire
architectural,12,"NuWall® 12""",0,7,gauge,GAUGE,DESCRIPTION,22
architectural,12,"NuWall® 12""",0,7,coverage,COVERAGE,DESCRIPTION,12
architectural,12,"NuWall® 12""",0,7,yield_psi,YIELD (PSI),DESCRIPTION,"50,000"
architectural,12,"NuWall® 12""",0,7,weight_per_sq,WEIGHT PER SQ.,DESCRIPTION,227#
architectural,12,"NuWall® 12""",0,7,finish,FINISH*,DESCRIPTION,Signature® 300 Metallic
architectural,12,"NuWall® 12""",0,7,price,PRICE,,Please Inquire
architectural,13,"Designer"" Series 16"" - Fluted",0,0,gauge,GAUGE,DESCRIPTION,24
architectural,13,"Designer"" Series 16"" - Fluted",0,0,coverage,COVERAGE,DESCRIPTION,"16"""
architectural,13,"Designer"" Series 16"" - Fluted",0,0,yield_psi,YIELD (PSI),DESCRIPTION,"50,000"
architectural,13,"Designer"" Series 16"" - Fluted",0,0,weight_per_sq,WEIGHT PER SQ.,DESCRIPTION,140#
architectural,13,"Designer"" Series 16"" - Fluted",0,0,finish,FINISH*,DESCRIPTION,Galvalume® Plus &
architectural,13,"Designer"" Series 16"" - Fluted",0,0,price,PRICE,,✓
architectural,13,"Designer"" Series 16"" - Fluted",0,1,gauge,GAUGE,DESCRIPTION,24
architectural,13,"Designer"" Series 16"" - Fluted",0,1,coverage,COVERAGE,DESCRIPTION,"16"""
architectural,13,"Designer"" Series 16"" - Fluted",0,1,yield_psi,YIELD (PSI),DESCRIPTION,"50,000"
architectural,13,"Designer"" Series 16"" - Fluted",0,1,weight_per_sq,WEIGHT PER SQ.,DESCRIPTION,146#
architectural,13,"Designer"" Series 16"" - Fluted",0,1,finish,FINISH*,DESCRIPTION,Signature® 200
architectural,13,"Designer"" Series 16"" - Fluted",0,1,price,PRICE,,✓
architectural,13,"Designer"" Series 16"" - Fluted",0,2,gauge,GAUGE,DESCRIPTION,24
architectural,13,"Designer"" Series 16"" - Fluted",0,2,coverage,COVERAGE,DESCRIPTION,"16"""
architectural,13,"Designer"" Series 16"" - Fluted",0,2,yield_psi,YIELD (PSI),DESCRIPTION,"50,000"
architectural,13,"Designer"" Series 16"" - Fluted",0,2,weight_per_sq,WEIGHT PER SQ.,DESCRIPTION,146#
architectural,13,"Designer"" Series 16"" - Fluted",0,2,finish,FINISH*,DESCRIPTION,Signature® 300
architectural,13,"Designer"" Series 16"" - Fluted",0,2,price,PRICE,,✓
architectural,13,"Designer"" Series 16"" - Fluted",0,3,gauge,GAUGE,DESCRIPTION,24
architectural,13,"Designer"" Series 16"" - Fluted",0,3,coverage,COVERAGE,DESCRIPTION,"16"""
architectural,13,"Designer"" Series 16"" - Fluted",0,3,yield_psi,YIELD (PSI),DESCRIPTION,"50,000"
architectural,13,"Designer"" Series 16"" - Fluted",0,3,weight_per_sq,WEIGHT PER SQ.,DESCRIPTION,146#
architectural,13,"Designer"" Series 16"" - Fluted",0,3,finish,FINISH*,DESCRIPTION,Signature® 300 Metallic
architectural,13,"Designer"" Series 16"" - Fluted",0,3,price,PRICE,,Please Inquire
architectural,13,"Designer"" Series 16"" - Fluted",0,4,gauge,GAUGE,DESCRIPTION,22
architectural,13,"Designer"" Series 16"" - Fluted",0,4,coverage,COVERAGE,DESCRIPTION,"16"""
architectural,13,"Designer"" Series 16"" - Fluted",0,4,yield_psi,YIELD (PSI),DESCRIPTION,"50,000"
architectural,13,"Designer"" Series 16"" - Fluted",0,4,weight_per_sq,WEIGHT PER SQ.,DESCRIPTION,186#
architectural,13,"Designer"" Series 16"" - Fluted",0,4,finish,FINISH*,DESCRIPTION,Galvalume® Plus &
architectural,13,"Designer"" Series 16"" - Fluted",0,4,price,PRICE,,Please Inquire
architectural,13,"Designer"" Series 16"" - Fluted",0,5,gauge,GAUGE,DESCRIPTION,22
architectural,13,"Designer"" Series 16"" - Fluted",0,5,coverage,COVERAGE,DESCRIPTION,"16"""
architectural,13,"Designer"" Series 16"" - Fluted",0,5,yield_psi,YIELD (PSI),DESCRIPTION,"50,000"
architectural,13,"Designer"" Series 16"" - Fluted",0,5,weight_per_sq,WEIGHT PER SQ.,DESCRIPTION,1860#
architectural,13,"Designer"" Series 16"" - Fluted",0,5,finish,FINISH*,DESCRIPTION,Signature® 200
architectural,13,"Designer"" Series 16"" - Fluted",0,5,price,PRICE,,Please Inquire
architectural,13,"Designer"" Series 16"" - Fluted",0,6,gauge,GAUGE,DESCRIPTION,22
architectural,13,"Designer"" Series 16"" - Fluted",0,6,coverage,COVERAGE,DESCRIPTION,"16"""
architectural,13,"Designer"" Series 16"" - Fluted",0,6,yield_psi,YIELD (PSI),DESCRIPTION,"50,000"
architectural,13,"Designer"" Series 16"" - Fluted",0,6,weight_per_sq,WEIGHT PER SQ.,DESCRIPTION,186#
architectural,13,"Designer"" Series 16"" - Fluted",0,6,finish,FINISH*,DESCRIPTION,Signature® 300
architectural,13,"Designer"" Series 16"" - Fluted",0,6,price,PRICE,,Please Inquire
architectural,13,"Designer"" Series 16"" - Fluted",0,7,gauge,GAUGE,DESCRIPTION,22
architectural,13,"Designer"" Series 16"" - Fluted",0,7,coverage,COVERAGE,DESCRIPTION,"16"""
architectural,13,"Designer"" Series 16"" - Fluted",0,7,yield_psi,YIELD (PSI),DESCRIPTION,"50,000"
architectural,13,"Designer"" Series 16"" - Fluted",0,7,weight_per_sq,WEIGHT PER SQ.,DESCRIPTION,186#
architectural,13,"Designer"" Series 16"" - Fluted",0,7,finish,FINISH*,DESCRIPTION,Signature® 300 Metallic
architectural,13,"Designer"" Series 16"" - Fluted",0,7,price,PRICE,,Please Inquire
architectural,14,FW-120 Panel,0,0,gauge,GAUGE,DESCRIPTION,24
architectural,14,FW-120 Panel,0,0,coverage,COVERAGE,DESCRIPTION,"12"""
architectural,14,FW-120 Panel,0,0,yield_psi,YIELD (PSI),DESCRIPTION,"50,000"
architectural,14,FW-120 Panel,0,0,weight_per_sq,WEIGHT PER SQ.,DESCRIPTION,142#
architectural,14,FW-120 Panel,0,0,finish,FINISH*,DESCRIPTION,Signature® 300
architectural,14,FW-120 Panel,0,0,price,PRICE,,✓
architectural,14,FW-120 Panel,0,1,gauge,GAUGE,DESCRIPTION,22
architectural,14,FW-120 Panel,0,1,coverage,COVERAGE,DESCRIPTION,12
architectural,14,FW-120 Panel,0,1,yield_psi,YIELD (PSI),DESCRIPTION,"50,000"
architectural,14,FW-120 Panel,0,1,weight_per_sq,WEIGHT PER SQ.,DESCRIPTION,181#
architectural,14,FW-120 Panel,0,1,finish,FINISH*,DESCRIPTION,Signature® 300
architectural,14,FW-120 Panel,0,1,price,PRICE,,Please Inquire
architectural,14,FW-120 Panel,0,2,gauge,GAUGE,DESCRIPTION,20
architectural,14,FW-120 Panel,0,2,coverage,COVERAGE,DESCRIPTION,"12"""
architectural,14,FW-120 Panel,0,2,yield_psi,YIELD (PSI),DESCRIPTION,"50,000"
architectural,14,FW-120 Panel,0,2,weight_per_sq,WEIGHT PER SQ.,DESCRIPTION,220#
architectural,14,FW-120 Panel,0,2,finish,FINISH*,DESCRIPTION,Signature® 300
architectural,14,FW-120 Panel,0,2,price,PRICE,,Please Inquire
architectural,14,FW-120 Panel,0,3,gauge,GAUGE,DESCRIPTION,.024 Alum tt
architectural,14,FW-120 Panel,0,3,coverage,COVERAGE,DESCRIPTION,"12"""
architectural,14,FW-120 Panel,0,3,yield_psi,YIELD (PSI),DESCRIPTION,"18,000"
architectural,14,FW-120 Panel,0,3,weight_per_sq,WEIGHT PER SQ.,DESCRIPTION,48#
architectural,14,FW-120 Panel,0,3,finish,FINISH*,DESCRIPTION,Signature' 200 - Polar White Only
architectural,14,FW-120 Panel,0,3,price,PRICE,,✓
architectural,15,Artisan®,0,0,gauge,GAUGE,DESCRIPTION,26
architectural,15,Artisan®,0,0,coverage,COVERAGE,DESCRIPTION,"12"""
architectural,15,Artisan®,0,0,yield_psi,YIELD (PSI),DESCRIPTION,"50,000"
architectural,15,Artisan®,0,0,weight_per_sq,WEIGHT PER SQ.,DESCRIPTION,102#
architectural,15,Artisan®,0,0,finish,FINISH*,DESCRIPTION,Galvalume® Plus &
architectural,15,Artisan®,0,0,price,PRICE,,✓
architectural,15,Artisan®,0,1,gauge,GAUGE,DESCRIPTION,26
architectural,15,Artisan®,0,1,coverage,COVERAGE,DESCRIPTION,"12"""
architectural,15,Artisan®,0,1,yield_psi,YIELD (PSI),DESCRIPTION,"50,000"
architectural,15,Artisan®,0,1,weight_per_sq,WEIGHT PER SQ.,DESCRIPTION,102#
architectural,15,Artisan®,0,1,finish,FINISH*,DESCRIPTION,Signature® 200
architectural,15,Artisan®,0,1,price,PRICE,,✓
architectural,15,Artisan®,0,2,gauge,GAUGE,DESCRIPTION,24
architectural,15,Artisan®,0,2,coverage,COVERAGE,DESCRIPTION,"12"""
architectural,15,Artisan®,0,2,yield_psi,YIELD (PSI),DESCRIPTION,"50,000"
architectural,15,Artisan®,0,2,weight_per_sq,WEIGHT PER SQ.,DESCRIPTION,128#
architectural,15,Artisan®,0,2,finish,FINISH*,DESCRIPTION,Galvalume® Plus &
architectural,15,Artisan®,0,2,price,PRICE,,✓
architectural,15,Artisan®,0,3,gauge,GAUGE,DESCRIPTION,24
architectural,15,Artisan®,0,3,coverage,COVERAGE,DESCRIPTION,"42"""
architectural,15,Artisan®,0,3,yield_psi,YIELD (PSI),DESCRIPTION,"50,000"
architectural,15,Artisan®,0,3,weight_per_sq,WEIGHT PER SQ.,DESCRIPTION,128#
architectural,15,Artisan®,0,3,finish,FINISH*,DESCRIPTION,Signature® 200
architectural,15,Artisan®,0,3,price,PRICE,,✓
architectural,15,Artisan®,0,4,gauge,GAUGE,DESCRIPTION,24
architectural,15,Artisan®,0,4,coverage,COVERAGE,DESCRIPTION,"12"""
architectural,15,Artisan®,0,4,yield_psi,YIELD (PSI),DESCRIPTION,"50,000"
architectural,15,Artisan®,0,4,weight_per_sq,WEIGHT PER SQ.,DESCRIPTION,128#
architectural,15,Artisan®,0,4,finish,FINISH*,DESCRIPTION,Signature® 300
architectural,15,Artisan®,0,4,price,PRICE,,✓
architectural,15,Artisan®,0,5,gauge,GAUGE,DESCRIPTION,24
architectural,15,Artisan®,0,5,coverage,COVERAGE,DESCRIPTION,"42"""
architectural,15,Artisan®,0,5,yield_psi,YIELD (PSI),DESCRIPTION,"50,000"
architectural,15,Artisan®,0,5,weight_per_sq,WEIGHT PER SQ.,DESCRIPTION,128#
architectural,15,Artisan®,0,5,finish,FINISH*,DESCRIPTION,Signature® 300 Metallic
architectural,15,Artisan®,0,5,price,PRICE,,Please Inquire
architectural,15,Artisan®,0,6,gauge,GAUGE,DESCRIPTION,22
architectural,15,Artisan®,0,6,coverage,COVERAGE,DESCRIPTION,12
architectural,15,Artisan®,0,6,yield_psi,YIELD (PSI),DESCRIPTION,"50,000"
architectural,15,Artisan®,0,6,weight_per_sq,WEIGHT PER SQ.,DESCRIPTION,163#
architectural,15,Artisan®,0,6,finish,FINISH*,DESCRIPTION,Galvalume® Plus &
architectural,15,Artisan®,0,6,price,PRICE,,Please Inquire
architectural,15,Artisan®,0,7,gauge,GAUGE,DESCRIPTION,22
architectural,15,Artisan®,0,7,coverage,COVERAGE,DESCRIPTION,12
architectural,15,Artisan®,0,7,yield_psi,YIELD (PSI),DESCRIPTION,"50,000"
architectural,15,Artisan®,0,7,weight_per_sq,WEIGHT PER SQ.,DESCRIPTION,163#
architectural,15,Artisan®,0,7,finish,FINISH*,DESCRIPTION,Signature® 200
architectural,15,Artisan®,0,7,price,PRICE,,Please Inquire
architectural,15,Artisan®,0,8,gauge,GAUGE,DESCRIPTION,22
architectural,15,Artisan®,0,8,coverage,COVERAGE,DESCRIPTION,"12"""
architectural,15,Artisan®,0,8,yield_psi,YIELD (PSI),DESCRIPTION,"50,000"
architectural,15,Artisan®,0,8,weight_per_sq,WEIGHT PER SQ.,DESCRIPTION,163#
architectural,15,Artisan®,0,8,finish,FINISH*,DESCRIPTION,Signature® 300
architectural,15,Artisan®,0,8,price,PRICE,,Please Inquire
architectural,15,Artisan®,0,9,gauge,GAUGE,DESCRIPTION,22
architectural,15,Artisan®,0,9,coverage,COVERAGE,DESCRIPTION,"12"""
architectural,15,Artisan®,0,9,yield_psi,YIELD (PSI),DESCRIPTION,"50,000"
architectural,15,Artisan®,0,9,weight_per_sq,WEIGHT PER SQ.,DESCRIPTION,163#
architectural,15,Artisan®,0,9,finish,FINISH*,DESCRIPTION,Signature® 300 Metallic
architectural,15,Artisan®,0,9,price,PRICE,,Please Inquire
architectural,15,Artisan®,0,10,gauge,GAUGE,DESCRIPTION,.024 Alum tt
architectural,15,Artisan®,0,10,coverage,COVERAGE,DESCRIPTION,"42"""
architectural,15,Artisan®,0,10,yield_psi,YIELD (PSI),DESCRIPTION,"18,000"
architectural,15,Artisan®,0,10,weight_per_sq,WEIGHT PER SQ.,DESCRIPTION,48#
architectural,15,Artisan®,0,10,finish,FINISH*,DESCRIPTION,Signature® 200 - Polar White Only
architectural,15,Artisan®,0,10,price,PRICE,,✓
architectural,16,FlexLoc®,0,0,gauge,GAUGE,DESCRIPTION,24
architectural,16,FlexLoc®,0,0,coverage,COVERAGE,DESCRIPTION,"9 ¥2"""
architectural,16,FlexLoc®,0,0,yield_psi,YIELD (PSI),DESCRIPTION,"50,000"
architectural,16,FlexLoc®,0,0,weight_per_sq,WEIGHT PER SQ.,DESCRIPTION,121#
architectural,16,FlexLoc®,0,0,finish,FINISH*,DESCRIPTION,Galvalume® Plus &
architectural,16,FlexLoc®,0,0,price,PRICE,,✓
architectural,16,FlexLoc®,0,1,gauge,GAUGE,DESCRIPTION,24
architectural,16,FlexLoc®,0,1,coverage,COVERAGE,DESCRIPTION,ous
architectural,16,FlexLoc®,0,1,yield_psi,YIELD (PSI),DESCRIPTION,"50,000"
architectural,16,FlexLoc®,0,1,weight_per_sq,WEIGHT PER SQ.,DESCRIPTION,121#
architectural,16,FlexLoc®,0,1,finish,FINISH*,DESCRIPTION,Signature® 200
architectural,16,FlexLoc®,0,1,price,PRICE,,✓
architectural,16,FlexLoc®,0,2,gauge,GAUGE,DESCRIPTION,24
architectural,16,FlexLoc®,0,2,coverage,COVERAGE,DESCRIPTION,"9%"""
architectural,16,FlexLoc®,0,2,yield_psi,YIELD (PSI),DESCRIPTION,"50,000"
architectural,16,FlexLoc®,0,2,weight_per_sq,WEIGHT PER SQ.,DESCRIPTION,121#
architectural,16,FlexLoc®,0,2,finish,FINISH*,DESCRIPTION,Signature® 300
architectural,16,FlexLoc®,0,2,price,PRICE,,✓
architectural,16,FlexLoc®,0,3,gauge,GAUGE,DESCRIPTION,24
architectural,16,FlexLoc®,0,3,coverage,COVERAGE,DESCRIPTION,"9 ¥2"""
architectural,16,FlexLoc®,0,3,yield_psi,YIELD (PSI),DESCRIPTION,"50,000"
architectural,16,FlexLoc®,0,3,weight_per_sq,WEIGHT PER SQ.,DESCRIPTION,121#
architectural,16,FlexLoc®,0,3,finish,FINISH*,DESCRIPTION,Signature® 300 Metallic
architectural,16,FlexLoc®,0,3,price,PRICE,,Please Inquire
architectural,16,FlexLoc®,0,4,gauge,GAUGE,DESCRIPTION,024 Alum tt
architectural,16,FlexLoc®,0,4,coverage,COVERAGE,DESCRIPTION,"Oye"""
architectural,16,FlexLoc®,0,4,yield_psi,YIELD (PSI),DESCRIPTION,"18,000"
architectural,16,FlexLoc®,0,4,weight_per_sq,WEIGHT PER SQ.,DESCRIPTION,48#
architectural,16,FlexLoc®,0,4,finish,FINISH*,DESCRIPTION,Signature® 200 - Polar White Only
architectural,16,FlexLoc®,0,4,price,PRICE,,✓
architectural,17,QwikLok™,0,0,gauge,GAUGE,DESCRIPTION,24
architectural,17,QwikLok™,0,0,coverage,COVERAGE,DESCRIPTION,igs
architectural,17,QwikLok™,0,0,yield_psi,YIELD (PSI),DESCRIPTION,"50,000"
architectural,17,QwikLok™,0,0,weight_per_sq,WEIGHT PER SQ.,DESCRIPTION,173#
architectural,17,QwikLok™,0,0,finish,FINISH,DESCRIPTION,High Gloss White Only
architectural,17,QwikLok™,0,0,price,PRICE,,✓
architectural,17,QwikLok™,0,1,gauge,GAUGE,DESCRIPTION,.024 Alum tt
architectural,17,QwikLok™,0,1,coverage,COVERAGE,DESCRIPTION,"12"""
architectural,17,QwikLok™,0,1,yield_psi,YIELD (PSI),DESCRIPTION,"18,000"
architectural,17,QwikLok™,0,1,weight_per_sq,WEIGHT PER SQ.,DESCRIPTION,A8#
architectural,17,QwikLok™,0,1,finish,FINISH,DESCRIPTION,Signature® 200 - Polar White Only
architectural,17,QwikLok™,0,1,price,PRICE,,✓
architectural,18,Hat Section (HS-1),0,0,part,PART #,DESCRIPTION,HW-3100
architectural,18,Hat Section (HS-1),0,0,gauge,GAUGE,DESCRIPTION,22
architectural,18,Hat Section (HS-1),0,0,finish,FINISH,DESCRIPTION,Galvanized
architectural,18,Hat Section (HS-1),0,0,weight_each,WEIGHT EACH,DESCRIPTION,12.32#
architectural,18,Hat Section (HS-1),0,0,length,LENGTH,DESCRIPTION,"20'-0"""
architectural,18,Hat Section (HS-1),0,0,price,PRICE,,✓
architectural,18,Hat Section (HS-1),0,1,part,PART #,DESCRIPTION,HW-3105
architectural,18,Hat Section (HS-1),0,1,gauge,GAUGE,DESCRIPTION,16
architectural,18,Hat Section (HS-1),0,1,finish,FINISH,DESCRIPTION,Red Oxide
architectural,18,Hat Section (HS-1),0,1,weight_each,WEIGHT EACH,DESCRIPTION,24.60#
architectural,18,Hat Section (HS-1),0,1,length,LENGTH,DESCRIPTION,"20'-0"""
architectural,18,Hat Section (HS-1),0,1,price,PRICE,,✓
architectural,18,Hat Section (HS-1),0,2,part,PART #,DESCRIPTION,HW-3105
architectural,18,Hat Section (HS-1),0,2,gauge,GAUGE,DESCRIPTION,16
architectural,18,Hat Section (HS-1),0,2,finish,FINISH,DESCRIPTION,Galvanized
architectural,18,Hat Section (HS-1),0,2,weight_each,WEIGHT EACH,DESCRIPTION,24.60#
architectural,18,Hat Section (HS-1),0,2,length,LENGTH,DESCRIPTION,"20'-0"""
architectural,18,Hat Section (HS-1),0,2,price,PRICE,,✓
architectural,18,Channel Section (CS-1),1,0,part,PART #,DESCRIPTION,HW-3110
architectural,18,Channel Section (CS-1),1,0,gauge,GAUGE,DESCRIPTION,18
architectural,18,Channel Section (CS-1),1,0,finish,FINISH,DESCRIPTION,Galvanized
architectural,18,Channel Section (CS-1),1,0,weight_each,WEIGHT EACH,DESCRIPTION,15.05#
architectural,18,Channel Section (CS-1),1,0,length,LENGTH,DESCRIPTION,"20'-0"""
architectural,18,Channel Section (CS-1),1,0,price,PRICE,,✓
architectural,18,"1"" Sub-Girt (SG-1)",2,0,part,PART #,DESCRIPTION,HW-3120
architectural,18,"1"" Sub-Girt (SG-1)",2,0,gauge,GAUGE,DESCRIPTION,18
architectural,18,"1"" Sub-Girt (SG-1)",2,0,finish,FINISH,DESCRIPTION,Galvanized
architectural,18,"1"" Sub-Girt (SG-1)",2,0,weight_each,WEIGHT EACH,DESCRIPTION,17.59#
architectural,18,"1"" Sub-Girt (SG-1)",2,0,length,LENGTH,DESCRIPTION,"20'-0"""
architectural,18,"1"" Sub-Girt (SG-1)",2,0,price,PRICE,,✓
architectural,18,"1"" Sub-Girt (SG-1)",2,1,part,PART #,DESCRIPTION,HW-3121
architectural,18,"1"" Sub-Girt (SG-1)",2,1,gauge,GAUGE,DESCRIPTION,16
architectural,18,"1"" Sub-Girt (SG-1)",2,1,finish,FINISH,DESCRIPTION,Red Oxide
architectural,18,"1"" Sub-Girt (SG-1)",2,1,weight_each,WEIGHT EACH,DESCRIPTION,27. A0#
architectural,18,"1"" Sub-Girt (SG-1)",2,1,length,LENGTH,DESCRIPTION,"20'-0"""
architectural,18,"1"" Sub-Girt (SG-1)",2,1,price,PRICE,,✓
architectural,19,"Ya"" Sub-Girt (SG-2)",0,0,part,PART #,DESCRIPTION,HW-3130
architectural,19,"Ya"" Sub-Girt (SG-2)",0,0,gauge,GAUGE,DESCRIPTION,18
architectural,19,"Ya"" Sub-Girt (SG-2)",0,0,finish,FINISH,DESCRIPTION,Galvanized
architectural,19,"Ya"" Sub-Girt (SG-2)",0,0,weight_each,WEIGHT EACH,DESCRIPTION,10.56#
architectural,19,"Ya"" Sub-Girt (SG-2)",0,0,length,LENGTH,DESCRIPTION,"20'-0"""
architectural,19,"Ya"" Sub-Girt (SG-2)",0,0,price,PRICE,,✓
architectural,19,"Ya"" Sub-Girt (SG-2)",0,1,part,PART #,DESCRIPTION,HW-3131
architectural,19,"Ya"" Sub-Girt (SG-2)",0,1,gauge,GAUGE,DESCRIPTION,16
architectural,19,"Ya"" Sub-Girt (SG-2)",0,1,finish,FINISH,DESCRIPTION,Red Oxide
architectural,19,"Ya"" Sub-Girt (SG-2)",0,1,weight_each,WEIGHT EACH,DESCRIPTION,15.50#
architectural,19,"Ya"" Sub-Girt (SG-2)",0,1,length,LENGTH,DESCRIPTION,"20'-0"""
architectural,19,"Ya"" Sub-Girt (SG-2)",0,1,price,PRICE,,✓
architectural,19,Furring Zee,1,0,part,PART #,DESCRIPTION,HW-3020
architectural,19,Furring Zee,1,0,dim_a,"DIM ""A""",DESCRIPTION,"1%"""
architectural,19,Furring Zee,1,0,gauge,GAUGE,DESCRIPTION,22
architectural,19,Furring Zee,1,0,finish,FINISH,DESCRIPTION,Galvanized
architectural,19,Furring Zee,1,0,weight_each,WEIGHT EACH,DESCRIPTION,3.08#
architectural,19,Furring Zee,1,0,length,LENGTH,DESCRIPTION,"1 O'-0"""
architectural,19,Furring Zee,1,0,price,PRICE,,✓
architectural,19,Furring Zee,1,1,part,PART #,DESCRIPTION,HW-3021
architectural,19,Furring Zee,1,1,dim_a,"DIM ""A""",DESCRIPTION,"2%"""
architectural,19,Furring Zee,1,1,gauge,GAUGE,DESCRIPTION,22
architectural,19,Furring Zee,1,1,finish,FINISH,DESCRIPTION,Galvanized
architectural,19,Furring Zee,1,1,weight_each,WEIGHT EACH,DESCRIPTION,4.07#
architectural,19,Furring Zee,1,1,length,LENGTH,DESCRIPTION,"10'-0"""
architectural,19,Furring Zee,1,1,price,PRICE,,✓
architectural,19,Furring Zee,1,2,part,PART #,DESCRIPTION,HW-3022
architectural,19,Furring Zee,1,2,dim_a,"DIM ""A""",DESCRIPTION,"3%"""
architectural,19,Furring Zee,1,2,gauge,GAUGE,DESCRIPTION,18
architectural,19,Furring Zee,1,2,finish,FINISH,DESCRIPTION,Galvanized
architectural,19,Furring Zee,1,2,weight_each,WEIGHT EACH,DESCRIPTION,8.01#
architectural,19,Furring Zee,1,2,length,LENGTH,DESCRIPTION,"10'-0"""
architectural,19,Furring Zee,1,2,price,PRICE,,✓
architectural,19,Furring Zee,1,3,part,PART #,DESCRIPTION,HW-3023
architectural,19,Furring Zee,1,3,dim_a,"DIM ""A""",DESCRIPTION,"4%"""
architectural,19,Furring Zee,1,3,gauge,GAUGE,DESCRIPTION,18
architectural,19,Furring Zee,1,3,finish,FINISH,DESCRIPTION,Galvanized
architectural,19,Furring Zee,1,3,weight_each,WEIGHT EACH,DESCRIPTION,9.58#
architectural,19,Furring Zee,1,3,length,LENGTH,DESCRIPTION,"1 O'-0"""
architectural,19,Furring Zee,1,3,price,PRICE,,✓
architectural,19,Furring Zee,1,4,part,PART #,DESCRIPTION,HW-3024
architectural,19,Furring Zee,1,4,dim_a,"DIM ""A""",DESCRIPTION,"3%"""
architectural,19,Furring Zee,1,4,gauge,GAUGE,DESCRIPTION,16
architectural,19,Furring Zee,1,4,finish,FINISH,DESCRIPTION,Red Oxide
architectural,19,Furring Zee,1,4,weight_each,WEIGHT EACH,DESCRIPTION,11.69#
architectural,19,Furring Zee,1,4,length,LENGTH,DESCRIPTION,"10'-0"""
architectural,19,Furring Zee,1,4,price,PRICE,,✓
architectural,19,Furring Zee,1,5,part,PART #,DESCRIPTION,HW-3025
architectural,19,Furring Zee,1,5,dim_a,"DIM ""A""",DESCRIPTION,"4%"""
architectural,19,Furring Zee,1,5,gauge,GAUGE,DESCRIPTION,16
architectural,19,Furring Zee,1,5,finish,FINISH,DESCRIPTION,Red Oxide
architectural,19,Furring Zee,1,5,weight_each,WEIGHT EACH,DESCRIPTION,13.06#
architectural,19,Furring Zee,1,5,length,LENGTH,DESCRIPTION,"10'-0"""
architectural,19,Furring Zee,1,5,price,PRICE,,✓
architectural,20,Flat Sheet Selection Chart,0,0,column_1,,,Width
architectural,20,Flat Sheet Selection Chart,0,0,column_2,,,"40-7/8"""
architectural,20,Flat Sheet Selection Chart,0,0,column_3,,,"42-3/4"""
architectural,20,Flat Sheet Selection Chart,0,0,column_4,,,"48 - 3/8"""
architectural,20,Flat Sheet Selection Chart,0,1,column_1,,,Gauge
architectural,20,Flat Sheet Selection Chart,0,1,column_2,,,29 ga
architectural,20,Flat Sheet Selection Chart,0,1,column_3,,,26 ga
architectural,20,Flat Sheet Selection Chart,0,1,column_4,,,24 ga
architectural,20,Flat Sheet Selection Chart,0,2,column_1,,,Weight per LF
architectural,20,Flat Sheet Selection Chart,0,2,column_2,,,2.00#
architectural,20,Flat Sheet Selection Chart,0,2,column_3,,,3.32#
architectural,20,Flat Sheet Selection Chart,0,2,column_4,,,3.754
architectural,20,Flat Sheet Selection Chart,0,3,column_1,,,Signature® 200 (Polyester)
architectural,20,Flat Sheet Selection Chart,1,0,column_1,,,Polar White
architectural,20,Flat Sheet Selection Chart,1,1,column_1,,,Signature® 200
architectural,20,Flat Sheet Selection Chart,2,0,column_1,,,Wine Red
architectural,20,Flat Sheet Selection Chart,2,0,column_3,,,o
architectural,20,Flat Sheet Selection Chart,2,0,column_4,,,0
architectural,20,Flat Sheet Selection Chart,2,1,column_1,,,Signature® 300
architectural,20,Flat Sheet Selection Chart,3,0,column_1,,,Tundra
architectural,20,Flat Sheet Selection Chart,3,0,column_2,,,fj
architectural,20,Flat Sheet Selection Chart,3,0,column_3,,,o
architectural,20,Flat Sheet Selection Chart,3,1,column_1,,,Signature® 300 Metallic
architectural,20,Flat Sheet Selection Chart,4,0,column_1,,,Copper Metallic
architectural,20,Flat Sheet Selection Chart,4,0,column_2,,,fj
architectural,20,Flat Sheet Selection Chart,4,0,column_3,,,o
architectural,20,Flat Sheet Selection Chart,4,1,column_1,,,Unpainted
architectural,21,SB/HB Batten Cap,0,0,part,PART #,DESCRIPTION,FL-566
architectural,21,SB/HB Batten Cap,0,0,size,SIZE,DESCRIPTION,"q"" xX 34"""
architectural,21,SB/HB Batten Cap,0,0,length,LENGTH,DESCRIPTION,Specify
architectural,21,SB/HB Batten Cap,0,0,girth,GIRTH,DESCRIPTION,"2'he"""
architectural,21,SB/HB Batten Cap,0,0,weight_per_clf,"WEIGHT PER
CLF",DESCRIPTION,17#
architectural,21,SB/HB Batten Cap,0,0,galvalume_plus,"GALVALUME®
PLUS",PRICED PER 100 LINEAR FEET,✓
architectural,21,SB/HB Batten Cap,0,0,signature_200,"SIGNATURE®
200",PRICED PER 100 LINEAR FEET,✓
architectural,21,SB/HB Batten Cap,0,0,signature_300,"SIGNATURE®
300",PRICED PER 100 LINEAR FEET,✓
architectural,21,SB/HB Batten Cap,0,0,signature_300_metallic,"SIGNATURE®
300 METALLIC",PRICED PER 100 LINEAR FEET,✓
architectural,21,SB/HB Batten Cap Coupler,1,0,part,PART #,DESCRIPTION,FL-560
architectural,21,SB/HB Batten Cap Coupler,1,0,length,LENGTH,DESCRIPTION,"10'-0"""
architectural,21,SB/HB Batten Cap Coupler,1,0,girth,GIRTH,DESCRIPTION,"1%"""
architectural,21,SB/HB Batten Cap Coupler,1,0,weight_per_each,"WEIGHT PER
EACH",DESCRIPTION,1.53#
architectural,21,SB/HB Batten Cap Coupler,1,0,galvalume_plus,"GALVALUME®
PLUS",PRICED PER EACH,✓
architectural,21,SB/HB Batten Cap Coupler,1,0,signature_200,"SIGNATURE®
200",PRICED PER EACH,✓
architectural,21,SB/HB Batten Cap Coupler,1,0,signature_300,"SIGNATURE®
300",PRICED PER EACH,✓
architectural,21,SB/HB Batten Cap Coupler,1,0,signature_300_metallic,"SIGNATURE®
300 METALLIC",PRICED PER EACH,✓
architectural,21,HB Transition Filler,2,0,part,PART #,DESCRIPTION,FL-562
architectural,21,HB Transition Filler,2,0,length,LENGTH,DESCRIPTION,"10'-0"""
architectural,21,HB Transition Filler,2,0,girth,GIRTH,DESCRIPTION,"4"""
architectural,21,HB Transition Filler,2,0,weight_per_each,"WEIGHT PER
EACH",DESCRIPTION,3.25#
architectural,21,HB Transition Filler,2,0,galvalume_plus,"GALVALUME®
PLUS",PRICED PER EACH,✓
architectural,21,HB Transition Filler,2,0,signature_200,"SIGNATURE®
200",PRICED PER EACH,✓
architectural,21,HB Transition Filler,2,0,signature_300,"SIGNATURE®
300",PRICED PER EACH,✓
architectural,21,HB Transition Filler,2,0,signature_300_metallic,"SIGNATURE®
300 METALLIC",PRICED PER EACH,✓
architectural,22,LokSeam® Rib Cover,0,0,part,PART #,DESCRIPTION,FL-565
architectural,22,LokSeam® Rib Cover,0,0,length,LENGTH,DESCRIPTION,gn
architectural,22,LokSeam® Rib Cover,0,0,weight_per_each,"WEIGHT PER
EACH",DESCRIPTION,20#
architectural,22,LokSeam® Rib Cover,0,0,galvalume_plus,"GALVALUME®
PLUS®",PRICED PER EACH,✓
architectural,22,LokSeam® Rib Cover,0,0,signature_200,"SIGNATURE®
200",PRICED PER EACH,✓
architectural,22,LokSeam® Rib Cover,0,0,signature_300,"SIGNATURE®
300",PRICED PER EACH,✓
architectural,22,LokSeam® Rib Cover,0,0,signature_300_metallic,"SIGNATURE®
300 METALLIC",PRICED PER EACH,✓
architectural,22,MasterLine 16® Outside Closure - Metal,1,0,part,PART #,DESCRIPTION,HW-4067LH
architectural,22,MasterLine 16® Outside Closure - Metal,1,0,length,LENGTH,DESCRIPTION,"17"""
architectural,22,MasterLine 16® Outside Closure - Metal,1,0,weight_per_each,"WEIGHT PER
EACH",DESCRIPTION,254
architectural,22,MasterLine 16® Outside Closure - Metal,1,0,galvalume_plus,"GALVALUME®
PLUS",PRICED PER EACH,✓
architectural,22,MasterLine 16® Outside Closure - Metal,1,0,signature_200,"SIGNATURE®
200",PRICED PER EACH,✓
architectural,22,MasterLine 16® Outside Closure - Metal,1,0,signature_300,"SIGNATURE®
300",PRICED PER EACH,✓
architectural,22,MasterLine 16® Outside Closure - Metal,1,0,signature_300_metallic,"SIGNATURE®
300 METALLIC",PRICED PER EACH,✓
architectural,22,MasterLine 16® Outside Closure - Metal,1,1,part,PART #,DESCRIPTION,HW-4067RH
architectural,22,MasterLine 16® Outside Closure - Metal,1,1,length,LENGTH,DESCRIPTION,"17"""
architectural,22,MasterLine 16® Outside Closure - Metal,1,1,weight_per_each,"WEIGHT PER
EACH",DESCRIPTION,254
architectural,22,MasterLine 16® Outside Closure - Metal,1,1,galvalume_plus,"GALVALUME®
PLUS",PRICED PER EACH,✓
architectural,22,MasterLine 16® Outside Closure - Metal,1,1,signature_200,"SIGNATURE®
200",PRICED PER EACH,✓
architectural,22,MasterLine 16® Outside Closure - Metal,1,1,signature_300,"SIGNATURE®
300",PRICED PER EACH,✓
architectural,22,MasterLine 16® Outside Closure - Metal,1,1,signature_300_metallic,"SIGNATURE®
300 METALLIC",PRICED PER EACH,✓
architectural,22,LokSeam® Standard Clip,2,0,column_1,,,DESCRIPTION
architectural,22,LokSeam® Standard Clip,2,0,column_4,,,PRICED PER 100
architectural,22,LokSeam® Standard Clip,2,1,column_1,,,PART #
architectural,22,LokSeam® Standard Clip,2,1,column_2,,,FINISH
architectural,22,LokSeam® Standard Clip,2,1,column_3,,,WEIGHT PER 100
architectural,22,LokSeam® Standard Clip,2,1,column_4,,,PRICE
architectural,22,LokSeam® Standard Clip,2,2,column_1,,,HW-6200
architectural,22,LokSeam® Standard Clip,2,2,column_2,,,Galvanized
architectural,22,LokSeam® Standard Clip,2,2,column_3,,,8./5#
architectural,22,LokSeam® Standard Clip,2,2,column_4,,,v
architectural,23,LokSeam® UL90 Clip,0,0,column_1,,,DESCRIPTION
architectural,23,LokSeam® UL90 Clip,0,0,column_4,,,PRICED PER 100
architectural,23,LokSeam® UL90 Clip,0,1,column_1,,,PART #
architectural,23,LokSeam® UL90 Clip,0,1,column_2,,,FINISH
architectural,23,LokSeam® UL90 Clip,0,1,column_3,,,WEIGHT PER 100
architectural,23,LokSeam® UL90 Clip,0,1,column_4,,,PRICE
architectural,23,LokSeam® UL90 Clip,0,2,column_1,,,HW-6400
architectural,23,LokSeam® UL90 Clip,0,2,column_2,,,Galvanized
architectural,23,LokSeam® UL90 Clip,0,2,column_3,,,16.00#
architectural,23,LokSeam® UL90 Clip,0,2,column_4,,,v
architectural,23,FlexLoc® Clip,1,0,column_1,,,DESCRIPTION
architectural,23,FlexLoc® Clip,1,0,column_4,,,PRICED PER 100
architectural,23,FlexLoc® Clip,1,1,column_1,,,PART #
architectural,23,FlexLoc® Clip,1,1,column_2,,,FINISH
architectural,23,FlexLoc® Clip,1,1,column_3,,,WEIGHT PER 100
architectural,23,FlexLoc® Clip,1,1,column_4,,,PRICE
architectural,23,FlexLoc® Clip,1,2,column_1,,,HW-4900
architectural,23,FlexLoc® Clip,1,2,column_2,,,Galvalume® Plus
architectural,23,FlexLoc® Clip,1,2,column_3,,,1.07#
architectural,23,FlexLoc® Clip,1,2,column_4,,,v
architectural,23,SB Clip,2,0,column_1,,,DESCRIPTION
architectural,23,SB Clip,2,0,column_4,,,PRICED PER 100
architectural,23,SB Clip,2,1,column_1,,,PART #
architectural,23,SB Clip,2,1,column_2,,,FINISH
architectural,23,SB Clip,2,1,column_3,,,WEIGHT PER 100
architectural,23,SB Clip,2,1,column_4,,,PRICE
architectural,23,SB Clip,2,2,column_1,,,HW-4500
architectural,23,SB Clip,2,2,column_2,,,Galvalume® Plus
architectural,23,SB Clip,2,2,column_3,,,4.40#
architectural,23,SB Clip,2,2,column_4,,,v
architectural,24,HB Clip,0,0,column_1,,,DESCRIPTION
architectural,24,HB Clip,0,0,column_4,,,PRICED PER 100
architectural,24,HB Clip,0,1,column_1,,,PART #
architectural,24,HB Clip,0,1,column_2,,,FINISH
architectural,24,HB Clip,0,1,column_3,,,WEIGHT PER 100
architectural,24,HB Clip,0,1,column_4,,,PRICE
architectural,24,HB Clip,0,2,column_1,,,HW-4800
architectural,24,HB Clip,0,2,column_2,,,Galvalume® Plus
architectural,24,HB Clip,0,2,column_3,,,5.00#
architectural,24,HB Clip,0,2,column_4,,,v
architectural,24,Bearing Plate,1,0,column_1,,,DESCRIPTION
architectural,24,Bearing Plate,1,0,column_4,,,PRICED PER 100
architectural,24,Bearing Plate,1,1,column_1,,,PART #
architectural,24,Bearing Plate,1,1,column_2,,,GAUGE
architectural,24,Bearing Plate,1,1,column_3,,,WEIGHT PER 100
architectural,24,Bearing Plate,1,1,column_4,,,RED OXIDE
architectural,24,Bearing Plate,1,1,column_5,,,GALVANIZED
architectural,24,Bearing Plate,1,2,column_1,,,HW-7500
architectural,24,Bearing Plate,1,2,column_2,,,16
architectural,24,Bearing Plate,1,2,column_3,,,32.18#
architectural,24,Bearing Plate,1,2,column_4,,,v
architectural,24,Bearing Plate,1,2,column_5,,,v
architectural,25,"ShadowRrib"" Starter Angle",0,0,part,PART #,DESCRIPTION,HW-4650
architectural,25,"ShadowRrib"" Starter Angle",0,0,gauge,GAUGE,DESCRIPTION,18
architectural,25,"ShadowRrib"" Starter Angle",0,0,length,LENGTH,DESCRIPTION,"10'-O"""
architectural,25,"ShadowRrib"" Starter Angle",0,0,finish,FINISH,DESCRIPTION,Galvanized
architectural,25,"ShadowRrib"" Starter Angle",0,0,weight_per_each,WEIGHT PER EACH,DESCRIPTION,6.26#
architectural,25,"ShadowRrib"" Starter Angle",0,0,price,PRICE,,✓
architectural,25,ShadowRkib™ Clip,1,0,column_1,,,DESCRIPTION
architectural,25,ShadowRkib™ Clip,1,0,column_5,,,PRICED PER EACH
architectural,25,ShadowRkib™ Clip,1,1,column_1,,,PART #
architectural,25,ShadowRkib™ Clip,1,1,column_2,,,GAUGE
architectural,25,ShadowRkib™ Clip,1,1,column_3,,,FINISH
architectural,25,ShadowRkib™ Clip,1,1,column_4,,,WEIGHT PER 100
architectural,25,ShadowRkib™ Clip,1,1,column_5,,,PRICE
architectural,25,ShadowRkib™ Clip,1,2,column_1,,,HW-6602
architectural,25,ShadowRkib™ Clip,1,2,column_2,,,16
architectural,25,ShadowRkib™ Clip,1,2,column_3,,,Red Oxide
architectural,25,ShadowRkib™ Clip,1,2,column_4,,,35H
architectural,25,ShadowRkib™ Clip,1,2,column_5,,,v
architectural,25,Support Plate,2,0,part,PART #,DESCRIPTION,P-140
architectural,25,Support Plate,2,0,gauge,GAUGE,DESCRIPTION,14
architectural,25,Support Plate,2,0,length,LENGTH,DESCRIPTION,"10'-0"""
architectural,25,Support Plate,2,0,finish,FINISH,DESCRIPTION,Red Oxide
architectural,25,Support Plate,2,0,girth,GIRTH,DESCRIPTION,"23%"""
architectural,25,Support Plate,2,0,weight_each,WEIGHT EACH,DESCRIPTION,54.35#
architectural,25,Support Plate,2,0,price,PRICE,,✓
architectural,25,Support Plate,3,0,part,PART #,DESCRIPTION,P-141
architectural,25,Support Plate,3,0,gauge,GAUGE,DESCRIPTION,14
architectural,25,Support Plate,3,0,length,LENGTH,DESCRIPTION,"10'-0"""
architectural,25,Support Plate,3,0,finish,FINISH,DESCRIPTION,Red Oxide
architectural,25,Support Plate,3,0,girth,GIRTH,DESCRIPTION,"23%"""
architectural,25,Support Plate,3,0,weight_each,WEIGHT EACH,DESCRIPTION,54.35#
architectural,25,Support Plate,3,0,price,PRICE,,✓
architectural,26,MasterLine 16® Sheathing Support Angle,0,0,part,PART #,DESCRIPTION,HW-4651
architectural,26,MasterLine 16® Sheathing Support Angle,0,0,gauge,GAUGE,DESCRIPTION,18
architectural,26,MasterLine 16® Sheathing Support Angle,0,0,length,LENGTH,DESCRIPTION,"10'-O"""
architectural,26,MasterLine 16® Sheathing Support Angle,0,0,finish,FINISH,DESCRIPTION,Galvanized
architectural,26,MasterLine 16® Sheathing Support Angle,0,0,weight_each,WEIGHT EACH,DESCRIPTION,9.38#
architectural,26,MasterLine 16® Sheathing Support Angle,0,0,price,PRICE,,✓
architectural,26,MasterLine 16® Sheathing Support Angle,1,0,part,PART #,DESCRIPTION,HW-4652
architectural,26,MasterLine 16® Sheathing Support Angle,1,0,gauge,GAUGE,DESCRIPTION,18
architectural,26,MasterLine 16® Sheathing Support Angle,1,0,length,LENGTH,DESCRIPTION,"10'-O"""
architectural,26,MasterLine 16® Sheathing Support Angle,1,0,finish,FINISH,DESCRIPTION,Galvanized
architectural,26,MasterLine 16® Sheathing Support Angle,1,0,weight_each,WEIGHT EACH,DESCRIPTION,9.38#
architectural,26,MasterLine 16® Sheathing Support Angle,1,0,price,PRICE,,✓
architectural,26,Rake Support Floating,2,0,part,PART #,DESCRIPTION,HW-4680
architectural,26,Rake Support Floating,2,0,gauge,GAUGE,DESCRIPTION,14
architectural,26,Rake Support Floating,2,0,length,LENGTH,DESCRIPTION,"20'-0"""
architectural,26,Rake Support Floating,2,0,finish,FINISH,DESCRIPTION,Red Oxide
architectural,26,Rake Support Floating,2,0,weight_per_each,"WEIGHT PER
EACH",DESCRIPTION,18.77#
architectural,26,Rake Support Floating,2,0,red_oxide,RED OXIDE,PRICED PER EACH,✓
architectural,26,Rake Support Floating,2,0,galvanized,GALVANIZED,PRICED PER EACH,✓
architectural,27,Back-Up Plate Vertical Leg,0,0,part,PART #,DESCRIPTION,HW-7762
architectural,27,Back-Up Plate Vertical Leg,0,0,gauge,GAUGE,DESCRIPTION,16
architectural,27,Back-Up Plate Vertical Leg,0,0,width,WIDTH,DESCRIPTION,"18"""
architectural,27,Back-Up Plate Vertical Leg,0,0,weight_per_each,WEIGHT PER EACH,DESCRIPTION,2.28#
architectural,27,Back-Up Plate Vertical Leg,0,0,red_oxide,RED OXIDE,PRICED PER EACH,✓
architectural,27,Back-Up Plate Vertical Leg,0,0,galvanized,GALVANIZED,PRICED PER EACH,N/A
architectural,27,Back-Up Plate Vertical Leg,0,1,part,PART #,DESCRIPTION,HW-7766
architectural,27,Back-Up Plate Vertical Leg,0,1,gauge,GAUGE,DESCRIPTION,16
architectural,27,Back-Up Plate Vertical Leg,0,1,width,WIDTH,DESCRIPTION,"16"""
architectural,27,Back-Up Plate Vertical Leg,0,1,weight_per_each,WEIGHT PER EACH,DESCRIPTION,2.02#
architectural,27,Back-Up Plate Vertical Leg,0,1,red_oxide,RED OXIDE,PRICED PER EACH,✓
architectural,27,Back-Up Plate Vertical Leg,0,1,galvanized,GALVANIZED,PRICED PER EACH,✓
architectural,27,Back-Up Plate Vertical Leg,0,2,part,PART #,DESCRIPTION,HW-7764
architectural,27,Back-Up Plate Vertical Leg,0,2,gauge,GAUGE,DESCRIPTION,16
architectural,27,Back-Up Plate Vertical Leg,0,2,width,WIDTH,DESCRIPTION,"42"""
architectural,27,Back-Up Plate Vertical Leg,0,2,weight_per_each,WEIGHT PER EACH,DESCRIPTION,1.50#
architectural,27,Back-Up Plate Vertical Leg,0,2,red_oxide,RED OXIDE,PRICED PER EACH,✓
architectural,27,Back-Up Plate Vertical Leg,0,2,galvanized,GALVANIZED,PRICED PER EACH,✓
architectural,27,Tape Sealer - Triple Bead,1,0,part,PART #,DESCRIPTION,HW-502
architectural,27,Tape Sealer - Triple Bead,1,0,type,TYPE,DESCRIPTION,Butyl
architectural,27,Tape Sealer - Triple Bead,1,0,width,WIDTH,DESCRIPTION,"272"""
architectural,27,Tape Sealer - Triple Bead,1,0,thickness,THICKNESS,DESCRIPTION,"she"""
architectural,27,Tape Sealer - Triple Bead,1,0,length,LENGTH,DESCRIPTION,"20'-0"""
architectural,27,Tape Sealer - Triple Bead,1,0,carton_qty,CARTON QTY,DESCRIPTION,6
architectural,27,Tape Sealer - Triple Bead,1,0,gcarton_weight,"GCARTON
WEIGHT",DESCRIPTION,23.00#
architectural,27,Tape Sealer - Triple Bead,1,0,price,PRICE,,✓
architectural,27,Tape Sealer - Tri-Bead,2,0,part,PART #,DESCRIPTION,HW-504
architectural,27,Tape Sealer - Tri-Bead,2,0,type,TYPE,DESCRIPTION,Butyl
architectural,27,Tape Sealer - Tri-Bead,2,0,width,WIDTH,DESCRIPTION,"Ip"""
architectural,27,Tape Sealer - Tri-Bead,2,0,thickness,THICKNESS,DESCRIPTION,"Fhe"""
architectural,27,Tape Sealer - Tri-Bead,2,0,length,LENGTH,DESCRIPTION,"25'-0"""
architectural,27,Tape Sealer - Tri-Bead,2,0,carton_qty,CARTON QTY,DESCRIPTION,8
architectural,27,Tape Sealer - Tri-Bead,2,0,gcarton_weight,"GCARTON
WEIGHT",DESCRIPTION,20.00#
architectural,27,Tape Sealer - Tri-Bead,2,0,price,PRICE,,✓
architectural,28,Tube Sealant,0,0,part,PART #,DESCRIPTION,HW-548
architectural,28,Tube Sealant,0,0,type,TYPE,DESCRIPTION,Acrylic
architectural,28,Tube Sealant,0,0,color,COLOR,DESCRIPTION,White
architectural,28,Tube Sealant,0,0,tube_size,TUBE SIZE,DESCRIPTION,11 Ounce
architectural,28,Tube Sealant,0,0,tube_weight,TUBE WEIGHT,DESCRIPTION,SDF
architectural,28,Tube Sealant,0,0,price,PRICE,,✓
architectural,28,Tube Sealant,0,1,part,PART #,DESCRIPTION,HW-550
architectural,28,Tube Sealant,0,1,type,TYPE,DESCRIPTION,Acrylic
architectural,28,Tube Sealant,0,1,color,COLOR,DESCRIPTION,Gray
architectural,28,Tube Sealant,0,1,tube_size,TUBE SIZE,DESCRIPTION,11 Ounce
architectural,28,Tube Sealant,0,1,tube_weight,TUBE WEIGHT,DESCRIPTION,SSF
architectural,28,Tube Sealant,0,1,price,PRICE,,✓
architectural,28,Tube Sealant,0,2,part,PART #,DESCRIPTION,HW-540
architectural,28,Tube Sealant,0,2,type,TYPE,DESCRIPTION,Urethane
architectural,28,Tube Sealant,0,2,color,COLOR,DESCRIPTION,White
architectural,28,Tube Sealant,0,2,tube_size,TUBE SIZE,DESCRIPTION,11 Ounce
architectural,28,Tube Sealant,0,2,tube_weight,TUBE WEIGHT,DESCRIPTION,85#
architectural,28,Tube Sealant,0,2,price,PRICE,,✓
architectural,28,Tube Sealant,0,3,part,PART #,DESCRIPTION,HW-541
architectural,28,Tube Sealant,0,3,type,TYPE,DESCRIPTION,Urethane
architectural,28,Tube Sealant,0,3,color,COLOR,DESCRIPTION,Gray
architectural,28,Tube Sealant,0,3,tube_size,TUBE SIZE,DESCRIPTION,11 Ounce
architectural,28,Tube Sealant,0,3,tube_weight,TUBE WEIGHT,DESCRIPTION,85#
architectural,28,Tube Sealant,0,3,price,PRICE,,✓
architectural,28,Tube Sealant,0,4,part,PART #,DESCRIPTION,HW-542
architectural,28,Tube Sealant,0,4,type,TYPE,DESCRIPTION,Urethane
architectural,28,Tube Sealant,0,4,color,COLOR,DESCRIPTION,Bronze
architectural,28,Tube Sealant,0,4,tube_size,TUBE SIZE,DESCRIPTION,11 Ounce
architectural,28,Tube Sealant,0,4,tube_weight,TUBE WEIGHT,DESCRIPTION,85H
architectural,28,Tube Sealant,0,4,price,PRICE,,✓
architectural,28,Tube Sealant,0,5,part,PART #,DESCRIPTION,HW-544
architectural,28,Tube Sealant,0,5,type,TYPE,DESCRIPTION,Urethane
architectural,28,Tube Sealant,0,5,color,COLOR,DESCRIPTION,Almond
architectural,28,Tube Sealant,0,5,tube_size,TUBE SIZE,DESCRIPTION,11 Ounce
architectural,28,Tube Sealant,0,5,tube_weight,TUBE WEIGHT,DESCRIPTION,85#
architectural,28,Tube Sealant,0,5,price,PRICE,,✓
architectural,28,Tube Sealant,0,6,part,PART #,DESCRIPTION,HW-549
architectural,28,Tube Sealant,0,6,type,TYPE,DESCRIPTION,Non-Skinning Butyl
architectural,28,Tube Sealant,0,6,color,COLOR,DESCRIPTION,White
architectural,28,Tube Sealant,0,6,tube_size,TUBE SIZE,DESCRIPTION,10 Ounce
architectural,28,Tube Sealant,0,6,tube_weight,TUBE WEIGHT,DESCRIPTION,1.00#
architectural,28,Tube Sealant,0,6,price,PRICE,,✓
architectural,28,Metal Vent Material,1,0,part,PART #,DESCRIPTION,HW-525
architectural,28,Metal Vent Material,1,0,type,TYPE,DESCRIPTION,Metal
architectural,28,Metal Vent Material,1,0,width,WIDTH,DESCRIPTION,"4y"""
architectural,28,Metal Vent Material,1,0,gauge,GAUGE,DESCRIPTION,24
architectural,28,Metal Vent Material,1,0,length,LENGTH,DESCRIPTION,"g'-o"""
architectural,28,Metal Vent Material,1,0,weight_per_each,WEIGHT PER EACH,DESCRIPTION,4.25#
architectural,28,Metal Vent Material,1,0,price,PRICE,,✓
architectural,28,Reflective Insulation,2,0,part,PART #,DESCRIPTION,HW-3925
architectural,28,Reflective Insulation,2,0,type,TYPE,DESCRIPTION,SolarGuard
architectural,28,Reflective Insulation,2,0,width,WIDTH,DESCRIPTION,"A'-Q"""
architectural,28,Reflective Insulation,2,0,length,LENGTH,DESCRIPTION,"125'-0"""
architectural,28,Reflective Insulation,2,0,weight_per_roll,WEIGHT PER ROLL,DESCRIPTION,31.00#
architectural,28,Reflective Insulation,2,0,price,PRICE,,✓
architectural,28,Reflective Insulation,2,1,part,PART #,DESCRIPTION,HW-3926
architectural,28,Reflective Insulation,2,1,type,TYPE,DESCRIPTION,SolarGuard
architectural,28,Reflective Insulation,2,1,width,WIDTH,DESCRIPTION,"6'-0"""
architectural,28,Reflective Insulation,2,1,length,LENGTH,DESCRIPTION,"125'-0"""
architectural,28,Reflective Insulation,2,1,weight_per_roll,WEIGHT PER ROLL,DESCRIPTION,46.50#
architectural,28,Reflective Insulation,2,1,price,PRICE,,✓
architectural,29,Scrimless Aluminum Tape,0,0,column_1,,,DESCRIPTION
architectural,29,Scrimless Aluminum Tape,0,0,column_5,,,PRICED PER ROLL
architectural,29,Scrimless Aluminum Tape,0,1,column_1,,,PART #
architectural,29,Scrimless Aluminum Tape,0,1,column_2,,,WIDTH
architectural,29,Scrimless Aluminum Tape,0,1,column_3,,,LENGTH
architectural,29,Scrimless Aluminum Tape,0,1,column_4,,,WEIGHT PER ROLL
architectural,29,Scrimless Aluminum Tape,0,1,column_5,,,PRICE
architectural,29,Scrimless Aluminum Tape,0,2,column_1,,,HW-514
architectural,29,Scrimless Aluminum Tape,0,2,column_2,,,"3"""
architectural,29,Scrimless Aluminum Tape,0,2,column_3,,,"150'-0"""
architectural,29,Scrimless Aluminum Tape,0,2,column_4,,,1.50#
architectural,29,Scrimless Aluminum Tape,0,2,column_5,,,v
architectural,29,Classic® Series Closures - Outside,1,0,column_1,,,DESCRIPTION
architectural,29,Classic® Series Closures - Outside,1,0,column_4,,,PRICED PER EACH
architectural,29,Classic® Series Closures - Outside,1,1,column_1,,,PART #
architectural,29,Classic® Series Closures - Outside,1,1,column_2,,,PROFILE
architectural,29,Classic® Series Closures - Outside,1,1,column_3,,,WEIGHT PER EACH
architectural,29,Classic® Series Closures - Outside,1,1,column_4,,,PRICE
architectural,29,Classic® Series Closures - Outside,1,2,column_1,,,HW-408
architectural,29,Classic® Series Closures - Outside,1,2,column_2,,,P16
architectural,29,Classic® Series Closures - Outside,1,2,column_3,,,A6#
architectural,29,Classic® Series Closures - Outside,1,2,column_4,,,v
architectural,29,MasterLine 16® Closures - Outside,2,0,column_1,,,DESCRIPTION
architectural,29,MasterLine 16® Closures - Outside,2,0,column_4,,,PRICED PER EACH
architectural,29,MasterLine 16® Closures - Outside,2,1,column_1,,,PART #
architectural,29,MasterLine 16® Closures - Outside,2,1,column_2,,,PROFILE
architectural,29,MasterLine 16® Closures - Outside,2,1,column_3,,,WEIGHT EACH
architectural,29,MasterLine 16® Closures - Outside,2,1,column_4,,,PRICE
architectural,29,MasterLine 16® Closures - Outside,2,2,column_1,,,HW-433
architectural,29,MasterLine 16® Closures - Outside,2,2,column_2,,,MasterLine 16®
architectural,29,MasterLine 16® Closures - Outside,2,2,column_3,,,O4#
architectural,29,MasterLine 16® Closures - Outside,2,2,column_4,,,v
architectural,29,ShadowRib™ Closures - Inside,3,0,column_1,,,DESCRIPTION
architectural,29,ShadowRib™ Closures - Inside,3,0,column_4,,,PRICED PER EACH
architectural,29,ShadowRib™ Closures - Inside,3,1,column_1,,,PART #
architectural,29,ShadowRib™ Closures - Inside,3,1,column_2,,,PROFILE
architectural,29,ShadowRib™ Closures - Inside,3,1,column_3,,,WEIGHT PER EACH
architectural,29,ShadowRib™ Closures - Inside,3,1,column_4,,,PRICE
architectural,29,ShadowRib™ Closures - Inside,3,2,column_1,,,HW-410
architectural,29,ShadowRib™ Closures - Inside,3,2,column_2,,,ShadowkRib™
architectural,29,ShadowRib™ Closures - Inside,3,2,column_3,,,AH
architectural,29,ShadowRib™ Closures - Inside,3,2,column_4,,,v
architectural,29,"Shadowkib""™ Closures - Outside",4,0,column_1,,,DESCRIPTION
architectural,29,"Shadowkib""™ Closures - Outside",4,0,column_4,,,PRICED PER EACH
architectural,29,"Shadowkib""™ Closures - Outside",4,1,column_1,,,PART #
architectural,29,"Shadowkib""™ Closures - Outside",4,1,column_2,,,PROFILE
architectural,29,"Shadowkib""™ Closures - Outside",4,1,column_3,,,WEIGHT PER EACH
architectural,29,"Shadowkib""™ Closures - Outside",4,1,column_4,,,PRICE
architectural,29,"Shadowkib""™ Closures - Outside",4,2,column_1,,,HW-412
architectural,29,"Shadowkib""™ Closures - Outside",4,2,column_2,,,ShadowkRib™
architectural,29,"Shadowkib""™ Closures - Outside",4,2,column_3,,,10#
architectural,29,"Shadowkib""™ Closures - Outside",4,2,column_4,,,v
architectural,30,Miscellaneous Closures,0,0,column_1,,,DESCRIPTION
architectural,30,Miscellaneous Closures,0,0,column_4,,,PRICED PER EACH
architectural,30,Miscellaneous Closures,0,1,column_1,,,PART #
architectural,30,Miscellaneous Closures,0,1,column_2,,,PROFILE
architectural,30,Miscellaneous Closures,0,1,column_3,,,WEIGHT PER EACH
architectural,30,Miscellaneous Closures,0,1,column_4,,,PRICE
architectural,30,Miscellaneous Closures,0,2,column_1,,,HW-414
architectural,30,Miscellaneous Closures,0,2,column_2,,,"1%"" x 1"" x 48"""
architectural,30,Miscellaneous Closures,0,2,column_3,,,13#
architectural,30,Miscellaneous Closures,0,2,column_4,,,v
architectural,30,Miscellaneous Closures,0,3,column_1,,,HW-416
architectural,30,Miscellaneous Closures,0,3,column_2,,,"2"" x 1"" x 48"""
architectural,30,Miscellaneous Closures,0,3,column_3,,,.16#
architectural,30,Miscellaneous Closures,0,3,column_4,,,v
architectural,30,Miscellaneous Closures,0,4,column_1,,,HW-418
architectural,30,Miscellaneous Closures,0,4,column_2,,,"1%"" x 1"" x 48"""
architectural,30,Miscellaneous Closures,0,4,column_3,,,15#
architectural,30,Miscellaneous Closures,0,4,column_4,,,v
architectural,30,Miscellaneous Closures,0,5,column_1,,,HW-420
architectural,30,Miscellaneous Closures,0,5,column_2,,,"1""x 1"" x 48"""
architectural,30,Miscellaneous Closures,0,5,column_3,,,AO#
architectural,30,Miscellaneous Closures,0,5,column_4,,,v
architectural,30,Miscellaneous Closures,0,6,column_1,,,HW-422
architectural,30,Miscellaneous Closures,0,6,column_2,,,"1¥2"" x 1"" x 48"""
architectural,30,Miscellaneous Closures,0,6,column_3,,,134
architectural,30,Miscellaneous Closures,0,6,column_4,,,v
architectural,30,NuWall® Closures - Outside,1,0,column_1,,,DESCRIPTION
architectural,30,NuWall® Closures - Outside,1,0,column_4,,,PRICED PER EACH
architectural,30,NuWall® Closures - Outside,1,1,column_1,,,PART #
architectural,30,NuWall® Closures - Outside,1,1,column_2,,,PROFILE
architectural,30,NuWall® Closures - Outside,1,1,column_3,,,WEIGHT PER CARTON
architectural,30,NuWall® Closures - Outside,1,1,column_4,,,PRICE
architectural,30,NuWall® Closures - Outside,1,2,column_1,,,HW-424
architectural,30,NuWall® Closures - Outside,1,2,column_2,,,NuWall®
architectural,30,NuWall® Closures - Outside,1,2,column_3,,,10#
architectural,30,NuWall® Closures - Outside,1,2,column_4,,,v
architectural,30,"Designer"" Series 16"" Fluted Closure - Inside",2,0,column_1,,,DESCRIPTION
architectural,30,"Designer"" Series 16"" Fluted Closure - Inside",2,0,column_4,,,PRICED PER EACH
architectural,30,"Designer"" Series 16"" Fluted Closure - Inside",2,1,column_1,,,PART #
architectural,30,"Designer"" Series 16"" Fluted Closure - Inside",2,1,column_2,,,PROFILE
architectural,30,"Designer"" Series 16"" Fluted Closure - Inside",2,1,column_3,,,WEIGHT PER CARTON
architectural,30,"Designer"" Series 16"" Fluted Closure - Inside",2,1,column_4,,,PRICE
architectural,30,"Designer"" Series 16"" Fluted Closure - Inside",2,2,column_1,,,HW-4059
architectural,30,"Designer"" Series 16"" Fluted Closure - Inside",2,2,column_2,,,"Designer"" Series 16"" Fluted"
architectural,30,"Designer"" Series 16"" Fluted Closure - Inside",2,2,column_3,,,20#
architectural,30,"Designer"" Series 16"" Fluted Closure - Inside",2,2,column_4,,,v
architectural,30,"Designer"" Series 16"" Fluted Closure - Outside",3,0,column_1,,,DESCRIPTION
architectural,30,"Designer"" Series 16"" Fluted Closure - Outside",3,0,column_4,,,PRICED PER EACH
architectural,30,"Designer"" Series 16"" Fluted Closure - Outside",3,1,column_1,,,PART #
architectural,30,"Designer"" Series 16"" Fluted Closure - Outside",3,1,column_2,,,PROFILE
architectural,30,"Designer"" Series 16"" Fluted Closure - Outside",3,1,column_3,,,WEIGHT PER CARTON
architectural,30,"Designer"" Series 16"" Fluted Closure - Outside",3,1,column_4,,,PRICE
architectural,30,"Designer"" Series 16"" Fluted Closure - Outside",3,2,column_1,,,HW-4037
architectural,30,"Designer"" Series 16"" Fluted Closure - Outside",3,2,column_2,,,"Designer"" Series 16"" Fluted"
architectural,30,"Designer"" Series 16"" Fluted Closure - Outside",3,2,column_3,,,20#
architectural,30,"Designer"" Series 16"" Fluted Closure - Outside",3,2,column_4,,,v
architectural,30,"Designer™ Series 12"" Flat Closure - Inside",4,0,column_1,,,DESCRIPTION
architectural,30,"Designer™ Series 12"" Flat Closure - Inside",4,0,column_4,,,PRICED PER EACH
architectural,30,"Designer™ Series 12"" Flat Closure - Inside",4,1,column_1,,,PART #
architectural,30,"Designer™ Series 12"" Flat Closure - Inside",4,1,column_2,,,PROFILE
architectural,30,"Designer™ Series 12"" Flat Closure - Inside",4,1,column_3,,,WEIGHT PER CARTON
architectural,30,"Designer™ Series 12"" Flat Closure - Inside",4,1,column_4,,,PRICE
architectural,30,"Designer™ Series 12"" Flat Closure - Inside",4,2,column_1,,,HW-4058
architectural,30,"Designer™ Series 12"" Flat Closure - Inside",4,2,column_2,,,"Designer"" Series 12"" Flat"
architectural,30,"Designer™ Series 12"" Flat Closure - Inside",4,2,column_3,,,15H
architectural,30,"Designer™ Series 12"" Flat Closure - Inside",4,2,column_4,,,v
architectural,31,Panel Hemming Tool,0,0,column_1,,,DESCRIPTION
architectural,31,Panel Hemming Tool,0,0,column_4,,,PRICED PER EACH
architectural,31,Panel Hemming Tool,0,1,column_1,,,PART #
architectural,31,Panel Hemming Tool,0,1,column_2,,,PROFILE
architectural,31,Panel Hemming Tool,0,1,column_3,,,WEIGHT PER EACH
architectural,31,Panel Hemming Tool,0,1,column_4,,,PRICE
architectural,31,Panel Hemming Tool,0,2,column_1,,,HW-602
architectural,31,Panel Hemming Tool,0,2,column_2,,,"49"""
architectural,31,Panel Hemming Tool,0,2,column_3,,,4.254
architectural,31,Panel Hemming Tool,0,2,column_4,,,v
architectural,31,Touch Up Paint,1,0,part,PART #,DESCRIPTION,HW-304
architectural,31,Touch Up Paint,1,0,finish,FINISH,DESCRIPTION,Signature® 200
architectural,31,Touch Up Paint,1,0,size,SIZE,DESCRIPTION,2 Ounce
architectural,31,Touch Up Paint,1,0,color,COLOR,DESCRIPTION,See Color Chart
architectural,31,Touch Up Paint,1,0,weight_per_each,WEIGHT PER EACH,DESCRIPTION,OF
architectural,31,Touch Up Paint,1,0,price,PRICE,,✓
architectural,31,Touch Up Paint,1,1,part,PART #,DESCRIPTION,HW-305
architectural,31,Touch Up Paint,1,1,finish,FINISH,DESCRIPTION,Signature® 300
architectural,31,Touch Up Paint,1,1,size,SIZE,DESCRIPTION,2 Ounce
architectural,31,Touch Up Paint,1,1,color,COLOR,DESCRIPTION,See Color Chart
architectural,31,Touch Up Paint,1,1,weight_per_each,WEIGHT PER EACH,DESCRIPTION,50#
architectural,31,Touch Up Paint,1,1,price,PRICE,,✓
architectural,32,Closure Angle,0,0,part,PART #,DESCRIPTION,T-5005
architectural,32,Closure Angle,0,0,length,LENGTH,DESCRIPTION,iOZE
architectural,32,Closure Angle,0,0,girth,GIRTH,DESCRIPTION,"3"""
architectural,32,Closure Angle,0,0,type,TYPE,DESCRIPTION,Inside
architectural,32,Closure Angle,0,0,weight_per_each,"WEIGHT PER
EACH",DESCRIPTION,2.48#
architectural,32,Closure Angle,0,0,galvalume_plus,"GALVALUME®
PLUS",PRICED PER EACH,✓
architectural,32,Closure Angle,0,0,signature_200,"SIGNATURE®
200",PRICED PER EACH,✓
architectural,32,Closure Angle,0,0,signature_300,"SIGNATURE®
300",PRICED PER EACH,✓
architectural,32,Closure Angle,0,0,signature_300_metallic,"SIGNATURE®
300 METALLIC",PRICED PER EACH,✓
architectural,32,Closure Angle,0,1,part,PART #,DESCRIPTION,T-5006
architectural,32,Closure Angle,0,1,length,LENGTH,DESCRIPTION,iOze2E
architectural,32,Closure Angle,0,1,girth,GIRTH,DESCRIPTION,"3"""
architectural,32,Closure Angle,0,1,type,TYPE,DESCRIPTION,Outside
architectural,32,Closure Angle,0,1,weight_per_each,"WEIGHT PER
EACH",DESCRIPTION,2 48#
architectural,32,Closure Angle,0,1,galvalume_plus,"GALVALUME®
PLUS",PRICED PER EACH,✓
architectural,32,Closure Angle,0,1,signature_200,"SIGNATURE®
200",PRICED PER EACH,✓
architectural,32,Closure Angle,0,1,signature_300,"SIGNATURE®
300",PRICED PER EACH,✓
architectural,32,Closure Angle,0,1,signature_300_metallic,"SIGNATURE®
300 METALLIC",PRICED PER EACH,✓
architectural,32,Z Closure,1,0,part,PART #,DESCRIPTION,T-5011
architectural,32,Z Closure,1,0,dim_a,"DIM ""A""",DESCRIPTION,ile
architectural,32,Z Closure,1,0,length,LENGTH,DESCRIPTION,"10'-2"""
architectural,32,Z Closure,1,0,girth,GIRTH,DESCRIPTION,"3"""
architectural,32,Z Closure,1,0,weight_per_each,"WEIGHT PER
EACH",DESCRIPTION,2484
architectural,32,Z Closure,1,0,galvalume_plus,"GALVALUME®
PLUS",PRICED PER EACH,✓
architectural,32,Z Closure,1,0,signature_200,"SIGNATURE®
200",PRICED PER EACH,✓
architectural,32,Z Closure,1,0,signature_300,"SIGNATURE®
300",PRICED PER EACH,✓
architectural,32,Z Closure,1,0,signature_300_metallic,"SIGNATURE®
300 METALLIC",PRICED PER EACH,✓
architectural,32,Z Closure,1,1,part,PART #,DESCRIPTION,T-5012
architectural,32,Z Closure,1,1,dim_a,"DIM ""A""",DESCRIPTION,"1%"""
architectural,32,Z Closure,1,1,length,LENGTH,DESCRIPTION,"10'-2"""
architectural,32,Z Closure,1,1,girth,GIRTH,DESCRIPTION,"3%"""
architectural,32,Z Closure,1,1,weight_per_each,"WEIGHT PER
EACH",DESCRIPTION,2.594
architectural,32,Z Closure,1,1,galvalume_plus,"GALVALUME®
PLUS",PRICED PER EACH,✓
architectural,32,Z Closure,1,1,signature_200,"SIGNATURE®
200",PRICED PER EACH,✓
architectural,32,Z Closure,1,1,signature_300,"SIGNATURE®
300",PRICED PER EACH,✓
architectural,32,Z Closure,1,1,signature_300_metallic,"SIGNATURE®
300 METALLIC",PRICED PER EACH,✓
architectural,32,Z Closure,1,2,part,PART #,DESCRIPTION,T-5014
architectural,32,Z Closure,1,2,dim_a,"DIM ""A""",DESCRIPTION,"134"""
architectural,32,Z Closure,1,2,length,LENGTH,DESCRIPTION,"10'-2"""
architectural,32,Z Closure,1,2,girth,GIRTH,DESCRIPTION,"23 34"""
architectural,32,Z Closure,1,2,weight_per_each,"WEIGHT PER
EACH",DESCRIPTION,3.10#
architectural,32,Z Closure,1,2,galvalume_plus,"GALVALUME®
PLUS",PRICED PER EACH,✓
architectural,32,Z Closure,1,2,signature_200,"SIGNATURE®
200",PRICED PER EACH,✓
architectural,32,Z Closure,1,2,signature_300,"SIGNATURE®
300",PRICED PER EACH,✓
architectural,32,Z Closure,1,2,signature_300_metallic,"SIGNATURE®
300 METALLIC",PRICED PER EACH,✓
architectural,32,Z Closure,1,3,part,PART #,DESCRIPTION,T-5015
architectural,32,Z Closure,1,3,dim_a,"DIM ""A""",DESCRIPTION,ys
architectural,32,Z Closure,1,3,length,LENGTH,DESCRIPTION,"10'-2"""
architectural,32,Z Closure,1,3,girth,GIRTH,DESCRIPTION,"4"""
architectural,32,Z Closure,1,3,weight_per_each,"WEIGHT PER
EACH",DESCRIPTION,3.31#
architectural,32,Z Closure,1,3,galvalume_plus,"GALVALUME®
PLUS",PRICED PER EACH,✓
architectural,32,Z Closure,1,3,signature_200,"SIGNATURE®
200",PRICED PER EACH,✓
architectural,32,Z Closure,1,3,signature_300,"SIGNATURE®
300",PRICED PER EACH,✓
architectural,32,Z Closure,1,3,signature_300_metallic,"SIGNATURE®
300 METALLIC",PRICED PER EACH,✓
architectural,32,Z Closure,1,4,part,PART #,DESCRIPTION,T-5016
architectural,32,Z Closure,1,4,dim_a,"DIM ""A""",DESCRIPTION,"2%"""
architectural,32,Z Closure,1,4,length,LENGTH,DESCRIPTION,"10'-2"""
architectural,32,Z Closure,1,4,girth,GIRTH,DESCRIPTION,"4%"""
architectural,32,Z Closure,1,4,weight_per_each,"WEIGHT PER
EACH",DESCRIPTION,3.41#
architectural,32,Z Closure,1,4,galvalume_plus,"GALVALUME®
PLUS",PRICED PER EACH,✓
architectural,32,Z Closure,1,4,signature_200,"SIGNATURE®
200",PRICED PER EACH,✓
architectural,32,Z Closure,1,4,signature_300,"SIGNATURE®
300",PRICED PER EACH,✓
architectural,32,Z Closure,1,4,signature_300_metallic,"SIGNATURE®
300 METALLIC",PRICED PER EACH,✓
architectural,33,Z Closure With Cleat,0,0,part,PART #,DESCRIPTION,T-5021
architectural,33,Z Closure With Cleat,0,0,dim_ba,"DIM ""BA""",DESCRIPTION,"1%"""
architectural,33,Z Closure With Cleat,0,0,length,LENGTH,DESCRIPTION,"10'-2"""
architectural,33,Z Closure With Cleat,0,0,girth,GIRTH,DESCRIPTION,"3 56"""
architectural,33,Z Closure With Cleat,0,0,weight_per_each,"WEIGHT PER
EACH",DESCRIPTION,3.00#
architectural,33,Z Closure With Cleat,0,0,galvalume_plus,"GALVALUME®
PLUS",PRICED PER EACH,✓
architectural,33,Z Closure With Cleat,0,0,signature_200,"SIGNATURE®
200",PRICED PER EACH,✓
architectural,33,Z Closure With Cleat,0,0,signature_300,"SIGNATURE®
300",PRICED PER EACH,✓
architectural,33,Z Closure With Cleat,0,0,signature_300_metallic,"SIGNATURE®
300 METALLIC",PRICED PER EACH,✓
architectural,33,Z Closure With Cleat,0,1,part,PART #,DESCRIPTION,T-5022
architectural,33,Z Closure With Cleat,0,1,dim_ba,"DIM ""BA""",DESCRIPTION,"134"""
architectural,33,Z Closure With Cleat,0,1,length,LENGTH,DESCRIPTION,"10'-2"""
architectural,33,Z Closure With Cleat,0,1,girth,GIRTH,DESCRIPTION,"4%"""
architectural,33,Z Closure With Cleat,0,1,weight_per_each,"WEIGHT PER
EACH",DESCRIPTION,3.52#
architectural,33,Z Closure With Cleat,0,1,galvalume_plus,"GALVALUME®
PLUS",PRICED PER EACH,✓
architectural,33,Z Closure With Cleat,0,1,signature_200,"SIGNATURE®
200",PRICED PER EACH,✓
architectural,33,Z Closure With Cleat,0,1,signature_300,"SIGNATURE®
300",PRICED PER EACH,✓
architectural,33,Z Closure With Cleat,0,1,signature_300_metallic,"SIGNATURE®
300 METALLIC",PRICED PER EACH,✓
architectural,33,Z Closure With Cleat,0,2,part,PART #,DESCRIPTION,T-5023
architectural,33,Z Closure With Cleat,0,2,dim_ba,"DIM ""BA""",DESCRIPTION,ys
architectural,33,Z Closure With Cleat,0,2,length,LENGTH,DESCRIPTION,"10'-2"""
architectural,33,Z Closure With Cleat,0,2,girth,GIRTH,DESCRIPTION,"4 Y2"""
architectural,33,Z Closure With Cleat,0,2,weight_per_each,"WEIGHT PER
EACH",DESCRIPTION,3.72#
architectural,33,Z Closure With Cleat,0,2,galvalume_plus,"GALVALUME®
PLUS",PRICED PER EACH,✓
architectural,33,Z Closure With Cleat,0,2,signature_200,"SIGNATURE®
200",PRICED PER EACH,✓
architectural,33,Z Closure With Cleat,0,2,signature_300,"SIGNATURE®
300",PRICED PER EACH,✓
architectural,33,Z Closure With Cleat,0,2,signature_300_metallic,"SIGNATURE®
300 METALLIC",PRICED PER EACH,✓
architectural,33,Z Closure With Cleat,0,3,part,PART #,DESCRIPTION,T-5024
architectural,33,Z Closure With Cleat,0,3,dim_ba,"DIM ""BA""",DESCRIPTION,"2%"""
architectural,33,Z Closure With Cleat,0,3,length,LENGTH,DESCRIPTION,"10'-2"""
architectural,33,Z Closure With Cleat,0,3,girth,GIRTH,DESCRIPTION,"4 56"""
architectural,33,Z Closure With Cleat,0,3,weight_per_each,"WEIGHT PER
EACH",DESCRIPTION,3.83#
architectural,33,Z Closure With Cleat,0,3,galvalume_plus,"GALVALUME®
PLUS",PRICED PER EACH,✓
architectural,33,Z Closure With Cleat,0,3,signature_200,"SIGNATURE®
200",PRICED PER EACH,✓
architectural,33,Z Closure With Cleat,0,3,signature_300,"SIGNATURE®
300",PRICED PER EACH,✓
architectural,33,Z Closure With Cleat,0,3,signature_300_metallic,"SIGNATURE®
300 METALLIC",PRICED PER EACH,✓
architectural,33,C Closure,1,0,part,PART #,DESCRIPTION,T-5031
architectural,33,C Closure,1,0,dim_yn,"DIM ""yn""",DESCRIPTION,"1%"""
architectural,33,C Closure,1,0,length,LENGTH,DESCRIPTION,"10'-2"""
architectural,33,C Closure,1,0,girth,GIRTH,DESCRIPTION,"5%"""
architectural,33,C Closure,1,0,weight_per_each,"WEIGHT PER
EACH",DESCRIPTION,4.244
architectural,33,C Closure,1,0,galvalume_plus,"GALVALUME®
PLUS",PRICED PER EACH,✓
architectural,33,C Closure,1,0,signature_200,"SIGNATURE®
200",PRICED PER EACH,✓
architectural,33,C Closure,1,0,signature_300,"SIGNATURE®
300",PRICED PER EACH,✓
architectural,33,C Closure,1,0,signature_300_metallic,"SIGNATURE®
300 METALLIC",PRICED PER EACH,✓
architectural,33,C Closure,1,1,part,PART #,DESCRIPTION,T-5032
architectural,33,C Closure,1,1,dim_yn,"DIM ""yn""",DESCRIPTION,"134"""
architectural,33,C Closure,1,1,length,LENGTH,DESCRIPTION,"10'-2"""
architectural,33,C Closure,1,1,girth,GIRTH,DESCRIPTION,"5 34"""
architectural,33,C Closure,1,1,weight_per_each,"WEIGHT PER
EACH",DESCRIPTION,4.76#
architectural,33,C Closure,1,1,galvalume_plus,"GALVALUME®
PLUS",PRICED PER EACH,✓
architectural,33,C Closure,1,1,signature_200,"SIGNATURE®
200",PRICED PER EACH,✓
architectural,33,C Closure,1,1,signature_300,"SIGNATURE®
300",PRICED PER EACH,✓
architectural,33,C Closure,1,1,signature_300_metallic,"SIGNATURE®
300 METALLIC",PRICED PER EACH,✓
architectural,33,C Closure,1,2,part,PART #,DESCRIPTION,T-5033
architectural,33,C Closure,1,2,dim_yn,"DIM ""yn""",DESCRIPTION,Du
architectural,33,C Closure,1,2,length,LENGTH,DESCRIPTION,"10'-2"""
architectural,33,C Closure,1,2,girth,GIRTH,DESCRIPTION,"6"""
architectural,33,C Closure,1,2,weight_per_each,"WEIGHT PER
EACH",DESCRIPTION,4.96#
architectural,33,C Closure,1,2,galvalume_plus,"GALVALUME®
PLUS",PRICED PER EACH,✓
architectural,33,C Closure,1,2,signature_200,"SIGNATURE®
200",PRICED PER EACH,✓
architectural,33,C Closure,1,2,signature_300,"SIGNATURE®
300",PRICED PER EACH,✓
architectural,33,C Closure,1,2,signature_300_metallic,"SIGNATURE®
300 METALLIC",PRICED PER EACH,✓
architectural,33,C Closure,1,3,part,PART #,DESCRIPTION,T-5034
architectural,33,C Closure,1,3,dim_yn,"DIM ""yn""",DESCRIPTION,"2%"""
architectural,33,C Closure,1,3,length,LENGTH,DESCRIPTION,"10'-2"""
architectural,33,C Closure,1,3,girth,GIRTH,DESCRIPTION,"6%"""
architectural,33,C Closure,1,3,weight_per_each,"WEIGHT PER
EACH",DESCRIPTION,5.07#
architectural,33,C Closure,1,3,galvalume_plus,"GALVALUME®
PLUS",PRICED PER EACH,✓
architectural,33,C Closure,1,3,signature_200,"SIGNATURE®
200",PRICED PER EACH,✓
architectural,33,C Closure,1,3,signature_300,"SIGNATURE®
300",PRICED PER EACH,✓
architectural,33,C Closure,1,3,signature_300_metallic,"SIGNATURE®
300 METALLIC",PRICED PER EACH,✓
architectural,33,C Closure With Cleat,2,0,part,PART #,DESCRIPTION,T-5041
architectural,33,C Closure With Cleat,2,0,dim_bh,"DIM ""Bh""",DESCRIPTION,"1%"""
architectural,33,C Closure With Cleat,2,0,length,LENGTH,DESCRIPTION,"10'-2"""
architectural,33,C Closure With Cleat,2,0,girth,GIRTH,DESCRIPTION,"7 Ya"""
architectural,33,C Closure With Cleat,2,0,weight_per_each,"WEIGHT PER
EACH",DESCRIPTION,5.89#
architectural,33,C Closure With Cleat,2,0,galvalume_plus,"GALVALUME®
PLUS",PRICED PER EACH,✓
architectural,33,C Closure With Cleat,2,0,signature_200,"SIGNATURE®
200",PRICED PER EACH,✓
architectural,33,C Closure With Cleat,2,0,signature_300,"SIGNATURE®
300",PRICED PER EACH,✓
architectural,33,C Closure With Cleat,2,0,signature_300_metallic,"SIGNATURE®
300 METALLIC",PRICED PER EACH,✓
architectural,33,C Closure With Cleat,2,1,part,PART #,DESCRIPTION,T-5042
architectural,33,C Closure With Cleat,2,1,dim_bh,"DIM ""Bh""",DESCRIPTION,"134"""
architectural,33,C Closure With Cleat,2,1,length,LENGTH,DESCRIPTION,"10'-2"""
architectural,33,C Closure With Cleat,2,1,girth,GIRTH,DESCRIPTION,"7 3,"""
architectural,33,C Closure With Cleat,2,1,weight_per_each,"WEIGHT PER
EACH",DESCRIPTION,6.41#
architectural,33,C Closure With Cleat,2,1,galvalume_plus,"GALVALUME®
PLUS",PRICED PER EACH,✓
architectural,33,C Closure With Cleat,2,1,signature_200,"SIGNATURE®
200",PRICED PER EACH,✓
architectural,33,C Closure With Cleat,2,1,signature_300,"SIGNATURE®
300",PRICED PER EACH,✓
architectural,33,C Closure With Cleat,2,1,signature_300_metallic,"SIGNATURE®
300 METALLIC",PRICED PER EACH,✓
architectural,33,C Closure With Cleat,2,2,part,PART #,DESCRIPTION,T-5043
architectural,33,C Closure With Cleat,2,2,dim_bh,"DIM ""Bh""",DESCRIPTION,py
architectural,33,C Closure With Cleat,2,2,length,LENGTH,DESCRIPTION,"10'-2"""
architectural,33,C Closure With Cleat,2,2,girth,GIRTH,DESCRIPTION,gu
architectural,33,C Closure With Cleat,2,2,weight_per_each,"WEIGHT PER
EACH",DESCRIPTION,6.62#
architectural,33,C Closure With Cleat,2,2,galvalume_plus,"GALVALUME®
PLUS",PRICED PER EACH,✓
architectural,33,C Closure With Cleat,2,2,signature_200,"SIGNATURE®
200",PRICED PER EACH,✓
architectural,33,C Closure With Cleat,2,2,signature_300,"SIGNATURE®
300",PRICED PER EACH,✓
architectural,33,C Closure With Cleat,2,2,signature_300_metallic,"SIGNATURE®
300 METALLIC",PRICED PER EACH,✓
architectural,33,C Closure With Cleat,2,3,part,PART #,DESCRIPTION,T-5044
architectural,33,C Closure With Cleat,2,3,dim_bh,"DIM ""Bh""",DESCRIPTION,"2%"""
architectural,33,C Closure With Cleat,2,3,length,LENGTH,DESCRIPTION,"10'-2"""
architectural,33,C Closure With Cleat,2,3,girth,GIRTH,DESCRIPTION,"8 Ve"""
architectural,33,C Closure With Cleat,2,3,weight_per_each,"WEIGHT PER
EACH",DESCRIPTION,6.724
architectural,33,C Closure With Cleat,2,3,galvalume_plus,"GALVALUME®
PLUS",PRICED PER EACH,✓
architectural,33,C Closure With Cleat,2,3,signature_200,"SIGNATURE®
200",PRICED PER EACH,✓
architectural,33,C Closure With Cleat,2,3,signature_300,"SIGNATURE®
300",PRICED PER EACH,✓
architectural,33,C Closure With Cleat,2,3,signature_300_metallic,"SIGNATURE®
300 METALLIC",PRICED PER EACH,✓
architectural,34,Angle Trim,0,0,part,PART #,DESCRIPTION,T-5051
architectural,34,Angle Trim,0,0,length,LENGTH,DESCRIPTION,"10'-2"""
architectural,34,Angle Trim,0,0,girth,GIRTH,DESCRIPTION,WAL
architectural,34,Angle Trim,0,0,weight_per_each,"WEIGHT PER
EACH",DESCRIPTION,1.86#
architectural,34,Angle Trim,0,0,galvalume_plus,"GALVALUME®
PLUS",PRICED PER EACH,✓
architectural,34,Angle Trim,0,0,signature_200,"SIGNATURE®
200",PRICED PER EACH,✓
architectural,34,Angle Trim,0,0,signature_300,"SIGNATURE®
300",PRICED PER EACH,✓
architectural,34,Angle Trim,0,0,signature_300_metallic,"SIGNATURE®
300 METALLIC",PRICED PER EACH,✓
architectural,34,Angle Trim,1,0,part,PART #,DESCRIPTION,T-5053
architectural,34,Angle Trim,1,0,dim_br,"DIM ""BR""",DESCRIPTION,ile
architectural,34,Angle Trim,1,0,length,LENGTH,DESCRIPTION,"10'-2"""
architectural,34,Angle Trim,1,0,girth,GIRTH,DESCRIPTION,"2%"""
architectural,34,Angle Trim,1,0,weight_per_each,"WEIGHT PER
EACH",DESCRIPTION,2.07#
architectural,34,Angle Trim,1,0,galvalume_plus,"GALVALUME®
PLUS",PRICED PER EACH,✓
architectural,34,Angle Trim,1,0,signature_200,"SIGNATURE®
200",PRICED PER EACH,✓
architectural,34,Angle Trim,1,0,signature_300,"SIGNATURE®
300",PRICED PER EACH,✓
architectural,34,Angle Trim,1,0,signature_300_metallic,"SIGNATURE®
300 METALLIC",PRICED PER EACH,✓
architectural,34,Angle Trim,1,1,part,PART #,DESCRIPTION,T-5055
architectural,34,Angle Trim,1,1,dim_br,"DIM ""BR""",DESCRIPTION,"172"""
architectural,34,Angle Trim,1,1,length,LENGTH,DESCRIPTION,"10'-2"""
architectural,34,Angle Trim,1,1,girth,GIRTH,DESCRIPTION,"3"""
architectural,34,Angle Trim,1,1,weight_per_each,"WEIGHT PER
EACH",DESCRIPTION,2 A48#
architectural,34,Angle Trim,1,1,galvalume_plus,"GALVALUME®
PLUS",PRICED PER EACH,✓
architectural,34,Angle Trim,1,1,signature_200,"SIGNATURE®
200",PRICED PER EACH,✓
architectural,34,Angle Trim,1,1,signature_300,"SIGNATURE®
300",PRICED PER EACH,✓
architectural,34,Angle Trim,1,1,signature_300_metallic,"SIGNATURE®
300 METALLIC",PRICED PER EACH,✓
architectural,34,Cap Trim,2,0,part,PART #,DESCRIPTION,T-5061
architectural,34,Cap Trim,2,0,dim_br,"DIM ""BR""",DESCRIPTION,"1%"""
architectural,34,Cap Trim,2,0,length,LENGTH,DESCRIPTION,"10'-2"""
architectural,34,Cap Trim,2,0,girth,GIRTH,DESCRIPTION,"5 56"""
architectural,34,Cap Trim,2,0,weight_per_each,"WEIGHT PER
EACH",DESCRIPTION,4.6054
architectural,34,Cap Trim,2,0,galvalume_plus,"GALVALUME®
PLUS",PRICED PER EACH,✓
architectural,34,Cap Trim,2,0,signature_200,"SIGNATURE®
200",PRICED PER EACH,✓
architectural,34,Cap Trim,2,0,signature_300,"SIGNATURE®
300",PRICED PER EACH,✓
architectural,34,Cap Trim,2,0,signature_300_metallic,"SIGNATURE®
300 METALLIC",PRICED PER EACH,✓
architectural,34,Cap Trim,2,1,part,PART #,DESCRIPTION,T-5065
architectural,34,Cap Trim,2,1,dim_br,"DIM ""BR""",DESCRIPTION,"154"""
architectural,34,Cap Trim,2,1,length,LENGTH,DESCRIPTION,"10'-2"""
architectural,34,Cap Trim,2,1,girth,GIRTH,DESCRIPTION,"6%"""
architectural,34,Cap Trim,2,1,weight_per_each,"WEIGHT PER
EACH",DESCRIPTION,5.07#
architectural,34,Cap Trim,2,1,galvalume_plus,"GALVALUME®
PLUS",PRICED PER EACH,✓
architectural,34,Cap Trim,2,1,signature_200,"SIGNATURE®
200",PRICED PER EACH,✓
architectural,34,Cap Trim,2,1,signature_300,"SIGNATURE®
300",PRICED PER EACH,✓
architectural,34,Cap Trim,2,1,signature_300_metallic,"SIGNATURE®
300 METALLIC",PRICED PER EACH,✓
architectural,34,Cap Trim,2,2,part,PART #,DESCRIPTION,T-5062
architectural,34,Cap Trim,2,2,dim_br,"DIM ""BR""",DESCRIPTION,"134"""
architectural,34,Cap Trim,2,2,length,LENGTH,DESCRIPTION,"10'-2"""
architectural,34,Cap Trim,2,2,girth,GIRTH,DESCRIPTION,"6%"""
architectural,34,Cap Trim,2,2,weight_per_each,"WEIGHT PER
EACH",DESCRIPTION,5.17#
architectural,34,Cap Trim,2,2,galvalume_plus,"GALVALUME®
PLUS",PRICED PER EACH,✓
architectural,34,Cap Trim,2,2,signature_200,"SIGNATURE®
200",PRICED PER EACH,✓
architectural,34,Cap Trim,2,2,signature_300,"SIGNATURE®
300",PRICED PER EACH,✓
architectural,34,Cap Trim,2,2,signature_300_metallic,"SIGNATURE®
300 METALLIC",PRICED PER EACH,✓
architectural,34,Cap Trim,2,3,part,PART #,DESCRIPTION,T-5063
architectural,34,Cap Trim,2,3,dim_br,"DIM ""BR""",DESCRIPTION,ps
architectural,34,Cap Trim,2,3,length,LENGTH,DESCRIPTION,"10'-2"""
architectural,34,Cap Trim,2,3,girth,GIRTH,DESCRIPTION,"6 y2"""
architectural,34,Cap Trim,2,3,weight_per_each,"WEIGHT PER
EACH",DESCRIPTION,5.38#
architectural,34,Cap Trim,2,3,galvalume_plus,"GALVALUME®
PLUS",PRICED PER EACH,✓
architectural,34,Cap Trim,2,3,signature_200,"SIGNATURE®
200",PRICED PER EACH,✓
architectural,34,Cap Trim,2,3,signature_300,"SIGNATURE®
300",PRICED PER EACH,✓
architectural,34,Cap Trim,2,3,signature_300_metallic,"SIGNATURE®
300 METALLIC",PRICED PER EACH,✓
architectural,34,Cap Trim,2,4,part,PART #,DESCRIPTION,T-5064
architectural,34,Cap Trim,2,4,dim_br,"DIM ""BR""",DESCRIPTION,"2%"""
architectural,34,Cap Trim,2,4,length,LENGTH,DESCRIPTION,"10'-2"""
architectural,34,Cap Trim,2,4,girth,GIRTH,DESCRIPTION,"6 58"""
architectural,34,Cap Trim,2,4,weight_per_each,"WEIGHT PER
EACH",DESCRIPTION,5.48#
architectural,34,Cap Trim,2,4,galvalume_plus,"GALVALUME®
PLUS",PRICED PER EACH,✓
architectural,34,Cap Trim,2,4,signature_200,"SIGNATURE®
200",PRICED PER EACH,✓
architectural,34,Cap Trim,2,4,signature_300,"SIGNATURE®
300",PRICED PER EACH,✓
architectural,34,Cap Trim,2,4,signature_300_metallic,"SIGNATURE®
300 METALLIC",PRICED PER EACH,✓
architectural,35,Ridge/Hip Flash - Fixed,0,0,part,PART #,DESCRIPTION,T-5071
architectural,35,Ridge/Hip Flash - Fixed,0,0,dim_a,"DIM ""A""",DESCRIPTION,"4x2"""
architectural,35,Ridge/Hip Flash - Fixed,0,0,length,LENGTH,DESCRIPTION,"10'-2"""
architectural,35,Ridge/Hip Flash - Fixed,0,0,girth,GIRTH,DESCRIPTION,"10"""
architectural,35,Ridge/Hip Flash - Fixed,0,0,weight_per_each,"WEIGHT PER
EACH",DESCRIPTION,8.27#
architectural,35,Ridge/Hip Flash - Fixed,0,0,galvalume_plus,"GALVALUME®
PLUS",PRICED PER EACH,✓
architectural,35,Ridge/Hip Flash - Fixed,0,0,signature_200,"SIGNATURE®
200",PRICED PER EACH,✓
architectural,35,Ridge/Hip Flash - Fixed,0,0,signature_300,"SIGNATURE®
300",PRICED PER EACH,✓
architectural,35,Ridge/Hip Flash - Fixed,0,0,signature_300_metallic,"SIGNATURE®
300 METALLIC",PRICED PER EACH,✓
architectural,35,Ridge/Hip Flash - Fixed,0,1,part,PART #,DESCRIPTION,T-5072
architectural,35,Ridge/Hip Flash - Fixed,0,1,dim_a,"DIM ""A""",DESCRIPTION,"4y2"""
architectural,35,Ridge/Hip Flash - Fixed,0,1,length,LENGTH,DESCRIPTION,"20'-2"""
architectural,35,Ridge/Hip Flash - Fixed,0,1,girth,GIRTH,DESCRIPTION,"10"""
architectural,35,Ridge/Hip Flash - Fixed,0,1,weight_per_each,"WEIGHT PER
EACH",DESCRIPTION,16.41#
architectural,35,Ridge/Hip Flash - Fixed,0,1,galvalume_plus,"GALVALUME®
PLUS",PRICED PER EACH,✓
architectural,35,Ridge/Hip Flash - Fixed,0,1,signature_200,"SIGNATURE®
200",PRICED PER EACH,✓
architectural,35,Ridge/Hip Flash - Fixed,0,1,signature_300,"SIGNATURE®
300",PRICED PER EACH,✓
architectural,35,Ridge/Hip Flash - Fixed,0,1,signature_300_metallic,"SIGNATURE®
300 METALLIC",PRICED PER EACH,✓
architectural,35,Ridge/Hip Flash - Fixed,0,2,part,PART #,DESCRIPTION,T-5073
architectural,35,Ridge/Hip Flash - Fixed,0,2,dim_a,"DIM ""A""",DESCRIPTION,"5y2"""
architectural,35,Ridge/Hip Flash - Fixed,0,2,length,LENGTH,DESCRIPTION,"10'-2"""
architectural,35,Ridge/Hip Flash - Fixed,0,2,girth,GIRTH,DESCRIPTION,"12"""
architectural,35,Ridge/Hip Flash - Fixed,0,2,weight_per_each,"WEIGHT PER
EACH",DESCRIPTION,9.93#
architectural,35,Ridge/Hip Flash - Fixed,0,2,galvalume_plus,"GALVALUME®
PLUS",PRICED PER EACH,✓
architectural,35,Ridge/Hip Flash - Fixed,0,2,signature_200,"SIGNATURE®
200",PRICED PER EACH,✓
architectural,35,Ridge/Hip Flash - Fixed,0,2,signature_300,"SIGNATURE®
300",PRICED PER EACH,✓
architectural,35,Ridge/Hip Flash - Fixed,0,2,signature_300_metallic,"SIGNATURE®
300 METALLIC",PRICED PER EACH,✓
architectural,35,Ridge/Hip Flash - Fixed,0,3,part,PART #,DESCRIPTION,T-5074
architectural,35,Ridge/Hip Flash - Fixed,0,3,dim_a,"DIM ""A""",DESCRIPTION,"5y2"""
architectural,35,Ridge/Hip Flash - Fixed,0,3,length,LENGTH,DESCRIPTION,"20'-2"""
architectural,35,Ridge/Hip Flash - Fixed,0,3,girth,GIRTH,DESCRIPTION,"12"""
architectural,35,Ridge/Hip Flash - Fixed,0,3,weight_per_each,"WEIGHT PER
EACH",DESCRIPTION,19.09#
architectural,35,Ridge/Hip Flash - Fixed,0,3,galvalume_plus,"GALVALUME®
PLUS",PRICED PER EACH,✓
architectural,35,Ridge/Hip Flash - Fixed,0,3,signature_200,"SIGNATURE®
200",PRICED PER EACH,✓
architectural,35,Ridge/Hip Flash - Fixed,0,3,signature_300,"SIGNATURE®
300",PRICED PER EACH,✓
architectural,35,Ridge/Hip Flash - Fixed,0,3,signature_300_metallic,"SIGNATURE®
300 METALLIC",PRICED PER EACH,✓
architectural,35,Ridge/Hip Flash - Fixed,0,4,part,PART #,DESCRIPTION,T-5075
architectural,35,Ridge/Hip Flash - Fixed,0,4,dim_a,"DIM ""A""",DESCRIPTION,"6Yy2"""
architectural,35,Ridge/Hip Flash - Fixed,0,4,length,LENGTH,DESCRIPTION,"10'-2"""
architectural,35,Ridge/Hip Flash - Fixed,0,4,girth,GIRTH,DESCRIPTION,"14"""
architectural,35,Ridge/Hip Flash - Fixed,0,4,weight_per_each,"WEIGHT PER
EACH",DESCRIPTION,11.58#
architectural,35,Ridge/Hip Flash - Fixed,0,4,galvalume_plus,"GALVALUME®
PLUS",PRICED PER EACH,✓
architectural,35,Ridge/Hip Flash - Fixed,0,4,signature_200,"SIGNATURE®
200",PRICED PER EACH,✓
architectural,35,Ridge/Hip Flash - Fixed,0,4,signature_300,"SIGNATURE®
300",PRICED PER EACH,✓
architectural,35,Ridge/Hip Flash - Fixed,0,4,signature_300_metallic,"SIGNATURE®
300 METALLIC",PRICED PER EACH,✓
architectural,35,Ridge/Hip Flash - Fixed,0,5,part,PART #,DESCRIPTION,T-5076
architectural,35,Ridge/Hip Flash - Fixed,0,5,dim_a,"DIM ""A""",DESCRIPTION,"6Y2"""
architectural,35,Ridge/Hip Flash - Fixed,0,5,length,LENGTH,DESCRIPTION,"20'-2"""
architectural,35,Ridge/Hip Flash - Fixed,0,5,girth,GIRTH,DESCRIPTION,"14"""
architectural,35,Ridge/Hip Flash - Fixed,0,5,weight_per_each,"WEIGHT PER
EACH",DESCRIPTION,22.97#
architectural,35,Ridge/Hip Flash - Fixed,0,5,galvalume_plus,"GALVALUME®
PLUS",PRICED PER EACH,✓
architectural,35,Ridge/Hip Flash - Fixed,0,5,signature_200,"SIGNATURE®
200",PRICED PER EACH,✓
architectural,35,Ridge/Hip Flash - Fixed,0,5,signature_300,"SIGNATURE®
300",PRICED PER EACH,✓
architectural,35,Ridge/Hip Flash - Fixed,0,5,signature_300_metallic,"SIGNATURE®
300 METALLIC",PRICED PER EACH,✓
architectural,35,Ridge Flash - Floating,1,0,part,PART #,DESCRIPTION,T-5087
architectural,35,Ridge Flash - Floating,1,0,length,LENGTH,DESCRIPTION,"10'-2"""
architectural,35,Ridge Flash - Floating,1,0,girth,GIRTH,DESCRIPTION,"16%"""
architectural,35,Ridge Flash - Floating,1,0,weight_per_each,"WEIGHT PER
EACH",DESCRIPTION,13.65#
architectural,35,Ridge Flash - Floating,1,0,galvalume_plus,"GALVALUME®
PLUS",PRICED PER EACH,✓
architectural,35,Ridge Flash - Floating,1,0,signature_200,"SIGNATURE®
200",PRICED PER EACH,✓
architectural,35,Ridge Flash - Floating,1,0,signature_300,"SIGNATURE®
300",PRICED PER EACH,✓
architectural,35,Ridge Flash - Floating,1,0,signature_300_metallic,"SIGNATURE®
300 METALLIC",PRICED PER EACH,✓
architectural,35,Ridge Flash - Floating,1,1,part,PART #,DESCRIPTION,T-5088
architectural,35,Ridge Flash - Floating,1,1,length,LENGTH,DESCRIPTION,"20'-2"""
architectural,35,Ridge Flash - Floating,1,1,girth,GIRTH,DESCRIPTION,"16%"""
architectural,35,Ridge Flash - Floating,1,1,weight_per_each,"WEIGHT PER
EACH",DESCRIPTION,27. 08#
architectural,35,Ridge Flash - Floating,1,1,galvalume_plus,"GALVALUME®
PLUS",PRICED PER EACH,✓
architectural,35,Ridge Flash - Floating,1,1,signature_200,"SIGNATURE®
200",PRICED PER EACH,✓
architectural,35,Ridge Flash - Floating,1,1,signature_300,"SIGNATURE®
300",PRICED PER EACH,✓
architectural,35,Ridge Flash - Floating,1,1,signature_300_metallic,"SIGNATURE®
300 METALLIC",PRICED PER EACH,✓
architectural,35,Ridge Flash For Vent,2,0,part,PART #,DESCRIPTION,T-5089
architectural,35,Ridge Flash For Vent,2,0,length,LENGTH,DESCRIPTION,"10'-2"""
architectural,35,Ridge Flash For Vent,2,0,girth,GIRTH,DESCRIPTION,"2172"""
architectural,35,Ridge Flash For Vent,2,0,weight_per_each,"WEIGHT PER
EACH",DESCRIPTION,17.79#
architectural,35,Ridge Flash For Vent,2,0,galvalume_plus,"GALVALUME®
PLUS",PRICED PER EACH,✓
architectural,35,Ridge Flash For Vent,2,0,signature_200,"SIGNATURE®
200",PRICED PER EACH,✓
architectural,35,Ridge Flash For Vent,2,0,signature_300,"SIGNATURE®
300",PRICED PER EACH,✓
architectural,35,Ridge Flash For Vent,2,0,signature_300_metallic,"SIGNATURE®
300 METALLIC",PRICED PER EACH,✓
architectural,35,Ridge Flash For Vent,2,1,part,PART #,DESCRIPTION,T-5090
architectural,35,Ridge Flash For Vent,2,1,length,LENGTH,DESCRIPTION,"20'-2"""
architectural,35,Ridge Flash For Vent,2,1,girth,GIRTH,DESCRIPTION,"21%"""
architectural,35,Ridge Flash For Vent,2,1,weight_per_each,"WEIGHT PER
EACH",DESCRIPTION,35.28#
architectural,35,Ridge Flash For Vent,2,1,galvalume_plus,"GALVALUME®
PLUS",PRICED PER EACH,✓
architectural,35,Ridge Flash For Vent,2,1,signature_200,"SIGNATURE®
200",PRICED PER EACH,✓
architectural,35,Ridge Flash For Vent,2,1,signature_300,"SIGNATURE®
300",PRICED PER EACH,✓
architectural,35,Ridge Flash For Vent,2,1,signature_300_metallic,"SIGNATURE®
300 METALLIC",PRICED PER EACH,✓
architectural,36,Ridge Flash For Metal Vent,0,0,part,PART #,DESCRIPTION,FL-540
architectural,36,Ridge Flash For Metal Vent,0,0,length,LENGTH,DESCRIPTION,"10'-2"""
architectural,36,Ridge Flash For Metal Vent,0,0,girth,GIRTH,DESCRIPTION,"22%"""
architectural,36,Ridge Flash For Metal Vent,0,0,weight_per_each,"WEIGHT PER
EACH",DESCRIPTION,18.41#
architectural,36,Ridge Flash For Metal Vent,0,0,galvalume_plus,"GALVALUME®
PLUS",PRICED PER EACH,✓
architectural,36,Ridge Flash For Metal Vent,0,0,signature_200,"SIGNATURE®
200",PRICED PER EACH,✓
architectural,36,Ridge Flash For Metal Vent,0,0,signature_300,"SIGNATURE®
300",PRICED PER EACH,✓
architectural,36,Ridge Flash For Metal Vent,0,0,signature_300_metallic,"SIGNATURE®
300 METALLIC",PRICED PER EACH,✓
architectural,36,Ridge End Cap - Floating,1,0,part,PART #,DESCRIPTION,T-5100
architectural,36,Ridge End Cap - Floating,1,0,weight_per_each,WEIGHT PER EACH,DESCRIPTION,260#
architectural,36,Ridge End Cap - Floating,1,0,galvalume_plus,"GALVALUME®
PLUS",PRICED PER EACH,✓
architectural,36,Ridge End Cap - Floating,1,0,signature_200,"SIGNATURE®
200",PRICED PER EACH,✓
architectural,36,Ridge End Cap - Floating,1,0,signature_300,"SIGNATURE®
300",PRICED PER EACH,✓
architectural,36,Ridge End Cap - Floating,1,0,signature_300_metallic,"SIGNATURE®
300 METALLIC",PRICED PER EACH,✓
architectural,36,Ridge End Cap - Vent,2,0,part,PART #,DESCRIPTION,T-5101
architectural,36,Ridge End Cap - Vent,2,0,weight_per_each,WEIGHT PER EACH,DESCRIPTION,J1#
architectural,36,Ridge End Cap - Vent,2,0,galvalume_plus,"GALVALUME®
PLUS",PRICED PER EACH,✓
architectural,36,Ridge End Cap - Vent,2,0,signature_200,"SIGNATURE®
200",PRICED PER EACH,✓
architectural,36,Ridge End Cap - Vent,2,0,signature_300,"SIGNATURE®
300",PRICED PER EACH,✓
architectural,36,Ridge End Cap - Vent,2,0,signature_300_metallic,"SIGNATURE®
300 METALLIC",PRICED PER EACH,✓
architectural,37,Peak Cap,0,0,part,PART #,DESCRIPTION,T-5077
architectural,37,Peak Cap,0,0,dim_a,"DIM ""A""",DESCRIPTION,"4x2"""
architectural,37,Peak Cap,0,0,dim_b,"DIM ""B""",DESCRIPTION,"5"""
architectural,37,Peak Cap,0,0,length,LENGTH,DESCRIPTION,"10'-2"""
architectural,37,Peak Cap,0,0,girth,GIRTH,DESCRIPTION,"11%"""
architectural,37,Peak Cap,0,0,weight_per_each,"WEIGHT
PER EACH",DESCRIPTION,9.20#
architectural,37,Peak Cap,0,0,galvalume_plus,"GALVALUME®
PLUS",PRICED PER EACH,✓
architectural,37,Peak Cap,0,0,signature_200,"SIGNATURE®
200",PRICED PER EACH,✓
architectural,37,Peak Cap,0,0,signature_300,"SIGNATURE®
300",PRICED PER EACH,✓
architectural,37,Peak Cap,0,0,signature_300_metallic,"SIGNATURE®
300 METALLIC",PRICED PER EACH,✓
architectural,37,Peak Cap,0,1,part,PART #,DESCRIPTION,T-5078
architectural,37,Peak Cap,0,1,dim_a,"DIM ""A""",DESCRIPTION,"AY2"""
architectural,37,Peak Cap,0,1,dim_b,"DIM ""B""",DESCRIPTION,"5"""
architectural,37,Peak Cap,0,1,length,LENGTH,DESCRIPTION,"20'-2"""
architectural,37,Peak Cap,0,1,girth,GIRTH,DESCRIPTION,"11%"""
architectural,37,Peak Cap,0,1,weight_per_each,"WEIGHT
PER EACH",DESCRIPTION,18.260#
architectural,37,Peak Cap,0,1,galvalume_plus,"GALVALUME®
PLUS",PRICED PER EACH,✓
architectural,37,Peak Cap,0,1,signature_200,"SIGNATURE®
200",PRICED PER EACH,✓
architectural,37,Peak Cap,0,1,signature_300,"SIGNATURE®
300",PRICED PER EACH,✓
architectural,37,Peak Cap,0,1,signature_300_metallic,"SIGNATURE®
300 METALLIC",PRICED PER EACH,✓
architectural,37,Peak Cap,0,2,part,PART #,DESCRIPTION,T-5079
architectural,37,Peak Cap,0,2,dim_a,"DIM ""A""",DESCRIPTION,"5y2"""
architectural,37,Peak Cap,0,2,dim_b,"DIM ""B""",DESCRIPTION,"5"""
architectural,37,Peak Cap,0,2,length,LENGTH,DESCRIPTION,"10'-2"""
architectural,37,Peak Cap,0,2,girth,GIRTH,DESCRIPTION,"12%"""
architectural,37,Peak Cap,0,2,weight_per_each,"WEIGHT
PER EACH",DESCRIPTION,10.03#
architectural,37,Peak Cap,0,2,galvalume_plus,"GALVALUME®
PLUS",PRICED PER EACH,✓
architectural,37,Peak Cap,0,2,signature_200,"SIGNATURE®
200",PRICED PER EACH,✓
architectural,37,Peak Cap,0,2,signature_300,"SIGNATURE®
300",PRICED PER EACH,✓
architectural,37,Peak Cap,0,2,signature_300_metallic,"SIGNATURE®
300 METALLIC",PRICED PER EACH,✓
architectural,37,Peak Cap,0,3,part,PART #,DESCRIPTION,T-5080
architectural,37,Peak Cap,0,3,dim_a,"DIM ""A""",DESCRIPTION,"5y2"""
architectural,37,Peak Cap,0,3,dim_b,"DIM ""B""",DESCRIPTION,"5"""
architectural,37,Peak Cap,0,3,length,LENGTH,DESCRIPTION,"20'-2"""
architectural,37,Peak Cap,0,3,girth,GIRTH,DESCRIPTION,"12%"""
architectural,37,Peak Cap,0,3,weight_per_each,"WEIGHT
PER EACH",DESCRIPTION,19.90#
architectural,37,Peak Cap,0,3,galvalume_plus,"GALVALUME®
PLUS",PRICED PER EACH,✓
architectural,37,Peak Cap,0,3,signature_200,"SIGNATURE®
200",PRICED PER EACH,✓
architectural,37,Peak Cap,0,3,signature_300,"SIGNATURE®
300",PRICED PER EACH,✓
architectural,37,Peak Cap,0,3,signature_300_metallic,"SIGNATURE®
300 METALLIC",PRICED PER EACH,✓
architectural,37,Peak Cap,0,4,part,PART #,DESCRIPTION,T-5081
architectural,37,Peak Cap,0,4,dim_a,"DIM ""A""",DESCRIPTION,"Ay"""
architectural,37,Peak Cap,0,4,dim_b,"DIM ""B""",DESCRIPTION,4
architectural,37,Peak Cap,0,4,length,LENGTH,DESCRIPTION,"10'-2"""
architectural,37,Peak Cap,0,4,girth,GIRTH,DESCRIPTION,"10%"""
architectural,37,Peak Cap,0,4,weight_per_each,"WEIGHT
PER EACH",DESCRIPTION,8.384
architectural,37,Peak Cap,0,4,galvalume_plus,"GALVALUME®
PLUS",PRICED PER EACH,✓
architectural,37,Peak Cap,0,4,signature_200,"SIGNATURE®
200",PRICED PER EACH,✓
architectural,37,Peak Cap,0,4,signature_300,"SIGNATURE®
300",PRICED PER EACH,✓
architectural,37,Peak Cap,0,4,signature_300_metallic,"SIGNATURE®
300 METALLIC",PRICED PER EACH,✓
architectural,37,Peak Cap,0,5,part,PART #,DESCRIPTION,T-5082
architectural,37,Peak Cap,0,5,dim_a,"DIM ""A""",DESCRIPTION,"4y2"""
architectural,37,Peak Cap,0,5,dim_b,"DIM ""B""",DESCRIPTION,"4"""
architectural,37,Peak Cap,0,5,length,LENGTH,DESCRIPTION,"20'-2"""
architectural,37,Peak Cap,0,5,girth,GIRTH,DESCRIPTION,"10%"""
architectural,37,Peak Cap,0,5,weight_per_each,"WEIGHT
PER EACH",DESCRIPTION,16.01#
architectural,37,Peak Cap,0,5,galvalume_plus,"GALVALUME®
PLUS",PRICED PER EACH,✓
architectural,37,Peak Cap,0,5,signature_200,"SIGNATURE®
200",PRICED PER EACH,✓
architectural,37,Peak Cap,0,5,signature_300,"SIGNATURE®
300",PRICED PER EACH,✓
architectural,37,Peak Cap,0,5,signature_300_metallic,"SIGNATURE®
300 METALLIC",PRICED PER EACH,✓
architectural,37,Peak Cap,0,6,part,PART #,DESCRIPTION,T-5083
architectural,37,Peak Cap,0,6,dim_a,"DIM ""A""",DESCRIPTION,"5y2"""
architectural,37,Peak Cap,0,6,dim_b,"DIM ""B""",DESCRIPTION,"4"""
architectural,37,Peak Cap,0,6,length,LENGTH,DESCRIPTION,"10'-2"""
architectural,37,Peak Cap,0,6,girth,GIRTH,DESCRIPTION,"11%"""
architectural,37,Peak Cap,0,6,weight_per_each,"WEIGHT
PER EACH",DESCRIPTION,9.20#
architectural,37,Peak Cap,0,6,galvalume_plus,"GALVALUME®
PLUS",PRICED PER EACH,✓
architectural,37,Peak Cap,0,6,signature_200,"SIGNATURE®
200",PRICED PER EACH,✓
architectural,37,Peak Cap,0,6,signature_300,"SIGNATURE®
300",PRICED PER EACH,✓
architectural,37,Peak Cap,0,6,signature_300_metallic,"SIGNATURE®
300 METALLIC",PRICED PER EACH,✓
architectural,37,Peak Cap,0,7,part,PART #,DESCRIPTION,T-5084
architectural,37,Peak Cap,0,7,dim_a,"DIM ""A""",DESCRIPTION,"5y2"""
architectural,37,Peak Cap,0,7,dim_b,"DIM ""B""",DESCRIPTION,"4"""
architectural,37,Peak Cap,0,7,length,LENGTH,DESCRIPTION,"20'-2"""
architectural,37,Peak Cap,0,7,girth,GIRTH,DESCRIPTION,"11%"""
architectural,37,Peak Cap,0,7,weight_per_each,"WEIGHT
PER EACH",DESCRIPTION,18.26#
architectural,37,Peak Cap,0,7,galvalume_plus,"GALVALUME®
PLUS",PRICED PER EACH,✓
architectural,37,Peak Cap,0,7,signature_200,"SIGNATURE®
200",PRICED PER EACH,✓
architectural,37,Peak Cap,0,7,signature_300,"SIGNATURE®
300",PRICED PER EACH,✓
architectural,37,Peak Cap,0,7,signature_300_metallic,"SIGNATURE®
300 METALLIC",PRICED PER EACH,✓
architectural,37,Peak Cap,0,8,part,PART #,DESCRIPTION,T-5085
architectural,37,Peak Cap,0,8,dim_a,"DIM ""A""",DESCRIPTION,"10%"""
architectural,37,Peak Cap,0,8,dim_b,"DIM ""B""",DESCRIPTION,"5"""
architectural,37,Peak Cap,0,8,length,LENGTH,DESCRIPTION,"1Q0'-2"""
architectural,37,Peak Cap,0,8,girth,GIRTH,DESCRIPTION,"16%"""
architectural,37,Peak Cap,0,8,weight_per_each,"WEIGHT
PER EACH",DESCRIPTION,13.96#
architectural,37,Peak Cap,0,8,galvalume_plus,"GALVALUME®
PLUS",PRICED PER EACH,✓
architectural,37,Peak Cap,0,8,signature_200,"SIGNATURE®
200",PRICED PER EACH,✓
architectural,37,Peak Cap,0,8,signature_300,"SIGNATURE®
300",PRICED PER EACH,✓
architectural,37,Peak Cap,0,8,signature_300_metallic,"SIGNATURE®
300 METALLIC",PRICED PER EACH,✓
architectural,37,Peak Cap,0,9,part,PART #,DESCRIPTION,T-5086
architectural,37,Peak Cap,0,9,dim_a,"DIM ""A""",DESCRIPTION,"10%"""
architectural,37,Peak Cap,0,9,dim_b,"DIM ""B""",DESCRIPTION,"5"""
architectural,37,Peak Cap,0,9,length,LENGTH,DESCRIPTION,"20'-2"""
architectural,37,Peak Cap,0,9,girth,GIRTH,DESCRIPTION,"16%"""
architectural,37,Peak Cap,0,9,weight_per_each,"WEIGHT
PER EACH",DESCRIPTION,27.09#
architectural,37,Peak Cap,0,9,galvalume_plus,"GALVALUME®
PLUS",PRICED PER EACH,✓
architectural,37,Peak Cap,0,9,signature_200,"SIGNATURE®
200",PRICED PER EACH,✓
architectural,37,Peak Cap,0,9,signature_300,"SIGNATURE®
300",PRICED PER EACH,✓
architectural,37,Peak Cap,0,9,signature_300_metallic,"SIGNATURE®
300 METALLIC",PRICED PER EACH,✓
architectural,37,Valley Trim,2,0,column_1,,,ie
architectural,37,Valley Trim,2,0,column_2,,,"q4"""
architectural,37,Valley Trim,2,0,column_3,,,"10'-2"""
architectural,37,Valley Trim,2,0,column_4,,,"24"""
architectural,37,Valley Trim,2,0,column_5,,,19.85#
architectural,37,Valley Trim,2,0,column_6,,,v
architectural,37,Valley Trim,2,0,column_7,,,v
architectural,37,Valley Trim,2,0,column_8,,,v
architectural,37,Valley Trim,2,0,column_9,,,v
architectural,37,Valley Trim,2,1,column_1,,,"4"""
architectural,37,Valley Trim,2,1,column_2,,,"41"""
architectural,37,Valley Trim,2,1,column_3,,,"20'-2"""
architectural,37,Valley Trim,2,1,column_4,,,"24"""
architectural,37,Valley Trim,2,1,column_5,,,39.38#
architectural,37,Valley Trim,2,1,column_6,,,v
architectural,37,Valley Trim,2,1,column_7,,,v
architectural,37,Valley Trim,2,1,column_8,,,v
architectural,37,Valley Trim,2,1,column_9,,,v
architectural,37,Valley Trim,2,2,column_1,,,ps
architectural,37,Valley Trim,2,2,column_2,,,"q4"""
architectural,37,Valley Trim,2,2,column_3,,,"10'-2"""
architectural,37,Valley Trim,2,2,column_4,,,"26"""
architectural,37,Valley Trim,2,2,column_5,,,21.51#
architectural,37,Valley Trim,2,2,column_6,,,v
architectural,37,Valley Trim,2,2,column_7,,,v
architectural,37,Valley Trim,2,2,column_8,,,v
architectural,37,Valley Trim,2,2,column_9,,,v
architectural,37,Valley Trim,2,3,column_1,,,ps
architectural,37,Valley Trim,2,3,column_2,,,"141"""
architectural,37,Valley Trim,2,3,column_3,,,"20'-2"""
architectural,37,Valley Trim,2,3,column_4,,,"26"""
architectural,37,Valley Trim,2,3,column_5,,,42.66#
architectural,37,Valley Trim,2,3,column_6,,,v
architectural,37,Valley Trim,2,3,column_7,,,v
architectural,37,Valley Trim,2,3,column_8,,,v
architectural,37,Valley Trim,2,3,column_9,,,v
architectural,37,Valley Trim,3,0,d_valley,d Valley,,"4"""
architectural,37,Valley Trim,3,0,column_2,,,"23"""
architectural,37,Valley Trim,3,0,column_3,,,"10'-2"""
architectural,37,Valley Trim,3,0,column_4,,,"48"""
architectural,37,Valley Trim,3,0,column_5,,,39.71#
architectural,37,Valley Trim,3,0,column_6,,,v
architectural,37,Valley Trim,3,0,column_7,,,v
architectural,37,Valley Trim,3,0,column_8,,,v
architectural,37,Valley Trim,3,0,column_9,,,v
architectural,37,Valley Trim,3,1,d_valley,d Valley,,i
architectural,37,Valley Trim,3,1,column_2,,,"23"""
architectural,37,Valley Trim,3,1,column_3,,,"14'-0"""
architectural,37,Valley Trim,3,1,column_4,,,"48"""
architectural,37,Valley Trim,3,1,column_5,,,54.68#
architectural,37,Valley Trim,3,1,column_6,,,v
architectural,37,Valley Trim,3,1,column_7,,,v
architectural,37,Valley Trim,3,1,column_8,,,v
architectural,37,Valley Trim,3,1,column_9,,,v
architectural,37,Valley Trim,3,2,d_valley,d Valley,,ps
architectural,37,Valley Trim,3,2,column_2,,,"22"""
architectural,37,Valley Trim,3,2,column_3,,,"10'-2"""
architectural,37,Valley Trim,3,2,column_4,,,"48"""
architectural,37,Valley Trim,3,2,column_5,,,39.71#
architectural,37,Valley Trim,3,2,column_6,,,v
architectural,37,Valley Trim,3,2,column_7,,,v
architectural,37,Valley Trim,3,2,column_8,,,v
architectural,37,Valley Trim,3,2,column_9,,,v
architectural,37,Valley Trim,3,3,d_valley,d Valley,,"2"""
architectural,37,Valley Trim,3,3,column_2,,,"22"""
architectural,37,Valley Trim,3,3,column_3,,,"14'-0"""
architectural,37,Valley Trim,3,3,column_4,,,"48"""
architectural,37,Valley Trim,3,3,column_5,,,54.68#
architectural,37,Valley Trim,3,3,column_6,,,v
architectural,37,Valley Trim,3,3,column_7,,,v
architectural,37,Valley Trim,3,3,column_8,,,v
architectural,37,Valley Trim,3,3,column_9,,,v
architectural,38,Panel Starter,0,0,part,PART #,DESCRIPTION,T-5111
architectural,38,Panel Starter,0,0,length,LENGTH,DESCRIPTION,"10'-2"""
architectural,38,Panel Starter,0,0,girth,GIRTH,DESCRIPTION,"3"""
architectural,38,Panel Starter,0,0,weight_per_each,"WEIGHT PER
EACH",DESCRIPTION,2. A8#
architectural,38,Panel Starter,0,0,galvalume_plus,"GALVALUME®
PLUS",PRICED PER EACH,✓
architectural,38,Panel Starter,0,0,signature_200,"SIGNATURE®
200",PRICED PER EACH,✓
architectural,38,Panel Starter,0,0,signature_300,"SIGNATURE®
300",PRICED PER EACH,✓
architectural,38,Panel Starter,0,0,signature_300_metallic,"SIGNATURE®
300 METALLIC",PRICED PER EACH,✓
architectural,38,Continuous Cleat,1,0,column_1,,,DESCRIPTION
architectural,38,Continuous Cleat,1,0,column_5,,,PRICED PER EACH
architectural,38,Continuous Cleat,1,1,column_1,,,PART #
architectural,38,Continuous Cleat,1,1,column_2,,,LENGTH
architectural,38,Continuous Cleat,1,1,column_3,,,GIRTH
architectural,38,Continuous Cleat,1,1,column_4,,,WEIGHT PER EACH
architectural,38,Continuous Cleat,1,1,column_5,,,ASSORTED COLORS
architectural,38,Continuous Cleat,1,2,column_1,,,T-5121
architectural,38,Continuous Cleat,1,2,column_2,,,"10'-2"""
architectural,38,Continuous Cleat,1,2,column_3,,,"3"""
architectural,38,Continuous Cleat,1,2,column_4,,,2 48#
architectural,38,Continuous Cleat,1,2,column_5,,,v
architectural,38,Offset Cleat,2,0,column_1,,,DESCRIPTION
architectural,38,Offset Cleat,2,0,column_5,,,PRICED PER EACH
architectural,38,Offset Cleat,2,1,column_1,,,PART #
architectural,38,Offset Cleat,2,1,column_2,,,LENGTH
architectural,38,Offset Cleat,2,1,column_3,,,GIRTH
architectural,38,Offset Cleat,2,1,column_4,,,WEIGHT PER EACH
architectural,38,Offset Cleat,2,1,column_5,,,ASSORTED COLORS
architectural,38,Offset Cleat,2,2,column_1,,,T-5131
architectural,38,Offset Cleat,2,2,column_2,,,"1 Q'-2"""
architectural,38,Offset Cleat,2,2,column_3,,,"3%"""
architectural,38,Offset Cleat,2,2,column_4,,,2.90#
architectural,38,Offset Cleat,2,2,column_5,,,v
architectural,38,Perforated Vent Drip,3,0,column_1,,,DESCRIPTION
architectural,38,Perforated Vent Drip,3,0,column_5,,,PRICED PER EACH
architectural,38,Perforated Vent Drip,3,1,column_1,,,PART #
architectural,38,Perforated Vent Drip,3,1,column_2,,,LENGTH
architectural,38,Perforated Vent Drip,3,1,column_3,,,GIRTH
architectural,38,Perforated Vent Drip,3,1,column_4,,,WEIGHT PER EACH
architectural,38,Perforated Vent Drip,3,1,column_5,,,GALVALUME® PLUS
architectural,38,Perforated Vent Drip,3,2,column_1,,,FL-254
architectural,38,Perforated Vent Drip,3,2,column_2,,,"10'-2"""
architectural,38,Perforated Vent Drip,3,2,column_3,,,"634"""
architectural,38,Perforated Vent Drip,3,2,column_4,,,5.58#
architectural,38,Perforated Vent Drip,3,2,column_5,,,v
architectural,39,Eave Trim,0,0,part,PART #,DESCRIPTION,T-5141
architectural,39,Eave Trim,0,0,dim_ba,"DIM ""BA""",DESCRIPTION,"4"""
architectural,39,Eave Trim,0,0,length,LENGTH,DESCRIPTION,"10'-2"""
architectural,39,Eave Trim,0,0,girth,GIRTH,DESCRIPTION,8
architectural,39,Eave Trim,0,0,weight_per_each,"WEIGHT PER
EACH",DESCRIPTION,7.144
architectural,39,Eave Trim,0,0,galvalume_plus,"GALVALUME®
PLUS",PRICED PER EACH,✓
architectural,39,Eave Trim,0,0,signature_200,"SIGNATURE®
200",PRICED PER EACH,✓
architectural,39,Eave Trim,0,0,signature_300,"SIGNATURE®
300",PRICED PER EACH,✓
architectural,39,Eave Trim,0,0,signature_300_metallic,"SIGNATURE®
300 METALLIC",PRICED PER EACH,✓
architectural,39,Eave Trim,0,1,part,PART #,DESCRIPTION,T-5142
architectural,39,Eave Trim,0,1,dim_ba,"DIM ""BA""",DESCRIPTION,"4"""
architectural,39,Eave Trim,0,1,length,LENGTH,DESCRIPTION,"20'-2"""
architectural,39,Eave Trim,0,1,girth,GIRTH,DESCRIPTION,"256"""
architectural,39,Eave Trim,0,1,weight_per_each,"WEIGHT PER
EACH",DESCRIPTION,14.15#
architectural,39,Eave Trim,0,1,galvalume_plus,"GALVALUME®
PLUS",PRICED PER EACH,✓
architectural,39,Eave Trim,0,1,signature_200,"SIGNATURE®
200",PRICED PER EACH,✓
architectural,39,Eave Trim,0,1,signature_300,"SIGNATURE®
300",PRICED PER EACH,✓
architectural,39,Eave Trim,0,1,signature_300_metallic,"SIGNATURE®
300 METALLIC",PRICED PER EACH,✓
architectural,39,Eave Trim,0,2,part,PART #,DESCRIPTION,T-5143
architectural,39,Eave Trim,0,2,dim_ba,"DIM ""BA""",DESCRIPTION,"3"""
architectural,39,Eave Trim,0,2,length,LENGTH,DESCRIPTION,"10'-2"""
architectural,39,Eave Trim,0,2,girth,GIRTH,DESCRIPTION,"754"""
architectural,39,Eave Trim,0,2,weight_per_each,"WEIGHT PER
EACH",DESCRIPTION,6.31#
architectural,39,Eave Trim,0,2,galvalume_plus,"GALVALUME®
PLUS",PRICED PER EACH,✓
architectural,39,Eave Trim,0,2,signature_200,"SIGNATURE®
200",PRICED PER EACH,✓
architectural,39,Eave Trim,0,2,signature_300,"SIGNATURE®
300",PRICED PER EACH,✓
architectural,39,Eave Trim,0,2,signature_300_metallic,"SIGNATURE®
300 METALLIC",PRICED PER EACH,✓
architectural,39,Eave Trim,0,3,part,PART #,DESCRIPTION,T-5144
architectural,39,Eave Trim,0,3,dim_ba,"DIM ""BA""",DESCRIPTION,"3"""
architectural,39,Eave Trim,0,3,length,LENGTH,DESCRIPTION,"20'-2"""
architectural,39,Eave Trim,0,3,girth,GIRTH,DESCRIPTION,"754"""
architectural,39,Eave Trim,0,3,weight_per_each,"WEIGHT PER
EACH",DESCRIPTION,12.51#
architectural,39,Eave Trim,0,3,galvalume_plus,"GALVALUME®
PLUS",PRICED PER EACH,✓
architectural,39,Eave Trim,0,3,signature_200,"SIGNATURE®
200",PRICED PER EACH,✓
architectural,39,Eave Trim,0,3,signature_300,"SIGNATURE®
300",PRICED PER EACH,✓
architectural,39,Eave Trim,0,3,signature_300_metallic,"SIGNATURE®
300 METALLIC",PRICED PER EACH,✓
architectural,39,Eave with Extended Drip Edge,1,0,part,PART #,DESCRIPTION,T-5151
architectural,39,Eave with Extended Drip Edge,1,0,length,LENGTH,DESCRIPTION,"10'-2"""
architectural,39,Eave with Extended Drip Edge,1,0,girth,GIRTH,DESCRIPTION,"O56"""
architectural,39,Eave with Extended Drip Edge,1,0,weight_per_each,"WEIGHT PER
EACH",DESCRIPTION,7. I0#
architectural,39,Eave with Extended Drip Edge,1,0,galvalume_plus,"GALVALUME®
PLUS",PRICED PER EACH,✓
architectural,39,Eave with Extended Drip Edge,1,0,signature_200,"SIGNATURE®
200",PRICED PER EACH,✓
architectural,39,Eave with Extended Drip Edge,1,0,signature_300,"SIGNATURE®
300",PRICED PER EACH,✓
architectural,39,Eave with Extended Drip Edge,1,0,signature_300_metallic,"SIGNATURE®
300 METALLIC",PRICED PER EACH,✓
architectural,39,Eave with Extended Drip Edge,2,0,part,PART #,DESCRIPTION,T-5152A
architectural,39,Eave with Extended Drip Edge,2,0,length,LENGTH,DESCRIPTION,"10'-2"""
architectural,39,Eave with Extended Drip Edge,2,0,girth,GIRTH,DESCRIPTION,"5"""
architectural,39,Eave with Extended Drip Edge,2,0,weight_per_each,"WEIGHT PER
EACH",DESCRIPTION,4.144
architectural,39,Eave with Extended Drip Edge,2,0,galvalume_plus,"GALVALUME®
PLUS",PRICED PER EACH,✓
architectural,39,Eave with Extended Drip Edge,2,0,signature_200,"SIGNATURE®
200",PRICED PER EACH,✓
architectural,39,Eave with Extended Drip Edge,2,0,signature_300,"SIGNATURE®
300",PRICED PER EACH,✓
architectural,39,Eave with Extended Drip Edge,2,0,signature_300_metallic,"SIGNATURE®
300 METALLIC",PRICED PER EACH,✓
architectural,39,Eave with Extended Drip Edge,2,1,part,PART #,DESCRIPTION,T-5152B
architectural,39,Eave with Extended Drip Edge,2,1,length,LENGTH,DESCRIPTION,"10'-2"""
architectural,39,Eave with Extended Drip Edge,2,1,girth,GIRTH,DESCRIPTION,"53,4"""
architectural,39,Eave with Extended Drip Edge,2,1,weight_per_each,"WEIGHT PER
EACH",DESCRIPTION,4.A5#
architectural,39,Eave with Extended Drip Edge,2,1,galvalume_plus,"GALVALUME®
PLUS",PRICED PER EACH,✓
architectural,39,Eave with Extended Drip Edge,2,1,signature_200,"SIGNATURE®
200",PRICED PER EACH,✓
architectural,39,Eave with Extended Drip Edge,2,1,signature_300,"SIGNATURE®
300",PRICED PER EACH,✓
architectural,39,Eave with Extended Drip Edge,2,1,signature_300_metallic,"SIGNATURE®
300 METALLIC",PRICED PER EACH,✓
architectural,40,Eave to Fascia Transition,0,0,part,PART #,DESCRIPTION,T-5161
architectural,40,Eave to Fascia Transition,0,0,length,LENGTH,DESCRIPTION,"10'-2"""
architectural,40,Eave to Fascia Transition,0,0,girth,GIRTH,DESCRIPTION,"11"""
architectural,40,Eave to Fascia Transition,0,0,weight_per_each,"WEIGHT PER
EACH",DESCRIPTION,9.1 O#
architectural,40,Eave to Fascia Transition,0,0,galvalume_plus,"GALVALUME®
PLUS",PRICED PER EACH,✓
architectural,40,Eave to Fascia Transition,0,0,signature_200,"SIGNATURE®
200",PRICED PER EACH,✓
architectural,40,Eave to Fascia Transition,0,0,signature_300,"SIGNATURE®
300",PRICED PER EACH,✓
architectural,40,Eave to Fascia Transition,0,0,signature_300_metallic,"SIGNATURE®
300 METALLIC",PRICED PER EACH,✓
architectural,40,Eave to Fascia Transition,0,1,part,PART #,DESCRIPTION,T-5162
architectural,40,Eave to Fascia Transition,0,1,length,LENGTH,DESCRIPTION,"20'-2"""
architectural,40,Eave to Fascia Transition,0,1,girth,GIRTH,DESCRIPTION,"11"""
architectural,40,Eave to Fascia Transition,0,1,weight_per_each,"WEIGHT PER
EACH",DESCRIPTION,18.05#
architectural,40,Eave to Fascia Transition,0,1,galvalume_plus,"GALVALUME®
PLUS",PRICED PER EACH,✓
architectural,40,Eave to Fascia Transition,0,1,signature_200,"SIGNATURE®
200",PRICED PER EACH,✓
architectural,40,Eave to Fascia Transition,0,1,signature_300,"SIGNATURE®
300",PRICED PER EACH,✓
architectural,40,Eave to Fascia Transition,0,1,signature_300_metallic,"SIGNATURE®
300 METALLIC",PRICED PER EACH,✓
architectural,40,Roof to Fascia/Sill Sash,1,0,part,PART #,DESCRIPTION,T-5171
architectural,40,Roof to Fascia/Sill Sash,1,0,length,LENGTH,DESCRIPTION,"10'-2"""
architectural,40,Roof to Fascia/Sill Sash,1,0,girth,GIRTH,DESCRIPTION,"9"""
architectural,40,Roof to Fascia/Sill Sash,1,0,weight_per_each,"WEIGHT PER
EACH",DESCRIPTION,7 AS#
architectural,40,Roof to Fascia/Sill Sash,1,0,galvalume_plus,"GALVALUME®
PLUS",PRICED PER EACH,✓
architectural,40,Roof to Fascia/Sill Sash,1,0,signature_200,"SIGNATURE®
200",PRICED PER EACH,✓
architectural,40,Roof to Fascia/Sill Sash,1,0,signature_300,"SIGNATURE®
300",PRICED PER EACH,✓
architectural,40,Roof to Fascia/Sill Sash,1,0,signature_300_metallic,"SIGNATURE®
300 METALLIC",PRICED PER EACH,✓
architectural,40,Roof to Fascia/Sill Sash,1,1,part,PART #,DESCRIPTION,T-5172
architectural,40,Roof to Fascia/Sill Sash,1,1,length,LENGTH,DESCRIPTION,"20'-2"""
architectural,40,Roof to Fascia/Sill Sash,1,1,girth,GIRTH,DESCRIPTION,"9"""
architectural,40,Roof to Fascia/Sill Sash,1,1,weight_per_each,"WEIGHT PER
EACH",DESCRIPTION,14.77#
architectural,40,Roof to Fascia/Sill Sash,1,1,galvalume_plus,"GALVALUME®
PLUS",PRICED PER EACH,✓
architectural,40,Roof to Fascia/Sill Sash,1,1,signature_200,"SIGNATURE®
200",PRICED PER EACH,✓
architectural,40,Roof to Fascia/Sill Sash,1,1,signature_300,"SIGNATURE®
300",PRICED PER EACH,✓
architectural,40,Roof to Fascia/Sill Sash,1,1,signature_300_metallic,"SIGNATURE®
300 METALLIC",PRICED PER EACH,✓
architectural,40,Sill/Head Sash,2,0,part,PART #,DESCRIPTION,T-5181
architectural,40,Sill/Head Sash,2,0,dim_a,"DIM ""A""",DESCRIPTION,"1%"""
architectural,40,Sill/Head Sash,2,0,length,LENGTH,DESCRIPTION,"10'-2"""
architectural,40,Sill/Head Sash,2,0,girth,GIRTH,DESCRIPTION,Va
architectural,40,Sill/Head Sash,2,0,weight_per_each,"WEIGHT PER
EACH",DESCRIPTION,5./9#
architectural,40,Sill/Head Sash,2,0,galvalume_plus,"GALVALUME®
PLUS",PRICED PER EACH,✓
architectural,40,Sill/Head Sash,2,0,signature_200,"SIGNATURE®
200",PRICED PER EACH,✓
architectural,40,Sill/Head Sash,2,0,signature_300,"SIGNATURE®
300",PRICED PER EACH,✓
architectural,40,Sill/Head Sash,2,0,signature_300_metallic,"SIGNATURE®
300 METALLIC",PRICED PER EACH,✓
architectural,40,Sill/Head Sash,2,1,part,PART #,DESCRIPTION,T-5182
architectural,40,Sill/Head Sash,2,1,dim_a,"DIM ""A""",DESCRIPTION,"1%"""
architectural,40,Sill/Head Sash,2,1,length,LENGTH,DESCRIPTION,"20'-2"""
architectural,40,Sill/Head Sash,2,1,girth,GIRTH,DESCRIPTION,Via
architectural,40,Sill/Head Sash,2,1,weight_per_each,"WEIGHT PER
EACH",DESCRIPTION,11.49#
architectural,40,Sill/Head Sash,2,1,galvalume_plus,"GALVALUME®
PLUS",PRICED PER EACH,✓
architectural,40,Sill/Head Sash,2,1,signature_200,"SIGNATURE®
200",PRICED PER EACH,✓
architectural,40,Sill/Head Sash,2,1,signature_300,"SIGNATURE®
300",PRICED PER EACH,✓
architectural,40,Sill/Head Sash,2,1,signature_300_metallic,"SIGNATURE®
300 METALLIC",PRICED PER EACH,✓
architectural,40,Sill/Head Sash,2,2,part,PART #,DESCRIPTION,T-5183
architectural,40,Sill/Head Sash,2,2,dim_a,"DIM ""A""",DESCRIPTION,"2%"""
architectural,40,Sill/Head Sash,2,2,length,LENGTH,DESCRIPTION,"10'-2"""
architectural,40,Sill/Head Sash,2,2,girth,GIRTH,DESCRIPTION,"Q"""
architectural,40,Sill/Head Sash,2,2,weight_per_each,"WEIGHT PER
EACH",DESCRIPTION,7 AS#
architectural,40,Sill/Head Sash,2,2,galvalume_plus,"GALVALUME®
PLUS",PRICED PER EACH,✓
architectural,40,Sill/Head Sash,2,2,signature_200,"SIGNATURE®
200",PRICED PER EACH,✓
architectural,40,Sill/Head Sash,2,2,signature_300,"SIGNATURE®
300",PRICED PER EACH,✓
architectural,40,Sill/Head Sash,2,2,signature_300_metallic,"SIGNATURE®
300 METALLIC",PRICED PER EACH,✓
architectural,40,Sill/Head Sash,2,3,part,PART #,DESCRIPTION,T-5184
architectural,40,Sill/Head Sash,2,3,dim_a,"DIM ""A""",DESCRIPTION,AL
architectural,40,Sill/Head Sash,2,3,length,LENGTH,DESCRIPTION,"20'-2"""
architectural,40,Sill/Head Sash,2,3,girth,GIRTH,DESCRIPTION,"Qo"""
architectural,40,Sill/Head Sash,2,3,weight_per_each,"WEIGHT PER
EACH",DESCRIPTION,14.77#
architectural,40,Sill/Head Sash,2,3,galvalume_plus,"GALVALUME®
PLUS",PRICED PER EACH,✓
architectural,40,Sill/Head Sash,2,3,signature_200,"SIGNATURE®
200",PRICED PER EACH,✓
architectural,40,Sill/Head Sash,2,3,signature_300,"SIGNATURE®
300",PRICED PER EACH,✓
architectural,40,Sill/Head Sash,2,3,signature_300_metallic,"SIGNATURE®
300 METALLIC",PRICED PER EACH,✓
architectural,41,Sill with Soffit,0,0,part,PART #,DESCRIPTION,T-5191
architectural,41,Sill with Soffit,0,0,dim_a,"DIM ""A""",DESCRIPTION,"1%"""
architectural,41,Sill with Soffit,0,0,dim_b,"DIM ""B""",DESCRIPTION,"33,4"""
architectural,41,Sill with Soffit,0,0,length,LENGTH,DESCRIPTION,"10'-2"""
architectural,41,Sill with Soffit,0,0,girth,GIRTH,DESCRIPTION,"Qo"""
architectural,41,Sill with Soffit,0,0,weight_per_each,"WEIGHT
PER EACH",DESCRIPTION,7 AS#
architectural,41,Sill with Soffit,0,0,galvalume_plus,"GALVALUME®
PLUS",PRICED PER EACH,✓
architectural,41,Sill with Soffit,0,0,signature_200,"SIGNATURE®
200",PRICED PER EACH,✓
architectural,41,Sill with Soffit,0,0,signature_300,"SIGNATURE®
300",PRICED PER EACH,✓
architectural,41,Sill with Soffit,0,0,signature_300_metallic,"SIGNATURE®
300 METALLIC",PRICED PER EACH,✓
architectural,41,Sill with Soffit,0,1,part,PART #,DESCRIPTION,T-5193
architectural,41,Sill with Soffit,0,1,dim_a,"DIM ""A""",DESCRIPTION,"2%"""
architectural,41,Sill with Soffit,0,1,dim_b,"DIM ""B""",DESCRIPTION,"434"""
architectural,41,Sill with Soffit,0,1,length,LENGTH,DESCRIPTION,"10'-2"""
architectural,41,Sill with Soffit,0,1,girth,GIRTH,DESCRIPTION,"qq"""
architectural,41,Sill with Soffit,0,1,weight_per_each,"WEIGHT
PER EACH",DESCRIPTION,9.10#
architectural,41,Sill with Soffit,0,1,galvalume_plus,"GALVALUME®
PLUS",PRICED PER EACH,✓
architectural,41,Sill with Soffit,0,1,signature_200,"SIGNATURE®
200",PRICED PER EACH,✓
architectural,41,Sill with Soffit,0,1,signature_300,"SIGNATURE®
300",PRICED PER EACH,✓
architectural,41,Sill with Soffit,0,1,signature_300_metallic,"SIGNATURE®
300 METALLIC",PRICED PER EACH,✓
architectural,41,Box Sill with Soffit,1,0,part,PART #,DESCRIPTION,T-5201
architectural,41,Box Sill with Soffit,1,0,dim_a,"DIM ""A""",DESCRIPTION,"1%"""
architectural,41,Box Sill with Soffit,1,0,dim_b,"DIM ""B""",DESCRIPTION,"33,"""
architectural,41,Box Sill with Soffit,1,0,length,LENGTH,DESCRIPTION,"10'-2"""
architectural,41,Box Sill with Soffit,1,0,girth,GIRTH,DESCRIPTION,"41"""
architectural,41,Box Sill with Soffit,1,0,weight_per_each,"WEIGHT
PER EACH",DESCRIPTION,9.10#
architectural,41,Box Sill with Soffit,1,0,galvalume_plus,"GALVALUME®
PLUS",PRICED PER EACH,✓
architectural,41,Box Sill with Soffit,1,0,signature_200,"SIGNATURE®
200",PRICED PER EACH,✓
architectural,41,Box Sill with Soffit,1,0,signature_300,"SIGNATURE®
300",PRICED PER EACH,✓
architectural,41,Box Sill with Soffit,1,0,signature_300_metallic,"SIGNATURE®
300 METALLIC",PRICED PER EACH,✓
architectural,41,Box Sill with Soffit,1,1,part,PART #,DESCRIPTION,T-5202
architectural,41,Box Sill with Soffit,1,1,dim_a,"DIM ""A""",DESCRIPTION,"1%"""
architectural,41,Box Sill with Soffit,1,1,dim_b,"DIM ""B""",DESCRIPTION,"334"""
architectural,41,Box Sill with Soffit,1,1,length,LENGTH,DESCRIPTION,"20'-2"""
architectural,41,Box Sill with Soffit,1,1,girth,GIRTH,DESCRIPTION,"41"""
architectural,41,Box Sill with Soffit,1,1,weight_per_each,"WEIGHT
PER EACH",DESCRIPTION,18.05#
architectural,41,Box Sill with Soffit,1,1,galvalume_plus,"GALVALUME®
PLUS",PRICED PER EACH,✓
architectural,41,Box Sill with Soffit,1,1,signature_200,"SIGNATURE®
200",PRICED PER EACH,✓
architectural,41,Box Sill with Soffit,1,1,signature_300,"SIGNATURE®
300",PRICED PER EACH,✓
architectural,41,Box Sill with Soffit,1,1,signature_300_metallic,"SIGNATURE®
300 METALLIC",PRICED PER EACH,✓
architectural,41,Box Sill with Soffit,1,2,part,PART #,DESCRIPTION,T-5203
architectural,41,Box Sill with Soffit,1,2,dim_a,"DIM ""A""",DESCRIPTION,"2%"""
architectural,41,Box Sill with Soffit,1,2,dim_b,"DIM ""B""",DESCRIPTION,"434"""
architectural,41,Box Sill with Soffit,1,2,length,LENGTH,DESCRIPTION,"10'-2"""
architectural,41,Box Sill with Soffit,1,2,girth,GIRTH,DESCRIPTION,"43"""
architectural,41,Box Sill with Soffit,1,2,weight_per_each,"WEIGHT
PER EACH",DESCRIPTION,10.75#
architectural,41,Box Sill with Soffit,1,2,galvalume_plus,"GALVALUME®
PLUS",PRICED PER EACH,✓
architectural,41,Box Sill with Soffit,1,2,signature_200,"SIGNATURE®
200",PRICED PER EACH,✓
architectural,41,Box Sill with Soffit,1,2,signature_300,"SIGNATURE®
300",PRICED PER EACH,✓
architectural,41,Box Sill with Soffit,1,2,signature_300_metallic,"SIGNATURE®
300 METALLIC",PRICED PER EACH,✓
architectural,41,Box Sill with Soffit,1,3,part,PART #,DESCRIPTION,T-5204
architectural,41,Box Sill with Soffit,1,3,dim_a,"DIM ""A""",DESCRIPTION,"2%"""
architectural,41,Box Sill with Soffit,1,3,dim_b,"DIM ""B""",DESCRIPTION,"434"""
architectural,41,Box Sill with Soffit,1,3,length,LENGTH,DESCRIPTION,"20'-2"""
architectural,41,Box Sill with Soffit,1,3,girth,GIRTH,DESCRIPTION,"43"""
architectural,41,Box Sill with Soffit,1,3,weight_per_each,"WEIGHT
PER EACH",DESCRIPTION,21.334
architectural,41,Box Sill with Soffit,1,3,galvalume_plus,"GALVALUME®
PLUS",PRICED PER EACH,✓
architectural,41,Box Sill with Soffit,1,3,signature_200,"SIGNATURE®
200",PRICED PER EACH,✓
architectural,41,Box Sill with Soffit,1,3,signature_300,"SIGNATURE®
300",PRICED PER EACH,✓
architectural,41,Box Sill with Soffit,1,3,signature_300_metallic,"SIGNATURE®
300 METALLIC",PRICED PER EACH,✓
architectural,41,Parapet High Side Eave Flash - Fixed,2,0,part,PART #,DESCRIPTION,T-5211
architectural,41,Parapet High Side Eave Flash - Fixed,2,0,dim_a,"DIM ""A""",DESCRIPTION,"4x2"""
architectural,41,Parapet High Side Eave Flash - Fixed,2,0,length,LENGTH,DESCRIPTION,"10'-2"""
architectural,41,Parapet High Side Eave Flash - Fixed,2,0,girth,GIRTH,DESCRIPTION,"Q"""
architectural,41,Parapet High Side Eave Flash - Fixed,2,0,weight_per_each,"WEIGHT PER
EACH",DESCRIPTION,75#
architectural,41,Parapet High Side Eave Flash - Fixed,2,0,galvalume_plus,"GALVALUME®
PLUS",PRICED PER EACH,✓
architectural,41,Parapet High Side Eave Flash - Fixed,2,0,signature_200,"SIGNATURE®
200",PRICED PER EACH,✓
architectural,41,Parapet High Side Eave Flash - Fixed,2,0,signature_300,"SIGNATURE®
300",PRICED PER EACH,✓
architectural,41,Parapet High Side Eave Flash - Fixed,2,0,signature_300_metallic,"SIGNATURE®
300 METALLIC",PRICED PER EACH,✓
architectural,41,Parapet High Side Eave Flash - Fixed,2,1,part,PART #,DESCRIPTION,T-5212
architectural,41,Parapet High Side Eave Flash - Fixed,2,1,dim_a,"DIM ""A""",DESCRIPTION,"4x2"""
architectural,41,Parapet High Side Eave Flash - Fixed,2,1,length,LENGTH,DESCRIPTION,"20'-2"""
architectural,41,Parapet High Side Eave Flash - Fixed,2,1,girth,GIRTH,DESCRIPTION,"Qo"""
architectural,41,Parapet High Side Eave Flash - Fixed,2,1,weight_per_each,"WEIGHT PER
EACH",DESCRIPTION,14.77#
architectural,41,Parapet High Side Eave Flash - Fixed,2,1,galvalume_plus,"GALVALUME®
PLUS",PRICED PER EACH,✓
architectural,41,Parapet High Side Eave Flash - Fixed,2,1,signature_200,"SIGNATURE®
200",PRICED PER EACH,✓
architectural,41,Parapet High Side Eave Flash - Fixed,2,1,signature_300,"SIGNATURE®
300",PRICED PER EACH,✓
architectural,41,Parapet High Side Eave Flash - Fixed,2,1,signature_300_metallic,"SIGNATURE®
300 METALLIC",PRICED PER EACH,✓
architectural,41,Parapet High Side Eave Flash - Fixed,2,2,part,PART #,DESCRIPTION,T-5213
architectural,41,Parapet High Side Eave Flash - Fixed,2,2,dim_a,"DIM ""A""",DESCRIPTION,"5 V5"""
architectural,41,Parapet High Side Eave Flash - Fixed,2,2,length,LENGTH,DESCRIPTION,"10'-2"""
architectural,41,Parapet High Side Eave Flash - Fixed,2,2,girth,GIRTH,DESCRIPTION,"10"""
architectural,41,Parapet High Side Eave Flash - Fixed,2,2,weight_per_each,"WEIGHT PER
EACH",DESCRIPTION,8.27#
architectural,41,Parapet High Side Eave Flash - Fixed,2,2,galvalume_plus,"GALVALUME®
PLUS",PRICED PER EACH,✓
architectural,41,Parapet High Side Eave Flash - Fixed,2,2,signature_200,"SIGNATURE®
200",PRICED PER EACH,✓
architectural,41,Parapet High Side Eave Flash - Fixed,2,2,signature_300,"SIGNATURE®
300",PRICED PER EACH,✓
architectural,41,Parapet High Side Eave Flash - Fixed,2,2,signature_300_metallic,"SIGNATURE®
300 METALLIC",PRICED PER EACH,✓
architectural,41,Parapet High Side Eave Flash - Fixed,2,3,part,PART #,DESCRIPTION,T-5214
architectural,41,Parapet High Side Eave Flash - Fixed,2,3,dim_a,"DIM ""A""",DESCRIPTION,"5 V5"""
architectural,41,Parapet High Side Eave Flash - Fixed,2,3,length,LENGTH,DESCRIPTION,"20'-2"""
architectural,41,Parapet High Side Eave Flash - Fixed,2,3,girth,GIRTH,DESCRIPTION,"10"""
architectural,41,Parapet High Side Eave Flash - Fixed,2,3,weight_per_each,"WEIGHT PER
EACH",DESCRIPTION,16.41#
architectural,41,Parapet High Side Eave Flash - Fixed,2,3,galvalume_plus,"GALVALUME®
PLUS",PRICED PER EACH,✓
architectural,41,Parapet High Side Eave Flash - Fixed,2,3,signature_200,"SIGNATURE®
200",PRICED PER EACH,✓
architectural,41,Parapet High Side Eave Flash - Fixed,2,3,signature_300,"SIGNATURE®
300",PRICED PER EACH,✓
architectural,41,Parapet High Side Eave Flash - Fixed,2,3,signature_300_metallic,"SIGNATURE®
300 METALLIC",PRICED PER EACH,✓
architectural,42,Parapet High Side Eave Flash - Floating,0,0,part,PART #,DESCRIPTION,T-5215
architectural,42,Parapet High Side Eave Flash - Floating,0,0,length,LENGTH,DESCRIPTION,"10'-2"""
architectural,42,Parapet High Side Eave Flash - Floating,0,0,girth,GIRTH,DESCRIPTION,"13"""
architectural,42,Parapet High Side Eave Flash - Floating,0,0,weight_per_each,"WEIGHT PER
EACH",DESCRIPTION,10.75#
architectural,42,Parapet High Side Eave Flash - Floating,0,0,galvalume_plus,"GALVALUME®
PLUS",PRICED PER EACH,✓
architectural,42,Parapet High Side Eave Flash - Floating,0,0,signature_200,"SIGNATURE®
200",PRICED PER EACH,✓
architectural,42,Parapet High Side Eave Flash - Floating,0,0,signature_300,"SIGNATURE®
300",PRICED PER EACH,✓
architectural,42,Parapet High Side Eave Flash - Floating,0,0,signature_300_metallic,"SIGNATURE®
300 METALLIC",PRICED PER EACH,✓
architectural,42,Parapet High Side Eave Flash - Floating,0,1,part,PART #,DESCRIPTION,T-5216
architectural,42,Parapet High Side Eave Flash - Floating,0,1,length,LENGTH,DESCRIPTION,"20'-2"""
architectural,42,Parapet High Side Eave Flash - Floating,0,1,girth,GIRTH,DESCRIPTION,"43"""
architectural,42,Parapet High Side Eave Flash - Floating,0,1,weight_per_each,"WEIGHT PER
EACH",DESCRIPTION,21.334
architectural,42,Parapet High Side Eave Flash - Floating,0,1,galvalume_plus,"GALVALUME®
PLUS",PRICED PER EACH,✓
architectural,42,Parapet High Side Eave Flash - Floating,0,1,signature_200,"SIGNATURE®
200",PRICED PER EACH,✓
architectural,42,Parapet High Side Eave Flash - Floating,0,1,signature_300,"SIGNATURE®
300",PRICED PER EACH,✓
architectural,42,Parapet High Side Eave Flash - Floating,0,1,signature_300_metallic,"SIGNATURE®
300 METALLIC",PRICED PER EACH,✓
architectural,42,Parapet Rake Flash,1,0,part,PART #,DESCRIPTION,T-5217
architectural,42,Parapet Rake Flash,1,0,length,LENGTH,DESCRIPTION,"10'-2"""
architectural,42,Parapet Rake Flash,1,0,girth,GIRTH,DESCRIPTION,"O1A"""
architectural,42,Parapet Rake Flash,1,0,weight_per_each,"WEIGHT PER
EACH",DESCRIPTION,7.054
architectural,42,Parapet Rake Flash,1,0,galvalume_plus,"GALVALUME®
PLUS",PRICED PER EACH,✓
architectural,42,Parapet Rake Flash,1,0,signature_200,"SIGNATURE®
200",PRICED PER EACH,✓
architectural,42,Parapet Rake Flash,1,0,signature_300,"SIGNATURE®
300",PRICED PER EACH,✓
architectural,42,Parapet Rake Flash,1,0,signature_300_metallic,"SIGNATURE®
300 METALLIC",PRICED PER EACH,✓
architectural,42,Parapet Rake Flash,1,1,part,PART #,DESCRIPTION,T-5218
architectural,42,Parapet Rake Flash,1,1,length,LENGTH,DESCRIPTION,"20'-2"""
architectural,42,Parapet Rake Flash,1,1,girth,GIRTH,DESCRIPTION,"9%"""
architectural,42,Parapet Rake Flash,1,1,weight_per_each,"WEIGHT PER
EACH",DESCRIPTION,15.18#
architectural,42,Parapet Rake Flash,1,1,galvalume_plus,"GALVALUME®
PLUS",PRICED PER EACH,✓
architectural,42,Parapet Rake Flash,1,1,signature_200,"SIGNATURE®
200",PRICED PER EACH,✓
architectural,42,Parapet Rake Flash,1,1,signature_300,"SIGNATURE®
300",PRICED PER EACH,✓
architectural,42,Parapet Rake Flash,1,1,signature_300_metallic,"SIGNATURE®
300 METALLIC",PRICED PER EACH,✓
architectural,42,Parapet Rake Cleat,2,0,part,PART #,DESCRIPTION,T-5219
architectural,42,Parapet Rake Cleat,2,0,length,LENGTH,DESCRIPTION,"10'-2"""
architectural,42,Parapet Rake Cleat,2,0,girth,GIRTH,DESCRIPTION,"2%"""
architectural,42,Parapet Rake Cleat,2,0,weight_per_each,"WEIGHT PER
EACH",DESCRIPTION,2.07#
architectural,42,Parapet Rake Cleat,2,0,galvalume_plus,"GALVALUME®
PLUS",PRICED PER EACH,✓
architectural,42,Parapet Rake Cleat,2,0,signature_200,"SIGNATURE®
200",PRICED PER EACH,✓
architectural,42,Parapet Rake Cleat,2,0,signature_300,"SIGNATURE®
300",PRICED PER EACH,✓
architectural,42,Parapet Rake Cleat,2,0,signature_300_metallic,"SIGNATURE®
300 METALLIC",PRICED PER EACH,✓
architectural,43,Counterflash,0,0,part,PART #,DESCRIPTION,T-5225
architectural,43,Counterflash,0,0,length,LENGTH,DESCRIPTION,"10'-2"""
architectural,43,Counterflash,0,0,girth,GIRTH,DESCRIPTION,"Ay"""
architectural,43,Counterflash,0,0,weight_per_each,"WEIGHT PER
EACH",DESCRIPTION,3.724
architectural,43,Counterflash,0,0,galvalume_plus,"GALVALUME®
PLUS",PRICED PER EACH,✓
architectural,43,Counterflash,0,0,signature_200,"SIGNATURE®
200",PRICED PER EACH,✓
architectural,43,Counterflash,0,0,signature_300,"SIGNATURE®
300",PRICED PER EACH,✓
architectural,43,Counterflash,0,0,signature_300_metallic,"SIGNATURE®
300 METALLIC",PRICED PER EACH,✓
architectural,43,Counterflash,0,1,part,PART #,DESCRIPTION,T-5226
architectural,43,Counterflash,0,1,length,LENGTH,DESCRIPTION,"1 4'-0"""
architectural,43,Counterflash,0,1,girth,GIRTH,DESCRIPTION,"AY2"""
architectural,43,Counterflash,0,1,weight_per_each,"WEIGHT PER
EACH",DESCRIPTION,7 38#
architectural,43,Counterflash,0,1,galvalume_plus,"GALVALUME®
PLUS",PRICED PER EACH,✓
architectural,43,Counterflash,0,1,signature_200,"SIGNATURE®
200",PRICED PER EACH,✓
architectural,43,Counterflash,0,1,signature_300,"SIGNATURE®
300",PRICED PER EACH,✓
architectural,43,Counterflash,0,1,signature_300_metallic,"SIGNATURE®
300 METALLIC",PRICED PER EACH,✓
architectural,43,Alternate Counterflash,1,0,part,PART #,DESCRIPTION,T-5221
architectural,43,Alternate Counterflash,1,0,length,LENGTH,DESCRIPTION,"10'-2"""
architectural,43,Alternate Counterflash,1,0,girth,GIRTH,DESCRIPTION,"A4Y2"""
architectural,43,Alternate Counterflash,1,0,weight_per_each,"WEIGHT PER
EACH",DESCRIPTION,3.724
architectural,43,Alternate Counterflash,1,0,galvalume_plus,"GALVALUME®
PLUS",PRICED PER EACH,✓
architectural,43,Alternate Counterflash,1,0,signature_200,"SIGNATURE®
200",PRICED PER EACH,✓
architectural,43,Alternate Counterflash,1,0,signature_300,"SIGNATURE®
300",PRICED PER EACH,✓
architectural,43,Alternate Counterflash,1,0,signature_300_metallic,"SIGNATURE®
300 METALLIC",PRICED PER EACH,✓
architectural,43,Alternate Counterflash,1,1,part,PART #,DESCRIPTION,T-5222
architectural,43,Alternate Counterflash,1,1,length,LENGTH,DESCRIPTION,"14'-0"""
architectural,43,Alternate Counterflash,1,1,girth,GIRTH,DESCRIPTION,"Ay"""
architectural,43,Alternate Counterflash,1,1,weight_per_each,"WEIGHT PER
EACH",DESCRIPTION,7 384
architectural,43,Alternate Counterflash,1,1,galvalume_plus,"GALVALUME®
PLUS",PRICED PER EACH,✓
architectural,43,Alternate Counterflash,1,1,signature_200,"SIGNATURE®
200",PRICED PER EACH,✓
architectural,43,Alternate Counterflash,1,1,signature_300,"SIGNATURE®
300",PRICED PER EACH,✓
architectural,43,Alternate Counterflash,1,1,signature_300_metallic,"SIGNATURE®
300 METALLIC",PRICED PER EACH,✓
architectural,43,Box Rake,2,0,part,PART #,DESCRIPTION,T-5231
architectural,43,Box Rake,2,0,dim_ph,"DIM ""ph""",DESCRIPTION,"4"""
architectural,43,Box Rake,2,0,dim_b,"DIM ""B""",DESCRIPTION,"3"""
architectural,43,Box Rake,2,0,length,LENGTH,DESCRIPTION,"10'-2"""
architectural,43,Box Rake,2,0,girth,GIRTH,DESCRIPTION,"854"""
architectural,43,Box Rake,2,0,weight_per_each,"WEIGHT
PER EACH",DESCRIPTION,7144
architectural,43,Box Rake,2,0,galvalume_plus,"GALVALUME®
PLUS",PRICED PER EACH,✓
architectural,43,Box Rake,2,0,signature_200,"SIGNATURE®
200",PRICED PER EACH,✓
architectural,43,Box Rake,2,0,signature_300,"SIGNATURE®
300",PRICED PER EACH,✓
architectural,43,Box Rake,2,0,signature_300_metallic,"SIGNATURE®
300 METALLIC",PRICED PER EACH,✓
architectural,43,Box Rake,2,1,part,PART #,DESCRIPTION,T-5232
architectural,43,Box Rake,2,1,dim_ph,"DIM ""ph""",DESCRIPTION,"4"""
architectural,43,Box Rake,2,1,dim_b,"DIM ""B""",DESCRIPTION,"3"""
architectural,43,Box Rake,2,1,length,LENGTH,DESCRIPTION,"20'-2"""
architectural,43,Box Rake,2,1,girth,GIRTH,DESCRIPTION,"B54"""
architectural,43,Box Rake,2,1,weight_per_each,"WEIGHT
PER EACH",DESCRIPTION,14.15#
architectural,43,Box Rake,2,1,galvalume_plus,"GALVALUME®
PLUS",PRICED PER EACH,✓
architectural,43,Box Rake,2,1,signature_200,"SIGNATURE®
200",PRICED PER EACH,✓
architectural,43,Box Rake,2,1,signature_300,"SIGNATURE®
300",PRICED PER EACH,✓
architectural,43,Box Rake,2,1,signature_300_metallic,"SIGNATURE®
300 METALLIC",PRICED PER EACH,✓
architectural,43,Box Rake,2,2,part,PART #,DESCRIPTION,T-5233
architectural,43,Box Rake,2,2,dim_ph,"DIM ""ph""",DESCRIPTION,"5"""
architectural,43,Box Rake,2,2,dim_b,"DIM ""B""",DESCRIPTION,"3"""
architectural,43,Box Rake,2,2,length,LENGTH,DESCRIPTION,"10'-2"""
architectural,43,Box Rake,2,2,girth,GIRTH,DESCRIPTION,"954"""
architectural,43,Box Rake,2,2,weight_per_each,"WEIGHT
PER EACH",DESCRIPTION,7.904
architectural,43,Box Rake,2,2,galvalume_plus,"GALVALUME®
PLUS",PRICED PER EACH,✓
architectural,43,Box Rake,2,2,signature_200,"SIGNATURE®
200",PRICED PER EACH,✓
architectural,43,Box Rake,2,2,signature_300,"SIGNATURE®
300",PRICED PER EACH,✓
architectural,43,Box Rake,2,2,signature_300_metallic,"SIGNATURE®
300 METALLIC",PRICED PER EACH,✓
architectural,43,Box Rake,2,3,part,PART #,DESCRIPTION,T-5234
architectural,43,Box Rake,2,3,dim_ph,"DIM ""ph""",DESCRIPTION,"5"""
architectural,43,Box Rake,2,3,dim_b,"DIM ""B""",DESCRIPTION,"3"""
architectural,43,Box Rake,2,3,length,LENGTH,DESCRIPTION,"20'-2"""
architectural,43,Box Rake,2,3,girth,GIRTH,DESCRIPTION,"95g"""
architectural,43,Box Rake,2,3,weight_per_each,"WEIGHT
PER EACH",DESCRIPTION,15.79#
architectural,43,Box Rake,2,3,galvalume_plus,"GALVALUME®
PLUS",PRICED PER EACH,✓
architectural,43,Box Rake,2,3,signature_200,"SIGNATURE®
200",PRICED PER EACH,✓
architectural,43,Box Rake,2,3,signature_300,"SIGNATURE®
300",PRICED PER EACH,✓
architectural,43,Box Rake,2,3,signature_300_metallic,"SIGNATURE®
300 METALLIC",PRICED PER EACH,✓
architectural,43,Box Rake,2,4,part,PART #,DESCRIPTION,T-5235
architectural,43,Box Rake,2,4,dim_ph,"DIM ""ph""",DESCRIPTION,"5"""
architectural,43,Box Rake,2,4,dim_b,"DIM ""B""",DESCRIPTION,"4"""
architectural,43,Box Rake,2,4,length,LENGTH,DESCRIPTION,"10'-2"""
architectural,43,Box Rake,2,4,girth,GIRTH,DESCRIPTION,"10%"""
architectural,43,Box Rake,2,4,weight_per_each,"WEIGHT
PER EACH",DESCRIPTION,8.79#
architectural,43,Box Rake,2,4,galvalume_plus,"GALVALUME®
PLUS",PRICED PER EACH,✓
architectural,43,Box Rake,2,4,signature_200,"SIGNATURE®
200",PRICED PER EACH,✓
architectural,43,Box Rake,2,4,signature_300,"SIGNATURE®
300",PRICED PER EACH,✓
architectural,43,Box Rake,2,4,signature_300_metallic,"SIGNATURE®
300 METALLIC",PRICED PER EACH,✓
architectural,43,Box Rake,2,5,part,PART #,DESCRIPTION,T-5236
architectural,43,Box Rake,2,5,dim_ph,"DIM ""ph""",DESCRIPTION,"5"""
architectural,43,Box Rake,2,5,dim_b,"DIM ""B""",DESCRIPTION,"4"""
architectural,43,Box Rake,2,5,length,LENGTH,DESCRIPTION,"20'-2"""
architectural,43,Box Rake,2,5,girth,GIRTH,DESCRIPTION,"10%"""
architectural,43,Box Rake,2,5,weight_per_each,"WEIGHT
PER EACH",DESCRIPTION,17.434
architectural,43,Box Rake,2,5,galvalume_plus,"GALVALUME®
PLUS",PRICED PER EACH,✓
architectural,43,Box Rake,2,5,signature_200,"SIGNATURE®
200",PRICED PER EACH,✓
architectural,43,Box Rake,2,5,signature_300,"SIGNATURE®
300",PRICED PER EACH,✓
architectural,43,Box Rake,2,5,signature_300_metallic,"SIGNATURE®
300 METALLIC",PRICED PER EACH,✓
architectural,43,Box Rake,2,6,part,PART #,DESCRIPTION,T-5237
architectural,43,Box Rake,2,6,dim_ph,"DIM ""ph""",DESCRIPTION,"5"""
architectural,43,Box Rake,2,6,dim_b,"DIM ""B""",DESCRIPTION,"5"""
architectural,43,Box Rake,2,6,length,LENGTH,DESCRIPTION,"10'-2"""
architectural,43,Box Rake,2,6,girth,GIRTH,DESCRIPTION,"11%"""
architectural,43,Box Rake,2,6,weight_per_each,"WEIGHT
PER EACH",DESCRIPTION,9.62#
architectural,43,Box Rake,2,6,galvalume_plus,"GALVALUME®
PLUS",PRICED PER EACH,✓
architectural,43,Box Rake,2,6,signature_200,"SIGNATURE®
200",PRICED PER EACH,✓
architectural,43,Box Rake,2,6,signature_300,"SIGNATURE®
300",PRICED PER EACH,✓
architectural,43,Box Rake,2,6,signature_300_metallic,"SIGNATURE®
300 METALLIC",PRICED PER EACH,✓
architectural,43,Box Rake,2,7,part,PART #,DESCRIPTION,T-5238
architectural,43,Box Rake,2,7,dim_ph,"DIM ""ph""",DESCRIPTION,"5"""
architectural,43,Box Rake,2,7,dim_b,"DIM ""B""",DESCRIPTION,"5"""
architectural,43,Box Rake,2,7,length,LENGTH,DESCRIPTION,"20'-2"""
architectural,43,Box Rake,2,7,girth,GIRTH,DESCRIPTION,"11%"""
architectural,43,Box Rake,2,7,weight_per_each,"WEIGHT
PER EACH",DESCRIPTION,19.08#
architectural,43,Box Rake,2,7,galvalume_plus,"GALVALUME®
PLUS",PRICED PER EACH,✓
architectural,43,Box Rake,2,7,signature_200,"SIGNATURE®
200",PRICED PER EACH,✓
architectural,43,Box Rake,2,7,signature_300,"SIGNATURE®
300",PRICED PER EACH,✓
architectural,43,Box Rake,2,7,signature_300_metallic,"SIGNATURE®
300 METALLIC",PRICED PER EACH,✓
architectural,44,Rake Slide,0,0,part,PART #,DESCRIPTION,T-5240
architectural,44,Rake Slide,0,0,length,LENGTH,DESCRIPTION,"10'-2"""
architectural,44,Rake Slide,0,0,girth,GIRTH,DESCRIPTION,"234"""
architectural,44,Rake Slide,0,0,weight_per_each,"WEIGHT PER
EACH",DESCRIPTION,2.2/7#
architectural,44,Rake Slide,0,0,galvalume_plus,"GALVALUME®
PLUS",PRICED PER EACH,✓
architectural,44,Rake Slide,0,0,signature_200,"SIGNATURE®
200",PRICED PER EACH,✓
architectural,44,Rake Slide,0,0,signature_300,"SIGNATURE®
300",PRICED PER EACH,✓
architectural,44,Rake Slide,0,0,signature_300_metallic,"SIGNATURE®
300 METALLIC",PRICED PER EACH,✓
architectural,44,Inside Corner,1,0,part,PART #,DESCRIPTION,T-5251
architectural,44,Inside Corner,1,0,length,LENGTH,DESCRIPTION,"10'-2"""
architectural,44,Inside Corner,1,0,girth,GIRTH,DESCRIPTION,gn
architectural,44,Inside Corner,1,0,weight_per_each,"WEIGHT PER
EACH",DESCRIPTION,6.62#
architectural,44,Inside Corner,1,0,galvalume_plus,"GALVALUME®
PLUS",PRICED PER EACH,✓
architectural,44,Inside Corner,1,0,signature_200,"SIGNATURE®
200",PRICED PER EACH,✓
architectural,44,Inside Corner,1,0,signature_300,"SIGNATURE®
300",PRICED PER EACH,✓
architectural,44,Inside Corner,1,0,signature_300_metallic,"SIGNATURE®
300 METALLIC",PRICED PER EACH,✓
architectural,44,Inside Corner,1,1,part,PART #,DESCRIPTION,T-5252
architectural,44,Inside Corner,1,1,length,LENGTH,DESCRIPTION,"20'-2"""
architectural,44,Inside Corner,1,1,girth,GIRTH,DESCRIPTION,"gn"""
architectural,44,Inside Corner,1,1,weight_per_each,"WEIGHT PER
EACH",DESCRIPTION,13.10#
architectural,44,Inside Corner,1,1,galvalume_plus,"GALVALUME®
PLUS",PRICED PER EACH,✓
architectural,44,Inside Corner,1,1,signature_200,"SIGNATURE®
200",PRICED PER EACH,✓
architectural,44,Inside Corner,1,1,signature_300,"SIGNATURE®
300",PRICED PER EACH,✓
architectural,44,Inside Corner,1,1,signature_300_metallic,"SIGNATURE®
300 METALLIC",PRICED PER EACH,✓
architectural,44,Outside Corner,2,0,part,PART #,DESCRIPTION,T-5241
architectural,44,Outside Corner,2,0,length,LENGTH,DESCRIPTION,"10'-2"""
architectural,44,Outside Corner,2,0,girth,GIRTH,DESCRIPTION,"gn"""
architectural,44,Outside Corner,2,0,weight_per_each,"WEIGHT PER
EACH",DESCRIPTION,6.62#
architectural,44,Outside Corner,2,0,galvalume_plus,"GALVALUME®
PLUS",PRICED PER EACH,✓
architectural,44,Outside Corner,2,0,signature_200,"SIGNATURE®
200",PRICED PER EACH,✓
architectural,44,Outside Corner,2,0,signature_300,"SIGNATURE®
300",PRICED PER EACH,✓
architectural,44,Outside Corner,2,0,signature_300_metallic,"SIGNATURE®
300 METALLIC",PRICED PER EACH,✓
architectural,44,Outside Corner,2,1,part,PART #,DESCRIPTION,T-5242
architectural,44,Outside Corner,2,1,length,LENGTH,DESCRIPTION,"20'-2"""
architectural,44,Outside Corner,2,1,girth,GIRTH,DESCRIPTION,gn
architectural,44,Outside Corner,2,1,weight_per_each,"WEIGHT PER
EACH",DESCRIPTION,13.13#
architectural,44,Outside Corner,2,1,galvalume_plus,"GALVALUME®
PLUS",PRICED PER EACH,✓
architectural,44,Outside Corner,2,1,signature_200,"SIGNATURE®
200",PRICED PER EACH,✓
architectural,44,Outside Corner,2,1,signature_300,"SIGNATURE®
300",PRICED PER EACH,✓
architectural,44,Outside Corner,2,1,signature_300_metallic,"SIGNATURE®
300 METALLIC",PRICED PER EACH,✓
architectural,45,Box Gutter,0,0,part,PART #,DESCRIPTION,T-5261
architectural,45,Box Gutter,0,0,length,LENGTH,DESCRIPTION,"10'-2"""
architectural,45,Box Gutter,0,0,girth,GIRTH,DESCRIPTION,"24"""
architectural,45,Box Gutter,0,0,weight_per_each,"WEIGHT PER
EACH",DESCRIPTION,19.85#
architectural,45,Box Gutter,0,0,galvalume_plus,"GALVALUME®
PLUS",PRICED PER EACH,✓
architectural,45,Box Gutter,0,0,signature_200,"SIGNATURE®
200",PRICED PER EACH,✓
architectural,45,Box Gutter,0,0,signature_300,"SIGNATURE®
300",PRICED PER EACH,✓
architectural,45,Box Gutter,0,0,signature_300_metallic,"SIGNATURE®
300 METALLIC",PRICED PER EACH,✓
architectural,45,Box Gutter,0,1,part,PART #,DESCRIPTION,T-5262
architectural,45,Box Gutter,0,1,length,LENGTH,DESCRIPTION,"20'-2"""
architectural,45,Box Gutter,0,1,girth,GIRTH,DESCRIPTION,"24"""
architectural,45,Box Gutter,0,1,weight_per_each,"WEIGHT PER
EACH",DESCRIPTION,39.38#
architectural,45,Box Gutter,0,1,galvalume_plus,"GALVALUME®
PLUS",PRICED PER EACH,✓
architectural,45,Box Gutter,0,1,signature_200,"SIGNATURE®
200",PRICED PER EACH,✓
architectural,45,Box Gutter,0,1,signature_300,"SIGNATURE®
300",PRICED PER EACH,✓
architectural,45,Box Gutter,0,1,signature_300_metallic,"SIGNATURE®
300 METALLIC",PRICED PER EACH,✓
architectural,45,Box Gutter with Drip Edge,1,0,part,PART #,DESCRIPTION,T-5271
architectural,45,Box Gutter with Drip Edge,1,0,length,LENGTH,DESCRIPTION,"10'-2"""
architectural,45,Box Gutter with Drip Edge,1,0,girth,GIRTH,DESCRIPTION,"27"""
architectural,45,Box Gutter with Drip Edge,1,0,weight_per_each,"WEIGHT PER
EACH",DESCRIPTION,22.344
architectural,45,Box Gutter with Drip Edge,1,0,galvalume_plus,"GALVALUME®
PLUS",PRICED PER EACH,✓
architectural,45,Box Gutter with Drip Edge,1,0,signature_200,"SIGNATURE®
200",PRICED PER EACH,✓
architectural,45,Box Gutter with Drip Edge,1,0,signature_300,"SIGNATURE®
300",PRICED PER EACH,✓
architectural,45,Box Gutter with Drip Edge,1,0,signature_300_metallic,"SIGNATURE®
300 METALLIC",PRICED PER EACH,✓
architectural,45,Gutter Strap,2,0,part,PART #,DESCRIPTION,T-5281
architectural,45,Gutter Strap,2,0,length,LENGTH,DESCRIPTION,"10"""
architectural,45,Gutter Strap,2,0,girth,GIRTH,DESCRIPTION,"2"""
architectural,45,Gutter Strap,2,0,weight_per_each,"WEIGHT PER
EACH",DESCRIPTION,144
architectural,45,Gutter Strap,2,0,galvalume_plus,"GALVALUME®
PLUS",PRICED PER EACH,✓
architectural,45,Gutter Strap,2,0,signature_200,"SIGNATURE®
200",PRICED PER EACH,✓
architectural,45,Gutter Strap,2,0,signature_300,"SIGNATURE®
300",PRICED PER EACH,✓
architectural,45,Gutter Strap,2,0,signature_300_metallic,"SIGNATURE®
300 METALLIC",PRICED PER EACH,✓
architectural,46,Gutter Ends - Left or Right,0,0,part,PART #,DESCRIPTION,T-5291
architectural,46,Gutter Ends - Left or Right,0,0,weight_per_each,WEIGHT PER EACH,DESCRIPTION,31#
architectural,46,Gutter Ends - Left or Right,0,0,galvalume_plus,"GALVALUME®
PLUS",PRICED PER EACH,✓
architectural,46,Gutter Ends - Left or Right,0,0,signature_200,"SIGNATURE®
200",PRICED PER EACH,✓
architectural,46,Gutter Ends - Left or Right,0,0,signature_300,"SIGNATURE®
300",PRICED PER EACH,✓
architectural,46,Gutter Ends - Left or Right,0,0,signature_300_metallic,"SIGNATURE®
300 METALLIC",PRICED PER EACH,✓
architectural,46,Downspout,1,0,part,PART #,DESCRIPTION,T-5311
architectural,46,Downspout,1,0,length,LENGTH,DESCRIPTION,"10'-2"""
architectural,46,Downspout,1,0,girth,GIRTH,DESCRIPTION,"16%"""
architectural,46,Downspout,1,0,weight_per_each,"WEIGHT PER
EACH",DESCRIPTION,13.96#
architectural,46,Downspout,1,0,galvalume_plus,"GALVALUME®
PLUS",PRICED PER EACH,✓
architectural,46,Downspout,1,0,signature_200,"SIGNATURE®
200",PRICED PER EACH,✓
architectural,46,Downspout,1,0,signature_300,"SIGNATURE®
300",PRICED PER EACH,✓
architectural,46,Downspout,1,0,signature_300_metallic,"SIGNATURE®
300 METALLIC",PRICED PER EACH,✓
architectural,46,Downspout,1,1,part,PART #,DESCRIPTION,T-5312
architectural,46,Downspout,1,1,length,LENGTH,DESCRIPTION,"12'-O"""
architectural,46,Downspout,1,1,girth,GIRTH,DESCRIPTION,"16%"""
architectural,46,Downspout,1,1,weight_per_each,"WEIGHT PER
EACH",DESCRIPTION,16.48#
architectural,46,Downspout,1,1,galvalume_plus,"GALVALUME®
PLUS",PRICED PER EACH,✓
architectural,46,Downspout,1,1,signature_200,"SIGNATURE®
200",PRICED PER EACH,✓
architectural,46,Downspout,1,1,signature_300,"SIGNATURE®
300",PRICED PER EACH,✓
architectural,46,Downspout,1,1,signature_300_metallic,"SIGNATURE®
300 METALLIC",PRICED PER EACH,✓
architectural,46,Downspout,1,2,part,PART #,DESCRIPTION,T-5313
architectural,46,Downspout,1,2,length,LENGTH,DESCRIPTION,"14'-0"""
architectural,46,Downspout,1,2,girth,GIRTH,DESCRIPTION,"16%"""
architectural,46,Downspout,1,2,weight_per_each,"WEIGHT PER
EACH",DESCRIPTION,19.224
architectural,46,Downspout,1,2,galvalume_plus,"GALVALUME®
PLUS",PRICED PER EACH,✓
architectural,46,Downspout,1,2,signature_200,"SIGNATURE®
200",PRICED PER EACH,✓
architectural,46,Downspout,1,2,signature_300,"SIGNATURE®
300",PRICED PER EACH,✓
architectural,46,Downspout,1,2,signature_300_metallic,"SIGNATURE®
300 METALLIC",PRICED PER EACH,✓
architectural,46,Downspout,1,3,part,PART #,DESCRIPTION,T-5315
architectural,46,Downspout,1,3,length,LENGTH,DESCRIPTION,"16'-0"""
architectural,46,Downspout,1,3,girth,GIRTH,DESCRIPTION,"16%"""
architectural,46,Downspout,1,3,weight_per_each,"WEIGHT PER
EACH",DESCRIPTION,21.97#
architectural,46,Downspout,1,3,galvalume_plus,"GALVALUME®
PLUS",PRICED PER EACH,✓
architectural,46,Downspout,1,3,signature_200,"SIGNATURE®
200",PRICED PER EACH,✓
architectural,46,Downspout,1,3,signature_300,"SIGNATURE®
300",PRICED PER EACH,✓
architectural,46,Downspout,1,3,signature_300_metallic,"SIGNATURE®
300 METALLIC",PRICED PER EACH,✓
architectural,46,Downspout,1,4,part,PART #,DESCRIPTION,T-5314
architectural,46,Downspout,1,4,length,LENGTH,DESCRIPTION,"20'-2"""
architectural,46,Downspout,1,4,girth,GIRTH,DESCRIPTION,"16%"""
architectural,46,Downspout,1,4,weight_per_each,"WEIGHT PER
EACH",DESCRIPTION,27.69#
architectural,46,Downspout,1,4,galvalume_plus,"GALVALUME®
PLUS",PRICED PER EACH,✓
architectural,46,Downspout,1,4,signature_200,"SIGNATURE®
200",PRICED PER EACH,✓
architectural,46,Downspout,1,4,signature_300,"SIGNATURE®
300",PRICED PER EACH,✓
architectural,46,Downspout,1,4,signature_300_metallic,"SIGNATURE®
300 METALLIC",PRICED PER EACH,✓
architectural,46,Downspout with 45° Kickout,2,0,part,PART #,DESCRIPTION,T-5321
architectural,46,Downspout with 45° Kickout,2,0,length,LENGTH,DESCRIPTION,"10'-2"""
architectural,46,Downspout with 45° Kickout,2,0,girth,GIRTH,DESCRIPTION,"1634"""
architectural,46,Downspout with 45° Kickout,2,0,weight_per_each,"WEIGHT PER
EACH",DESCRIPTION,13.86#
architectural,46,Downspout with 45° Kickout,2,0,galvalume_plus,"GALVALUME®
PLUS",PRICED PER EACH,✓
architectural,46,Downspout with 45° Kickout,2,0,signature_200,"SIGNATURE®
200",PRICED PER EACH,✓
architectural,46,Downspout with 45° Kickout,2,0,signature_300,"SIGNATURE®
300",PRICED PER EACH,✓
architectural,46,Downspout with 45° Kickout,2,0,signature_300_metallic,"SIGNATURE®
300 METALLIC",PRICED PER EACH,✓
architectural,46,Downspout with 45° Kickout,2,1,part,PART #,DESCRIPTION,T-5322
architectural,46,Downspout with 45° Kickout,2,1,length,LENGTH,DESCRIPTION,"12'-O"""
architectural,46,Downspout with 45° Kickout,2,1,girth,GIRTH,DESCRIPTION,"1634"""
architectural,46,Downspout with 45° Kickout,2,1,weight_per_each,"WEIGHT PER
EACH",DESCRIPTION,16.46#
architectural,46,Downspout with 45° Kickout,2,1,galvalume_plus,"GALVALUME®
PLUS",PRICED PER EACH,✓
architectural,46,Downspout with 45° Kickout,2,1,signature_200,"SIGNATURE®
200",PRICED PER EACH,✓
architectural,46,Downspout with 45° Kickout,2,1,signature_300,"SIGNATURE®
300",PRICED PER EACH,✓
architectural,46,Downspout with 45° Kickout,2,1,signature_300_metallic,"SIGNATURE®
300 METALLIC",PRICED PER EACH,✓
architectural,46,Downspout with 45° Kickout,2,2,part,PART #,DESCRIPTION,T-5323
architectural,46,Downspout with 45° Kickout,2,2,length,LENGTH,DESCRIPTION,"14'-0"""
architectural,46,Downspout with 45° Kickout,2,2,girth,GIRTH,DESCRIPTION,"1634"""
architectural,46,Downspout with 45° Kickout,2,2,weight_per_each,"WEIGHT PER
EACH",DESCRIPTION,19.21#
architectural,46,Downspout with 45° Kickout,2,2,galvalume_plus,"GALVALUME®
PLUS",PRICED PER EACH,✓
architectural,46,Downspout with 45° Kickout,2,2,signature_200,"SIGNATURE®
200",PRICED PER EACH,✓
architectural,46,Downspout with 45° Kickout,2,2,signature_300,"SIGNATURE®
300",PRICED PER EACH,✓
architectural,46,Downspout with 45° Kickout,2,2,signature_300_metallic,"SIGNATURE®
300 METALLIC",PRICED PER EACH,✓
architectural,46,Downspout with 45° Kickout,2,3,part,PART #,DESCRIPTION,T-5325
architectural,46,Downspout with 45° Kickout,2,3,length,LENGTH,DESCRIPTION,"16'-0"""
architectural,46,Downspout with 45° Kickout,2,3,girth,GIRTH,DESCRIPTION,"1634"""
architectural,46,Downspout with 45° Kickout,2,3,weight_per_each,"WEIGHT PER
EACH",DESCRIPTION,21.95#
architectural,46,Downspout with 45° Kickout,2,3,galvalume_plus,"GALVALUME®
PLUS",PRICED PER EACH,✓
architectural,46,Downspout with 45° Kickout,2,3,signature_200,"SIGNATURE®
200",PRICED PER EACH,✓
architectural,46,Downspout with 45° Kickout,2,3,signature_300,"SIGNATURE®
300",PRICED PER EACH,✓
architectural,46,Downspout with 45° Kickout,2,3,signature_300_metallic,"SIGNATURE®
300 METALLIC",PRICED PER EACH,✓
architectural,46,Downspout with 45° Kickout,2,4,part,PART #,DESCRIPTION,T-5324
architectural,46,Downspout with 45° Kickout,2,4,length,LENGTH,DESCRIPTION,"20'-2"""
architectural,46,Downspout with 45° Kickout,2,4,girth,GIRTH,DESCRIPTION,167
architectural,46,Downspout with 45° Kickout,2,4,weight_per_each,"WEIGHT PER
EACH",DESCRIPTION,27.69#
architectural,46,Downspout with 45° Kickout,2,4,galvalume_plus,"GALVALUME®
PLUS",PRICED PER EACH,✓
architectural,46,Downspout with 45° Kickout,2,4,signature_200,"SIGNATURE®
200",PRICED PER EACH,✓
architectural,46,Downspout with 45° Kickout,2,4,signature_300,"SIGNATURE®
300",PRICED PER EACH,✓
architectural,46,Downspout with 45° Kickout,2,4,signature_300_metallic,"SIGNATURE®
300 METALLIC",PRICED PER EACH,✓
architectural,47,Downspout Strap,0,0,part,PART #,DESCRIPTION,T-5301
architectural,47,Downspout Strap,0,0,length,LENGTH,DESCRIPTION,ik
architectural,47,Downspout Strap,0,0,girth,GIRTH,DESCRIPTION,"10"""
architectural,47,Downspout Strap,0,0,weight_per_each,"WEIGHT PER
EACH",DESCRIPTION,O7#
architectural,47,Downspout Strap,0,0,galvalume_plus,"GALVALUME®
PLUS",PRICED PER EACH,✓
architectural,47,Downspout Strap,0,0,signature_200,"SIGNATURE®
200",PRICED PER EACH,✓
architectural,47,Downspout Strap,0,0,signature_300,"SIGNATURE®
300",PRICED PER EACH,✓
architectural,47,Downspout Strap,0,0,signature_300_metallic,"SIGNATURE®
300 METALLIC",PRICED PER EACH,✓
architectural,47,Coping,1,0,part,PART #,DESCRIPTION,T-5331
architectural,47,Coping,1,0,dim_a,"DIM ""A""",DESCRIPTION,"10"""
architectural,47,Coping,1,0,length,LENGTH,DESCRIPTION,"10'-2"""
architectural,47,Coping,1,0,girth,GIRTH,DESCRIPTION,"18%"""
architectural,47,Coping,1,0,weight_per_each,"WEIGHT PER
EACH",DESCRIPTION,14.99#
architectural,47,Coping,1,0,galvalume_plus,"GALVALUME®
PLUS",PRICED PER EACH,✓
architectural,47,Coping,1,0,signature_200,"SIGNATURE®
200",PRICED PER EACH,✓
architectural,47,Coping,1,0,signature_300,"SIGNATURE®
300",PRICED PER EACH,✓
architectural,47,Coping,1,0,signature_300_metallic,"SIGNATURE®
300 METALLIC",PRICED PER EACH,✓
architectural,47,Coping,1,1,part,PART #,DESCRIPTION,T-5332
architectural,47,Coping,1,1,dim_a,"DIM ""A""",DESCRIPTION,"10"""
architectural,47,Coping,1,1,length,LENGTH,DESCRIPTION,"20'-2"""
architectural,47,Coping,1,1,girth,GIRTH,DESCRIPTION,"18%"""
architectural,47,Coping,1,1,weight_per_each,"WEIGHT PER
EACH",DESCRIPTION,29.744
architectural,47,Coping,1,1,galvalume_plus,"GALVALUME®
PLUS",PRICED PER EACH,✓
architectural,47,Coping,1,1,signature_200,"SIGNATURE®
200",PRICED PER EACH,✓
architectural,47,Coping,1,1,signature_300,"SIGNATURE®
300",PRICED PER EACH,✓
architectural,47,Coping,1,1,signature_300_metallic,"SIGNATURE®
300 METALLIC",PRICED PER EACH,✓
architectural,47,Coping,1,2,part,PART #,DESCRIPTION,T-5333
architectural,47,Coping,1,2,dim_a,"DIM ""A""",DESCRIPTION,"14"""
architectural,47,Coping,1,2,length,LENGTH,DESCRIPTION,"10'-2"""
architectural,47,Coping,1,2,girth,GIRTH,DESCRIPTION,"2278"""
architectural,47,Coping,1,2,weight_per_each,"WEIGHT PER
EACH",DESCRIPTION,18.30#
architectural,47,Coping,1,2,galvalume_plus,"GALVALUME®
PLUS",PRICED PER EACH,✓
architectural,47,Coping,1,2,signature_200,"SIGNATURE®
200",PRICED PER EACH,✓
architectural,47,Coping,1,2,signature_300,"SIGNATURE®
300",PRICED PER EACH,✓
architectural,47,Coping,1,2,signature_300_metallic,"SIGNATURE®
300 METALLIC",PRICED PER EACH,✓
architectural,47,Coping,1,3,part,PART #,DESCRIPTION,T-5334
architectural,47,Coping,1,3,dim_a,"DIM ""A""",DESCRIPTION,"14"""
architectural,47,Coping,1,3,length,LENGTH,DESCRIPTION,"20'-2"""
architectural,47,Coping,1,3,girth,GIRTH,DESCRIPTION,"22%"""
architectural,47,Coping,1,3,weight_per_each,"WEIGHT PER
EACH",DESCRIPTION,36.31#
architectural,47,Coping,1,3,galvalume_plus,"GALVALUME®
PLUS",PRICED PER EACH,✓
architectural,47,Coping,1,3,signature_200,"SIGNATURE®
200",PRICED PER EACH,✓
architectural,47,Coping,1,3,signature_300,"SIGNATURE®
300",PRICED PER EACH,✓
architectural,47,Coping,1,3,signature_300_metallic,"SIGNATURE®
300 METALLIC",PRICED PER EACH,✓
architectural,47,Hem-Lock Coping,2,0,part,PART #,DESCRIPTION,T-5341
architectural,47,Hem-Lock Coping,2,0,dim_ba,"DIM ""BA""",DESCRIPTION,"10"""
architectural,47,Hem-Lock Coping,2,0,length,LENGTH,DESCRIPTION,"10'-2"""
architectural,47,Hem-Lock Coping,2,0,girth,GIRTH,DESCRIPTION,"19%"""
architectural,47,Hem-Lock Coping,2,0,weight_per_each,"WEIGHT PER
EACH",DESCRIPTION,15.934
architectural,47,Hem-Lock Coping,2,0,galvalume_plus,"GALVALUME®
PLUS",PRICED PER EACH,✓
architectural,47,Hem-Lock Coping,2,0,signature_200,"SIGNATURE®
200",PRICED PER EACH,✓
architectural,47,Hem-Lock Coping,2,0,signature_300,"SIGNATURE®
300",PRICED PER EACH,✓
architectural,47,Hem-Lock Coping,2,0,signature_300_metallic,"SIGNATURE®
300 METALLIC",PRICED PER EACH,✓
architectural,47,Hem-Lock Coping,2,1,part,PART #,DESCRIPTION,T-5342
architectural,47,Hem-Lock Coping,2,1,dim_ba,"DIM ""BA""",DESCRIPTION,"10"""
architectural,47,Hem-Lock Coping,2,1,length,LENGTH,DESCRIPTION,"20'-2"""
architectural,47,Hem-Lock Coping,2,1,girth,GIRTH,DESCRIPTION,"19%"""
architectural,47,Hem-Lock Coping,2,1,weight_per_each,"WEIGHT PER
EACH",DESCRIPTION,31.59#
architectural,47,Hem-Lock Coping,2,1,galvalume_plus,"GALVALUME®
PLUS",PRICED PER EACH,✓
architectural,47,Hem-Lock Coping,2,1,signature_200,"SIGNATURE®
200",PRICED PER EACH,✓
architectural,47,Hem-Lock Coping,2,1,signature_300,"SIGNATURE®
300",PRICED PER EACH,✓
architectural,47,Hem-Lock Coping,2,1,signature_300_metallic,"SIGNATURE®
300 METALLIC",PRICED PER EACH,✓
architectural,47,Hem-Lock Coping,2,2,part,PART #,DESCRIPTION,T-5343
architectural,47,Hem-Lock Coping,2,2,dim_ba,"DIM ""BA""",DESCRIPTION,"14"""
architectural,47,Hem-Lock Coping,2,2,length,LENGTH,DESCRIPTION,"10'-2"""
architectural,47,Hem-Lock Coping,2,2,girth,GIRTH,DESCRIPTION,"23%"""
architectural,47,Hem-Lock Coping,2,2,weight_per_each,"WEIGHT PER
EACH",DESCRIPTION,19.24#
architectural,47,Hem-Lock Coping,2,2,galvalume_plus,"GALVALUME®
PLUS",PRICED PER EACH,✓
architectural,47,Hem-Lock Coping,2,2,signature_200,"SIGNATURE®
200",PRICED PER EACH,✓
architectural,47,Hem-Lock Coping,2,2,signature_300,"SIGNATURE®
300",PRICED PER EACH,✓
architectural,47,Hem-Lock Coping,2,2,signature_300_metallic,"SIGNATURE®
300 METALLIC",PRICED PER EACH,✓
architectural,47,Hem-Lock Coping,2,3,part,PART #,DESCRIPTION,T-5344
architectural,47,Hem-Lock Coping,2,3,dim_ba,"DIM ""BA""",DESCRIPTION,"14"""
architectural,47,Hem-Lock Coping,2,3,length,LENGTH,DESCRIPTION,"20'-2"""
architectural,47,Hem-Lock Coping,2,3,girth,GIRTH,DESCRIPTION,"23%"""
architectural,47,Hem-Lock Coping,2,3,weight_per_each,"WEIGHT PER
EACH",DESCRIPTION,37. 98#
architectural,47,Hem-Lock Coping,2,3,galvalume_plus,"GALVALUME®
PLUS",PRICED PER EACH,✓
architectural,47,Hem-Lock Coping,2,3,signature_200,"SIGNATURE®
200",PRICED PER EACH,✓
architectural,47,Hem-Lock Coping,2,3,signature_300,"SIGNATURE®
300",PRICED PER EACH,✓
architectural,47,Hem-Lock Coping,2,3,signature_300_metallic,"SIGNATURE®
300 METALLIC",PRICED PER EACH,✓
architectural,48,Gravel Guard,0,0,part,PART #,DESCRIPTION,T-5351
architectural,48,Gravel Guard,0,0,length,LENGTH,DESCRIPTION,"10'-2"""
architectural,48,Gravel Guard,0,0,girth,GIRTH,DESCRIPTION,"11%"""
architectural,48,Gravel Guard,0,0,weight_per_each,"WEIGHT PER
EACH",DESCRIPTION,9.204
architectural,48,Gravel Guard,0,0,galvalume_plus,"GALVALUME®
PLUS",PRICED PER EACH,✓
architectural,48,Gravel Guard,0,0,signature_200,"SIGNATURE®
200",PRICED PER EACH,✓
architectural,48,Gravel Guard,0,0,signature_300,"SIGNATURE®
300",PRICED PER EACH,✓
architectural,48,Gravel Guard,0,0,signature_300_metallic,"SIGNATURE®
300 METALLIC",PRICED PER EACH,✓
architectural,48,Gravel Guard,0,1,part,PART #,DESCRIPTION,T-5352
architectural,48,Gravel Guard,0,1,length,LENGTH,DESCRIPTION,"20'-2"""
architectural,48,Gravel Guard,0,1,girth,GIRTH,DESCRIPTION,"11%"""
architectural,48,Gravel Guard,0,1,weight_per_each,"WEIGHT PER
EACH",DESCRIPTION,18.260#
architectural,48,Gravel Guard,0,1,galvalume_plus,"GALVALUME®
PLUS",PRICED PER EACH,✓
architectural,48,Gravel Guard,0,1,signature_200,"SIGNATURE®
200",PRICED PER EACH,✓
architectural,48,Gravel Guard,0,1,signature_300,"SIGNATURE®
300",PRICED PER EACH,✓
architectural,48,Gravel Guard,0,1,signature_300_metallic,"SIGNATURE®
300 METALLIC",PRICED PER EACH,✓
architectural,48,Splice Trim,1,0,part,PART #,DESCRIPTION,T-5361
architectural,48,Splice Trim,1,0,dim_ba,"DIM ""BA""",DESCRIPTION,"1%"""
architectural,48,Splice Trim,1,0,length,LENGTH,DESCRIPTION,"10'-2"""
architectural,48,Splice Trim,1,0,girth,GIRTH,DESCRIPTION,"8 36"""
architectural,48,Splice Trim,1,0,weight_per_each,"WEIGHT PER
EACH",DESCRIPTION,6.93#
architectural,48,Splice Trim,1,0,galvalume_plus,"GALVALUME®
PLUS",PRICED PER EACH,✓
architectural,48,Splice Trim,1,0,signature_200,"SIGNATURE®
200",PRICED PER EACH,✓
architectural,48,Splice Trim,1,0,signature_300,"SIGNATURE®
300",PRICED PER EACH,✓
architectural,48,Splice Trim,1,0,signature_300_metallic,"SIGNATURE®
300 METALLIC",PRICED PER EACH,✓
architectural,48,Splice Trim,1,1,part,PART #,DESCRIPTION,T-5365
architectural,48,Splice Trim,1,1,dim_ba,"DIM ""BA""",DESCRIPTION,"154"""
architectural,48,Splice Trim,1,1,length,LENGTH,DESCRIPTION,"10'-2"""
architectural,48,Splice Trim,1,1,girth,GIRTH,DESCRIPTION,"8 2"""
architectural,48,Splice Trim,1,1,weight_per_each,"WEIGHT PER
EACH",DESCRIPTION,7 344
architectural,48,Splice Trim,1,1,galvalume_plus,"GALVALUME®
PLUS",PRICED PER EACH,✓
architectural,48,Splice Trim,1,1,signature_200,"SIGNATURE®
200",PRICED PER EACH,✓
architectural,48,Splice Trim,1,1,signature_300,"SIGNATURE®
300",PRICED PER EACH,✓
architectural,48,Splice Trim,1,1,signature_300_metallic,"SIGNATURE®
300 METALLIC",PRICED PER EACH,✓
architectural,48,Splice Trim,1,2,part,PART #,DESCRIPTION,T-5362
architectural,48,Splice Trim,1,2,dim_ba,"DIM ""BA""",DESCRIPTION,"134"""
architectural,48,Splice Trim,1,2,length,LENGTH,DESCRIPTION,"10'-2"""
architectural,48,Splice Trim,1,2,girth,GIRTH,DESCRIPTION,"Qo"""
architectural,48,Splice Trim,1,2,weight_per_each,"WEIGHT PER
EACH",DESCRIPTION,7 AS#
architectural,48,Splice Trim,1,2,galvalume_plus,"GALVALUME®
PLUS",PRICED PER EACH,✓
architectural,48,Splice Trim,1,2,signature_200,"SIGNATURE®
200",PRICED PER EACH,✓
architectural,48,Splice Trim,1,2,signature_300,"SIGNATURE®
300",PRICED PER EACH,✓
architectural,48,Splice Trim,1,2,signature_300_metallic,"SIGNATURE®
300 METALLIC",PRICED PER EACH,✓
architectural,48,Splice Trim,1,3,part,PART #,DESCRIPTION,T-5363
architectural,48,Splice Trim,1,3,dim_ba,"DIM ""BA""",DESCRIPTION,ps
architectural,48,Splice Trim,1,3,length,LENGTH,DESCRIPTION,"10'-2"""
architectural,48,Splice Trim,1,3,girth,GIRTH,DESCRIPTION,"9%"""
architectural,48,Splice Trim,1,3,weight_per_each,"WEIGHT PER
EACH",DESCRIPTION,7 65#
architectural,48,Splice Trim,1,3,galvalume_plus,"GALVALUME®
PLUS",PRICED PER EACH,✓
architectural,48,Splice Trim,1,3,signature_200,"SIGNATURE®
200",PRICED PER EACH,✓
architectural,48,Splice Trim,1,3,signature_300,"SIGNATURE®
300",PRICED PER EACH,✓
architectural,48,Splice Trim,1,3,signature_300_metallic,"SIGNATURE®
300 METALLIC",PRICED PER EACH,✓
architectural,48,Splice Trim,1,4,part,PART #,DESCRIPTION,T-5364
architectural,48,Splice Trim,1,4,dim_ba,"DIM ""BA""",DESCRIPTION,"2 Ve"""
architectural,48,Splice Trim,1,4,length,LENGTH,DESCRIPTION,"10'-2"""
architectural,48,Splice Trim,1,4,girth,GIRTH,DESCRIPTION,"9 3g"""
architectural,48,Splice Trim,1,4,weight_per_each,"WEIGHT PER
EACH",DESCRIPTION,7.7 0#
architectural,48,Splice Trim,1,4,galvalume_plus,"GALVALUME®
PLUS",PRICED PER EACH,✓
architectural,48,Splice Trim,1,4,signature_200,"SIGNATURE®
200",PRICED PER EACH,✓
architectural,48,Splice Trim,1,4,signature_300,"SIGNATURE®
300",PRICED PER EACH,✓
architectural,48,Splice Trim,1,4,signature_300_metallic,"SIGNATURE®
300 METALLIC",PRICED PER EACH,✓
architectural,48,Alternate Splice Trim,2,0,part,PART #,DESCRIPTION,T-5371
architectural,48,Alternate Splice Trim,2,0,length,LENGTH,DESCRIPTION,"10'-2"""
architectural,48,Alternate Splice Trim,2,0,girth,GIRTH,DESCRIPTION,"3%"""
architectural,48,Alternate Splice Trim,2,0,weight_per_each,"WEIGHT PER
EACH",DESCRIPTION,2.90#
architectural,48,Alternate Splice Trim,2,0,galvalume_plus,"GALVALUME®
PLUS",PRICED PER EACH,✓
architectural,48,Alternate Splice Trim,2,0,signature_200,"SIGNATURE®
200",PRICED PER EACH,✓
architectural,48,Alternate Splice Trim,2,0,signature_300,"SIGNATURE®
300",PRICED PER EACH,✓
architectural,48,Alternate Splice Trim,2,0,signature_300_metallic,"SIGNATURE®
300 METALLIC",PRICED PER EACH,✓
architectural,49,Termination Trim,0,0,part,PART #,DESCRIPTION,T-5391
architectural,49,Termination Trim,0,0,dim_ba,"DIM ""BA""",DESCRIPTION,iu
architectural,49,Termination Trim,0,0,length,LENGTH,DESCRIPTION,"10'-2"""
architectural,49,Termination Trim,0,0,girth,GIRTH,DESCRIPTION,"74"""
architectural,49,Termination Trim,0,0,weight_per_each,"WEIGHT PER
EACH",DESCRIPTION,6.00#
architectural,49,Termination Trim,0,0,galvalume_plus,"GALVALUME®
PLUS",PRICED PER EACH,✓
architectural,49,Termination Trim,0,0,signature_200,"SIGNATURE®
200",PRICED PER EACH,✓
architectural,49,Termination Trim,0,0,signature_300,"SIGNATURE®
300",PRICED PER EACH,✓
architectural,49,Termination Trim,0,0,signature_300_metallic,"SIGNATURE®
300 METALLIC",PRICED PER EACH,✓
architectural,49,Termination Trim,0,1,part,PART #,DESCRIPTION,T-5392
architectural,49,Termination Trim,0,1,dim_ba,"DIM ""BA""",DESCRIPTION,"1%"""
architectural,49,Termination Trim,0,1,length,LENGTH,DESCRIPTION,"10'-2"""
architectural,49,Termination Trim,0,1,girth,GIRTH,DESCRIPTION,"734"""
architectural,49,Termination Trim,0,1,weight_per_each,"WEIGHT PER
EACH",DESCRIPTION,6.41#
architectural,49,Termination Trim,0,1,galvalume_plus,"GALVALUME®
PLUS",PRICED PER EACH,✓
architectural,49,Termination Trim,0,1,signature_200,"SIGNATURE®
200",PRICED PER EACH,✓
architectural,49,Termination Trim,0,1,signature_300,"SIGNATURE®
300",PRICED PER EACH,✓
architectural,49,Termination Trim,0,1,signature_300_metallic,"SIGNATURE®
300 METALLIC",PRICED PER EACH,✓
architectural,49,Termination Trim,0,2,part,PART #,DESCRIPTION,T-5393
architectural,49,Termination Trim,0,2,dim_ba,"DIM ""BA""",DESCRIPTION,"1 54"""
architectural,49,Termination Trim,0,2,length,LENGTH,DESCRIPTION,"10'-2"""
architectural,49,Termination Trim,0,2,girth,GIRTH,DESCRIPTION,7
architectural,49,Termination Trim,0,2,weight_per_each,"WEIGHT PER
EACH",DESCRIPTION,6.51#
architectural,49,Termination Trim,0,2,galvalume_plus,"GALVALUME®
PLUS",PRICED PER EACH,✓
architectural,49,Termination Trim,0,2,signature_200,"SIGNATURE®
200",PRICED PER EACH,✓
architectural,49,Termination Trim,0,2,signature_300,"SIGNATURE®
300",PRICED PER EACH,✓
architectural,49,Termination Trim,0,2,signature_300_metallic,"SIGNATURE®
300 METALLIC",PRICED PER EACH,✓
architectural,49,Termination Trim,0,3,part,PART #,DESCRIPTION,T-5394
architectural,49,Termination Trim,0,3,dim_ba,"DIM ""BA""",DESCRIPTION,"2 Y2"""
architectural,49,Termination Trim,0,3,length,LENGTH,DESCRIPTION,"10'-2"""
architectural,49,Termination Trim,0,3,girth,GIRTH,DESCRIPTION,"834"""
architectural,49,Termination Trim,0,3,weight_per_each,"WEIGHT PER
EACH",DESCRIPTION,7244
architectural,49,Termination Trim,0,3,galvalume_plus,"GALVALUME®
PLUS",PRICED PER EACH,✓
architectural,49,Termination Trim,0,3,signature_200,"SIGNATURE®
200",PRICED PER EACH,✓
architectural,49,Termination Trim,0,3,signature_300,"SIGNATURE®
300",PRICED PER EACH,✓
architectural,49,Termination Trim,0,3,signature_300_metallic,"SIGNATURE®
300 METALLIC",PRICED PER EACH,✓
architectural,49,Termination Trim,0,4,part,PART #,DESCRIPTION,T-5395
architectural,49,Termination Trim,0,4,dim_ba,"DIM ""BA""",DESCRIPTION,"3"""
architectural,49,Termination Trim,0,4,length,LENGTH,DESCRIPTION,"10'-2"""
architectural,49,Termination Trim,0,4,girth,GIRTH,DESCRIPTION,"9,"
architectural,49,Termination Trim,0,4,weight_per_each,"WEIGHT PER
EACH",DESCRIPTION,7054
architectural,49,Termination Trim,0,4,galvalume_plus,"GALVALUME®
PLUS",PRICED PER EACH,✓
architectural,49,Termination Trim,0,4,signature_200,"SIGNATURE®
200",PRICED PER EACH,✓
architectural,49,Termination Trim,0,4,signature_300,"SIGNATURE®
300",PRICED PER EACH,✓
architectural,49,Termination Trim,0,4,signature_300_metallic,"SIGNATURE®
300 METALLIC",PRICED PER EACH,✓
architectural,49,MasterLine 16® Head Trim,1,0,part,PART #,DESCRIPTION,T-5511
architectural,49,MasterLine 16® Head Trim,1,0,length,LENGTH,DESCRIPTION,"3'-6"""
architectural,49,MasterLine 16® Head Trim,1,0,girth,GIRTH,DESCRIPTION,"6%"""
architectural,49,MasterLine 16® Head Trim,1,0,weight_each,WEIGHT EACH,DESCRIPTION,1.744
architectural,49,MasterLine 16® Head Trim,1,0,galvalume_plus,"GALVALUME®
PLUS",PRICED PER EACH,✓
architectural,49,MasterLine 16® Head Trim,1,0,signature_200,"SIGNATURE®
200",PRICED PER EACH,✓
architectural,49,MasterLine 16® Head Trim,1,0,signature_300,"SIGNATURE®
300",PRICED PER EACH,✓
architectural,49,MasterLine 16® Head Trim,1,0,signature_300_metallic,"SIGNATURE®
300 METALLIC",PRICED PER EACH,✓
architectural,49,MasterLine 16® Head Trim,1,1,part,PART #,DESCRIPTION,T-5513
architectural,49,MasterLine 16® Head Trim,1,1,length,LENGTH,DESCRIPTION,"10'-4"""
architectural,49,MasterLine 16® Head Trim,1,1,girth,GIRTH,DESCRIPTION,"6%"""
architectural,49,MasterLine 16® Head Trim,1,1,weight_each,WEIGHT EACH,DESCRIPTION,5.15#
architectural,49,MasterLine 16® Head Trim,1,1,galvalume_plus,"GALVALUME®
PLUS",PRICED PER EACH,✓
architectural,49,MasterLine 16® Head Trim,1,1,signature_200,"SIGNATURE®
200",PRICED PER EACH,✓
architectural,49,MasterLine 16® Head Trim,1,1,signature_300,"SIGNATURE®
300",PRICED PER EACH,✓
architectural,49,MasterLine 16® Head Trim,1,1,signature_300_metallic,"SIGNATURE®
300 METALLIC",PRICED PER EACH,✓
architectural,49,MasterLine 16® Head Trim,1,2,part,PART #,DESCRIPTION,T-5515
architectural,49,MasterLine 16® Head Trim,1,2,length,LENGTH,DESCRIPTION,"{4'-4"""
architectural,49,MasterLine 16® Head Trim,1,2,girth,GIRTH,DESCRIPTION,"6%"""
architectural,49,MasterLine 16® Head Trim,1,2,weight_each,WEIGHT EACH,DESCRIPTION,7144
architectural,49,MasterLine 16® Head Trim,1,2,galvalume_plus,"GALVALUME®
PLUS",PRICED PER EACH,✓
architectural,49,MasterLine 16® Head Trim,1,2,signature_200,"SIGNATURE®
200",PRICED PER EACH,✓
architectural,49,MasterLine 16® Head Trim,1,2,signature_300,"SIGNATURE®
300",PRICED PER EACH,✓
architectural,49,MasterLine 16® Head Trim,1,2,signature_300_metallic,"SIGNATURE®
300 METALLIC",PRICED PER EACH,✓
architectural,49,MasterLine 16® Jamb/Sill Case,2,0,part,PART #,DESCRIPTION,T-5517
architectural,49,MasterLine 16® Jamb/Sill Case,2,0,length,LENGTH,DESCRIPTION,"10'-2"""
architectural,49,MasterLine 16® Jamb/Sill Case,2,0,girth,GIRTH,DESCRIPTION,"6"""
architectural,49,MasterLine 16® Jamb/Sill Case,2,0,weight_each,WEIGHT EACH,DESCRIPTION,4.96#
architectural,49,MasterLine 16® Jamb/Sill Case,2,0,galvalume_plus,"GALVALUME®
PLUS",PRICED PER EACH,✓
architectural,49,MasterLine 16® Jamb/Sill Case,2,0,signature_200,"SIGNATURE®
200",PRICED PER EACH,✓
architectural,49,MasterLine 16® Jamb/Sill Case,2,0,signature_300,"SIGNATURE®
300",PRICED PER EACH,✓
architectural,49,MasterLine 16® Jamb/Sill Case,2,0,signature_300_metallic,"SIGNATURE®
300 METALLIC",PRICED PER EACH,✓
architectural,50,MasterLine 16® Door Jamb Cleat,0,0,part,PART #,DESCRIPTION,T-5540
architectural,50,MasterLine 16® Door Jamb Cleat,0,0,length,LENGTH,DESCRIPTION,"10'-2"""
architectural,50,MasterLine 16® Door Jamb Cleat,0,0,girth,GIRTH,DESCRIPTION,"3"""
architectural,50,MasterLine 16® Door Jamb Cleat,0,0,weight_each,WEIGHT EACH,DESCRIPTION,2484
architectural,50,MasterLine 16® Door Jamb Cleat,0,0,galvalume_plus,"GALVALUME®
PLUS",PRICED PER EACH,✓
architectural,50,MasterLine 16® Door Jamb Cleat,0,0,signature_200,"SIGNATURE®
200",PRICED PER EACH,✓
architectural,50,MasterLine 16® Door Jamb Cleat,0,0,signature_300,"SIGNATURE®
300",PRICED PER EACH,✓
architectural,50,MasterLine 16® Door Jamb Cleat,0,0,signature_300_metallic,"SIGNATURE®
300 METALLIC",PRICED PER EACH,✓
architectural,50,MasterLine 16® Two Piece Jamb Trim,1,0,part,PART #,DESCRIPTION,T-5541
architectural,50,MasterLine 16® Two Piece Jamb Trim,1,0,dim_a,"DIM ""A""",DESCRIPTION,"1%"""
architectural,50,MasterLine 16® Two Piece Jamb Trim,1,0,sheathing_thickness,"SHEATHING
THICKNESS,",DESCRIPTION,2
architectural,50,MasterLine 16® Two Piece Jamb Trim,1,0,length,LENGTH,DESCRIPTION,"10'-2"""
architectural,50,MasterLine 16® Two Piece Jamb Trim,1,0,girth,GIRTH,DESCRIPTION,"47%"""
architectural,50,MasterLine 16® Two Piece Jamb Trim,1,0,weight_each,"WEIGHT
EACH",DESCRIPTION,4.03#
architectural,50,MasterLine 16® Two Piece Jamb Trim,1,0,galvalume_plus,"GALVALUME®
PLUS",PRICED PER EACH,✓
architectural,50,MasterLine 16® Two Piece Jamb Trim,1,0,signature_200,"SIGNATURE®
200",PRICED PER EACH,✓
architectural,50,MasterLine 16® Two Piece Jamb Trim,1,0,signature_300,"SIGNATURE®
300",PRICED PER EACH,✓
architectural,50,MasterLine 16® Two Piece Jamb Trim,1,0,signature_300_metallic,"SIGNATURE®
300 METALLIC",PRICED PER EACH,✓
architectural,50,MasterLine 16® Two Piece Jamb Trim,1,1,part,PART #,DESCRIPTION,T-5542
architectural,50,MasterLine 16® Two Piece Jamb Trim,1,1,dim_a,"DIM ""A""",DESCRIPTION,"4 34"""
architectural,50,MasterLine 16® Two Piece Jamb Trim,1,1,sheathing_thickness,"SHEATHING
THICKNESS,",DESCRIPTION,"34"""
architectural,50,MasterLine 16® Two Piece Jamb Trim,1,1,length,LENGTH,DESCRIPTION,"10'-2"""
architectural,50,MasterLine 16® Two Piece Jamb Trim,1,1,girth,GIRTH,DESCRIPTION,"5%"""
architectural,50,MasterLine 16® Two Piece Jamb Trim,1,1,weight_each,"WEIGHT
EACH",DESCRIPTION,4.244
architectural,50,MasterLine 16® Two Piece Jamb Trim,1,1,galvalume_plus,"GALVALUME®
PLUS",PRICED PER EACH,✓
architectural,50,MasterLine 16® Two Piece Jamb Trim,1,1,signature_200,"SIGNATURE®
200",PRICED PER EACH,✓
architectural,50,MasterLine 16® Two Piece Jamb Trim,1,1,signature_300,"SIGNATURE®
300",PRICED PER EACH,✓
architectural,50,MasterLine 16® Two Piece Jamb Trim,1,1,signature_300_metallic,"SIGNATURE®
300 METALLIC",PRICED PER EACH,✓
architectural,50,MasterLine 16® Two Piece Jamb Trim,1,2,part,PART #,DESCRIPTION,T-5543
architectural,50,MasterLine 16® Two Piece Jamb Trim,1,2,dim_a,"DIM ""A""",DESCRIPTION,ys
architectural,50,MasterLine 16® Two Piece Jamb Trim,1,2,sheathing_thickness,"SHEATHING
THICKNESS,",DESCRIPTION,4
architectural,50,MasterLine 16® Two Piece Jamb Trim,1,2,length,LENGTH,DESCRIPTION,"10'-2"""
architectural,50,MasterLine 16® Two Piece Jamb Trim,1,2,girth,GIRTH,DESCRIPTION,"5 36"""
architectural,50,MasterLine 16® Two Piece Jamb Trim,1,2,weight_each,"WEIGHT
EACH",DESCRIPTION,4.45#
architectural,50,MasterLine 16® Two Piece Jamb Trim,1,2,galvalume_plus,"GALVALUME®
PLUS",PRICED PER EACH,✓
architectural,50,MasterLine 16® Two Piece Jamb Trim,1,2,signature_200,"SIGNATURE®
200",PRICED PER EACH,✓
architectural,50,MasterLine 16® Two Piece Jamb Trim,1,2,signature_300,"SIGNATURE®
300",PRICED PER EACH,✓
architectural,50,MasterLine 16® Two Piece Jamb Trim,1,2,signature_300_metallic,"SIGNATURE®
300 METALLIC",PRICED PER EACH,✓
architectural,50,MasterLine 16® Two Piece Jamb Trim,1,3,part,PART #,DESCRIPTION,T-5544
architectural,50,MasterLine 16® Two Piece Jamb Trim,1,3,dim_a,"DIM ""A""",DESCRIPTION,"2 Y2"""
architectural,50,MasterLine 16® Two Piece Jamb Trim,1,3,sheathing_thickness,"SHEATHING
THICKNESS,",DESCRIPTION,"172"""
architectural,50,MasterLine 16® Two Piece Jamb Trim,1,3,length,LENGTH,DESCRIPTION,"10'-2"""
architectural,50,MasterLine 16® Two Piece Jamb Trim,1,3,girth,GIRTH,DESCRIPTION,"5 7p"""
architectural,50,MasterLine 16® Two Piece Jamb Trim,1,3,weight_each,"WEIGHT
EACH",DESCRIPTION,4.86#
architectural,50,MasterLine 16® Two Piece Jamb Trim,1,3,galvalume_plus,"GALVALUME®
PLUS",PRICED PER EACH,✓
architectural,50,MasterLine 16® Two Piece Jamb Trim,1,3,signature_200,"SIGNATURE®
200",PRICED PER EACH,✓
architectural,50,MasterLine 16® Two Piece Jamb Trim,1,3,signature_300,"SIGNATURE®
300",PRICED PER EACH,✓
architectural,50,MasterLine 16® Two Piece Jamb Trim,1,3,signature_300_metallic,"SIGNATURE®
300 METALLIC",PRICED PER EACH,✓
architectural,50,MasterLine 16® Two Piece Jamb Trim,1,4,part,PART #,DESCRIPTION,T-5545
architectural,50,MasterLine 16® Two Piece Jamb Trim,1,4,dim_a,"DIM ""A""",DESCRIPTION,"3"""
architectural,50,MasterLine 16® Two Piece Jamb Trim,1,4,sheathing_thickness,"SHEATHING
THICKNESS,",DESCRIPTION,"2"""
architectural,50,MasterLine 16® Two Piece Jamb Trim,1,4,length,LENGTH,DESCRIPTION,"10'-2"""
architectural,50,MasterLine 16® Two Piece Jamb Trim,1,4,girth,GIRTH,DESCRIPTION,"634"""
architectural,50,MasterLine 16® Two Piece Jamb Trim,1,4,weight_each,"WEIGHT
EACH",DESCRIPTION,5.27#
architectural,50,MasterLine 16® Two Piece Jamb Trim,1,4,galvalume_plus,"GALVALUME®
PLUS",PRICED PER EACH,✓
architectural,50,MasterLine 16® Two Piece Jamb Trim,1,4,signature_200,"SIGNATURE®
200",PRICED PER EACH,✓
architectural,50,MasterLine 16® Two Piece Jamb Trim,1,4,signature_300,"SIGNATURE®
300",PRICED PER EACH,✓
architectural,50,MasterLine 16® Two Piece Jamb Trim,1,4,signature_300_metallic,"SIGNATURE®
300 METALLIC",PRICED PER EACH,✓
architectural,50,MasterLine 16® Base Trim,2,0,part,PART #,DESCRIPTION,T-5534
architectural,50,MasterLine 16® Base Trim,2,0,dim_a,"DIM ""A""",DESCRIPTION,"1 Vg"""
architectural,50,MasterLine 16® Base Trim,2,0,length,LENGTH,DESCRIPTION,"10'-2"""
architectural,50,MasterLine 16® Base Trim,2,0,girth,GIRTH,DESCRIPTION,"434"""
architectural,50,MasterLine 16® Base Trim,2,0,weight_per_each,"WEIGHT PER
EACH",DESCRIPTION,3.93#
architectural,50,MasterLine 16® Base Trim,2,0,galvalume_plus,"GALVALUME®
PLUS",PRICED PER EACH,✓
architectural,50,MasterLine 16® Base Trim,2,0,signature_200,"SIGNATURE®
200",PRICED PER EACH,✓
architectural,50,MasterLine 16® Base Trim,2,0,signature_300,"SIGNATURE®
300",PRICED PER EACH,✓
architectural,50,MasterLine 16® Base Trim,2,0,signature_300_metallic,"SIGNATURE®
300 METALLIC",PRICED PER EACH,✓
architectural,51,MasterLine 16® Panel Cleat,0,0,part,PART #,DESCRIPTION,T-5530
architectural,51,MasterLine 16® Panel Cleat,0,0,length,LENGTH,DESCRIPTION,"10'-2"""
architectural,51,MasterLine 16® Panel Cleat,0,0,girth,GIRTH,DESCRIPTION,"3 ""he"""
architectural,51,MasterLine 16® Panel Cleat,0,0,weight_each,WEIGHT EACH,DESCRIPTION,2.53#
architectural,51,MasterLine 16® Panel Cleat,0,0,galvalume_plus,"GALVALUME®
PLUS",PRICED PER EACH,✓
architectural,51,MasterLine 16® Panel Cleat,0,0,signature_200,"SIGNATURE®
200",PRICED PER EACH,✓
architectural,51,MasterLine 16® Panel Cleat,0,0,signature_300,"SIGNATURE®
300",PRICED PER EACH,✓
architectural,51,MasterLine 16® Panel Cleat,0,0,signature_300_metallic,"SIGNATURE®
300 METALLIC",PRICED PER EACH,✓
architectural,51,MasterLine 16® Outside Corner,1,0,part,PART #,DESCRIPTION,T-5505
architectural,51,MasterLine 16® Outside Corner,1,0,length,LENGTH,DESCRIPTION,"10'-2"""
architectural,51,MasterLine 16® Outside Corner,1,0,girth,GIRTH,DESCRIPTION,"7"""
architectural,51,MasterLine 16® Outside Corner,1,0,weight_each,WEIGHT EACH,DESCRIPTION,5./9#
architectural,51,MasterLine 16® Outside Corner,1,0,galvalume_plus,"GALVALUME®
PLUS",PRICED PER EACH,✓
architectural,51,MasterLine 16® Outside Corner,1,0,signature_200,"SIGNATURE®
200",PRICED PER EACH,✓
architectural,51,MasterLine 16® Outside Corner,1,0,signature_300,"SIGNATURE®
300",PRICED PER EACH,✓
architectural,51,MasterLine 16® Outside Corner,1,0,signature_300_metallic,"SIGNATURE®
300 METALLIC",PRICED PER EACH,✓
architectural,51,MasterLine 16® Outside Corner,1,1,part,PART #,DESCRIPTION,T-5506
architectural,51,MasterLine 16® Outside Corner,1,1,length,LENGTH,DESCRIPTION,"20'-2"""
architectural,51,MasterLine 16® Outside Corner,1,1,girth,GIRTH,DESCRIPTION,"7"""
architectural,51,MasterLine 16® Outside Corner,1,1,weight_each,WEIGHT EACH,DESCRIPTION,11.49#
architectural,51,MasterLine 16® Outside Corner,1,1,galvalume_plus,"GALVALUME®
PLUS",PRICED PER EACH,✓
architectural,51,MasterLine 16® Outside Corner,1,1,signature_200,"SIGNATURE®
200",PRICED PER EACH,✓
architectural,51,MasterLine 16® Outside Corner,1,1,signature_300,"SIGNATURE®
300",PRICED PER EACH,✓
architectural,51,MasterLine 16® Outside Corner,1,1,signature_300_metallic,"SIGNATURE®
300 METALLIC",PRICED PER EACH,✓
architectural,51,MasterLine 16® Inside Corner,2,0,part,PART #,DESCRIPTION,T-5507
architectural,51,MasterLine 16® Inside Corner,2,0,length,LENGTH,DESCRIPTION,"10'-2"""
architectural,51,MasterLine 16® Inside Corner,2,0,girth,GIRTH,DESCRIPTION,"7"""
architectural,51,MasterLine 16® Inside Corner,2,0,weight_each,WEIGHT EACH,DESCRIPTION,5./9#
architectural,51,MasterLine 16® Inside Corner,2,0,galvalume_plus,"GALVALUME®
PLUS",PRICED PER EACH,✓
architectural,51,MasterLine 16® Inside Corner,2,0,signature_200,"SIGNATURE®
200",PRICED PER EACH,✓
architectural,51,MasterLine 16® Inside Corner,2,0,signature_300,"SIGNATURE®
300",PRICED PER EACH,✓
architectural,51,MasterLine 16® Inside Corner,2,0,signature_300_metallic,"SIGNATURE®
300 METALLIC",PRICED PER EACH,✓
architectural,51,MasterLine 16® Inside Corner,2,1,part,PART #,DESCRIPTION,T-5508
architectural,51,MasterLine 16® Inside Corner,2,1,length,LENGTH,DESCRIPTION,"20'-2"""
architectural,51,MasterLine 16® Inside Corner,2,1,girth,GIRTH,DESCRIPTION,"7"""
architectural,51,MasterLine 16® Inside Corner,2,1,weight_each,WEIGHT EACH,DESCRIPTION,11.49#
architectural,51,MasterLine 16® Inside Corner,2,1,galvalume_plus,"GALVALUME®
PLUS",PRICED PER EACH,✓
architectural,51,MasterLine 16® Inside Corner,2,1,signature_200,"SIGNATURE®
200",PRICED PER EACH,✓
architectural,51,MasterLine 16® Inside Corner,2,1,signature_300,"SIGNATURE®
300",PRICED PER EACH,✓
architectural,51,MasterLine 16® Inside Corner,2,1,signature_300_metallic,"SIGNATURE®
300 METALLIC",PRICED PER EACH,✓
architectural,52,MasterLine 16® Support Zee,0,0,part,PART #,DESCRIPTION,T-5526
architectural,52,MasterLine 16® Support Zee,0,0,length,LENGTH,DESCRIPTION,"10'-2"""
architectural,52,MasterLine 16® Support Zee,0,0,girth,GIRTH,DESCRIPTION,"234"""
architectural,52,MasterLine 16® Support Zee,0,0,weight_each,WEIGHT EACH,DESCRIPTION,2.2/#
architectural,52,MasterLine 16® Support Zee,0,0,galvalume_plus,"GALVALUME®
PLUS",PRICED PER EACH,✓
architectural,52,MasterLine 16® Support Zee,0,0,signature_200,"SIGNATURE®
200",PRICED PER EACH,✓
architectural,52,MasterLine 16® Support Zee,0,0,signature_300,"SIGNATURE®
300",PRICED PER EACH,✓
architectural,52,MasterLine 16® Support Zee,0,0,signature_300_metallic,"SIGNATURE®
300 METALLIC",PRICED PER EACH,✓
architectural,52,MasterLine 16® Cee Closure,1,0,part,PART #,DESCRIPTION,T-5510
architectural,52,MasterLine 16® Cee Closure,1,0,length,LENGTH,DESCRIPTION,"10'-2"""
architectural,52,MasterLine 16® Cee Closure,1,0,girth,GIRTH,DESCRIPTION,"5y2"""
architectural,52,MasterLine 16® Cee Closure,1,0,weight_each,WEIGHT EACH,DESCRIPTION,4.55#
architectural,52,MasterLine 16® Cee Closure,1,0,galvalume_plus,"GALVALUME®
PLUS",PRICED PER EACH,✓
architectural,52,MasterLine 16® Cee Closure,1,0,signature_200,"SIGNATURE®
200",PRICED PER EACH,✓
architectural,52,MasterLine 16® Cee Closure,1,0,signature_300,"SIGNATURE®
300",PRICED PER EACH,✓
architectural,52,MasterLine 16® Cee Closure,1,0,signature_300_metallic,"SIGNATURE®
300 METALLIC",PRICED PER EACH,✓
architectural,52,MasterLine 16® Flat Splice Trim,2,0,part,PART #,DESCRIPTION,T-5520
architectural,52,MasterLine 16® Flat Splice Trim,2,0,length,LENGTH,DESCRIPTION,"10'-2"""
architectural,52,MasterLine 16® Flat Splice Trim,2,0,girth,GIRTH,DESCRIPTION,"5"""
architectural,52,MasterLine 16® Flat Splice Trim,2,0,weight_each,WEIGHT EACH,DESCRIPTION,4.144
architectural,52,MasterLine 16® Flat Splice Trim,2,0,galvalume_plus,"GALVALUME®
PLUS",PRICED PER EACH,✓
architectural,52,MasterLine 16® Flat Splice Trim,2,0,signature_200,"SIGNATURE®
200",PRICED PER EACH,✓
architectural,52,MasterLine 16® Flat Splice Trim,2,0,signature_300,"SIGNATURE®
300",PRICED PER EACH,✓
architectural,52,MasterLine 16® Flat Splice Trim,2,0,signature_300_metallic,"SIGNATURE®
300 METALLIC",PRICED PER EACH,✓
architectural,52,MasterLine 16® Flat Splice Trim,2,1,part,PART #,DESCRIPTION,T-5521
architectural,52,MasterLine 16® Flat Splice Trim,2,1,length,LENGTH,DESCRIPTION,"14'-0"""
architectural,52,MasterLine 16® Flat Splice Trim,2,1,girth,GIRTH,DESCRIPTION,"5"""
architectural,52,MasterLine 16® Flat Splice Trim,2,1,weight_each,WEIGHT EACH,DESCRIPTION,5./0#
architectural,52,MasterLine 16® Flat Splice Trim,2,1,galvalume_plus,"GALVALUME®
PLUS",PRICED PER EACH,✓
architectural,52,MasterLine 16® Flat Splice Trim,2,1,signature_200,"SIGNATURE®
200",PRICED PER EACH,✓
architectural,52,MasterLine 16® Flat Splice Trim,2,1,signature_300,"SIGNATURE®
300",PRICED PER EACH,✓
architectural,52,MasterLine 16® Flat Splice Trim,2,1,signature_300_metallic,"SIGNATURE®
300 METALLIC",PRICED PER EACH,✓
architectural,52,MasterLine 16® Reveal Splice Trim,3,0,part,PART #,DESCRIPTION,T-5523
architectural,52,MasterLine 16® Reveal Splice Trim,3,0,length,LENGTH,DESCRIPTION,"10'-2"""
architectural,52,MasterLine 16® Reveal Splice Trim,3,0,girth,GIRTH,DESCRIPTION,"7Y2"""
architectural,52,MasterLine 16® Reveal Splice Trim,3,0,weight_each,WEIGHT EACH,DESCRIPTION,O.41#
architectural,52,MasterLine 16® Reveal Splice Trim,3,0,galvalume_plus,"GALVALUME®
PLUS",PRICED PER EACH,✓
architectural,52,MasterLine 16® Reveal Splice Trim,3,0,signature_200,"SIGNATURE®
200",PRICED PER EACH,✓
architectural,52,MasterLine 16® Reveal Splice Trim,3,0,signature_300,"SIGNATURE®
300",PRICED PER EACH,✓
architectural,52,MasterLine 16® Reveal Splice Trim,3,0,signature_300_metallic,"SIGNATURE®
300 METALLIC",PRICED PER EACH,✓
architectural,52,MasterLine 16® Reveal Splice Trim,3,1,part,PART #,DESCRIPTION,T-5524
architectural,52,MasterLine 16® Reveal Splice Trim,3,1,length,LENGTH,DESCRIPTION,"14'-0"""
architectural,52,MasterLine 16® Reveal Splice Trim,3,1,girth,GIRTH,DESCRIPTION,"7Y2"""
architectural,52,MasterLine 16® Reveal Splice Trim,3,1,weight_each,WEIGHT EACH,DESCRIPTION,8.83#
architectural,52,MasterLine 16® Reveal Splice Trim,3,1,galvalume_plus,"GALVALUME®
PLUS",PRICED PER EACH,✓
architectural,52,MasterLine 16® Reveal Splice Trim,3,1,signature_200,"SIGNATURE®
200",PRICED PER EACH,✓
architectural,52,MasterLine 16® Reveal Splice Trim,3,1,signature_300,"SIGNATURE®
300",PRICED PER EACH,✓
architectural,52,MasterLine 16® Reveal Splice Trim,3,1,signature_300_metallic,"SIGNATURE®
300 METALLIC",PRICED PER EACH,✓
architectural,53,"ShadowkRib""™ Base Trim",0,0,part,PART #,DESCRIPTION,T-6011
architectural,53,"ShadowkRib""™ Base Trim",0,0,length,LENGTH,DESCRIPTION,"10'-2"""
architectural,53,"ShadowkRib""™ Base Trim",0,0,girth,GIRTH,DESCRIPTION,"7 V4"""
architectural,53,"ShadowkRib""™ Base Trim",0,0,weight_per_each,"WEIGHT PER
EACH",DESCRIPTION,6.00#
architectural,53,"ShadowkRib""™ Base Trim",0,0,galvalume_plus,"GALVALUME®
PLUS",PRICED PER EACH,✓
architectural,53,"ShadowkRib""™ Base Trim",0,0,signature_200,"SIGNATURE®
200",PRICED PER EACH,✓
architectural,53,"ShadowkRib""™ Base Trim",0,0,signature_300,"SIGNATURE®
300",PRICED PER EACH,✓
architectural,53,"ShadowkRib""™ Base Trim",0,0,signature_300_metallic,"SIGNATURE®
300 METALLIC",PRICED PER EACH,✓
architectural,53,"ShadowkRib""™ Base Trim",0,1,part,PART #,DESCRIPTION,T-6012
architectural,53,"ShadowkRib""™ Base Trim",0,1,length,LENGTH,DESCRIPTION,"20'-2"""
architectural,53,"ShadowkRib""™ Base Trim",0,1,girth,GIRTH,DESCRIPTION,"7 Va"""
architectural,53,"ShadowkRib""™ Base Trim",0,1,weight_per_each,"WEIGHT PER
EACH",DESCRIPTION,11.90#
architectural,53,"ShadowkRib""™ Base Trim",0,1,galvalume_plus,"GALVALUME®
PLUS",PRICED PER EACH,✓
architectural,53,"ShadowkRib""™ Base Trim",0,1,signature_200,"SIGNATURE®
200",PRICED PER EACH,✓
architectural,53,"ShadowkRib""™ Base Trim",0,1,signature_300,"SIGNATURE®
300",PRICED PER EACH,✓
architectural,53,"ShadowkRib""™ Base Trim",0,1,signature_300_metallic,"SIGNATURE®
300 METALLIC",PRICED PER EACH,✓
architectural,53,ShadowRib™ Head Trim,1,0,part,PART #,DESCRIPTION,T-6083
architectural,53,ShadowRib™ Head Trim,1,0,length,LENGTH,DESCRIPTION,"10'-2"""
architectural,53,ShadowRib™ Head Trim,1,0,girth,GIRTH,DESCRIPTION,"7 7p"""
architectural,53,ShadowRib™ Head Trim,1,0,weight_per_each,"WEIGHT PER
EACH",DESCRIPTION,6.51#
architectural,53,ShadowRib™ Head Trim,1,0,galvalume_plus,"GALVALUME®
PLUS",PRICED PER EACH,✓
architectural,53,ShadowRib™ Head Trim,1,0,signature_200,"SIGNATURE®
200",PRICED PER EACH,✓
architectural,53,ShadowRib™ Head Trim,1,0,signature_300,"SIGNATURE®
300",PRICED PER EACH,✓
architectural,53,ShadowRib™ Head Trim,1,0,signature_300_metallic,"SIGNATURE®
300 METALLIC",PRICED PER EACH,✓
architectural,53,ShadowRib™ Head Trim,1,1,part,PART #,DESCRIPTION,T-6084
architectural,53,ShadowRib™ Head Trim,1,1,length,LENGTH,DESCRIPTION,"20'-2"""
architectural,53,ShadowRib™ Head Trim,1,1,girth,GIRTH,DESCRIPTION,"7%"""
architectural,53,ShadowRib™ Head Trim,1,1,weight_per_each,"WEIGHT PER
EACH",DESCRIPTION,12.92#
architectural,53,ShadowRib™ Head Trim,1,1,galvalume_plus,"GALVALUME®
PLUS",PRICED PER EACH,✓
architectural,53,ShadowRib™ Head Trim,1,1,signature_200,"SIGNATURE®
200",PRICED PER EACH,✓
architectural,53,ShadowRib™ Head Trim,1,1,signature_300,"SIGNATURE®
300",PRICED PER EACH,✓
architectural,53,ShadowRib™ Head Trim,1,1,signature_300_metallic,"SIGNATURE®
300 METALLIC",PRICED PER EACH,✓
architectural,53,ShadowkRib™ Head Trim - Alternate,2,0,part,PART #,DESCRIPTION,T-6081
architectural,53,ShadowkRib™ Head Trim - Alternate,2,0,length,LENGTH,DESCRIPTION,"10'-2"""
architectural,53,ShadowkRib™ Head Trim - Alternate,2,0,girth,GIRTH,DESCRIPTION,"1134"""
architectural,53,ShadowkRib™ Head Trim - Alternate,2,0,weight_per_each,"WEIGHT PER
EACH",DESCRIPTION,9.7 2#
architectural,53,ShadowkRib™ Head Trim - Alternate,2,0,galvalume_plus,"GALVALUME®
PLUS",PRICED PER EACH,✓
architectural,53,ShadowkRib™ Head Trim - Alternate,2,0,signature_200,"SIGNATURE®
200",PRICED PER EACH,✓
architectural,53,ShadowkRib™ Head Trim - Alternate,2,0,signature_300,"SIGNATURE®
300",PRICED PER EACH,✓
architectural,53,ShadowkRib™ Head Trim - Alternate,2,0,signature_300_metallic,"SIGNATURE®
300 METALLIC",PRICED PER EACH,✓
architectural,53,ShadowkRib™ Head Trim - Alternate,2,1,part,PART #,DESCRIPTION,T-6082
architectural,53,ShadowkRib™ Head Trim - Alternate,2,1,length,LENGTH,DESCRIPTION,"20'-2"""
architectural,53,ShadowkRib™ Head Trim - Alternate,2,1,girth,GIRTH,DESCRIPTION,"1134"""
architectural,53,ShadowkRib™ Head Trim - Alternate,2,1,weight_per_each,"WEIGHT PER
EACH",DESCRIPTION,19.28#
architectural,53,ShadowkRib™ Head Trim - Alternate,2,1,galvalume_plus,"GALVALUME®
PLUS",PRICED PER EACH,✓
architectural,53,ShadowkRib™ Head Trim - Alternate,2,1,signature_200,"SIGNATURE®
200",PRICED PER EACH,✓
architectural,53,ShadowkRib™ Head Trim - Alternate,2,1,signature_300,"SIGNATURE®
300",PRICED PER EACH,✓
architectural,53,ShadowkRib™ Head Trim - Alternate,2,1,signature_300_metallic,"SIGNATURE®
300 METALLIC",PRICED PER EACH,✓
architectural,54,Shadowkib™ Splice Trim,0,0,part,PART #,DESCRIPTION,T-6121
architectural,54,Shadowkib™ Splice Trim,0,0,length,LENGTH,DESCRIPTION,"10'-2"""
architectural,54,Shadowkib™ Splice Trim,0,0,girth,GIRTH,DESCRIPTION,"gn"""
architectural,54,Shadowkib™ Splice Trim,0,0,weight_per_each,"WEIGHT PER
EACH",DESCRIPTION,6.62#
architectural,54,Shadowkib™ Splice Trim,0,0,galvalume_plus,"GALVALUME®
PLUS",PRICED PER EACH,✓
architectural,54,Shadowkib™ Splice Trim,0,0,signature_200,"SIGNATURE®
200",PRICED PER EACH,✓
architectural,54,Shadowkib™ Splice Trim,0,0,signature_300,"SIGNATURE®
300",PRICED PER EACH,✓
architectural,54,Shadowkib™ Splice Trim,0,0,signature_300_metallic,"SIGNATURE®
300 METALLIC",PRICED PER EACH,✓
architectural,54,Shadowkib™ Splice Trim,0,1,part,PART #,DESCRIPTION,T-6122
architectural,54,Shadowkib™ Splice Trim,0,1,length,LENGTH,DESCRIPTION,"20'-2"""
architectural,54,Shadowkib™ Splice Trim,0,1,girth,GIRTH,DESCRIPTION,"gn"""
architectural,54,Shadowkib™ Splice Trim,0,1,weight_per_each,"WEIGHT PER
EACH",DESCRIPTION,13.13#
architectural,54,Shadowkib™ Splice Trim,0,1,galvalume_plus,"GALVALUME®
PLUS",PRICED PER EACH,✓
architectural,54,Shadowkib™ Splice Trim,0,1,signature_200,"SIGNATURE®
200",PRICED PER EACH,✓
architectural,54,Shadowkib™ Splice Trim,0,1,signature_300,"SIGNATURE®
300",PRICED PER EACH,✓
architectural,54,Shadowkib™ Splice Trim,0,1,signature_300_metallic,"SIGNATURE®
300 METALLIC",PRICED PER EACH,✓
architectural,54,ShadowRib™ Outside Corner,1,0,part,PART #,DESCRIPTION,T-6023
architectural,54,ShadowRib™ Outside Corner,1,0,length,LENGTH,DESCRIPTION,"10'-2"""
architectural,54,ShadowRib™ Outside Corner,1,0,girth,GIRTH,DESCRIPTION,"9"""
architectural,54,ShadowRib™ Outside Corner,1,0,weight_per_each,"WEIGHT PER
EACH",DESCRIPTION,7 AS#
architectural,54,ShadowRib™ Outside Corner,1,0,galvalume_plus,"GALVALUME®
PLUS",PRICED PER EACH,✓
architectural,54,ShadowRib™ Outside Corner,1,0,signature_200,"SIGNATURE®
200",PRICED PER EACH,✓
architectural,54,ShadowRib™ Outside Corner,1,0,signature_300,"SIGNATURE®
300",PRICED PER EACH,✓
architectural,54,ShadowRib™ Outside Corner,1,0,signature_300_metallic,"SIGNATURE®
300 METALLIC",PRICED PER EACH,✓
architectural,54,ShadowRib™ Outside Corner,1,1,part,PART #,DESCRIPTION,T-6024
architectural,54,ShadowRib™ Outside Corner,1,1,length,LENGTH,DESCRIPTION,"20'-2"""
architectural,54,ShadowRib™ Outside Corner,1,1,girth,GIRTH,DESCRIPTION,"9"""
architectural,54,ShadowRib™ Outside Corner,1,1,weight_per_each,"WEIGHT PER
EACH",DESCRIPTION,14.77#
architectural,54,ShadowRib™ Outside Corner,1,1,galvalume_plus,"GALVALUME®
PLUS",PRICED PER EACH,✓
architectural,54,ShadowRib™ Outside Corner,1,1,signature_200,"SIGNATURE®
200",PRICED PER EACH,✓
architectural,54,ShadowRib™ Outside Corner,1,1,signature_300,"SIGNATURE®
300",PRICED PER EACH,✓
architectural,54,ShadowRib™ Outside Corner,1,1,signature_300_metallic,"SIGNATURE®
300 METALLIC",PRICED PER EACH,✓
architectural,54,ShadowRib™ Inside Corner,2,0,part,PART #,DESCRIPTION,T-6053
architectural,54,ShadowRib™ Inside Corner,2,0,length,LENGTH,DESCRIPTION,"10'-2"""
architectural,54,ShadowRib™ Inside Corner,2,0,girth,GIRTH,DESCRIPTION,"9"""
architectural,54,ShadowRib™ Inside Corner,2,0,weight_per_each,"WEIGHT PER
EACH",DESCRIPTION,7 A5#
architectural,54,ShadowRib™ Inside Corner,2,0,galvalume_plus,"GALVALUME®
PLUS",PRICED PER EACH,✓
architectural,54,ShadowRib™ Inside Corner,2,0,signature_200,"SIGNATURE®
200",PRICED PER EACH,✓
architectural,54,ShadowRib™ Inside Corner,2,0,signature_300,"SIGNATURE®
300",PRICED PER EACH,✓
architectural,54,ShadowRib™ Inside Corner,2,0,signature_300_metallic,"SIGNATURE®
300 METALLIC",PRICED PER EACH,✓
architectural,54,ShadowRib™ Inside Corner,2,1,part,PART #,DESCRIPTION,T-6054
architectural,54,ShadowRib™ Inside Corner,2,1,length,LENGTH,DESCRIPTION,"20'-2"""
architectural,54,ShadowRib™ Inside Corner,2,1,girth,GIRTH,DESCRIPTION,"9"""
architectural,54,ShadowRib™ Inside Corner,2,1,weight_per_each,"WEIGHT PER
EACH",DESCRIPTION,14.77#
architectural,54,ShadowRib™ Inside Corner,2,1,galvalume_plus,"GALVALUME®
PLUS",PRICED PER EACH,✓
architectural,54,ShadowRib™ Inside Corner,2,1,signature_200,"SIGNATURE®
200",PRICED PER EACH,✓
architectural,54,ShadowRib™ Inside Corner,2,1,signature_300,"SIGNATURE®
300",PRICED PER EACH,✓
architectural,54,ShadowRib™ Inside Corner,2,1,signature_300_metallic,"SIGNATURE®
300 METALLIC",PRICED PER EACH,✓
architectural,55,"ShadowRib""™ Rake Trim",0,0,part,PART #,DESCRIPTION,T-6111
architectural,55,"ShadowRib""™ Rake Trim",0,0,length,LENGTH,DESCRIPTION,"10'-2"""
architectural,55,"ShadowRib""™ Rake Trim",0,0,girth,GIRTH,DESCRIPTION,"22"""
architectural,55,"ShadowRib""™ Rake Trim",0,0,weight_per_each,"WEIGHT PER
EACH",DESCRIPTION,18.20#
architectural,55,"ShadowRib""™ Rake Trim",0,0,galvalume_plus,"GALVALUME®
PLUS",PRICED PER EACH,✓
architectural,55,"ShadowRib""™ Rake Trim",0,0,signature_200,"SIGNATURE®
200",PRICED PER EACH,✓
architectural,55,"ShadowRib""™ Rake Trim",0,0,signature_300,"SIGNATURE®
300",PRICED PER EACH,✓
architectural,55,"ShadowRib""™ Rake Trim",0,0,signature_300_metallic,"SIGNATURE®
300 METALLIC",PRICED PER EACH,✓
architectural,55,"ShadowRib""™ Rake Trim",0,1,part,PART #,DESCRIPTION,T-6112
architectural,55,"ShadowRib""™ Rake Trim",0,1,length,LENGTH,DESCRIPTION,"20'-2"""
architectural,55,"ShadowRib""™ Rake Trim",0,1,girth,GIRTH,DESCRIPTION,"22"""
architectural,55,"ShadowRib""™ Rake Trim",0,1,weight_per_each,"WEIGHT PER
EACH",DESCRIPTION,36.10#
architectural,55,"ShadowRib""™ Rake Trim",0,1,galvalume_plus,"GALVALUME®
PLUS",PRICED PER EACH,✓
architectural,55,"ShadowRib""™ Rake Trim",0,1,signature_200,"SIGNATURE®
200",PRICED PER EACH,✓
architectural,55,"ShadowRib""™ Rake Trim",0,1,signature_300,"SIGNATURE®
300",PRICED PER EACH,✓
architectural,55,"ShadowRib""™ Rake Trim",0,1,signature_300_metallic,"SIGNATURE®
300 METALLIC",PRICED PER EACH,✓
architectural,55,ShadowRib™ Rake Trim,1,0,part,PART #,DESCRIPTION,T-6101
architectural,55,ShadowRib™ Rake Trim,1,0,length,LENGTH,DESCRIPTION,"10'-2"""
architectural,55,ShadowRib™ Rake Trim,1,0,girth,GIRTH,DESCRIPTION,"21"""
architectural,55,ShadowRib™ Rake Trim,1,0,weight_per_each,"WEIGHT PER
EACH",DESCRIPTION,17.37#
architectural,55,ShadowRib™ Rake Trim,1,0,galvalume_plus,"GALVALUME®
PLUS",PRICED PER EACH,✓
architectural,55,ShadowRib™ Rake Trim,1,0,signature_200,"SIGNATURE®
200",PRICED PER EACH,✓
architectural,55,ShadowRib™ Rake Trim,1,0,signature_300,"SIGNATURE®
300",PRICED PER EACH,✓
architectural,55,ShadowRib™ Rake Trim,1,0,signature_300_metallic,"SIGNATURE®
300 METALLIC",PRICED PER EACH,✓
architectural,55,ShadowRib™ Rake Trim,1,1,part,PART #,DESCRIPTION,T-6102
architectural,55,ShadowRib™ Rake Trim,1,1,length,LENGTH,DESCRIPTION,"20'-2"""
architectural,55,ShadowRib™ Rake Trim,1,1,girth,GIRTH,DESCRIPTION,"21"""
architectural,55,ShadowRib™ Rake Trim,1,1,weight_per_each,"WEIGHT PER
EACH",DESCRIPTION,34.460#
architectural,55,ShadowRib™ Rake Trim,1,1,galvalume_plus,"GALVALUME®
PLUS",PRICED PER EACH,✓
architectural,55,ShadowRib™ Rake Trim,1,1,signature_200,"SIGNATURE®
200",PRICED PER EACH,✓
architectural,55,ShadowRib™ Rake Trim,1,1,signature_300,"SIGNATURE®
300",PRICED PER EACH,✓
architectural,55,ShadowRib™ Rake Trim,1,1,signature_300_metallic,"SIGNATURE®
300 METALLIC",PRICED PER EACH,✓
architectural,55,ShadowRkib™ Zee Cap,2,0,part,PART #,DESCRIPTION,T-6133
architectural,55,ShadowRkib™ Zee Cap,2,0,length,LENGTH,DESCRIPTION,"10'-2"""
architectural,55,ShadowRkib™ Zee Cap,2,0,girth,GIRTH,DESCRIPTION,"53,"""
architectural,55,ShadowRkib™ Zee Cap,2,0,weight_per_each,"WEIGHT PER
EACH",DESCRIPTION,4.A5#
architectural,55,ShadowRkib™ Zee Cap,2,0,galvalume_plus,"GALVALUME®
PLUS",PRICED PER EACH,✓
architectural,55,ShadowRkib™ Zee Cap,2,0,signature_200,"SIGNATURE®
200",PRICED PER EACH,✓
architectural,55,ShadowRkib™ Zee Cap,2,0,signature_300,"SIGNATURE®
300",PRICED PER EACH,✓
architectural,55,ShadowRkib™ Zee Cap,2,0,signature_300_metallic,"SIGNATURE®
300 METALLIC",PRICED PER EACH,✓
architectural,55,ShadowRkib™ Zee Cap,2,1,part,PART #,DESCRIPTION,T-6134
architectural,55,ShadowRkib™ Zee Cap,2,1,length,LENGTH,DESCRIPTION,"20'-2"""
architectural,55,ShadowRkib™ Zee Cap,2,1,girth,GIRTH,DESCRIPTION,"534"""
architectural,55,ShadowRkib™ Zee Cap,2,1,weight_per_each,"WEIGHT PER
EACH",DESCRIPTION,8.82#
architectural,55,ShadowRkib™ Zee Cap,2,1,galvalume_plus,"GALVALUME®
PLUS",PRICED PER EACH,✓
architectural,55,ShadowRkib™ Zee Cap,2,1,signature_200,"SIGNATURE®
200",PRICED PER EACH,✓
architectural,55,ShadowRkib™ Zee Cap,2,1,signature_300,"SIGNATURE®
300",PRICED PER EACH,✓
architectural,55,ShadowRkib™ Zee Cap,2,1,signature_300_metallic,"SIGNATURE®
300 METALLIC",PRICED PER EACH,✓
architectural,56,"ShadowRkib"" Furring Zee",0,0,part,PART #,DESCRIPTION,T-6131
architectural,56,"ShadowRkib"" Furring Zee",0,0,dim_war,DIM war,DESCRIPTION,"| yo"""
architectural,56,"ShadowRkib"" Furring Zee",0,0,length,LENGTH,DESCRIPTION,"10'-2"""
architectural,56,"ShadowRkib"" Furring Zee",0,0,girth,GIRTH,DESCRIPTION,"3%"""
architectural,56,"ShadowRkib"" Furring Zee",0,0,weight_per_each,"WEIGHT PER
EACH",DESCRIPTION,2.69#
architectural,56,"ShadowRkib"" Furring Zee",0,0,galvalume_plus,"GALVALUME®
PLUS",PRICED PER EACH,✓
architectural,56,"ShadowRkib"" Furring Zee",0,0,signature_200,"SIGNATURE®
200",PRICED PER EACH,✓
architectural,56,"ShadowRkib"" Furring Zee",0,0,signature_300,"SIGNATURE®
300",PRICED PER EACH,✓
architectural,56,"ShadowRkib"" Furring Zee",0,0,signature_300_metallic,"SIGNATURE®
300 METALLIC",PRICED PER EACH,✓
architectural,56,"ShadowRkib"" Furring Zee",0,1,part,PART #,DESCRIPTION,T-6132
architectural,56,"ShadowRkib"" Furring Zee",0,1,dim_war,DIM war,DESCRIPTION,"3"""
architectural,56,"ShadowRkib"" Furring Zee",0,1,length,LENGTH,DESCRIPTION,"10'-2"""
architectural,56,"ShadowRkib"" Furring Zee",0,1,girth,GIRTH,DESCRIPTION,"434"""
architectural,56,"ShadowRkib"" Furring Zee",0,1,weight_per_each,"WEIGHT PER
EACH",DESCRIPTION,3.93#
architectural,56,"ShadowRkib"" Furring Zee",0,1,galvalume_plus,"GALVALUME®
PLUS",PRICED PER EACH,✓
architectural,56,"ShadowRkib"" Furring Zee",0,1,signature_200,"SIGNATURE®
200",PRICED PER EACH,✓
architectural,56,"ShadowRkib"" Furring Zee",0,1,signature_300,"SIGNATURE®
300",PRICED PER EACH,✓
architectural,56,"ShadowRkib"" Furring Zee",0,1,signature_300_metallic,"SIGNATURE®
300 METALLIC",PRICED PER EACH,✓
architectural,56,Shadowkrib™ Panel Cap,1,0,part,PART #,DESCRIPTION,T-6061
architectural,56,Shadowkrib™ Panel Cap,1,0,length,LENGTH,DESCRIPTION,"10'-2"""
architectural,56,Shadowkrib™ Panel Cap,1,0,girth,GIRTH,DESCRIPTION,"7%"""
architectural,56,Shadowkrib™ Panel Cap,1,0,weight_per_each,"WEIGHT PER
EACH",DESCRIPTION,5.89#
architectural,56,Shadowkrib™ Panel Cap,1,0,galvalume_plus,"GALVALUME®
PLUS",PRICED PER EACH,✓
architectural,56,Shadowkrib™ Panel Cap,1,0,signature_200,"SIGNATURE®
200",PRICED PER EACH,✓
architectural,56,Shadowkrib™ Panel Cap,1,0,signature_300,"SIGNATURE®
300",PRICED PER EACH,✓
architectural,56,Shadowkrib™ Panel Cap,1,0,signature_300_metallic,"SIGNATURE®
300 METALLIC",PRICED PER EACH,✓
architectural,56,Shadowkrib™ Panel Cap,1,1,part,PART #,DESCRIPTION,T-6062
architectural,56,Shadowkrib™ Panel Cap,1,1,length,LENGTH,DESCRIPTION,"20'-2"""
architectural,56,Shadowkrib™ Panel Cap,1,1,girth,GIRTH,DESCRIPTION,"7%"""
architectural,56,Shadowkrib™ Panel Cap,1,1,weight_per_each,"WEIGHT PER
EACH",DESCRIPTION,11.69#
architectural,56,Shadowkrib™ Panel Cap,1,1,galvalume_plus,"GALVALUME®
PLUS",PRICED PER EACH,✓
architectural,56,Shadowkrib™ Panel Cap,1,1,signature_200,"SIGNATURE®
200",PRICED PER EACH,✓
architectural,56,Shadowkrib™ Panel Cap,1,1,signature_300,"SIGNATURE®
300",PRICED PER EACH,✓
architectural,56,Shadowkrib™ Panel Cap,1,1,signature_300_metallic,"SIGNATURE®
300 METALLIC",PRICED PER EACH,✓
architectural,56,ShadowRib™ Cap/jamb Trim,2,0,part,PART #,DESCRIPTION,T-6071
architectural,56,ShadowRib™ Cap/jamb Trim,2,0,dim_ba,"DIM ""BA""",DESCRIPTION,"3%"""
architectural,56,ShadowRib™ Cap/jamb Trim,2,0,length,LENGTH,DESCRIPTION,"10'-2"""
architectural,56,ShadowRib™ Cap/jamb Trim,2,0,girth,GIRTH,DESCRIPTION,"8%"""
architectural,56,ShadowRib™ Cap/jamb Trim,2,0,weight_per_each,"WEIGHT PER
EACH",DESCRIPTION,6.72#
architectural,56,ShadowRib™ Cap/jamb Trim,2,0,galvalume_plus,"GALVALUME®
PLUS",PRICED PER EACH,✓
architectural,56,ShadowRib™ Cap/jamb Trim,2,0,signature_200,"SIGNATURE®
200",PRICED PER EACH,✓
architectural,56,ShadowRib™ Cap/jamb Trim,2,0,signature_300,"SIGNATURE®
300",PRICED PER EACH,✓
architectural,56,ShadowRib™ Cap/jamb Trim,2,0,signature_300_metallic,"SIGNATURE®
300 METALLIC",PRICED PER EACH,✓
architectural,56,ShadowRib™ Cap/jamb Trim,2,1,part,PART #,DESCRIPTION,T-6072
architectural,56,ShadowRib™ Cap/jamb Trim,2,1,dim_ba,"DIM ""BA""",DESCRIPTION,"3%"""
architectural,56,ShadowRib™ Cap/jamb Trim,2,1,length,LENGTH,DESCRIPTION,"20'-2"""
architectural,56,ShadowRib™ Cap/jamb Trim,2,1,girth,GIRTH,DESCRIPTION,"8%"""
architectural,56,ShadowRib™ Cap/jamb Trim,2,1,weight_per_each,"WEIGHT PER
EACH",DESCRIPTION,13.33#
architectural,56,ShadowRib™ Cap/jamb Trim,2,1,galvalume_plus,"GALVALUME®
PLUS",PRICED PER EACH,✓
architectural,56,ShadowRib™ Cap/jamb Trim,2,1,signature_200,"SIGNATURE®
200",PRICED PER EACH,✓
architectural,56,ShadowRib™ Cap/jamb Trim,2,1,signature_300,"SIGNATURE®
300",PRICED PER EACH,✓
architectural,56,ShadowRib™ Cap/jamb Trim,2,1,signature_300_metallic,"SIGNATURE®
300 METALLIC",PRICED PER EACH,✓
architectural,56,ShadowRib™ Cap/jamb Trim,2,2,part,PART #,DESCRIPTION,T-6073
architectural,56,ShadowRib™ Cap/jamb Trim,2,2,dim_ba,"DIM ""BA""",DESCRIPTION,"1%"""
architectural,56,ShadowRib™ Cap/jamb Trim,2,2,length,LENGTH,DESCRIPTION,"10'-2"""
architectural,56,ShadowRib™ Cap/jamb Trim,2,2,girth,GIRTH,DESCRIPTION,"6%"""
architectural,56,ShadowRib™ Cap/jamb Trim,2,2,weight_per_each,"WEIGHT PER
EACH",DESCRIPTION,5.38#
architectural,56,ShadowRib™ Cap/jamb Trim,2,2,galvalume_plus,"GALVALUME®
PLUS",PRICED PER EACH,✓
architectural,56,ShadowRib™ Cap/jamb Trim,2,2,signature_200,"SIGNATURE®
200",PRICED PER EACH,✓
architectural,56,ShadowRib™ Cap/jamb Trim,2,2,signature_300,"SIGNATURE®
300",PRICED PER EACH,✓
architectural,56,ShadowRib™ Cap/jamb Trim,2,2,signature_300_metallic,"SIGNATURE®
300 METALLIC",PRICED PER EACH,✓
architectural,56,ShadowRib™ Cap/jamb Trim,2,3,part,PART #,DESCRIPTION,T-6074
architectural,56,ShadowRib™ Cap/jamb Trim,2,3,dim_ba,"DIM ""BA""",DESCRIPTION,"1%"""
architectural,56,ShadowRib™ Cap/jamb Trim,2,3,length,LENGTH,DESCRIPTION,"20'-2"""
architectural,56,ShadowRib™ Cap/jamb Trim,2,3,girth,GIRTH,DESCRIPTION,"6y2"""
architectural,56,ShadowRib™ Cap/jamb Trim,2,3,weight_per_each,"WEIGHT PER
EACH",DESCRIPTION,10.67#
architectural,56,ShadowRib™ Cap/jamb Trim,2,3,galvalume_plus,"GALVALUME®
PLUS",PRICED PER EACH,✓
architectural,56,ShadowRib™ Cap/jamb Trim,2,3,signature_200,"SIGNATURE®
200",PRICED PER EACH,✓
architectural,56,ShadowRib™ Cap/jamb Trim,2,3,signature_300,"SIGNATURE®
300",PRICED PER EACH,✓
architectural,56,ShadowRib™ Cap/jamb Trim,2,3,signature_300_metallic,"SIGNATURE®
300 METALLIC",PRICED PER EACH,✓
architectural,57,NuWall® New Construction Base Trim,0,0,part,PART #,DESCRIPTION,T-6210
architectural,57,NuWall® New Construction Base Trim,0,0,length,LENGTH,DESCRIPTION,"10'-2"""
architectural,57,NuWall® New Construction Base Trim,0,0,girth,GIRTH,DESCRIPTION,"67"""
architectural,57,NuWall® New Construction Base Trim,0,0,weight_per_each,"WEIGHT PER
EACH",DESCRIPTION,5.694
architectural,57,NuWall® New Construction Base Trim,0,0,galvalume_plus,"GALVALUME®
PLUS",PRICED PER EACH,✓
architectural,57,NuWall® New Construction Base Trim,0,0,signature_200,"SIGNATURE®
200",PRICED PER EACH,✓
architectural,57,NuWall® New Construction Base Trim,0,0,signature_300,"SIGNATURE®
300",PRICED PER EACH,✓
architectural,57,NuWall® New Construction Base Trim,0,0,signature_300_metallic,"SIGNATURE®
300 METALLIC",PRICED PER EACH,✓
architectural,57,NuWall® New Construction Base Trim,0,1,part,PART #,DESCRIPTION,T-6212
architectural,57,NuWall® New Construction Base Trim,0,1,length,LENGTH,DESCRIPTION,"20'-2"""
architectural,57,NuWall® New Construction Base Trim,0,1,girth,GIRTH,DESCRIPTION,"6%"""
architectural,57,NuWall® New Construction Base Trim,0,1,weight_per_each,"WEIGHT PER
EACH",DESCRIPTION,11.28#
architectural,57,NuWall® New Construction Base Trim,0,1,galvalume_plus,"GALVALUME®
PLUS",PRICED PER EACH,✓
architectural,57,NuWall® New Construction Base Trim,0,1,signature_200,"SIGNATURE®
200",PRICED PER EACH,✓
architectural,57,NuWall® New Construction Base Trim,0,1,signature_300,"SIGNATURE®
300",PRICED PER EACH,✓
architectural,57,NuWall® New Construction Base Trim,0,1,signature_300_metallic,"SIGNATURE®
300 METALLIC",PRICED PER EACH,✓
architectural,57,NuWall® Retrofit Base Trim,1,0,part,PART #,DESCRIPTION,T-6214
architectural,57,NuWall® Retrofit Base Trim,1,0,length,LENGTH,DESCRIPTION,"10'-2"""
architectural,57,NuWall® Retrofit Base Trim,1,0,girth,GIRTH,DESCRIPTION,"7 Ya"""
architectural,57,NuWall® Retrofit Base Trim,1,0,weight_per_each,"WEIGHT PER
EACH",DESCRIPTION,6.00#
architectural,57,NuWall® Retrofit Base Trim,1,0,galvalume_plus,"GALVALUME®
PLUS",PRICED PER EACH,✓
architectural,57,NuWall® Retrofit Base Trim,1,0,signature_200,"SIGNATURE®
200",PRICED PER EACH,✓
architectural,57,NuWall® Retrofit Base Trim,1,0,signature_300,"SIGNATURE®
300",PRICED PER EACH,✓
architectural,57,NuWall® Retrofit Base Trim,1,0,signature_300_metallic,"SIGNATURE®
300 METALLIC",PRICED PER EACH,✓
architectural,57,NuWall® Retrofit Base Trim,1,1,part,PART #,DESCRIPTION,T-6216
architectural,57,NuWall® Retrofit Base Trim,1,1,length,LENGTH,DESCRIPTION,"20'-2"""
architectural,57,NuWall® Retrofit Base Trim,1,1,girth,GIRTH,DESCRIPTION,"7 Va"""
architectural,57,NuWall® Retrofit Base Trim,1,1,weight_per_each,"WEIGHT PER
EACH",DESCRIPTION,11.90#
architectural,57,NuWall® Retrofit Base Trim,1,1,galvalume_plus,"GALVALUME®
PLUS",PRICED PER EACH,✓
architectural,57,NuWall® Retrofit Base Trim,1,1,signature_200,"SIGNATURE®
200",PRICED PER EACH,✓
architectural,57,NuWall® Retrofit Base Trim,1,1,signature_300,"SIGNATURE®
300",PRICED PER EACH,✓
architectural,57,NuWall® Retrofit Base Trim,1,1,signature_300_metallic,"SIGNATURE®
300 METALLIC",PRICED PER EACH,✓
architectural,57,NuWall® Wall Cap,2,0,part,PART #,DESCRIPTION,T-6218
architectural,57,NuWall® Wall Cap,2,0,length,LENGTH,DESCRIPTION,"10'-2"""
architectural,57,NuWall® Wall Cap,2,0,girth,GIRTH,DESCRIPTION,"7%"""
architectural,57,NuWall® Wall Cap,2,0,weight_per_each,"WEIGHT PER
EACH",DESCRIPTION,5.89#
architectural,57,NuWall® Wall Cap,2,0,galvalume_plus,"GALVALUME®
PLUS",PRICED PER EACH,✓
architectural,57,NuWall® Wall Cap,2,0,signature_200,"SIGNATURE®
200",PRICED PER EACH,✓
architectural,57,NuWall® Wall Cap,2,0,signature_300,"SIGNATURE®
300",PRICED PER EACH,✓
architectural,57,NuWall® Wall Cap,2,0,signature_300_metallic,"SIGNATURE®
300 METALLIC",PRICED PER EACH,✓
architectural,57,NuWall® Wall Cap,2,1,part,PART #,DESCRIPTION,T-6220
architectural,57,NuWall® Wall Cap,2,1,length,LENGTH,DESCRIPTION,"20'-2"""
architectural,57,NuWall® Wall Cap,2,1,girth,GIRTH,DESCRIPTION,"7%"""
architectural,57,NuWall® Wall Cap,2,1,weight_per_each,"WEIGHT PER
EACH",DESCRIPTION,11.69#
architectural,57,NuWall® Wall Cap,2,1,galvalume_plus,"GALVALUME®
PLUS",PRICED PER EACH,✓
architectural,57,NuWall® Wall Cap,2,1,signature_200,"SIGNATURE®
200",PRICED PER EACH,✓
architectural,57,NuWall® Wall Cap,2,1,signature_300,"SIGNATURE®
300",PRICED PER EACH,✓
architectural,57,NuWall® Wall Cap,2,1,signature_300_metallic,"SIGNATURE®
300 METALLIC",PRICED PER EACH,✓
architectural,58,NuWall® New Construction Head/Jamb Trim,0,0,part,PART #,DESCRIPTION,T-6222
architectural,58,NuWall® New Construction Head/Jamb Trim,0,0,length,LENGTH,DESCRIPTION,"10'-6"""
architectural,58,NuWall® New Construction Head/Jamb Trim,0,0,girth,GIRTH,DESCRIPTION,"7 Ve"""
architectural,58,NuWall® New Construction Head/Jamb Trim,0,0,weight_per_each,"WEIGHT PER
EACH",DESCRIPTION,6.09#
architectural,58,NuWall® New Construction Head/Jamb Trim,0,0,galvalume_plus,"GALVALUME®
PLUS",PRICED PER EACH,✓
architectural,58,NuWall® New Construction Head/Jamb Trim,0,0,signature_200,"SIGNATURE®
200",PRICED PER EACH,✓
architectural,58,NuWall® New Construction Head/Jamb Trim,0,0,signature_300,"SIGNATURE®
300",PRICED PER EACH,✓
architectural,58,NuWall® New Construction Head/Jamb Trim,0,0,signature_300_metallic,"SIGNATURE®
300 METALLIC",PRICED PER EACH,✓
architectural,58,NuWall® New Construction Head/Jamb Trim,0,1,part,PART #,DESCRIPTION,T-6224
architectural,58,NuWall® New Construction Head/Jamb Trim,0,1,length,LENGTH,DESCRIPTION,"14'-6"""
architectural,58,NuWall® New Construction Head/Jamb Trim,0,1,girth,GIRTH,DESCRIPTION,"7 VQ"""
architectural,58,NuWall® New Construction Head/Jamb Trim,0,1,weight_per_each,"WEIGHT PER
EACH",DESCRIPTION,8.41#
architectural,58,NuWall® New Construction Head/Jamb Trim,0,1,galvalume_plus,"GALVALUME®
PLUS",PRICED PER EACH,✓
architectural,58,NuWall® New Construction Head/Jamb Trim,0,1,signature_200,"SIGNATURE®
200",PRICED PER EACH,✓
architectural,58,NuWall® New Construction Head/Jamb Trim,0,1,signature_300,"SIGNATURE®
300",PRICED PER EACH,✓
architectural,58,NuWall® New Construction Head/Jamb Trim,0,1,signature_300_metallic,"SIGNATURE®
300 METALLIC",PRICED PER EACH,✓
architectural,58,NuWall® New Construction Head/Jamb Trim,0,2,part,PART #,DESCRIPTION,T-6226
architectural,58,NuWall® New Construction Head/Jamb Trim,0,2,length,LENGTH,DESCRIPTION,"16'-6"""
architectural,58,NuWall® New Construction Head/Jamb Trim,0,2,girth,GIRTH,DESCRIPTION,"7%"""
architectural,58,NuWall® New Construction Head/Jamb Trim,0,2,weight_per_each,"WEIGHT PER
EACH",DESCRIPTION,9.57#
architectural,58,NuWall® New Construction Head/Jamb Trim,0,2,galvalume_plus,"GALVALUME®
PLUS",PRICED PER EACH,✓
architectural,58,NuWall® New Construction Head/Jamb Trim,0,2,signature_200,"SIGNATURE®
200",PRICED PER EACH,✓
architectural,58,NuWall® New Construction Head/Jamb Trim,0,2,signature_300,"SIGNATURE®
300",PRICED PER EACH,✓
architectural,58,NuWall® New Construction Head/Jamb Trim,0,2,signature_300_metallic,"SIGNATURE®
300 METALLIC",PRICED PER EACH,✓
architectural,58,NuWall® Retrofit Head/Jamb Trim,1,0,part,PART #,DESCRIPTION,T-6228
architectural,58,NuWall® Retrofit Head/Jamb Trim,1,0,length,LENGTH,DESCRIPTION,"10'-6"""
architectural,58,NuWall® Retrofit Head/Jamb Trim,1,0,girth,GIRTH,DESCRIPTION,"5%"""
architectural,58,NuWall® Retrofit Head/Jamb Trim,1,0,weight_per_each,"WEIGHT PER
EACH",DESCRIPTION,4.384
architectural,58,NuWall® Retrofit Head/Jamb Trim,1,0,galvalume_plus,"GALVALUME®
PLUS",PRICED PER EACH,✓
architectural,58,NuWall® Retrofit Head/Jamb Trim,1,0,signature_200,"SIGNATURE®
200",PRICED PER EACH,✓
architectural,58,NuWall® Retrofit Head/Jamb Trim,1,0,signature_300,"SIGNATURE®
300",PRICED PER EACH,✓
architectural,58,NuWall® Retrofit Head/Jamb Trim,1,0,signature_300_metallic,"SIGNATURE®
300 METALLIC",PRICED PER EACH,✓
architectural,58,NuWall® Retrofit Head/Jamb Trim,1,1,part,PART #,DESCRIPTION,T-6230
architectural,58,NuWall® Retrofit Head/Jamb Trim,1,1,length,LENGTH,DESCRIPTION,"14'-6"""
architectural,58,NuWall® Retrofit Head/Jamb Trim,1,1,girth,GIRTH,DESCRIPTION,"5 Ve"""
architectural,58,NuWall® Retrofit Head/Jamb Trim,1,1,weight_per_each,"WEIGHT PER
EACH",DESCRIPTION,6.05#
architectural,58,NuWall® Retrofit Head/Jamb Trim,1,1,galvalume_plus,"GALVALUME®
PLUS",PRICED PER EACH,✓
architectural,58,NuWall® Retrofit Head/Jamb Trim,1,1,signature_200,"SIGNATURE®
200",PRICED PER EACH,✓
architectural,58,NuWall® Retrofit Head/Jamb Trim,1,1,signature_300,"SIGNATURE®
300",PRICED PER EACH,✓
architectural,58,NuWall® Retrofit Head/Jamb Trim,1,1,signature_300_metallic,"SIGNATURE®
300 METALLIC",PRICED PER EACH,✓
architectural,58,NuWall® Retrofit Head/Jamb Trim,1,2,part,PART #,DESCRIPTION,T-6232
architectural,58,NuWall® Retrofit Head/Jamb Trim,1,2,length,LENGTH,DESCRIPTION,"16'-6"""
architectural,58,NuWall® Retrofit Head/Jamb Trim,1,2,girth,GIRTH,DESCRIPTION,"5 Ve"""
architectural,58,NuWall® Retrofit Head/Jamb Trim,1,2,weight_per_each,"WEIGHT PER
EACH",DESCRIPTION,6.88#
architectural,58,NuWall® Retrofit Head/Jamb Trim,1,2,galvalume_plus,"GALVALUME®
PLUS",PRICED PER EACH,✓
architectural,58,NuWall® Retrofit Head/Jamb Trim,1,2,signature_200,"SIGNATURE®
200",PRICED PER EACH,✓
architectural,58,NuWall® Retrofit Head/Jamb Trim,1,2,signature_300,"SIGNATURE®
300",PRICED PER EACH,✓
architectural,58,NuWall® Retrofit Head/Jamb Trim,1,2,signature_300_metallic,"SIGNATURE®
300 METALLIC",PRICED PER EACH,✓
architectural,58,NuWall® New Construction Head Trim,2,0,part,PART #,DESCRIPTION,T-6234
architectural,58,NuWall® New Construction Head Trim,2,0,length,LENGTH,DESCRIPTION,"3'-6"""
architectural,58,NuWall® New Construction Head Trim,2,0,girth,GIRTH,DESCRIPTION,"8%"""
architectural,58,NuWall® New Construction Head Trim,2,0,weight_per_each,"WEIGHT PER
EACH",DESCRIPTION,2.31#
architectural,58,NuWall® New Construction Head Trim,2,0,galvalume_plus,"GALVALUME®
PLUS",PRICED PER EACH,✓
architectural,58,NuWall® New Construction Head Trim,2,0,signature_200,"SIGNATURE®
200",PRICED PER EACH,✓
architectural,58,NuWall® New Construction Head Trim,2,0,signature_300,"SIGNATURE®
300",PRICED PER EACH,✓
architectural,58,NuWall® New Construction Head Trim,2,0,signature_300_metallic,"SIGNATURE®
300 METALLIC",PRICED PER EACH,✓
architectural,58,NuWall® New Construction Head Trim,2,1,part,PART #,DESCRIPTION,T-6236
architectural,58,NuWall® New Construction Head Trim,2,1,length,LENGTH,DESCRIPTION,"10'-6"""
architectural,58,NuWall® New Construction Head Trim,2,1,girth,GIRTH,DESCRIPTION,"8%"""
architectural,58,NuWall® New Construction Head Trim,2,1,weight_per_each,"WEIGHT PER
EACH",DESCRIPTION,6.94#
architectural,58,NuWall® New Construction Head Trim,2,1,galvalume_plus,"GALVALUME®
PLUS",PRICED PER EACH,✓
architectural,58,NuWall® New Construction Head Trim,2,1,signature_200,"SIGNATURE®
200",PRICED PER EACH,✓
architectural,58,NuWall® New Construction Head Trim,2,1,signature_300,"SIGNATURE®
300",PRICED PER EACH,✓
architectural,58,NuWall® New Construction Head Trim,2,1,signature_300_metallic,"SIGNATURE®
300 METALLIC",PRICED PER EACH,✓
architectural,58,NuWall® New Construction Head Trim,2,2,part,PART #,DESCRIPTION,T-6238
architectural,58,NuWall® New Construction Head Trim,2,2,length,LENGTH,DESCRIPTION,"14'-6"""
architectural,58,NuWall® New Construction Head Trim,2,2,girth,GIRTH,DESCRIPTION,"8%"""
architectural,58,NuWall® New Construction Head Trim,2,2,weight_per_each,"WEIGHT PER
EACH",DESCRIPTION,9.59#
architectural,58,NuWall® New Construction Head Trim,2,2,galvalume_plus,"GALVALUME®
PLUS",PRICED PER EACH,✓
architectural,58,NuWall® New Construction Head Trim,2,2,signature_200,"SIGNATURE®
200",PRICED PER EACH,✓
architectural,58,NuWall® New Construction Head Trim,2,2,signature_300,"SIGNATURE®
300",PRICED PER EACH,✓
architectural,58,NuWall® New Construction Head Trim,2,2,signature_300_metallic,"SIGNATURE®
300 METALLIC",PRICED PER EACH,✓
architectural,58,NuWall® New Construction Head Trim,2,3,part,PART #,DESCRIPTION,T-6240
architectural,58,NuWall® New Construction Head Trim,2,3,length,LENGTH,DESCRIPTION,"16'-4"""
architectural,58,NuWall® New Construction Head Trim,2,3,girth,GIRTH,DESCRIPTION,"8%"""
architectural,58,NuWall® New Construction Head Trim,2,3,weight_per_each,"WEIGHT PER
EACH",DESCRIPTION,10.80#
architectural,58,NuWall® New Construction Head Trim,2,3,galvalume_plus,"GALVALUME®
PLUS",PRICED PER EACH,✓
architectural,58,NuWall® New Construction Head Trim,2,3,signature_200,"SIGNATURE®
200",PRICED PER EACH,✓
architectural,58,NuWall® New Construction Head Trim,2,3,signature_300,"SIGNATURE®
300",PRICED PER EACH,✓
architectural,58,NuWall® New Construction Head Trim,2,3,signature_300_metallic,"SIGNATURE®
300 METALLIC",PRICED PER EACH,✓
architectural,59,NuWall® Spacer Angle,0,0,column_1,,,DESCRIPTION
architectural,59,NuWall® Spacer Angle,0,0,column_5,,,PRICED PER EACH
architectural,59,NuWall® Spacer Angle,0,1,column_1,,,PART #
architectural,59,NuWall® Spacer Angle,0,1,column_2,,,LENGTH
architectural,59,NuWall® Spacer Angle,0,1,column_3,,,GIRTH
architectural,59,NuWall® Spacer Angle,0,1,column_4,,,WEIGHT PER EACH
architectural,59,NuWall® Spacer Angle,0,1,column_5,,,GALVALUME PLUS®
architectural,59,NuWall® Spacer Angle,0,2,column_1,,,T-6242
architectural,59,NuWall® Spacer Angle,0,2,column_2,,,"10'-2"""
architectural,59,NuWall® Spacer Angle,0,2,column_3,,,"2%"""
architectural,59,NuWall® Spacer Angle,0,2,column_4,,,1.86#
architectural,59,NuWall® Spacer Angle,0,2,column_5,,,v
architectural,59,NuWall® Downspout with 45° Offset,1,0,part,PART #,DESCRIPTION,T-6250
architectural,59,NuWall® Downspout with 45° Offset,1,0,length,LENGTH,DESCRIPTION,gn
architectural,59,NuWall® Downspout with 45° Offset,1,0,girth,GIRTH,DESCRIPTION,"1634"""
architectural,59,NuWall® Downspout with 45° Offset,1,0,weight_per_each,"WEIGHT PER
EACH",DESCRIPTION,1.40#
architectural,59,NuWall® Downspout with 45° Offset,1,0,galvalume_plus,"GALVALUME®
PLUS",PRICED PER EACH,✓
architectural,59,NuWall® Downspout with 45° Offset,1,0,signature_200,"SIGNATURE®
200",PRICED PER EACH,✓
architectural,59,NuWall® Downspout with 45° Offset,1,0,signature_300,"SIGNATURE®
300",PRICED PER EACH,✓
architectural,59,NuWall® Downspout with 45° Offset,1,0,signature_300_metallic,"SIGNATURE®
300 METALLIC",PRICED PER EACH,✓
architectural,59,NuWall® Spacer Zee,2,0,part,PART #,DESCRIPTION,T-6246
architectural,59,NuWall® Spacer Zee,2,0,length,LENGTH,DESCRIPTION,"10'-2"""
architectural,59,NuWall® Spacer Zee,2,0,girth,GIRTH,DESCRIPTION,"2 ya"""
architectural,59,NuWall® Spacer Zee,2,0,weight_per_each,"WEIGHT PER
EACH",DESCRIPTION,2.07#
architectural,59,NuWall® Spacer Zee,2,0,galvalume_plus,"GALVALUME®
PLUS",PRICED PER EACH,✓
architectural,59,NuWall® Spacer Zee,2,0,signature_200,"SIGNATURE®
200",PRICED PER EACH,✓
architectural,59,NuWall® Spacer Zee,2,0,signature_300,"SIGNATURE®
300",PRICED PER EACH,✓
architectural,59,NuWall® Spacer Zee,2,0,signature_300_metallic,"SIGNATURE®
300 METALLIC",PRICED PER EACH,✓
architectural,60,"Designer"" Series Head/Jamb Cleat",0,0,part,PART #,DESCRIPTION,T-6301
architectural,60,"Designer"" Series Head/Jamb Cleat",0,0,length,LENGTH,DESCRIPTION,"10'-2"""
architectural,60,"Designer"" Series Head/Jamb Cleat",0,0,girth,GIRTH,DESCRIPTION,"6%"""
architectural,60,"Designer"" Series Head/Jamb Cleat",0,0,weight_per_each,"WEIGHT PER
EACH",DESCRIPTION,5.17#
architectural,60,"Designer"" Series Head/Jamb Cleat",0,0,galvalume_plus,"GALVALUME®
PLUS",PRICED PER EACH,✓
architectural,60,"Designer"" Series Head/Jamb Cleat",0,0,signature_200,"SIGNATURE®
200",PRICED PER EACH,✓
architectural,60,"Designer"" Series Head/Jamb Cleat",0,0,signature_300,"SIGNATURE®
300",PRICED PER EACH,✓
architectural,60,"Designer"" Series Head/Jamb Cleat",0,0,signature_300_metallic,"SIGNATURE®
300 METALLIC",PRICED PER EACH,✓
architectural,60,Designer™ Series Two Piece Jamb Trim,1,0,part,PART #,DESCRIPTION,T-6303
architectural,60,Designer™ Series Two Piece Jamb Trim,1,0,length,LENGTH,DESCRIPTION,"10'-2"""
architectural,60,Designer™ Series Two Piece Jamb Trim,1,0,girth,GIRTH,DESCRIPTION,"6"""
architectural,60,Designer™ Series Two Piece Jamb Trim,1,0,weight_per_each,"WEIGHT PER
EACH",DESCRIPTION,4.96#
architectural,60,Designer™ Series Two Piece Jamb Trim,1,0,galvalume_plus,"GALVALUME®
PLUS",PRICED PER EACH,✓
architectural,60,Designer™ Series Two Piece Jamb Trim,1,0,signature_200,"SIGNATURE®
200",PRICED PER EACH,✓
architectural,60,Designer™ Series Two Piece Jamb Trim,1,0,signature_300,"SIGNATURE®
300",PRICED PER EACH,✓
architectural,60,Designer™ Series Two Piece Jamb Trim,1,0,signature_300_metallic,"SIGNATURE®
300 METALLIC",PRICED PER EACH,✓
architectural,60,Designer™ Series Two Piece Head Trim,2,0,part,PART #,DESCRIPTION,T-6305
architectural,60,Designer™ Series Two Piece Head Trim,2,0,length,LENGTH,DESCRIPTION,"10'-2"""
architectural,60,Designer™ Series Two Piece Head Trim,2,0,girth,GIRTH,DESCRIPTION,"63%"""
architectural,60,Designer™ Series Two Piece Head Trim,2,0,weight_per_each,"WEIGHT PER
EACH",DESCRIPTION,5.27#
architectural,60,Designer™ Series Two Piece Head Trim,2,0,galvalume_plus,"GALVALUME®
PLUS",PRICED PER EACH,✓
architectural,60,Designer™ Series Two Piece Head Trim,2,0,signature_200,"SIGNATURE®
200",PRICED PER EACH,✓
architectural,60,Designer™ Series Two Piece Head Trim,2,0,signature_300,"SIGNATURE®
300",PRICED PER EACH,✓
architectural,60,Designer™ Series Two Piece Head Trim,2,0,signature_300_metallic,"SIGNATURE®
300 METALLIC",PRICED PER EACH,✓
architectural,61,"Designer"" Series Base Trim",0,0,part,PART #,DESCRIPTION,T-6307
architectural,61,"Designer"" Series Base Trim",0,0,length,LENGTH,DESCRIPTION,"10'-2"""
architectural,61,"Designer"" Series Base Trim",0,0,girth,GIRTH,DESCRIPTION,"63%"""
architectural,61,"Designer"" Series Base Trim",0,0,weight_per_each,"WEIGHT PER
EACH",DESCRIPTION,5.27#
architectural,61,"Designer"" Series Base Trim",0,0,galvalume_plus,"GALVALUME®
PLUS",PRICED PER EACH,✓
architectural,61,"Designer"" Series Base Trim",0,0,signature_200,"SIGNATURE®
200",PRICED PER EACH,✓
architectural,61,"Designer"" Series Base Trim",0,0,signature_300,"SIGNATURE®
300",PRICED PER EACH,✓
architectural,61,"Designer"" Series Base Trim",0,0,signature_300_metallic,"SIGNATURE®
300 METALLIC",PRICED PER EACH,✓
architectural,61,Designer™ Series Support Zee,1,0,column_1,,,DESCRIPTION
architectural,61,Designer™ Series Support Zee,1,0,column_5,,,PRICED PER EACH
architectural,61,Designer™ Series Support Zee,1,1,column_1,,,PART #
architectural,61,Designer™ Series Support Zee,1,1,column_2,,,LENGTH
architectural,61,Designer™ Series Support Zee,1,1,column_3,,,GIRTH
architectural,61,Designer™ Series Support Zee,1,1,column_4,,,WEIGHT PER EACH
architectural,61,Designer™ Series Support Zee,1,1,column_5,,,GALVALUME® PLUS
architectural,61,Designer™ Series Support Zee,1,2,column_1,,,T-6309
architectural,61,Designer™ Series Support Zee,1,2,column_2,,,iOzey
architectural,61,Designer™ Series Support Zee,1,2,column_3,,,"3 36"""
architectural,61,Designer™ Series Support Zee,1,2,column_4,,,2./9#
architectural,61,Designer™ Series Support Zee,1,2,column_5,,,v
architectural,62,FlexLoc® Panel Splice Trim,0,0,part,PART #,DESCRIPTION,HW-1200A
architectural,62,FlexLoc® Panel Splice Trim,0,0,length,LENGTH,DESCRIPTION,"10'2"""
architectural,62,FlexLoc® Panel Splice Trim,0,0,girth,GIRTH,DESCRIPTION,"23 13/46"""
architectural,62,FlexLoc® Panel Splice Trim,0,0,weight_per_each,"WEIGHT PER
EACH",DESCRIPTION,3.01#
architectural,62,FlexLoc® Panel Splice Trim,0,0,galvalume_plus,"GALVALUME®
PLUS",PRICED PER EACH,✓
architectural,62,FlexLoc® Panel Splice Trim,0,0,signature_200,"SIGNATURE®
200",PRICED PER EACH,✓
architectural,62,FlexLoc® Panel Splice Trim,0,0,signature_300,"SIGNATURE®
300",PRICED PER EACH,✓
architectural,62,FlexLoc® Panel Splice Trim,0,0,signature_300_metallic,"SIGNATURE®
300 METALLIC",PRICED PER EACH,✓
architectural,62,FlexLoc® Panel Splice Trim,0,1,part,PART #,DESCRIPTION,HW-1200B
architectural,62,FlexLoc® Panel Splice Trim,0,1,length,LENGTH,DESCRIPTION,"10'2"""
architectural,62,FlexLoc® Panel Splice Trim,0,1,girth,GIRTH,DESCRIPTION,"3"""
architectural,62,FlexLoc® Panel Splice Trim,0,1,weight_per_each,"WEIGHT PER
EACH",DESCRIPTION,2.37#
architectural,62,FlexLoc® Panel Splice Trim,0,1,galvalume_plus,"GALVALUME®
PLUS",PRICED PER EACH,✓
architectural,62,FlexLoc® Panel Splice Trim,0,1,signature_200,"SIGNATURE®
200",PRICED PER EACH,✓
architectural,62,FlexLoc® Panel Splice Trim,0,1,signature_300,"SIGNATURE®
300",PRICED PER EACH,✓
architectural,62,FlexLoc® Panel Splice Trim,0,1,signature_300_metallic,"SIGNATURE®
300 METALLIC",PRICED PER EACH,✓
architectural,62,FlexLoc® Rake Termination Trim,1,0,part,PART #,DESCRIPTION,HW-1202
architectural,62,FlexLoc® Rake Termination Trim,1,0,length,LENGTH,DESCRIPTION,"10'-2"""
architectural,62,FlexLoc® Rake Termination Trim,1,0,girth,GIRTH,DESCRIPTION,"6°16"""
architectural,62,FlexLoc® Rake Termination Trim,1,0,weight_per_each,"WEIGHT PER
EACH",DESCRIPTION,5.38#
architectural,62,FlexLoc® Rake Termination Trim,1,0,galvalume_plus,"GALVALUME®
PLUS",PRICED PER EACH,✓
architectural,62,FlexLoc® Rake Termination Trim,1,0,signature_200,"SIGNATURE®
200",PRICED PER EACH,✓
architectural,62,FlexLoc® Rake Termination Trim,1,0,signature_300,"SIGNATURE®
300",PRICED PER EACH,✓
architectural,62,FlexLoc® Rake Termination Trim,1,0,signature_300_metallic,"SIGNATURE®
300 METALLIC",PRICED PER EACH,✓
architectural,62,FlexLoc® Curved Rake Trim,2,0,part,PART #,DESCRIPTION,HW-1204
architectural,62,FlexLoc® Curved Rake Trim,2,0,length,LENGTH,DESCRIPTION,"10'-2"""
architectural,62,FlexLoc® Curved Rake Trim,2,0,weight_per_each,"WEIGHT PER
EACH",DESCRIPTION,6.25#
architectural,62,FlexLoc® Curved Rake Trim,2,0,galvalume_plus,"GALVALUME®
PLUS",PRICED PER EACH,Please Inquire
architectural,62,FlexLoc® Curved Rake Trim,2,0,signature_200,"SIGNATURE®
200",PRICED PER EACH,Please Inquire
architectural,62,FlexLoc® Curved Rake Trim,2,0,signature_300,"SIGNATURE®
300",PRICED PER EACH,Please Inquire
architectural,62,FlexLoc® Curved Rake Trim,2,0,signature_300_metallic,"SIGNATURE®
300 METALLIC",PRICED PER EACH,Please Inquire
architectural,62,FlexLoc® Panel Starter Trim,3,0,part,PART #,DESCRIPTION,HW-1206
architectural,62,FlexLoc® Panel Starter Trim,3,0,length,LENGTH,DESCRIPTION,"10'-2"""
architectural,62,FlexLoc® Panel Starter Trim,3,0,girth,GIRTH,DESCRIPTION,"4 rhe"""
architectural,62,FlexLoc® Panel Starter Trim,3,0,weight_per_each,"WEIGHT PER
EACH",DESCRIPTION,3.57#
architectural,62,FlexLoc® Panel Starter Trim,3,0,galvalume_plus,"GALVALUME®
PLUS",PRICED PER EACH,✓
architectural,62,FlexLoc® Panel Starter Trim,3,0,signature_200,"SIGNATURE®
200",PRICED PER EACH,✓
architectural,62,FlexLoc® Panel Starter Trim,3,0,signature_300,"SIGNATURE®
300",PRICED PER EACH,✓
architectural,62,FlexLoc® Panel Starter Trim,3,0,signature_300_metallic,"SIGNATURE®
300 METALLIC",PRICED PER EACH,✓
architectural,63,FW-120 Panel Extended Eave Trim,0,0,part,PART #,DESCRIPTION,T-5401
architectural,63,FW-120 Panel Extended Eave Trim,0,0,length,LENGTH,DESCRIPTION,"10'-2"""
architectural,63,FW-120 Panel Extended Eave Trim,0,0,girth,GIRTH,DESCRIPTION,"12%"""
architectural,63,FW-120 Panel Extended Eave Trim,0,0,weight_per_each,"WEIGHT PER
EACH",DESCRIPTION,10.03#
architectural,63,FW-120 Panel Extended Eave Trim,0,0,galvalume_plus,"GALVALUME®
PLUS",PRICED PER EACH,✓
architectural,63,FW-120 Panel Extended Eave Trim,0,0,signature_200,"SIGNATURE®
200",PRICED PER EACH,✓
architectural,63,FW-120 Panel Extended Eave Trim,0,0,signature_300,"SIGNATURE®
300",PRICED PER EACH,✓
architectural,63,FW-120 Panel Extended Eave Trim,0,0,signature_300_metallic,"SIGNATURE®
300 METALLIC",PRICED PER EACH,✓
architectural,63,FW-120 Panel Extended Eave Trim,0,1,part,PART #,DESCRIPTION,T-5402
architectural,63,FW-120 Panel Extended Eave Trim,0,1,length,LENGTH,DESCRIPTION,"20'-2"""
architectural,63,FW-120 Panel Extended Eave Trim,0,1,girth,GIRTH,DESCRIPTION,"12%"""
architectural,63,FW-120 Panel Extended Eave Trim,0,1,weight_per_each,"WEIGHT PER
EACH",DESCRIPTION,19.90#
architectural,63,FW-120 Panel Extended Eave Trim,0,1,galvalume_plus,"GALVALUME®
PLUS",PRICED PER EACH,✓
architectural,63,FW-120 Panel Extended Eave Trim,0,1,signature_200,"SIGNATURE®
200",PRICED PER EACH,✓
architectural,63,FW-120 Panel Extended Eave Trim,0,1,signature_300,"SIGNATURE®
300",PRICED PER EACH,✓
architectural,63,FW-120 Panel Extended Eave Trim,0,1,signature_300_metallic,"SIGNATURE®
300 METALLIC",PRICED PER EACH,✓
architectural,63,FW-120 Panel Sill Trim,1,0,part,PART #,DESCRIPTION,T-5405
architectural,63,FW-120 Panel Sill Trim,1,0,length,LENGTH,DESCRIPTION,"10'-2"""
architectural,63,FW-120 Panel Sill Trim,1,0,girth,GIRTH,DESCRIPTION,"9%"""
architectural,63,FW-120 Panel Sill Trim,1,0,weight_per_each,"WEIGHT PER
EACH",DESCRIPTION,7.054
architectural,63,FW-120 Panel Sill Trim,1,0,galvalume_plus,"GALVALUME®
PLUS",PRICED PER EACH,✓
architectural,63,FW-120 Panel Sill Trim,1,0,signature_200,"SIGNATURE®
200",PRICED PER EACH,✓
architectural,63,FW-120 Panel Sill Trim,1,0,signature_300,"SIGNATURE®
300",PRICED PER EACH,✓
architectural,63,FW-120 Panel Sill Trim,1,0,signature_300_metallic,"SIGNATURE®
300 METALLIC",PRICED PER EACH,✓
architectural,63,FW-120 Panel Sill Trim,1,1,part,PART #,DESCRIPTION,T-5406
architectural,63,FW-120 Panel Sill Trim,1,1,length,LENGTH,DESCRIPTION,"20'-2"""
architectural,63,FW-120 Panel Sill Trim,1,1,girth,GIRTH,DESCRIPTION,"9%"""
architectural,63,FW-120 Panel Sill Trim,1,1,weight_per_each,"WEIGHT PER
EACH",DESCRIPTION,15.18#
architectural,63,FW-120 Panel Sill Trim,1,1,galvalume_plus,"GALVALUME®
PLUS",PRICED PER EACH,✓
architectural,63,FW-120 Panel Sill Trim,1,1,signature_200,"SIGNATURE®
200",PRICED PER EACH,✓
architectural,63,FW-120 Panel Sill Trim,1,1,signature_300,"SIGNATURE®
300",PRICED PER EACH,✓
architectural,63,FW-120 Panel Sill Trim,1,1,signature_300_metallic,"SIGNATURE®
300 METALLIC",PRICED PER EACH,✓
architectural,63,FW-120 Panel Wall Splice Trim,2,0,part,PART #,DESCRIPTION,T-5411
architectural,63,FW-120 Panel Wall Splice Trim,2,0,length,LENGTH,DESCRIPTION,"10'-2"""
architectural,63,FW-120 Panel Wall Splice Trim,2,0,girth,GIRTH,DESCRIPTION,"7 34"""
architectural,63,FW-120 Panel Wall Splice Trim,2,0,weight_per_each,"WEIGHT PER
EACH",DESCRIPTION,O.41#
architectural,63,FW-120 Panel Wall Splice Trim,2,0,galvalume_plus,"GALVALUME®
PLUS",PRICED PER EACH,✓
architectural,63,FW-120 Panel Wall Splice Trim,2,0,signature_200,"SIGNATURE®
200",PRICED PER EACH,✓
architectural,63,FW-120 Panel Wall Splice Trim,2,0,signature_300,"SIGNATURE®
300",PRICED PER EACH,✓
architectural,63,FW-120 Panel Wall Splice Trim,2,0,signature_300_metallic,"SIGNATURE®
300 METALLIC",PRICED PER EACH,✓
architectural,63,FW-120 Panel Wall Splice Trim,2,1,part,PART #,DESCRIPTION,T-5412
architectural,63,FW-120 Panel Wall Splice Trim,2,1,length,LENGTH,DESCRIPTION,"20'-2"""
architectural,63,FW-120 Panel Wall Splice Trim,2,1,girth,GIRTH,DESCRIPTION,"73,"""
architectural,63,FW-120 Panel Wall Splice Trim,2,1,weight_per_each,"WEIGHT PER
EACH",DESCRIPTION,12.72#
architectural,63,FW-120 Panel Wall Splice Trim,2,1,galvalume_plus,"GALVALUME®
PLUS",PRICED PER EACH,✓
architectural,63,FW-120 Panel Wall Splice Trim,2,1,signature_200,"SIGNATURE®
200",PRICED PER EACH,✓
architectural,63,FW-120 Panel Wall Splice Trim,2,1,signature_300,"SIGNATURE®
300",PRICED PER EACH,✓
architectural,63,FW-120 Panel Wall Splice Trim,2,1,signature_300_metallic,"SIGNATURE®
300 METALLIC",PRICED PER EACH,✓
architectural,64,FW-120 Panel Base Trim without Sheeting Notch,0,0,part,PART #,DESCRIPTION,T-5415
architectural,64,FW-120 Panel Base Trim without Sheeting Notch,0,0,length,LENGTH,DESCRIPTION,"10'-2"""
architectural,64,FW-120 Panel Base Trim without Sheeting Notch,0,0,girth,GIRTH,DESCRIPTION,"9 34"""
architectural,64,FW-120 Panel Base Trim without Sheeting Notch,0,0,weight_per_each,"WEIGHT PER
EACH",DESCRIPTION,7.104
architectural,64,FW-120 Panel Base Trim without Sheeting Notch,0,0,galvalume_plus,"GALVALUME®
PLUS",PRICED PER EACH,✓
architectural,64,FW-120 Panel Base Trim without Sheeting Notch,0,0,signature_200,"SIGNATURE®
200",PRICED PER EACH,✓
architectural,64,FW-120 Panel Base Trim without Sheeting Notch,0,0,signature_300,"SIGNATURE®
300",PRICED PER EACH,✓
architectural,64,FW-120 Panel Base Trim without Sheeting Notch,0,0,signature_300_metallic,"SIGNATURE®
300 METALLIC",PRICED PER EACH,✓
architectural,64,FW-120 Panel Base Trim without Sheeting Notch,0,1,part,PART #,DESCRIPTION,T-5416
architectural,64,FW-120 Panel Base Trim without Sheeting Notch,0,1,length,LENGTH,DESCRIPTION,"20'-2"""
architectural,64,FW-120 Panel Base Trim without Sheeting Notch,0,1,girth,GIRTH,DESCRIPTION,"9 34"""
architectural,64,FW-120 Panel Base Trim without Sheeting Notch,0,1,weight_per_each,"WEIGHT PER
EACH",DESCRIPTION,15.38#
architectural,64,FW-120 Panel Base Trim without Sheeting Notch,0,1,galvalume_plus,"GALVALUME®
PLUS",PRICED PER EACH,✓
architectural,64,FW-120 Panel Base Trim without Sheeting Notch,0,1,signature_200,"SIGNATURE®
200",PRICED PER EACH,✓
architectural,64,FW-120 Panel Base Trim without Sheeting Notch,0,1,signature_300,"SIGNATURE®
300",PRICED PER EACH,✓
architectural,64,FW-120 Panel Base Trim without Sheeting Notch,0,1,signature_300_metallic,"SIGNATURE®
300 METALLIC",PRICED PER EACH,✓
architectural,64,FW-120 Panel Masonry Inside Corner,1,0,part,PART #,DESCRIPTION,T-5421
architectural,64,FW-120 Panel Masonry Inside Corner,1,0,length,LENGTH,DESCRIPTION,"10'-2"""
architectural,64,FW-120 Panel Masonry Inside Corner,1,0,girth,GIRTH,DESCRIPTION,"7 5p"""
architectural,64,FW-120 Panel Masonry Inside Corner,1,0,weight_per_each,"WEIGHT PER
EACH",DESCRIPTION,6.31#
architectural,64,FW-120 Panel Masonry Inside Corner,1,0,galvalume_plus,"GALVALUME®
PLUS",PRICED PER EACH,✓
architectural,64,FW-120 Panel Masonry Inside Corner,1,0,signature_200,"SIGNATURE®
200",PRICED PER EACH,✓
architectural,64,FW-120 Panel Masonry Inside Corner,1,0,signature_300,"SIGNATURE®
300",PRICED PER EACH,✓
architectural,64,FW-120 Panel Masonry Inside Corner,1,0,signature_300_metallic,"SIGNATURE®
300 METALLIC",PRICED PER EACH,✓
architectural,64,FW-120 Panel Masonry Inside Corner,1,1,part,PART #,DESCRIPTION,T-5422
architectural,64,FW-120 Panel Masonry Inside Corner,1,1,length,LENGTH,DESCRIPTION,"20'-2"""
architectural,64,FW-120 Panel Masonry Inside Corner,1,1,girth,GIRTH,DESCRIPTION,"7 5K"""
architectural,64,FW-120 Panel Masonry Inside Corner,1,1,weight_per_each,"WEIGHT PER
EACH",DESCRIPTION,12.51#
architectural,64,FW-120 Panel Masonry Inside Corner,1,1,galvalume_plus,"GALVALUME®
PLUS",PRICED PER EACH,✓
architectural,64,FW-120 Panel Masonry Inside Corner,1,1,signature_200,"SIGNATURE®
200",PRICED PER EACH,✓
architectural,64,FW-120 Panel Masonry Inside Corner,1,1,signature_300,"SIGNATURE®
300",PRICED PER EACH,✓
architectural,64,FW-120 Panel Masonry Inside Corner,1,1,signature_300_metallic,"SIGNATURE®
300 METALLIC",PRICED PER EACH,✓
commercial-industrial,4,PBR / PBU Panels,0,0,gauge,GAUGE,DESCRIPTION,29
commercial-industrial,4,PBR / PBU Panels,0,0,coverage,COVERAGE,DESCRIPTION,"36"""
commercial-industrial,4,PBR / PBU Panels,0,0,yield_psi,YIELD (PSI),DESCRIPTION,"80,000"
commercial-industrial,4,PBR / PBU Panels,0,0,weight_per_sq,WEIGHT PER SQ.,DESCRIPTION,70#
commercial-industrial,4,PBR / PBU Panels,0,0,finish,FINISH*,DESCRIPTION,Galvalume® Plus &
commercial-industrial,4,PBR / PBU Panels,0,0,price,PRICE,,✓
commercial-industrial,4,PBR / PBU Panels,0,1,gauge,GAUGE,DESCRIPTION,29
commercial-industrial,4,PBR / PBU Panels,0,1,coverage,COVERAGE,DESCRIPTION,"36"""
commercial-industrial,4,PBR / PBU Panels,0,1,yield_psi,YIELD (PSI),DESCRIPTION,"80,000"
commercial-industrial,4,PBR / PBU Panels,0,1,weight_per_sq,WEIGHT PER SQ.,DESCRIPTION,70#
commercial-industrial,4,PBR / PBU Panels,0,1,finish,FINISH*,DESCRIPTION,Signature® 200
commercial-industrial,4,PBR / PBU Panels,0,1,price,PRICE,,✓
commercial-industrial,4,PBR / PBU Panels,0,2,gauge,GAUGE,DESCRIPTION,26
commercial-industrial,4,PBR / PBU Panels,0,2,coverage,COVERAGE,DESCRIPTION,"36"""
commercial-industrial,4,PBR / PBU Panels,0,2,yield_psi,YIELD (PSI),DESCRIPTION,"80,000"
commercial-industrial,4,PBR / PBU Panels,0,2,weight_per_sq,WEIGHT PER SQ.,DESCRIPTION,87#
commercial-industrial,4,PBR / PBU Panels,0,2,finish,FINISH*,DESCRIPTION,Galvalume® Plus &
commercial-industrial,4,PBR / PBU Panels,0,2,price,PRICE,,✓
commercial-industrial,4,PBR / PBU Panels,0,3,gauge,GAUGE,DESCRIPTION,26
commercial-industrial,4,PBR / PBU Panels,0,3,coverage,COVERAGE,DESCRIPTION,"36"""
commercial-industrial,4,PBR / PBU Panels,0,3,yield_psi,YIELD (PSI),DESCRIPTION,"80,000"
commercial-industrial,4,PBR / PBU Panels,0,3,weight_per_sq,WEIGHT PER SQ.,DESCRIPTION,87#
commercial-industrial,4,PBR / PBU Panels,0,3,finish,FINISH*,DESCRIPTION,Signature® 200
commercial-industrial,4,PBR / PBU Panels,0,3,price,PRICE,,✓
commercial-industrial,4,PBR / PBU Panels,0,4,gauge,GAUGE,DESCRIPTION,26
commercial-industrial,4,PBR / PBU Panels,0,4,coverage,COVERAGE,DESCRIPTION,"36"""
commercial-industrial,4,PBR / PBU Panels,0,4,yield_psi,YIELD (PSI),DESCRIPTION,"80,000"
commercial-industrial,4,PBR / PBU Panels,0,4,weight_per_sq,WEIGHT PER SQ.,DESCRIPTION,87#
commercial-industrial,4,PBR / PBU Panels,0,4,finish,FINISH*,DESCRIPTION,Signature® 300
commercial-industrial,4,PBR / PBU Panels,0,4,price,PRICE,,✓
commercial-industrial,4,PBR / PBU Panels,0,5,gauge,GAUGE,DESCRIPTION,24
commercial-industrial,4,PBR / PBU Panels,0,5,coverage,COVERAGE,DESCRIPTION,"36"""
commercial-industrial,4,PBR / PBU Panels,0,5,yield_psi,YIELD (PSI),DESCRIPTION,"50,000"
commercial-industrial,4,PBR / PBU Panels,0,5,weight_per_sq,WEIGHT PER SQ.,DESCRIPTION,109#
commercial-industrial,4,PBR / PBU Panels,0,5,finish,FINISH*,DESCRIPTION,Galvalume® Plus &
commercial-industrial,4,PBR / PBU Panels,0,5,price,PRICE,,✓
commercial-industrial,4,PBR / PBU Panels,0,6,gauge,GAUGE,DESCRIPTION,24
commercial-industrial,4,PBR / PBU Panels,0,6,coverage,COVERAGE,DESCRIPTION,"36"""
commercial-industrial,4,PBR / PBU Panels,0,6,yield_psi,YIELD (PSI),DESCRIPTION,"50,000"
commercial-industrial,4,PBR / PBU Panels,0,6,weight_per_sq,WEIGHT PER SQ.,DESCRIPTION,109#
commercial-industrial,4,PBR / PBU Panels,0,6,finish,FINISH*,DESCRIPTION,Signature® 200
commercial-industrial,4,PBR / PBU Panels,0,6,price,PRICE,,✓
commercial-industrial,4,PBR / PBU Panels,0,7,gauge,GAUGE,DESCRIPTION,24
commercial-industrial,4,PBR / PBU Panels,0,7,coverage,COVERAGE,DESCRIPTION,"36"""
commercial-industrial,4,PBR / PBU Panels,0,7,yield_psi,YIELD (PSI),DESCRIPTION,"50,000"
commercial-industrial,4,PBR / PBU Panels,0,7,weight_per_sq,WEIGHT PER SQ.,DESCRIPTION,109#
commercial-industrial,4,PBR / PBU Panels,0,7,finish,FINISH*,DESCRIPTION,Signature® 300
commercial-industrial,4,PBR / PBU Panels,0,7,price,PRICE,,✓
commercial-industrial,4,PBR / PBU Panels,0,8,gauge,GAUGE,DESCRIPTION,22
commercial-industrial,4,PBR / PBU Panels,0,8,coverage,COVERAGE,DESCRIPTION,"36"""
commercial-industrial,4,PBR / PBU Panels,0,8,yield_psi,YIELD (PSI),DESCRIPTION,"50,000"
commercial-industrial,4,PBR / PBU Panels,0,8,weight_per_sq,WEIGHT PER SQ.,DESCRIPTION,139#
commercial-industrial,4,PBR / PBU Panels,0,8,finish,FINISH*,DESCRIPTION,Galvalume® Plus &
commercial-industrial,4,PBR / PBU Panels,0,8,price,PRICE,,✓
commercial-industrial,4,PBR / PBU Panels,0,9,gauge,GAUGE,DESCRIPTION,22
commercial-industrial,4,PBR / PBU Panels,0,9,coverage,COVERAGE,DESCRIPTION,"36"""
commercial-industrial,4,PBR / PBU Panels,0,9,yield_psi,YIELD (PSI),DESCRIPTION,"50,000"
commercial-industrial,4,PBR / PBU Panels,0,9,weight_per_sq,WEIGHT PER SQ.,DESCRIPTION,139#
commercial-industrial,4,PBR / PBU Panels,0,9,finish,FINISH*,DESCRIPTION,Signature® 200
commercial-industrial,4,PBR / PBU Panels,0,9,price,PRICE,,Please Inquire
commercial-industrial,4,PBR / PBU Panels,0,10,gauge,GAUGE,DESCRIPTION,"024"" Alum tt"
commercial-industrial,4,PBR / PBU Panels,0,10,coverage,COVERAGE,DESCRIPTION,"36"""
commercial-industrial,4,PBR / PBU Panels,0,10,yield_psi,YIELD (PSI),DESCRIPTION,"18,000"
commercial-industrial,4,PBR / PBU Panels,0,10,weight_per_sq,WEIGHT PER SQ.,DESCRIPTION,41#
commercial-industrial,4,PBR / PBU Panels,0,10,finish,FINISH*,DESCRIPTION,Signature® 200 - Polar White Only
commercial-industrial,4,PBR / PBU Panels,0,10,price,PRICE,,✓
commercial-industrial,6,AVP Panels,0,0,gauge,GAUGE,DESCRIPTION,26
commercial-industrial,6,AVP Panels,0,0,coverage,COVERAGE,DESCRIPTION,"36"""
commercial-industrial,6,AVP Panels,0,0,yield_psi,YIELD (PSI),DESCRIPTION,"80,000"
commercial-industrial,6,AVP Panels,0,0,weight_per_sq,WEIGHT PER SQ.,DESCRIPTION,87#
commercial-industrial,6,AVP Panels,0,0,finish,FINISH*,DESCRIPTION,Galvalume® Plus&
commercial-industrial,6,AVP Panels,0,0,price,PRICE,,✓
commercial-industrial,6,AVP Panels,0,1,gauge,GAUGE,DESCRIPTION,26
commercial-industrial,6,AVP Panels,0,1,coverage,COVERAGE,DESCRIPTION,"36"""
commercial-industrial,6,AVP Panels,0,1,yield_psi,YIELD (PSI),DESCRIPTION,"80,000"
commercial-industrial,6,AVP Panels,0,1,weight_per_sq,WEIGHT PER SQ.,DESCRIPTION,87#
commercial-industrial,6,AVP Panels,0,1,finish,FINISH*,DESCRIPTION,Signature® 200
commercial-industrial,6,AVP Panels,0,1,price,PRICE,,✓
commercial-industrial,6,AVP Panels,0,2,gauge,GAUGE,DESCRIPTION,26
commercial-industrial,6,AVP Panels,0,2,coverage,COVERAGE,DESCRIPTION,"36"""
commercial-industrial,6,AVP Panels,0,2,yield_psi,YIELD (PSI),DESCRIPTION,"80,000"
commercial-industrial,6,AVP Panels,0,2,weight_per_sq,WEIGHT PER SQ.,DESCRIPTION,87#
commercial-industrial,6,AVP Panels,0,2,finish,FINISH*,DESCRIPTION,Signature® 300
commercial-industrial,6,AVP Panels,0,2,price,PRICE,,✓
commercial-industrial,6,AVP Panels,0,3,gauge,GAUGE,DESCRIPTION,24
commercial-industrial,6,AVP Panels,0,3,coverage,COVERAGE,DESCRIPTION,"36"""
commercial-industrial,6,AVP Panels,0,3,yield_psi,YIELD (PSI),DESCRIPTION,"50,000"
commercial-industrial,6,AVP Panels,0,3,weight_per_sq,WEIGHT PER SQ.,DESCRIPTION,1094
commercial-industrial,6,AVP Panels,0,3,finish,FINISH*,DESCRIPTION,Galvalume® Plus&
commercial-industrial,6,AVP Panels,0,3,price,PRICE,,✓
commercial-industrial,6,AVP Panels,0,4,gauge,GAUGE,DESCRIPTION,24
commercial-industrial,6,AVP Panels,0,4,coverage,COVERAGE,DESCRIPTION,"36"""
commercial-industrial,6,AVP Panels,0,4,yield_psi,YIELD (PSI),DESCRIPTION,"50,000"
commercial-industrial,6,AVP Panels,0,4,weight_per_sq,WEIGHT PER SQ.,DESCRIPTION,109#
commercial-industrial,6,AVP Panels,0,4,finish,FINISH*,DESCRIPTION,Signature® 200
commercial-industrial,6,AVP Panels,0,4,price,PRICE,,✓
commercial-industrial,6,AVP Panels,0,5,gauge,GAUGE,DESCRIPTION,24
commercial-industrial,6,AVP Panels,0,5,coverage,COVERAGE,DESCRIPTION,"36"""
commercial-industrial,6,AVP Panels,0,5,yield_psi,YIELD (PSI),DESCRIPTION,"50,000"
commercial-industrial,6,AVP Panels,0,5,weight_per_sq,WEIGHT PER SQ.,DESCRIPTION,109#
commercial-industrial,6,AVP Panels,0,5,finish,FINISH*,DESCRIPTION,Signature® 300
commercial-industrial,6,AVP Panels,0,5,price,PRICE,,✓
commercial-industrial,6,AVP Panels,0,6,gauge,GAUGE,DESCRIPTION,22
commercial-industrial,6,AVP Panels,0,6,coverage,COVERAGE,DESCRIPTION,"36"""
commercial-industrial,6,AVP Panels,0,6,yield_psi,YIELD (PSI),DESCRIPTION,"50,000"
commercial-industrial,6,AVP Panels,0,6,weight_per_sq,WEIGHT PER SQ.,DESCRIPTION,139#
commercial-industrial,6,AVP Panels,0,6,finish,FINISH*,DESCRIPTION,Galvalume® Plus
commercial-industrial,6,AVP Panels,0,6,price,PRICE,,✓
commercial-industrial,6,AVP Panels,0,7,gauge,GAUGE,DESCRIPTION,22
commercial-industrial,6,AVP Panels,0,7,coverage,COVERAGE,DESCRIPTION,"36"""
commercial-industrial,6,AVP Panels,0,7,yield_psi,YIELD (PSI),DESCRIPTION,"50,000"
commercial-industrial,6,AVP Panels,0,7,weight_per_sq,WEIGHT PER SQ.,DESCRIPTION,139#
commercial-industrial,6,AVP Panels,0,7,finish,FINISH*,DESCRIPTION,Signature® 200
commercial-industrial,6,AVP Panels,0,7,price,PRICE,,Please Inquire
commercial-industrial,6,AVP Panels,0,8,gauge,GAUGE,DESCRIPTION,024 Alum tt
commercial-industrial,6,AVP Panels,0,8,coverage,COVERAGE,DESCRIPTION,"36"""
commercial-industrial,6,AVP Panels,0,8,yield_psi,YIELD (PSI),DESCRIPTION,"18,000"
commercial-industrial,6,AVP Panels,0,8,weight_per_sq,WEIGHT PER SQ.,DESCRIPTION,41#
commercial-industrial,6,AVP Panels,0,8,finish,FINISH*,DESCRIPTION,Signature® 200 - Polar White Only
commercial-industrial,6,AVP Panels,0,8,price,PRICE,,✓
commercial-industrial,8,PBR Panel with Drip Stop,0,0,gauge,GAUGE,DESCRIPTION,29
commercial-industrial,8,PBR Panel with Drip Stop,0,0,coverage,COVERAGE,DESCRIPTION,"36"""
commercial-industrial,8,PBR Panel with Drip Stop,0,0,yield_psi,YIELD (PSI),DESCRIPTION,"80,000"
commercial-industrial,8,PBR Panel with Drip Stop,0,0,weight_per_sq,WEIGHT PER SQ.,DESCRIPTION,70#
commercial-industrial,8,PBR Panel with Drip Stop,0,0,finish,FINISH*,DESCRIPTION,Galvalume® Plus &
commercial-industrial,8,PBR Panel with Drip Stop,0,0,price,PRICE,,✓
commercial-industrial,8,PBR Panel with Drip Stop,0,1,gauge,GAUGE,DESCRIPTION,29
commercial-industrial,8,PBR Panel with Drip Stop,0,1,coverage,COVERAGE,DESCRIPTION,"36"""
commercial-industrial,8,PBR Panel with Drip Stop,0,1,yield_psi,YIELD (PSI),DESCRIPTION,"80,000"
commercial-industrial,8,PBR Panel with Drip Stop,0,1,weight_per_sq,WEIGHT PER SQ.,DESCRIPTION,70#
commercial-industrial,8,PBR Panel with Drip Stop,0,1,finish,FINISH*,DESCRIPTION,Signature® 200
commercial-industrial,8,PBR Panel with Drip Stop,0,1,price,PRICE,,✓
commercial-industrial,8,PBR Panel with Drip Stop,0,2,gauge,GAUGE,DESCRIPTION,26
commercial-industrial,8,PBR Panel with Drip Stop,0,2,coverage,COVERAGE,DESCRIPTION,"36"""
commercial-industrial,8,PBR Panel with Drip Stop,0,2,yield_psi,YIELD (PSI),DESCRIPTION,"80,000"
commercial-industrial,8,PBR Panel with Drip Stop,0,2,weight_per_sq,WEIGHT PER SQ.,DESCRIPTION,87#
commercial-industrial,8,PBR Panel with Drip Stop,0,2,finish,FINISH*,DESCRIPTION,Galvalume® Plus &
commercial-industrial,8,PBR Panel with Drip Stop,0,2,price,PRICE,,✓
commercial-industrial,8,PBR Panel with Drip Stop,0,3,gauge,GAUGE,DESCRIPTION,26
commercial-industrial,8,PBR Panel with Drip Stop,0,3,coverage,COVERAGE,DESCRIPTION,"36"""
commercial-industrial,8,PBR Panel with Drip Stop,0,3,yield_psi,YIELD (PSI),DESCRIPTION,"80,000"
commercial-industrial,8,PBR Panel with Drip Stop,0,3,weight_per_sq,WEIGHT PER SQ.,DESCRIPTION,87#
commercial-industrial,8,PBR Panel with Drip Stop,0,3,finish,FINISH*,DESCRIPTION,Signature® 200
commercial-industrial,8,PBR Panel with Drip Stop,0,3,price,PRICE,,✓
commercial-industrial,8,PBR Panel with Drip Stop,0,4,gauge,GAUGE,DESCRIPTION,26
commercial-industrial,8,PBR Panel with Drip Stop,0,4,coverage,COVERAGE,DESCRIPTION,"36"""
commercial-industrial,8,PBR Panel with Drip Stop,0,4,yield_psi,YIELD (PSI),DESCRIPTION,"80,000"
commercial-industrial,8,PBR Panel with Drip Stop,0,4,weight_per_sq,WEIGHT PER SQ.,DESCRIPTION,87#
commercial-industrial,8,PBR Panel with Drip Stop,0,4,finish,FINISH*,DESCRIPTION,Signature® 300
commercial-industrial,8,PBR Panel with Drip Stop,0,4,price,PRICE,,✓
commercial-industrial,8,PBR Panel with Drip Stop,0,5,gauge,GAUGE,DESCRIPTION,24
commercial-industrial,8,PBR Panel with Drip Stop,0,5,coverage,COVERAGE,DESCRIPTION,"36"""
commercial-industrial,8,PBR Panel with Drip Stop,0,5,yield_psi,YIELD (PSI),DESCRIPTION,"50,000"
commercial-industrial,8,PBR Panel with Drip Stop,0,5,weight_per_sq,WEIGHT PER SQ.,DESCRIPTION,109#
commercial-industrial,8,PBR Panel with Drip Stop,0,5,finish,FINISH*,DESCRIPTION,Galvalume® Plus &
commercial-industrial,8,PBR Panel with Drip Stop,0,5,price,PRICE,,✓
commercial-industrial,8,PBR Panel with Drip Stop,0,6,gauge,GAUGE,DESCRIPTION,24
commercial-industrial,8,PBR Panel with Drip Stop,0,6,coverage,COVERAGE,DESCRIPTION,"36"""
commercial-industrial,8,PBR Panel with Drip Stop,0,6,yield_psi,YIELD (PSI),DESCRIPTION,"50,000"
commercial-industrial,8,PBR Panel with Drip Stop,0,6,weight_per_sq,WEIGHT PER SQ.,DESCRIPTION,109#
commercial-industrial,8,PBR Panel with Drip Stop,0,6,finish,FINISH*,DESCRIPTION,Signature® 200
commercial-industrial,8,PBR Panel with Drip Stop,0,6,price,PRICE,,✓
commercial-industrial,10,PBC / PBD Panels,0,0,gauge,GAUGE,DESCRIPTION,29
commercial-industrial,10,PBC / PBD Panels,0,0,coverage,COVERAGE,DESCRIPTION,"32"""
commercial-industrial,10,PBC / PBD Panels,0,0,yield_psi,YIELD (PSI),DESCRIPTION,"80,000"
commercial-industrial,10,PBC / PBD Panels,0,0,weight_per_sq,WEIGHT PER SQ.,DESCRIPTION,78#
commercial-industrial,10,PBC / PBD Panels,0,0,finish,FINISH*,DESCRIPTION,Galvalume® Plus &
commercial-industrial,10,PBC / PBD Panels,0,0,price,PRICE,,✓
commercial-industrial,10,PBC / PBD Panels,0,1,gauge,GAUGE,DESCRIPTION,29
commercial-industrial,10,PBC / PBD Panels,0,1,coverage,COVERAGE,DESCRIPTION,"32"""
commercial-industrial,10,PBC / PBD Panels,0,1,yield_psi,YIELD (PSI),DESCRIPTION,"80,000"
commercial-industrial,10,PBC / PBD Panels,0,1,weight_per_sq,WEIGHT PER SQ.,DESCRIPTION,78#
commercial-industrial,10,PBC / PBD Panels,0,1,finish,FINISH*,DESCRIPTION,Signature® 200
commercial-industrial,10,PBC / PBD Panels,0,1,price,PRICE,,✓
commercial-industrial,10,PBC / PBD Panels,0,2,gauge,GAUGE,DESCRIPTION,29
commercial-industrial,10,PBC / PBD Panels,0,2,coverage,COVERAGE,DESCRIPTION,"32"""
commercial-industrial,10,PBC / PBD Panels,0,2,yield_psi,YIELD (PSI),DESCRIPTION,"80,000"
commercial-industrial,10,PBC / PBD Panels,0,2,weight_per_sq,WEIGHT PER SQ.,DESCRIPTION,83#
commercial-industrial,10,PBC / PBD Panels,0,2,finish,FINISH*,DESCRIPTION,Galvanized
commercial-industrial,10,PBC / PBD Panels,0,2,price,PRICE,,Please Inquire
commercial-industrial,10,PBC / PBD Panels,0,3,gauge,GAUGE,DESCRIPTION,26
commercial-industrial,10,PBC / PBD Panels,0,3,coverage,COVERAGE,DESCRIPTION,"32"""
commercial-industrial,10,PBC / PBD Panels,0,3,yield_psi,YIELD (PSI),DESCRIPTION,"80,000"
commercial-industrial,10,PBC / PBD Panels,0,3,weight_per_sq,WEIGHT PER SQ.,DESCRIPTION,98#
commercial-industrial,10,PBC / PBD Panels,0,3,finish,FINISH*,DESCRIPTION,Galvalume® Plus &
commercial-industrial,10,PBC / PBD Panels,0,3,price,PRICE,,✓
commercial-industrial,10,PBC / PBD Panels,0,4,gauge,GAUGE,DESCRIPTION,26
commercial-industrial,10,PBC / PBD Panels,0,4,coverage,COVERAGE,DESCRIPTION,"32"""
commercial-industrial,10,PBC / PBD Panels,0,4,yield_psi,YIELD (PSI),DESCRIPTION,"80,000"
commercial-industrial,10,PBC / PBD Panels,0,4,weight_per_sq,WEIGHT PER SQ.,DESCRIPTION,98#
commercial-industrial,10,PBC / PBD Panels,0,4,finish,FINISH*,DESCRIPTION,Signature® 200
commercial-industrial,10,PBC / PBD Panels,0,4,price,PRICE,,✓
commercial-industrial,10,PBC / PBD Panels,0,5,gauge,GAUGE,DESCRIPTION,26
commercial-industrial,10,PBC / PBD Panels,0,5,coverage,COVERAGE,DESCRIPTION,"32"""
commercial-industrial,10,PBC / PBD Panels,0,5,yield_psi,YIELD (PSI),DESCRIPTION,"80,000"
commercial-industrial,10,PBC / PBD Panels,0,5,weight_per_sq,WEIGHT PER SQ.,DESCRIPTION,98#
commercial-industrial,10,PBC / PBD Panels,0,5,finish,FINISH*,DESCRIPTION,Signature® 300
commercial-industrial,10,PBC / PBD Panels,0,5,price,PRICE,,✓
commercial-industrial,10,PBC / PBD Panels,0,6,gauge,GAUGE,DESCRIPTION,24
commercial-industrial,10,PBC / PBD Panels,0,6,coverage,COVERAGE,DESCRIPTION,"32"""
commercial-industrial,10,PBC / PBD Panels,0,6,yield_psi,YIELD (PSI),DESCRIPTION,"50,000"
commercial-industrial,10,PBC / PBD Panels,0,6,weight_per_sq,WEIGHT PER SQ.,DESCRIPTION,123#
commercial-industrial,10,PBC / PBD Panels,0,6,finish,FINISH*,DESCRIPTION,Galvalume® Plus &
commercial-industrial,10,PBC / PBD Panels,0,6,price,PRICE,,✓
commercial-industrial,10,PBC / PBD Panels,0,7,gauge,GAUGE,DESCRIPTION,24
commercial-industrial,10,PBC / PBD Panels,0,7,coverage,COVERAGE,DESCRIPTION,"32"""
commercial-industrial,10,PBC / PBD Panels,0,7,yield_psi,YIELD (PSI),DESCRIPTION,"50,000"
commercial-industrial,10,PBC / PBD Panels,0,7,weight_per_sq,WEIGHT PER SQ.,DESCRIPTION,123#
commercial-industrial,10,PBC / PBD Panels,0,7,finish,FINISH*,DESCRIPTION,Signature® 200
commercial-industrial,10,PBC / PBD Panels,0,7,price,PRICE,,✓
commercial-industrial,10,PBC / PBD Panels,0,8,gauge,GAUGE,DESCRIPTION,24
commercial-industrial,10,PBC / PBD Panels,0,8,coverage,COVERAGE,DESCRIPTION,"37"""
commercial-industrial,10,PBC / PBD Panels,0,8,yield_psi,YIELD (PSI),DESCRIPTION,"50,000"
commercial-industrial,10,PBC / PBD Panels,0,8,weight_per_sq,WEIGHT PER SQ.,DESCRIPTION,123#
commercial-industrial,10,PBC / PBD Panels,0,8,finish,FINISH*,DESCRIPTION,Signature® 300
commercial-industrial,10,PBC / PBD Panels,0,8,price,PRICE,,✓
commercial-industrial,10,PBC / PBD Panels,0,9,gauge,GAUGE,DESCRIPTION,22
commercial-industrial,10,PBC / PBD Panels,0,9,coverage,COVERAGE,DESCRIPTION,"32"""
commercial-industrial,10,PBC / PBD Panels,0,9,yield_psi,YIELD (PSI),DESCRIPTION,"50,000"
commercial-industrial,10,PBC / PBD Panels,0,9,weight_per_sq,WEIGHT PER SQ.,DESCRIPTION,156#
commercial-industrial,10,PBC / PBD Panels,0,9,finish,FINISH*,DESCRIPTION,Galvalume® Plus &
commercial-industrial,10,PBC / PBD Panels,0,9,price,PRICE,,✓
commercial-industrial,10,PBC / PBD Panels,0,10,gauge,GAUGE,DESCRIPTION,22
commercial-industrial,10,PBC / PBD Panels,0,10,coverage,COVERAGE,DESCRIPTION,"32"""
commercial-industrial,10,PBC / PBD Panels,0,10,yield_psi,YIELD (PSI),DESCRIPTION,"50,000"
commercial-industrial,10,PBC / PBD Panels,0,10,weight_per_sq,WEIGHT PER SQ.,DESCRIPTION,156#
commercial-industrial,10,PBC / PBD Panels,0,10,finish,FINISH*,DESCRIPTION,Signature® 200
commercial-industrial,10,PBC / PBD Panels,0,10,price,PRICE,,Please Inquire
commercial-industrial,10,PBC / PBD Panels,0,11,gauge,GAUGE,DESCRIPTION,"024"" Alum tt"
commercial-industrial,10,PBC / PBD Panels,0,11,coverage,COVERAGE,DESCRIPTION,"32"""
commercial-industrial,10,PBC / PBD Panels,0,11,yield_psi,YIELD (PSI),DESCRIPTION,"18,000"
commercial-industrial,10,PBC / PBD Panels,0,11,weight_per_sq,WEIGHT PER SQ.,DESCRIPTION,40#
commercial-industrial,10,PBC / PBD Panels,0,11,finish,FINISH*,DESCRIPTION,Signature® 200 - Polar White Only
commercial-industrial,10,PBC / PBD Panels,0,11,price,PRICE,,✓
commercial-industrial,12,7.2 Panel,0,0,gauge,GAUGE,DESCRIPTION,29
commercial-industrial,12,7.2 Panel,0,0,coverage,COVERAGE,DESCRIPTION,"36"""
commercial-industrial,12,7.2 Panel,0,0,yield_psi,YIELD (PSI),DESCRIPTION,"80,000"
commercial-industrial,12,7.2 Panel,0,0,weight_per_sq,WEIGHT PER SQ.,DESCRIPTION,724
commercial-industrial,12,7.2 Panel,0,0,finish,FINISH+,DESCRIPTION,Galvalume® Plus &
commercial-industrial,12,7.2 Panel,0,0,price,PRICE,,✓
commercial-industrial,12,7.2 Panel,0,1,gauge,GAUGE,DESCRIPTION,29
commercial-industrial,12,7.2 Panel,0,1,coverage,COVERAGE,DESCRIPTION,"36"""
commercial-industrial,12,7.2 Panel,0,1,yield_psi,YIELD (PSI),DESCRIPTION,"80,000"
commercial-industrial,12,7.2 Panel,0,1,weight_per_sq,WEIGHT PER SQ.,DESCRIPTION,724
commercial-industrial,12,7.2 Panel,0,1,finish,FINISH+,DESCRIPTION,Signature® 200
commercial-industrial,12,7.2 Panel,0,1,price,PRICE,,✓
commercial-industrial,12,7.2 Panel,0,2,gauge,GAUGE,DESCRIPTION,26
commercial-industrial,12,7.2 Panel,0,2,coverage,COVERAGE,DESCRIPTION,"36"""
commercial-industrial,12,7.2 Panel,0,2,yield_psi,YIELD (PSI),DESCRIPTION,"80,000"
commercial-industrial,12,7.2 Panel,0,2,weight_per_sq,WEIGHT PER SQ.,DESCRIPTION,96#
commercial-industrial,12,7.2 Panel,0,2,finish,FINISH+,DESCRIPTION,Galvalume® Plus &
commercial-industrial,12,7.2 Panel,0,2,price,PRICE,,✓
commercial-industrial,12,7.2 Panel,0,3,gauge,GAUGE,DESCRIPTION,26
commercial-industrial,12,7.2 Panel,0,3,coverage,COVERAGE,DESCRIPTION,"36"""
commercial-industrial,12,7.2 Panel,0,3,yield_psi,YIELD (PSI),DESCRIPTION,"80,000"
commercial-industrial,12,7.2 Panel,0,3,weight_per_sq,WEIGHT PER SQ.,DESCRIPTION,90#
commercial-industrial,12,7.2 Panel,0,3,finish,FINISH+,DESCRIPTION,Signature® 200
commercial-industrial,12,7.2 Panel,0,3,price,PRICE,,✓
commercial-industrial,12,7.2 Panel,0,4,gauge,GAUGE,DESCRIPTION,24
commercial-industrial,12,7.2 Panel,0,4,coverage,COVERAGE,DESCRIPTION,"36"""
commercial-industrial,12,7.2 Panel,0,4,yield_psi,YIELD (PSI),DESCRIPTION,"50,000"
commercial-industrial,12,7.2 Panel,0,4,weight_per_sq,WEIGHT PER SQ.,DESCRIPTION,118#
commercial-industrial,12,7.2 Panel,0,4,finish,FINISH+,DESCRIPTION,Galvalume® Plus &
commercial-industrial,12,7.2 Panel,0,4,price,PRICE,,✓
commercial-industrial,12,7.2 Panel,0,5,gauge,GAUGE,DESCRIPTION,24
commercial-industrial,12,7.2 Panel,0,5,coverage,COVERAGE,DESCRIPTION,"36"""
commercial-industrial,12,7.2 Panel,0,5,yield_psi,YIELD (PSI),DESCRIPTION,"50,000"
commercial-industrial,12,7.2 Panel,0,5,weight_per_sq,WEIGHT PER SQ.,DESCRIPTION,118#
commercial-industrial,12,7.2 Panel,0,5,finish,FINISH+,DESCRIPTION,Signature® 200
commercial-industrial,12,7.2 Panel,0,5,price,PRICE,,✓
commercial-industrial,12,7.2 Panel,0,6,gauge,GAUGE,DESCRIPTION,24
commercial-industrial,12,7.2 Panel,0,6,coverage,COVERAGE,DESCRIPTION,"36"""
commercial-industrial,12,7.2 Panel,0,6,yield_psi,YIELD (PSI),DESCRIPTION,"50,000"
commercial-industrial,12,7.2 Panel,0,6,weight_per_sq,WEIGHT PER SQ.,DESCRIPTION,118#
commercial-industrial,12,7.2 Panel,0,6,finish,FINISH+,DESCRIPTION,Signature® 300
commercial-industrial,12,7.2 Panel,0,6,price,PRICE,,✓
commercial-industrial,12,7.2 Panel,0,7,gauge,GAUGE,DESCRIPTION,22
commercial-industrial,12,7.2 Panel,0,7,coverage,COVERAGE,DESCRIPTION,"36"""
commercial-industrial,12,7.2 Panel,0,7,yield_psi,YIELD (PSI),DESCRIPTION,"50,000"
commercial-industrial,12,7.2 Panel,0,7,weight_per_sq,WEIGHT PER SQ.,DESCRIPTION,146#
commercial-industrial,12,7.2 Panel,0,7,finish,FINISH+,DESCRIPTION,Galvalume® Plus &
commercial-industrial,12,7.2 Panel,0,7,price,PRICE,,✓
commercial-industrial,12,7.2 Panel,0,8,gauge,GAUGE,DESCRIPTION,22
commercial-industrial,12,7.2 Panel,0,8,coverage,COVERAGE,DESCRIPTION,"36"""
commercial-industrial,12,7.2 Panel,0,8,yield_psi,YIELD (PSI),DESCRIPTION,"50,000"
commercial-industrial,12,7.2 Panel,0,8,weight_per_sq,WEIGHT PER SQ.,DESCRIPTION,146#
commercial-industrial,12,7.2 Panel,0,8,finish,FINISH+,DESCRIPTION,Signature® 200
commercial-industrial,12,7.2 Panel,0,8,price,PRICE,,Please Inquire
commercial-industrial,12,7.2 Panel,0,9,gauge,GAUGE,DESCRIPTION,22
commercial-industrial,12,7.2 Panel,0,9,coverage,COVERAGE,DESCRIPTION,"36"""
commercial-industrial,12,7.2 Panel,0,9,yield_psi,YIELD (PSI),DESCRIPTION,"50,000"
commercial-industrial,12,7.2 Panel,0,9,weight_per_sq,WEIGHT PER SQ.,DESCRIPTION,146#
commercial-industrial,12,7.2 Panel,0,9,finish,FINISH+,DESCRIPTION,Signature® 300
commercial-industrial,12,7.2 Panel,0,9,price,PRICE,,Please Inquire
commercial-industrial,14,Retro-R® Panel,0,0,gauge,GAUGE,DESCRIPTION,29
commercial-industrial,14,Retro-R® Panel,0,0,coverage,COVERAGE,DESCRIPTION,"36"""
commercial-industrial,14,Retro-R® Panel,0,0,yield_psi,YIELD (PSI),DESCRIPTION,"80,000"
commercial-industrial,14,Retro-R® Panel,0,0,weight_per_sq,WEIGHT PER SQ.,DESCRIPTION,oO4#
commercial-industrial,14,Retro-R® Panel,0,0,finish,FINISH*,DESCRIPTION,Galvalume® Plus &
commercial-industrial,14,Retro-R® Panel,0,0,price,PRICE,,✓
commercial-industrial,14,Retro-R® Panel,0,1,gauge,GAUGE,DESCRIPTION,29
commercial-industrial,14,Retro-R® Panel,0,1,coverage,COVERAGE,DESCRIPTION,"36"""
commercial-industrial,14,Retro-R® Panel,0,1,yield_psi,YIELD (PSI),DESCRIPTION,"80,000"
commercial-industrial,14,Retro-R® Panel,0,1,weight_per_sq,WEIGHT PER SQ.,DESCRIPTION,oO4#
commercial-industrial,14,Retro-R® Panel,0,1,finish,FINISH*,DESCRIPTION,Signature® 200
commercial-industrial,14,Retro-R® Panel,0,1,price,PRICE,,✓
commercial-industrial,14,Retro-R® Panel,0,2,gauge,GAUGE,DESCRIPTION,26
commercial-industrial,14,Retro-R® Panel,0,2,coverage,COVERAGE,DESCRIPTION,"36"""
commercial-industrial,14,Retro-R® Panel,0,2,yield_psi,YIELD (PSI),DESCRIPTION,"80,000"
commercial-industrial,14,Retro-R® Panel,0,2,weight_per_sq,WEIGHT PER SQ.,DESCRIPTION,844
commercial-industrial,14,Retro-R® Panel,0,2,finish,FINISH*,DESCRIPTION,Signature® 200
commercial-industrial,14,Retro-R® Panel,0,2,price,PRICE,,Please Inquire
commercial-industrial,15,Cee or Zee,0,0,normal_size,NORMAL SIZE,DESCRIPTION,4x2
commercial-industrial,15,Cee or Zee,0,0,actual_size,ACTUAL SIZE *,DESCRIPTION,4x2
commercial-industrial,15,Cee or Zee,0,0,gauge,GAUGE,DESCRIPTION,16
commercial-industrial,15,Cee or Zee,0,0,weight_per_lf,WEIGHT PER LF,DESCRIPTION,1.754
commercial-industrial,15,Cee or Zee,0,0,red_oxide,RED OXIDE,PRICED PER 100 LF,✓
commercial-industrial,15,Cee or Zee,0,0,galvanized,GALVANIZED,PRICED PER 100 LF,✓
commercial-industrial,15,Cee or Zee,0,1,normal_size,NORMAL SIZE,DESCRIPTION,4x2
commercial-industrial,15,Cee or Zee,0,1,actual_size,ACTUAL SIZE *,DESCRIPTION,4x2
commercial-industrial,15,Cee or Zee,0,1,gauge,GAUGE,DESCRIPTION,14
commercial-industrial,15,Cee or Zee,0,1,weight_per_lf,WEIGHT PER LF,DESCRIPTION,2.10#
commercial-industrial,15,Cee or Zee,0,1,red_oxide,RED OXIDE,PRICED PER 100 LF,✓
commercial-industrial,15,Cee or Zee,0,1,galvanized,GALVANIZED,PRICED PER 100 LF,✓
commercial-industrial,15,Cee or Zee,0,2,normal_size,NORMAL SIZE,DESCRIPTION,4x 2%2
commercial-industrial,15,Cee or Zee,0,2,actual_size,ACTUAL SIZE *,DESCRIPTION,4x2%x 2%
commercial-industrial,15,Cee or Zee,0,2,gauge,GAUGE,DESCRIPTION,16
commercial-industrial,15,Cee or Zee,0,2,weight_per_lf,WEIGHT PER LF,DESCRIPTION,1.95#
commercial-industrial,15,Cee or Zee,0,2,red_oxide,RED OXIDE,PRICED PER 100 LF,✓
commercial-industrial,15,Cee or Zee,0,2,galvanized,GALVANIZED,PRICED PER 100 LF,✓
commercial-industrial,15,Cee or Zee,0,3,normal_size,NORMAL SIZE,DESCRIPTION,4x 2%2
commercial-industrial,15,Cee or Zee,0,3,actual_size,ACTUAL SIZE *,DESCRIPTION,4x 2% x 2%
commercial-industrial,15,Cee or Zee,0,3,gauge,GAUGE,DESCRIPTION,14
commercial-industrial,15,Cee or Zee,0,3,weight_per_lf,WEIGHT PER LF,DESCRIPTION,2.334
commercial-industrial,15,Cee or Zee,0,3,red_oxide,RED OXIDE,PRICED PER 100 LF,✓
commercial-industrial,15,Cee or Zee,0,3,galvanized,GALVANIZED,PRICED PER 100 LF,✓
commercial-industrial,15,Cee or Zee,0,4,normal_size,NORMAL SIZE,DESCRIPTION,5X 2%
commercial-industrial,15,Cee or Zee,0,4,actual_size,ACTUAL SIZE *,DESCRIPTION,5x2%x 2%
commercial-industrial,15,Cee or Zee,0,4,gauge,GAUGE,DESCRIPTION,16
commercial-industrial,15,Cee or Zee,0,4,weight_per_lf,WEIGHT PER LF,DESCRIPTION,2.15#
commercial-industrial,15,Cee or Zee,0,4,red_oxide,RED OXIDE,PRICED PER 100 LF,✓
commercial-industrial,15,Cee or Zee,0,4,galvanized,GALVANIZED,PRICED PER 100 LF,✓
commercial-industrial,15,Cee or Zee,0,5,normal_size,NORMAL SIZE,DESCRIPTION,5x2%
commercial-industrial,15,Cee or Zee,0,5,actual_size,ACTUAL SIZE *,DESCRIPTION,5 x 2% x 23%
commercial-industrial,15,Cee or Zee,0,5,gauge,GAUGE,DESCRIPTION,14
commercial-industrial,15,Cee or Zee,0,5,weight_per_lf,WEIGHT PER LF,DESCRIPTION,2.57#
commercial-industrial,15,Cee or Zee,0,5,red_oxide,RED OXIDE,PRICED PER 100 LF,✓
commercial-industrial,15,Cee or Zee,0,5,galvanized,GALVANIZED,PRICED PER 100 LF,✓
commercial-industrial,15,Cee or Zee,0,6,normal_size,NORMAL SIZE,DESCRIPTION,6 xX 2Y2
commercial-industrial,15,Cee or Zee,0,6,actual_size,ACTUAL SIZE *,DESCRIPTION,6 x 2% x 2%
commercial-industrial,15,Cee or Zee,0,6,gauge,GAUGE,DESCRIPTION,16
commercial-industrial,15,Cee or Zee,0,6,weight_per_lf,WEIGHT PER LF,DESCRIPTION,2.344
commercial-industrial,15,Cee or Zee,0,6,red_oxide,RED OXIDE,PRICED PER 100 LF,✓
commercial-industrial,15,Cee or Zee,0,6,galvanized,GALVANIZED,PRICED PER 100 LF,✓
commercial-industrial,15,Cee or Zee,0,7,normal_size,NORMAL SIZE,DESCRIPTION,6 xX 2Y2
commercial-industrial,15,Cee or Zee,0,7,actual_size,ACTUAL SIZE *,DESCRIPTION,6X 2% x 2%
commercial-industrial,15,Cee or Zee,0,7,gauge,GAUGE,DESCRIPTION,14
commercial-industrial,15,Cee or Zee,0,7,weight_per_lf,WEIGHT PER LF,DESCRIPTION,2.80#
commercial-industrial,15,Cee or Zee,0,7,red_oxide,RED OXIDE,PRICED PER 100 LF,✓
commercial-industrial,15,Cee or Zee,0,7,galvanized,GALVANIZED,PRICED PER 100 LF,✓
commercial-industrial,15,Cee or Zee,0,8,normal_size,NORMAL SIZE,DESCRIPTION,7X 2%2
commercial-industrial,15,Cee or Zee,0,8,actual_size,ACTUAL SIZE *,DESCRIPTION,7X2%X 2%
commercial-industrial,15,Cee or Zee,0,8,gauge,GAUGE,DESCRIPTION,16
commercial-industrial,15,Cee or Zee,0,8,weight_per_lf,WEIGHT PER LF,DESCRIPTION,2.544
commercial-industrial,15,Cee or Zee,0,8,red_oxide,RED OXIDE,PRICED PER 100 LF,✓
commercial-industrial,15,Cee or Zee,0,8,galvanized,GALVANIZED,PRICED PER 100 LF,✓
commercial-industrial,15,Cee or Zee,0,9,normal_size,NORMAL SIZE,DESCRIPTION,7X 2%2
commercial-industrial,15,Cee or Zee,0,9,actual_size,ACTUAL SIZE *,DESCRIPTION,7X 2V8 xX 2%
commercial-industrial,15,Cee or Zee,0,9,gauge,GAUGE,DESCRIPTION,14
commercial-industrial,15,Cee or Zee,0,9,weight_per_lf,WEIGHT PER LF,DESCRIPTION,3.044
commercial-industrial,15,Cee or Zee,0,9,red_oxide,RED OXIDE,PRICED PER 100 LF,✓
commercial-industrial,15,Cee or Zee,0,9,galvanized,GALVANIZED,PRICED PER 100 LF,✓
commercial-industrial,15,Cee or Zee,0,10,normal_size,NORMAL SIZE,DESCRIPTION,7X3
commercial-industrial,15,Cee or Zee,0,10,actual_size,ACTUAL SIZE *,DESCRIPTION,7X28%X24
commercial-industrial,15,Cee or Zee,0,10,gauge,GAUGE,DESCRIPTION,14
commercial-industrial,15,Cee or Zee,0,10,weight_per_lf,WEIGHT PER LF,DESCRIPTION,3.27#
commercial-industrial,15,Cee or Zee,0,10,red_oxide,RED OXIDE,PRICED PER 100 LF,✓
commercial-industrial,15,Cee or Zee,0,10,galvanized,GALVANIZED,PRICED PER 100 LF,✓
commercial-industrial,15,Cee or Zee,0,11,normal_size,NORMAL SIZE,DESCRIPTION,7X3
commercial-industrial,15,Cee or Zee,0,11,actual_size,ACTUAL SIZE *,DESCRIPTION,7X2BX2k4
commercial-industrial,15,Cee or Zee,0,11,gauge,GAUGE,DESCRIPTION,12
commercial-industrial,15,Cee or Zee,0,11,weight_per_lf,WEIGHT PER LF,DESCRIPTION,4.88#
commercial-industrial,15,Cee or Zee,0,11,red_oxide,RED OXIDE,PRICED PER 100 LF,✓
commercial-industrial,15,Cee or Zee,0,11,galvanized,GALVANIZED,PRICED PER 100 LF,✓
commercial-industrial,15,Cee or Zee,0,12,normal_size,NORMAL SIZE,DESCRIPTION,8x2h
commercial-industrial,15,Cee or Zee,0,12,actual_size,ACTUAL SIZE *,DESCRIPTION,8xX2%x 2%
commercial-industrial,15,Cee or Zee,0,12,gauge,GAUGE,DESCRIPTION,16
commercial-industrial,15,Cee or Zee,0,12,weight_per_lf,WEIGHT PER LF,DESCRIPTION,2.3#
commercial-industrial,15,Cee or Zee,0,12,red_oxide,RED OXIDE,PRICED PER 100 LF,✓
commercial-industrial,15,Cee or Zee,0,12,galvanized,GALVANIZED,PRICED PER 100 LF,✓
commercial-industrial,15,Cee or Zee,0,13,normal_size,NORMAL SIZE,DESCRIPTION,8X 2%
commercial-industrial,15,Cee or Zee,0,13,actual_size,ACTUAL SIZE *,DESCRIPTION,8X 2%xXx 2%
commercial-industrial,15,Cee or Zee,0,13,gauge,GAUGE,DESCRIPTION,14
commercial-industrial,15,Cee or Zee,0,13,weight_per_lf,WEIGHT PER LF,DESCRIPTION,3.27#
commercial-industrial,15,Cee or Zee,0,13,red_oxide,RED OXIDE,PRICED PER 100 LF,✓
commercial-industrial,15,Cee or Zee,0,13,galvanized,GALVANIZED,PRICED PER 100 LF,✓
commercial-industrial,15,Cee or Zee,0,14,normal_size,NORMAL SIZE,DESCRIPTION,8x2h%
commercial-industrial,15,Cee or Zee,0,14,actual_size,ACTUAL SIZE *,DESCRIPTION,8x 2%x 2%
commercial-industrial,15,Cee or Zee,0,14,gauge,GAUGE,DESCRIPTION,13
commercial-industrial,15,Cee or Zee,0,14,weight_per_lf,WEIGHT PER LF,DESCRIPTION,3.95#
commercial-industrial,15,Cee or Zee,0,14,red_oxide,RED OXIDE,PRICED PER 100 LF,✓
commercial-industrial,15,Cee or Zee,0,14,galvanized,GALVANIZED,PRICED PER 100 LF,N/A
commercial-industrial,15,Cee or Zee,0,15,normal_size,NORMAL SIZE,DESCRIPTION,8x 2h
commercial-industrial,15,Cee or Zee,0,15,actual_size,ACTUAL SIZE *,DESCRIPTION,8 xX 2% x 2%
commercial-industrial,15,Cee or Zee,0,15,gauge,GAUGE,DESCRIPTION,12
commercial-industrial,15,Cee or Zee,0,15,weight_per_lf,WEIGHT PER LF,DESCRIPTION,4.88#
commercial-industrial,15,Cee or Zee,0,15,red_oxide,RED OXIDE,PRICED PER 100 LF,✓
commercial-industrial,15,Cee or Zee,0,15,galvanized,GALVANIZED,PRICED PER 100 LF,✓
commercial-industrial,15,Cee or Zee,0,16,normal_size,NORMAL SIZE,DESCRIPTION,8x3
commercial-industrial,15,Cee or Zee,0,16,actual_size,ACTUAL SIZE *,DESCRIPTION,BxXx2%xX2k
commercial-industrial,15,Cee or Zee,0,16,gauge,GAUGE,DESCRIPTION,16
commercial-industrial,15,Cee or Zee,0,16,weight_per_lf,WEIGHT PER LF,DESCRIPTION,2.93#
commercial-industrial,15,Cee or Zee,0,16,red_oxide,RED OXIDE,PRICED PER 100 LF,✓
commercial-industrial,15,Cee or Zee,0,16,galvanized,GALVANIZED,PRICED PER 100 LF,✓
commercial-industrial,15,Cee or Zee,0,17,normal_size,NORMAL SIZE,DESCRIPTION,8x3
commercial-industrial,15,Cee or Zee,0,17,actual_size,ACTUAL SIZE *,DESCRIPTION,8X28BX2k4
commercial-industrial,15,Cee or Zee,0,17,gauge,GAUGE,DESCRIPTION,14
commercial-industrial,15,Cee or Zee,0,17,weight_per_lf,WEIGHT PER LF,DESCRIPTION,3.50#
commercial-industrial,15,Cee or Zee,0,17,red_oxide,RED OXIDE,PRICED PER 100 LF,✓
commercial-industrial,15,Cee or Zee,0,17,galvanized,GALVANIZED,PRICED PER 100 LF,✓
commercial-industrial,15,Cee or Zee,0,18,normal_size,NORMAL SIZE,DESCRIPTION,8x3
commercial-industrial,15,Cee or Zee,0,18,actual_size,ACTUAL SIZE *,DESCRIPTION,8BX2BRX24
commercial-industrial,15,Cee or Zee,0,18,gauge,GAUGE,DESCRIPTION,12
commercial-industrial,15,Cee or Zee,0,18,weight_per_lf,WEIGHT PER LF,DESCRIPTION,5.234
commercial-industrial,15,Cee or Zee,0,18,red_oxide,RED OXIDE,PRICED PER 100 LF,✓
commercial-industrial,15,Cee or Zee,0,18,galvanized,GALVANIZED,PRICED PER 100 LF,✓
commercial-industrial,16,Cee or Zee (Continued),0,0,normal_size,NORMAL SIZE,DESCRIPTION,8x 3h
commercial-industrial,16,Cee or Zee (Continued),0,0,actual_size,ACTUAL SIZE *,DESCRIPTION,8 xX 3% x 3%
commercial-industrial,16,Cee or Zee (Continued),0,0,gauge,GAUGE,DESCRIPTION,14
commercial-industrial,16,Cee or Zee (Continued),0,0,weight_per_lf,WEIGHT PER LF,DESCRIPTION,3.744
commercial-industrial,16,Cee or Zee (Continued),0,0,red_oxide,RED OXIDE,PRICED PER 100 LF,✓
commercial-industrial,16,Cee or Zee (Continued),0,0,galvanized,GALVANIZED,PRICED PER 100 LF,✓
commercial-industrial,16,Cee or Zee (Continued),0,1,normal_size,NORMAL SIZE,DESCRIPTION,8x 3%
commercial-industrial,16,Cee or Zee (Continued),0,1,actual_size,ACTUAL SIZE *,DESCRIPTION,8x 3% x 3%
commercial-industrial,16,Cee or Zee (Continued),0,1,gauge,GAUGE,DESCRIPTION,13
commercial-industrial,16,Cee or Zee (Continued),0,1,weight_per_lf,WEIGHT PER LF,DESCRIPTION,4.52#
commercial-industrial,16,Cee or Zee (Continued),0,1,red_oxide,RED OXIDE,PRICED PER 100 LF,✓
commercial-industrial,16,Cee or Zee (Continued),0,1,galvanized,GALVANIZED,PRICED PER 100 LF,N/A
commercial-industrial,16,Cee or Zee (Continued),0,2,normal_size,NORMAL SIZE,DESCRIPTION,8x 3%
commercial-industrial,16,Cee or Zee (Continued),0,2,actual_size,ACTUAL SIZE *,DESCRIPTION,8x 3% x 3%
commercial-industrial,16,Cee or Zee (Continued),0,2,gauge,GAUGE,DESCRIPTION,12
commercial-industrial,16,Cee or Zee (Continued),0,2,weight_per_lf,WEIGHT PER LF,DESCRIPTION,5.58#
commercial-industrial,16,Cee or Zee (Continued),0,2,red_oxide,RED OXIDE,PRICED PER 100 LF,✓
commercial-industrial,16,Cee or Zee (Continued),0,2,galvanized,GALVANIZED,PRICED PER 100 LF,✓
commercial-industrial,16,Cee or Zee (Continued),0,3,normal_size,NORMAL SIZE,DESCRIPTION,9x 2h
commercial-industrial,16,Cee or Zee (Continued),0,3,actual_size,ACTUAL SIZE *,DESCRIPTION,9x 2% x 2%
commercial-industrial,16,Cee or Zee (Continued),0,3,gauge,GAUGE,DESCRIPTION,16
commercial-industrial,16,Cee or Zee (Continued),0,3,weight_per_lf,WEIGHT PER LF,DESCRIPTION,2.93#
commercial-industrial,16,Cee or Zee (Continued),0,3,red_oxide,RED OXIDE,PRICED PER 100 LF,✓
commercial-industrial,16,Cee or Zee (Continued),0,3,galvanized,GALVANIZED,PRICED PER 100 LF,✓
commercial-industrial,16,Cee or Zee (Continued),0,4,normal_size,NORMAL SIZE,DESCRIPTION,9x 2%
commercial-industrial,16,Cee or Zee (Continued),0,4,actual_size,ACTUAL SIZE *,DESCRIPTION,9x2%x 2%
commercial-industrial,16,Cee or Zee (Continued),0,4,gauge,GAUGE,DESCRIPTION,14
commercial-industrial,16,Cee or Zee (Continued),0,4,weight_per_lf,WEIGHT PER LF,DESCRIPTION,3.50#
commercial-industrial,16,Cee or Zee (Continued),0,4,red_oxide,RED OXIDE,PRICED PER 100 LF,✓
commercial-industrial,16,Cee or Zee (Continued),0,4,galvanized,GALVANIZED,PRICED PER 100 LF,✓
commercial-industrial,16,Cee or Zee (Continued),0,5,normal_size,NORMAL SIZE,DESCRIPTION,9x 2h
commercial-industrial,16,Cee or Zee (Continued),0,5,actual_size,ACTUAL SIZE *,DESCRIPTION,9x 2% x 2%
commercial-industrial,16,Cee or Zee (Continued),0,5,gauge,GAUGE,DESCRIPTION,12
commercial-industrial,16,Cee or Zee (Continued),0,5,weight_per_lf,WEIGHT PER LF,DESCRIPTION,5.23#
commercial-industrial,16,Cee or Zee (Continued),0,5,red_oxide,RED OXIDE,PRICED PER 100 LF,✓
commercial-industrial,16,Cee or Zee (Continued),0,5,galvanized,GALVANIZED,PRICED PER 100 LF,✓
commercial-industrial,16,Cee or Zee (Continued),0,6,normal_size,NORMAL SIZE,DESCRIPTION,9x3
commercial-industrial,16,Cee or Zee (Continued),0,6,actual_size,ACTUAL SIZE *,DESCRIPTION,9x2%x 2h
commercial-industrial,16,Cee or Zee (Continued),0,6,gauge,GAUGE,DESCRIPTION,14
commercial-industrial,16,Cee or Zee (Continued),0,6,weight_per_lf,WEIGHT PER LF,DESCRIPTION,3.744
commercial-industrial,16,Cee or Zee (Continued),0,6,red_oxide,RED OXIDE,PRICED PER 100 LF,✓
commercial-industrial,16,Cee or Zee (Continued),0,6,galvanized,GALVANIZED,PRICED PER 100 LF,✓
commercial-industrial,16,Cee or Zee (Continued),0,7,normal_size,NORMAL SIZE,DESCRIPTION,9x3
commercial-industrial,16,Cee or Zee (Continued),0,7,actual_size,ACTUAL SIZE *,DESCRIPTION,9x 2%x 2k
commercial-industrial,16,Cee or Zee (Continued),0,7,gauge,GAUGE,DESCRIPTION,12
commercial-industrial,16,Cee or Zee (Continued),0,7,weight_per_lf,WEIGHT PER LF,DESCRIPTION,5.58#
commercial-industrial,16,Cee or Zee (Continued),0,7,red_oxide,RED OXIDE,PRICED PER 100 LF,✓
commercial-industrial,16,Cee or Zee (Continued),0,7,galvanized,GALVANIZED,PRICED PER 100 LF,✓
commercial-industrial,16,Cee or Zee (Continued),0,8,normal_size,NORMAL SIZE,DESCRIPTION,10x 2%
commercial-industrial,16,Cee or Zee (Continued),0,8,actual_size,ACTUAL SIZE *,DESCRIPTION,10x 2% x 2%
commercial-industrial,16,Cee or Zee (Continued),0,8,gauge,GAUGE,DESCRIPTION,14
commercial-industrial,16,Cee or Zee (Continued),0,8,weight_per_lf,WEIGHT PER LF,DESCRIPTION,3.744
commercial-industrial,16,Cee or Zee (Continued),0,8,red_oxide,RED OXIDE,PRICED PER 100 LF,✓
commercial-industrial,16,Cee or Zee (Continued),0,8,galvanized,GALVANIZED,PRICED PER 100 LF,✓
commercial-industrial,16,Cee or Zee (Continued),0,9,normal_size,NORMAL SIZE,DESCRIPTION,10x 2h
commercial-industrial,16,Cee or Zee (Continued),0,9,actual_size,ACTUAL SIZE *,DESCRIPTION,10x 2% x 2%
commercial-industrial,16,Cee or Zee (Continued),0,9,gauge,GAUGE,DESCRIPTION,12
commercial-industrial,16,Cee or Zee (Continued),0,9,weight_per_lf,WEIGHT PER LF,DESCRIPTION,5.58#
commercial-industrial,16,Cee or Zee (Continued),0,9,red_oxide,RED OXIDE,PRICED PER 100 LF,✓
commercial-industrial,16,Cee or Zee (Continued),0,9,galvanized,GALVANIZED,PRICED PER 100 LF,✓
commercial-industrial,16,Cee or Zee (Continued),0,10,normal_size,NORMAL SIZE,DESCRIPTION,10x3
commercial-industrial,16,Cee or Zee (Continued),0,10,actual_size,ACTUAL SIZE *,DESCRIPTION,10 xX 2% x 2%
commercial-industrial,16,Cee or Zee (Continued),0,10,gauge,GAUGE,DESCRIPTION,14
commercial-industrial,16,Cee or Zee (Continued),0,10,weight_per_lf,WEIGHT PER LF,DESCRIPTION,3.97#
commercial-industrial,16,Cee or Zee (Continued),0,10,red_oxide,RED OXIDE,PRICED PER 100 LF,✓
commercial-industrial,16,Cee or Zee (Continued),0,10,galvanized,GALVANIZED,PRICED PER 100 LF,✓
commercial-industrial,16,Cee or Zee (Continued),0,11,normal_size,NORMAL SIZE,DESCRIPTION,10x3
commercial-industrial,16,Cee or Zee (Continued),0,11,actual_size,ACTUAL SIZE *,DESCRIPTION,10x 2%x 2%
commercial-industrial,16,Cee or Zee (Continued),0,11,gauge,GAUGE,DESCRIPTION,12
commercial-industrial,16,Cee or Zee (Continued),0,11,weight_per_lf,WEIGHT PER LF,DESCRIPTION,5.93#
commercial-industrial,16,Cee or Zee (Continued),0,11,red_oxide,RED OXIDE,PRICED PER 100 LF,✓
commercial-industrial,16,Cee or Zee (Continued),0,11,galvanized,GALVANIZED,PRICED PER 100 LF,✓
commercial-industrial,16,Cee or Zee (Continued),0,12,normal_size,NORMAL SIZE,DESCRIPTION,10x 3h
commercial-industrial,16,Cee or Zee (Continued),0,12,actual_size,ACTUAL SIZE *,DESCRIPTION,10x 3% x 3%
commercial-industrial,16,Cee or Zee (Continued),0,12,gauge,GAUGE,DESCRIPTION,14
commercial-industrial,16,Cee or Zee (Continued),0,12,weight_per_lf,WEIGHT PER LF,DESCRIPTION,4.214
commercial-industrial,16,Cee or Zee (Continued),0,12,red_oxide,RED OXIDE,PRICED PER 100 LF,✓
commercial-industrial,16,Cee or Zee (Continued),0,12,galvanized,GALVANIZED,PRICED PER 100 LF,✓
commercial-industrial,16,Cee or Zee (Continued),0,13,normal_size,NORMAL SIZE,DESCRIPTION,10x3h%
commercial-industrial,16,Cee or Zee (Continued),0,13,actual_size,ACTUAL SIZE *,DESCRIPTION,10x 3%x 3%
commercial-industrial,16,Cee or Zee (Continued),0,13,gauge,GAUGE,DESCRIPTION,12
commercial-industrial,16,Cee or Zee (Continued),0,13,weight_per_lf,WEIGHT PER LF,DESCRIPTION,6.284
commercial-industrial,16,Cee or Zee (Continued),0,13,red_oxide,RED OXIDE,PRICED PER 100 LF,✓
commercial-industrial,16,Cee or Zee (Continued),0,13,galvanized,GALVANIZED,PRICED PER 100 LF,✓
commercial-industrial,16,Cee or Zee (Continued),0,14,normal_size,NORMAL SIZE,DESCRIPTION,11x 2h
commercial-industrial,16,Cee or Zee (Continued),0,14,actual_size,ACTUAL SIZE *,DESCRIPTION,11 x2%x2%
commercial-industrial,16,Cee or Zee (Continued),0,14,gauge,GAUGE,DESCRIPTION,14
commercial-industrial,16,Cee or Zee (Continued),0,14,weight_per_lf,WEIGHT PER LF,DESCRIPTION,3.97#
commercial-industrial,16,Cee or Zee (Continued),0,14,red_oxide,RED OXIDE,PRICED PER 100 LF,✓
commercial-industrial,16,Cee or Zee (Continued),0,14,galvanized,GALVANIZED,PRICED PER 100 LF,✓
commercial-industrial,16,Cee or Zee (Continued),0,15,normal_size,NORMAL SIZE,DESCRIPTION,11x 2h
commercial-industrial,16,Cee or Zee (Continued),0,15,actual_size,ACTUAL SIZE *,DESCRIPTION,11x 2% x 2%
commercial-industrial,16,Cee or Zee (Continued),0,15,gauge,GAUGE,DESCRIPTION,12
commercial-industrial,16,Cee or Zee (Continued),0,15,weight_per_lf,WEIGHT PER LF,DESCRIPTION,5.93#
commercial-industrial,16,Cee or Zee (Continued),0,15,red_oxide,RED OXIDE,PRICED PER 100 LF,✓
commercial-industrial,16,Cee or Zee (Continued),0,15,galvanized,GALVANIZED,PRICED PER 100 LF,✓
commercial-industrial,16,Cee or Zee (Continued),0,16,normal_size,NORMAL SIZE,DESCRIPTION,11x3h%
commercial-industrial,16,Cee or Zee (Continued),0,16,actual_size,ACTUAL SIZE *,DESCRIPTION,11x3%x3%
commercial-industrial,16,Cee or Zee (Continued),0,16,gauge,GAUGE,DESCRIPTION,14
commercial-industrial,16,Cee or Zee (Continued),0,16,weight_per_lf,WEIGHT PER LF,DESCRIPTION,4.44#
commercial-industrial,16,Cee or Zee (Continued),0,16,red_oxide,RED OXIDE,PRICED PER 100 LF,✓
commercial-industrial,16,Cee or Zee (Continued),0,16,galvanized,GALVANIZED,PRICED PER 100 LF,✓
commercial-industrial,16,Cee or Zee (Continued),0,17,normal_size,NORMAL SIZE,DESCRIPTION,11x3h
commercial-industrial,16,Cee or Zee (Continued),0,17,actual_size,ACTUAL SIZE *,DESCRIPTION,11xX3%x3%
commercial-industrial,16,Cee or Zee (Continued),0,17,gauge,GAUGE,DESCRIPTION,12
commercial-industrial,16,Cee or Zee (Continued),0,17,weight_per_lf,WEIGHT PER LF,DESCRIPTION,6.63#
commercial-industrial,16,Cee or Zee (Continued),0,17,red_oxide,RED OXIDE,PRICED PER 100 LF,✓
commercial-industrial,16,Cee or Zee (Continued),0,17,galvanized,GALVANIZED,PRICED PER 100 LF,✓
commercial-industrial,16,Cee or Zee (Continued),0,18,normal_size,NORMAL SIZE,DESCRIPTION,12x 2%
commercial-industrial,16,Cee or Zee (Continued),0,18,actual_size,ACTUAL SIZE *,DESCRIPTION,12x 2%x 2%
commercial-industrial,16,Cee or Zee (Continued),0,18,gauge,GAUGE,DESCRIPTION,14
commercial-industrial,16,Cee or Zee (Continued),0,18,weight_per_lf,WEIGHT PER LF,DESCRIPTION,4.214
commercial-industrial,16,Cee or Zee (Continued),0,18,red_oxide,RED OXIDE,PRICED PER 100 LF,✓
commercial-industrial,16,Cee or Zee (Continued),0,18,galvanized,GALVANIZED,PRICED PER 100 LF,✓
commercial-industrial,16,Cee or Zee (Continued),0,19,normal_size,NORMAL SIZE,DESCRIPTION,12x 2h
commercial-industrial,16,Cee or Zee (Continued),0,19,actual_size,ACTUAL SIZE *,DESCRIPTION,12 xX 2% x 2%
commercial-industrial,16,Cee or Zee (Continued),0,19,gauge,GAUGE,DESCRIPTION,12
commercial-industrial,16,Cee or Zee (Continued),0,19,weight_per_lf,WEIGHT PER LF,DESCRIPTION,6.284
commercial-industrial,16,Cee or Zee (Continued),0,19,red_oxide,RED OXIDE,PRICED PER 100 LF,✓
commercial-industrial,16,Cee or Zee (Continued),0,19,galvanized,GALVANIZED,PRICED PER 100 LF,✓
commercial-industrial,16,Cee or Zee (Continued),0,20,normal_size,NORMAL SIZE,DESCRIPTION,12x3
commercial-industrial,16,Cee or Zee (Continued),0,20,actual_size,ACTUAL SIZE *,DESCRIPTION,12x 2%x 2h
commercial-industrial,16,Cee or Zee (Continued),0,20,gauge,GAUGE,DESCRIPTION,14
commercial-industrial,16,Cee or Zee (Continued),0,20,weight_per_lf,WEIGHT PER LF,DESCRIPTION,4.444
commercial-industrial,16,Cee or Zee (Continued),0,20,red_oxide,RED OXIDE,PRICED PER 100 LF,✓
commercial-industrial,16,Cee or Zee (Continued),0,20,galvanized,GALVANIZED,PRICED PER 100 LF,✓
commercial-industrial,16,Cee or Zee (Continued),0,21,normal_size,NORMAL SIZE,DESCRIPTION,12x3
commercial-industrial,16,Cee or Zee (Continued),0,21,actual_size,ACTUAL SIZE *,DESCRIPTION,12x 2%x 2h
commercial-industrial,16,Cee or Zee (Continued),0,21,gauge,GAUGE,DESCRIPTION,12
commercial-industrial,16,Cee or Zee (Continued),0,21,weight_per_lf,WEIGHT PER LF,DESCRIPTION,6.63#
commercial-industrial,16,Cee or Zee (Continued),0,21,red_oxide,RED OXIDE,PRICED PER 100 LF,✓
commercial-industrial,16,Cee or Zee (Continued),0,21,galvanized,GALVANIZED,PRICED PER 100 LF,✓
commercial-industrial,16,Cee or Zee (Continued),0,22,normal_size,NORMAL SIZE,DESCRIPTION,12x 3%
commercial-industrial,16,Cee or Zee (Continued),0,22,actual_size,ACTUAL SIZE *,DESCRIPTION,12x 3% x 3%
commercial-industrial,16,Cee or Zee (Continued),0,22,gauge,GAUGE,DESCRIPTION,14
commercial-industrial,16,Cee or Zee (Continued),0,22,weight_per_lf,WEIGHT PER LF,DESCRIPTION,4.68#
commercial-industrial,16,Cee or Zee (Continued),0,22,red_oxide,RED OXIDE,PRICED PER 100 LF,✓
commercial-industrial,16,Cee or Zee (Continued),0,22,galvanized,GALVANIZED,PRICED PER 100 LF,✓
commercial-industrial,16,Cee or Zee (Continued),0,23,normal_size,NORMAL SIZE,DESCRIPTION,12x 3%
commercial-industrial,16,Cee or Zee (Continued),0,23,actual_size,ACTUAL SIZE *,DESCRIPTION,12x 3% x 3%
commercial-industrial,16,Cee or Zee (Continued),0,23,gauge,GAUGE,DESCRIPTION,12
commercial-industrial,16,Cee or Zee (Continued),0,23,weight_per_lf,WEIGHT PER LF,DESCRIPTION,6.98#
commercial-industrial,16,Cee or Zee (Continued),0,23,red_oxide,RED OXIDE,PRICED PER 100 LF,✓
commercial-industrial,16,Cee or Zee (Continued),0,23,galvanized,GALVANIZED,PRICED PER 100 LF,✓
commercial-industrial,17,Cee Only,0,0,column_1,,,DESCRIPTION
commercial-industrial,17,Cee Only,0,0,column_4,,,PRICED PER 100 LF
commercial-industrial,17,Cee Only,0,1,column_1,,,NOMINAL SIZE
commercial-industrial,17,Cee Only,0,1,column_2,,,GAUGE
commercial-industrial,17,Cee Only,0,1,column_3,,,WEIGHT PER LF
commercial-industrial,17,Cee Only,0,1,column_4,,,RED OXIDE
commercial-industrial,17,Cee Only,0,1,column_5,,,GALVANIZED
commercial-industrial,17,Cee Only,0,2,column_1,,,6x3
commercial-industrial,17,Cee Only,0,2,column_2,,,16
commercial-industrial,17,Cee Only,0,2,column_3,,,2.544
commercial-industrial,17,Cee Only,0,2,column_4,,,v
commercial-industrial,17,Cee Only,0,2,column_5,,,v
commercial-industrial,17,Cee Only,0,3,column_1,,,6x3
commercial-industrial,17,Cee Only,0,3,column_2,,,14
commercial-industrial,17,Cee Only,0,3,column_3,,,3.044
commercial-industrial,17,Cee Only,0,3,column_4,,,v
commercial-industrial,17,Cee Only,0,3,column_5,,,v
commercial-industrial,17,Cee Only,0,4,column_1,,,6x 3%
commercial-industrial,17,Cee Only,0,4,column_2,,,14
commercial-industrial,17,Cee Only,0,4,column_3,,,3.27#
commercial-industrial,17,Cee Only,0,4,column_4,,,v
commercial-industrial,17,Cee Only,0,4,column_5,,,v
commercial-industrial,17,Cee Only,0,5,column_1,,,6x 3%
commercial-industrial,17,Cee Only,0,5,column_2,,,12
commercial-industrial,17,Cee Only,0,5,column_3,,,4.884
commercial-industrial,17,Cee Only,0,5,column_4,,,v
commercial-industrial,17,Cee Only,0,5,column_5,,,v
commercial-industrial,17,Cee Only,0,6,column_1,,,6x4
commercial-industrial,17,Cee Only,0,6,column_2,,,14
commercial-industrial,17,Cee Only,0,6,column_3,,,3.50#
commercial-industrial,17,Cee Only,0,6,column_4,,,v
commercial-industrial,17,Cee Only,0,6,column_5,,,v
commercial-industrial,17,Cee Only,0,7,column_1,,,6x4
commercial-industrial,17,Cee Only,0,7,column_2,,,12
commercial-industrial,17,Cee Only,0,7,column_3,,,5.23#
commercial-industrial,17,Cee Only,0,7,column_4,,,v
commercial-industrial,17,Cee Only,0,7,column_5,,,v
commercial-industrial,17,Cee Only,0,8,column_1,,,8x4
commercial-industrial,17,Cee Only,0,8,column_2,,,14
commercial-industrial,17,Cee Only,0,8,column_3,,,3.97#
commercial-industrial,17,Cee Only,0,8,column_4,,,v
commercial-industrial,17,Cee Only,0,8,column_5,,,v
commercial-industrial,17,Cee Only,0,9,column_1,,,8x4
commercial-industrial,17,Cee Only,0,9,column_2,,,12
commercial-industrial,17,Cee Only,0,9,column_3,,,5.93#
commercial-industrial,17,Cee Only,0,9,column_4,,,v
commercial-industrial,17,Cee Only,0,9,column_5,,,v
commercial-industrial,17,Cee Only,0,10,column_1,,,10x4
commercial-industrial,17,Cee Only,0,10,column_2,,,14
commercial-industrial,17,Cee Only,0,10,column_3,,,4.44#
commercial-industrial,17,Cee Only,0,10,column_4,,,v
commercial-industrial,17,Cee Only,0,10,column_5,,,v
commercial-industrial,17,Cee Only,0,11,column_1,,,10x4
commercial-industrial,17,Cee Only,0,11,column_2,,,12
commercial-industrial,17,Cee Only,0,11,column_3,,,6.034
commercial-industrial,17,Cee Only,0,11,column_4,,,v
commercial-industrial,17,Cee Only,0,11,column_5,,,v
commercial-industrial,17,Cee Only,0,12,column_1,,,11x3
commercial-industrial,17,Cee Only,0,12,column_2,,,14
commercial-industrial,17,Cee Only,0,12,column_3,,,4.21#
commercial-industrial,17,Cee Only,0,12,column_4,,,v
commercial-industrial,17,Cee Only,0,12,column_5,,,v
commercial-industrial,17,Cee Only,0,13,column_1,,,11x3
commercial-industrial,17,Cee Only,0,13,column_2,,,12
commercial-industrial,17,Cee Only,0,13,column_3,,,6.284
commercial-industrial,17,Cee Only,0,13,column_4,,,v
commercial-industrial,17,Cee Only,0,13,column_5,,,v
commercial-industrial,17,Cee Only,0,14,column_1,,,12x4
commercial-industrial,17,Cee Only,0,14,column_2,,,14
commercial-industrial,17,Cee Only,0,14,column_3,,,4.91#
commercial-industrial,17,Cee Only,0,14,column_4,,,v
commercial-industrial,17,Cee Only,0,14,column_5,,,v
commercial-industrial,17,Cee Only,0,15,column_1,,,12x4
commercial-industrial,17,Cee Only,0,15,column_2,,,12
commercial-industrial,17,Cee Only,0,15,column_3,,,7.334
commercial-industrial,17,Cee Only,0,15,column_4,,,v
commercial-industrial,17,Cee Only,0,15,column_5,,,v
commercial-industrial,18,Zee Only,0,0,normal_size,NORMAL SIZE,DESCRIPTION,3% x 1%
commercial-industrial,18,Zee Only,0,0,actual_size,ACTUAL SIZE,DESCRIPTION,N/A
commercial-industrial,18,Zee Only,0,0,gauge,GAUGE,DESCRIPTION,16
commercial-industrial,18,Zee Only,0,0,weight_per_lf,WEIGHT PER LF,DESCRIPTION,1.56#
commercial-industrial,18,Zee Only,0,0,red_oxide,RED OXIDE,PRICED PER 100 LF,✓
commercial-industrial,18,Zee Only,0,0,galvanized,GALVANIZED,PRICED PER 100 LF,✓
commercial-industrial,18,Zee Only,0,1,normal_size,NORMAL SIZE,DESCRIPTION,3B%x 1%
commercial-industrial,18,Zee Only,0,1,actual_size,ACTUAL SIZE,DESCRIPTION,N/A
commercial-industrial,18,Zee Only,0,1,gauge,GAUGE,DESCRIPTION,14
commercial-industrial,18,Zee Only,0,1,weight_per_lf,WEIGHT PER LF,DESCRIPTION,1.86#
commercial-industrial,18,Zee Only,0,1,red_oxide,RED OXIDE,PRICED PER 100 LF,✓
commercial-industrial,18,Zee Only,0,1,galvanized,GALVANIZED,PRICED PER 100 LF,✓
commercial-industrial,18,Zee Only,0,2,normal_size,NORMAL SIZE,DESCRIPTION,4x3
commercial-industrial,18,Zee Only,0,2,actual_size,ACTUAL SIZE,DESCRIPTION,4x28x2kh
commercial-industrial,18,Zee Only,0,2,gauge,GAUGE,DESCRIPTION,16
commercial-industrial,18,Zee Only,0,2,weight_per_lf,WEIGHT PER LF,DESCRIPTION,2.15#
commercial-industrial,18,Zee Only,0,2,red_oxide,RED OXIDE,PRICED PER 100 LF,✓
commercial-industrial,18,Zee Only,0,2,galvanized,GALVANIZED,PRICED PER 100 LF,✓
commercial-industrial,18,Zee Only,0,3,normal_size,NORMAL SIZE,DESCRIPTION,4x3
commercial-industrial,18,Zee Only,0,3,actual_size,ACTUAL SIZE,DESCRIPTION,4x2%x2k%
commercial-industrial,18,Zee Only,0,3,gauge,GAUGE,DESCRIPTION,14
commercial-industrial,18,Zee Only,0,3,weight_per_lf,WEIGHT PER LF,DESCRIPTION,2.57#
commercial-industrial,18,Zee Only,0,3,red_oxide,RED OXIDE,PRICED PER 100 LF,✓
commercial-industrial,18,Zee Only,0,3,galvanized,GALVANIZED,PRICED PER 100 LF,✓
commercial-industrial,18,Zee Only,0,4,normal_size,NORMAL SIZE,DESCRIPTION,4x 3%
commercial-industrial,18,Zee Only,0,4,actual_size,ACTUAL SIZE,DESCRIPTION,4x 3%x 3%
commercial-industrial,18,Zee Only,0,4,gauge,GAUGE,DESCRIPTION,16
commercial-industrial,18,Zee Only,0,4,weight_per_lf,WEIGHT PER LF,DESCRIPTION,2.344
commercial-industrial,18,Zee Only,0,4,red_oxide,RED OXIDE,PRICED PER 100 LF,✓
commercial-industrial,18,Zee Only,0,4,galvanized,GALVANIZED,PRICED PER 100 LF,✓
commercial-industrial,18,Zee Only,0,5,normal_size,NORMAL SIZE,DESCRIPTION,4x 3h
commercial-industrial,18,Zee Only,0,5,actual_size,ACTUAL SIZE,DESCRIPTION,4x 3%x 3%
commercial-industrial,18,Zee Only,0,5,gauge,GAUGE,DESCRIPTION,14
commercial-industrial,18,Zee Only,0,5,weight_per_lf,WEIGHT PER LF,DESCRIPTION,2.80#
commercial-industrial,18,Zee Only,0,5,red_oxide,RED OXIDE,PRICED PER 100 LF,✓
commercial-industrial,18,Zee Only,0,5,galvanized,GALVANIZED,PRICED PER 100 LF,✓
commercial-industrial,18,Zee Only,0,6,normal_size,NORMAL SIZE,DESCRIPTION,5x3
commercial-industrial,18,Zee Only,0,6,actual_size,ACTUAL SIZE,DESCRIPTION,5x2%x 2h
commercial-industrial,18,Zee Only,0,6,gauge,GAUGE,DESCRIPTION,16
commercial-industrial,18,Zee Only,0,6,weight_per_lf,WEIGHT PER LF,DESCRIPTION,2.344
commercial-industrial,18,Zee Only,0,6,red_oxide,RED OXIDE,PRICED PER 100 LF,✓
commercial-industrial,18,Zee Only,0,6,galvanized,GALVANIZED,PRICED PER 100 LF,✓
commercial-industrial,18,Zee Only,0,7,normal_size,NORMAL SIZE,DESCRIPTION,5x3
commercial-industrial,18,Zee Only,0,7,actual_size,ACTUAL SIZE,DESCRIPTION,5x2%x 2h
commercial-industrial,18,Zee Only,0,7,gauge,GAUGE,DESCRIPTION,14
commercial-industrial,18,Zee Only,0,7,weight_per_lf,WEIGHT PER LF,DESCRIPTION,2.80#
commercial-industrial,18,Zee Only,0,7,red_oxide,RED OXIDE,PRICED PER 100 LF,✓
commercial-industrial,18,Zee Only,0,7,galvanized,GALVANIZED,PRICED PER 100 LF,✓
commercial-industrial,18,Zee Only,0,8,normal_size,NORMAL SIZE,DESCRIPTION,5x3h%
commercial-industrial,18,Zee Only,0,8,actual_size,ACTUAL SIZE,DESCRIPTION,5x 3% x 3%
commercial-industrial,18,Zee Only,0,8,gauge,GAUGE,DESCRIPTION,16
commercial-industrial,18,Zee Only,0,8,weight_per_lf,WEIGHT PER LF,DESCRIPTION,2.544
commercial-industrial,18,Zee Only,0,8,red_oxide,RED OXIDE,PRICED PER 100 LF,✓
commercial-industrial,18,Zee Only,0,8,galvanized,GALVANIZED,PRICED PER 100 LF,✓
commercial-industrial,18,Zee Only,0,9,normal_size,NORMAL SIZE,DESCRIPTION,5x 3h
commercial-industrial,18,Zee Only,0,9,actual_size,ACTUAL SIZE,DESCRIPTION,5x 3% x 3%
commercial-industrial,18,Zee Only,0,9,gauge,GAUGE,DESCRIPTION,14
commercial-industrial,18,Zee Only,0,9,weight_per_lf,WEIGHT PER LF,DESCRIPTION,3.044
commercial-industrial,18,Zee Only,0,9,red_oxide,RED OXIDE,PRICED PER 100 LF,✓
commercial-industrial,18,Zee Only,0,9,galvanized,GALVANIZED,PRICED PER 100 LF,✓
commercial-industrial,18,Zee Only,0,10,normal_size,NORMAL SIZE,DESCRIPTION,7X 3%
commercial-industrial,18,Zee Only,0,10,actual_size,ACTUAL SIZE,DESCRIPTION,7X3%xX3%
commercial-industrial,18,Zee Only,0,10,gauge,GAUGE,DESCRIPTION,16
commercial-industrial,18,Zee Only,0,10,weight_per_lf,WEIGHT PER LF,DESCRIPTION,2.93#
commercial-industrial,18,Zee Only,0,10,red_oxide,RED OXIDE,PRICED PER 100 LF,✓
commercial-industrial,18,Zee Only,0,10,galvanized,GALVANIZED,PRICED PER 100 LF,✓
commercial-industrial,18,Zee Only,0,11,normal_size,NORMAL SIZE,DESCRIPTION,7X 3%
commercial-industrial,18,Zee Only,0,11,actual_size,ACTUAL SIZE,DESCRIPTION,7X 3% x 3%
commercial-industrial,18,Zee Only,0,11,gauge,GAUGE,DESCRIPTION,14
commercial-industrial,18,Zee Only,0,11,weight_per_lf,WEIGHT PER LF,DESCRIPTION,3.50#
commercial-industrial,18,Zee Only,0,11,red_oxide,RED OXIDE,PRICED PER 100 LF,✓
commercial-industrial,18,Zee Only,0,11,galvanized,GALVANIZED,PRICED PER 100 LF,✓
commercial-industrial,18,Zee Only,0,12,normal_size,NORMAL SIZE,DESCRIPTION,7X 3%2
commercial-industrial,18,Zee Only,0,12,actual_size,ACTUAL SIZE,DESCRIPTION,7X3%xX3%
commercial-industrial,18,Zee Only,0,12,gauge,GAUGE,DESCRIPTION,12
commercial-industrial,18,Zee Only,0,12,weight_per_lf,WEIGHT PER LF,DESCRIPTION,5.234
commercial-industrial,18,Zee Only,0,12,red_oxide,RED OXIDE,PRICED PER 100 LF,✓
commercial-industrial,18,Zee Only,0,12,galvanized,GALVANIZED,PRICED PER 100 LF,✓
commercial-industrial,18,Zee Only,0,13,normal_size,NORMAL SIZE,DESCRIPTION,9x 3h
commercial-industrial,18,Zee Only,0,13,actual_size,ACTUAL SIZE,DESCRIPTION,9x 3% x 3%
commercial-industrial,18,Zee Only,0,13,gauge,GAUGE,DESCRIPTION,14
commercial-industrial,18,Zee Only,0,13,weight_per_lf,WEIGHT PER LF,DESCRIPTION,3.97#
commercial-industrial,18,Zee Only,0,13,red_oxide,RED OXIDE,PRICED PER 100 LF,✓
commercial-industrial,18,Zee Only,0,13,galvanized,GALVANIZED,PRICED PER 100 LF,✓
commercial-industrial,18,Zee Only,0,14,normal_size,NORMAL SIZE,DESCRIPTION,9x 3h
commercial-industrial,18,Zee Only,0,14,actual_size,ACTUAL SIZE,DESCRIPTION,9x 3% x 3%
commercial-industrial,18,Zee Only,0,14,gauge,GAUGE,DESCRIPTION,12
commercial-industrial,18,Zee Only,0,14,weight_per_lf,WEIGHT PER LF,DESCRIPTION,5.93#
commercial-industrial,18,Zee Only,0,14,red_oxide,RED OXIDE,PRICED PER 100 LF,✓
commercial-industrial,18,Zee Only,0,14,galvanized,GALVANIZED,PRICED PER 100 LF,✓
commercial-industrial,19,Channel,0,0,size,SIZE,DESCRIPTION,4% x2
commercial-industrial,19,Channel,0,0,girth,GIRTH,DESCRIPTION,76
commercial-industrial,19,Channel,0,0,gauge,GAUGE,DESCRIPTION,16
commercial-industrial,19,Channel,0,0,weight_each_red_oxide,"WEIGHT EACH
RED OXIDE",DESCRIPTION,31.134
commercial-industrial,19,Channel,0,0,weight_each_galvanized,"WEIGHT EACH
GALVANIZED",DESCRIPTION,32.244
commercial-industrial,19,Channel,0,0,length,LENGTH,DESCRIPTION,"20'-0"""
commercial-industrial,19,Channel,0,0,red_oxide,RED OXIDE,PRICED PER EACH,✓
commercial-industrial,19,Channel,0,0,galvanized,GALVANIZED,PRICED PER EACH,✓
commercial-industrial,19,Channel,0,1,size,SIZE,DESCRIPTION,4% x2
commercial-industrial,19,Channel,0,1,girth,GIRTH,DESCRIPTION,76
commercial-industrial,19,Channel,0,1,gauge,GAUGE,DESCRIPTION,16
commercial-industrial,19,Channel,0,1,weight_each_red_oxide,"WEIGHT EACH
RED OXIDE",DESCRIPTION,38.92#
commercial-industrial,19,Channel,0,1,weight_each_galvanized,"WEIGHT EACH
GALVANIZED",DESCRIPTION,40.31#
commercial-industrial,19,Channel,0,1,length,LENGTH,DESCRIPTION,"25'-0"""
commercial-industrial,19,Channel,0,1,red_oxide,RED OXIDE,PRICED PER EACH,✓
commercial-industrial,19,Channel,0,1,galvanized,GALVANIZED,PRICED PER EACH,✓
commercial-industrial,19,Channel,0,2,size,SIZE,DESCRIPTION,AY¥g x 2
commercial-industrial,19,Channel,0,2,girth,GIRTH,DESCRIPTION,76
commercial-industrial,19,Channel,0,2,gauge,GAUGE,DESCRIPTION,14
commercial-industrial,19,Channel,0,2,weight_each_red_oxide,"WEIGHT EACH
RED OXIDE",DESCRIPTION,37.25#
commercial-industrial,19,Channel,0,2,weight_each_galvanized,"WEIGHT EACH
GALVANIZED",DESCRIPTION,38.360#
commercial-industrial,19,Channel,0,2,length,LENGTH,DESCRIPTION,"20'-0"""
commercial-industrial,19,Channel,0,2,red_oxide,RED OXIDE,PRICED PER EACH,✓
commercial-industrial,19,Channel,0,2,galvanized,GALVANIZED,PRICED PER EACH,✓
commercial-industrial,19,Channel,0,3,size,SIZE,DESCRIPTION,4% x2
commercial-industrial,19,Channel,0,3,girth,GIRTH,DESCRIPTION,71%6
commercial-industrial,19,Channel,0,3,gauge,GAUGE,DESCRIPTION,14
commercial-industrial,19,Channel,0,3,weight_each_red_oxide,"WEIGHT EACH
RED OXIDE",DESCRIPTION,46.56#
commercial-industrial,19,Channel,0,3,weight_each_galvanized,"WEIGHT EACH
GALVANIZED",DESCRIPTION,47. 94#
commercial-industrial,19,Channel,0,3,length,LENGTH,DESCRIPTION,"25'-0"""
commercial-industrial,19,Channel,0,3,red_oxide,RED OXIDE,PRICED PER EACH,✓
commercial-industrial,19,Channel,0,3,galvanized,GALVANIZED,PRICED PER EACH,✓
commercial-industrial,19,Channel,0,4,size,SIZE,DESCRIPTION,6% x2
commercial-industrial,19,Channel,0,4,girth,GIRTH,DESCRIPTION,916
commercial-industrial,19,Channel,0,4,gauge,GAUGE,DESCRIPTION,16
commercial-industrial,19,Channel,0,4,weight_each_red_oxide,"WEIGHT EACH
RED OXIDE",DESCRIPTION,38.98#
commercial-industrial,19,Channel,0,4,weight_each_galvanized,"WEIGHT EACH
GALVANIZED",DESCRIPTION,40.37#
commercial-industrial,19,Channel,0,4,length,LENGTH,DESCRIPTION,"20'-0"""
commercial-industrial,19,Channel,0,4,red_oxide,RED OXIDE,PRICED PER EACH,✓
commercial-industrial,19,Channel,0,4,galvanized,GALVANIZED,PRICED PER EACH,✓
commercial-industrial,19,Channel,0,5,size,SIZE,DESCRIPTION,6% x 2
commercial-industrial,19,Channel,0,5,girth,GIRTH,DESCRIPTION,91%6
commercial-industrial,19,Channel,0,5,gauge,GAUGE,DESCRIPTION,16
commercial-industrial,19,Channel,0,5,weight_each_red_oxide,"WEIGHT EACH
RED OXIDE",DESCRIPTION,48.724
commercial-industrial,19,Channel,0,5,weight_each_galvanized,"WEIGHT EACH
GALVANIZED",DESCRIPTION,50.46#
commercial-industrial,19,Channel,0,5,length,LENGTH,DESCRIPTION,"25'-0"""
commercial-industrial,19,Channel,0,5,red_oxide,RED OXIDE,PRICED PER EACH,✓
commercial-industrial,19,Channel,0,5,galvanized,GALVANIZED,PRICED PER EACH,✓
commercial-industrial,19,Channel,0,6,size,SIZE,DESCRIPTION,6% x2
commercial-industrial,19,Channel,0,6,girth,GIRTH,DESCRIPTION,91%6
commercial-industrial,19,Channel,0,6,gauge,GAUGE,DESCRIPTION,14
commercial-industrial,19,Channel,0,6,weight_each_red_oxide,"WEIGHT EACH
RED OXIDE",DESCRIPTION,46.03#
commercial-industrial,19,Channel,0,6,weight_each_galvanized,"WEIGHT EACH
GALVANIZED",DESCRIPTION,48.02#
commercial-industrial,19,Channel,0,6,length,LENGTH,DESCRIPTION,"20'-0"""
commercial-industrial,19,Channel,0,6,red_oxide,RED OXIDE,PRICED PER EACH,✓
commercial-industrial,19,Channel,0,6,galvanized,GALVANIZED,PRICED PER EACH,✓
commercial-industrial,19,Channel,0,7,size,SIZE,DESCRIPTION,6% xX 2
commercial-industrial,19,Channel,0,7,girth,GIRTH,DESCRIPTION,91%6
commercial-industrial,19,Channel,0,7,gauge,GAUGE,DESCRIPTION,14
commercial-industrial,19,Channel,0,7,weight_each_red_oxide,"WEIGHT EACH
RED OXIDE",DESCRIPTION,58.29#
commercial-industrial,19,Channel,0,7,weight_each_galvanized,"WEIGHT EACH
GALVANIZED",DESCRIPTION,60.03#
commercial-industrial,19,Channel,0,7,length,LENGTH,DESCRIPTION,"25'-0"""
commercial-industrial,19,Channel,0,7,red_oxide,RED OXIDE,PRICED PER EACH,✓
commercial-industrial,19,Channel,0,7,galvanized,GALVANIZED,PRICED PER EACH,✓
commercial-industrial,19,Channel,0,8,size,SIZE,DESCRIPTION,6% x2
commercial-industrial,19,Channel,0,8,girth,GIRTH,DESCRIPTION,9156
commercial-industrial,19,Channel,0,8,gauge,GAUGE,DESCRIPTION,12
commercial-industrial,19,Channel,0,8,weight_each_red_oxide,"WEIGHT EACH
RED OXIDE",DESCRIPTION,69.60#
commercial-industrial,19,Channel,0,8,weight_each_galvanized,"WEIGHT EACH
GALVANIZED",DESCRIPTION,70.99#
commercial-industrial,19,Channel,0,8,length,LENGTH,DESCRIPTION,"20'-0"""
commercial-industrial,19,Channel,0,8,red_oxide,RED OXIDE,PRICED PER EACH,✓
commercial-industrial,19,Channel,0,8,galvanized,GALVANIZED,PRICED PER EACH,✓
commercial-industrial,19,Channel,0,9,size,SIZE,DESCRIPTION,6% x2
commercial-industrial,19,Channel,0,9,girth,GIRTH,DESCRIPTION,9%
commercial-industrial,19,Channel,0,9,gauge,GAUGE,DESCRIPTION,12
commercial-industrial,19,Channel,0,9,weight_each_red_oxide,"WEIGHT EACH
RED OXIDE",DESCRIPTION,87.00#
commercial-industrial,19,Channel,0,9,weight_each_galvanized,"WEIGHT EACH
GALVANIZED",DESCRIPTION,88.744
commercial-industrial,19,Channel,0,9,length,LENGTH,DESCRIPTION,"25'-0"""
commercial-industrial,19,Channel,0,9,red_oxide,RED OXIDE,PRICED PER EACH,✓
commercial-industrial,19,Channel,0,9,galvanized,GALVANIZED,PRICED PER EACH,✓
commercial-industrial,19,Channel,0,10,size,SIZE,DESCRIPTION,8%Xx2
commercial-industrial,19,Channel,0,10,girth,GIRTH,DESCRIPTION,1116
commercial-industrial,19,Channel,0,10,gauge,GAUGE,DESCRIPTION,16
commercial-industrial,19,Channel,0,10,weight_each_red_oxide,"WEIGHT EACH
RED OXIDE",DESCRIPTION,46.82#
commercial-industrial,19,Channel,0,10,weight_each_galvanized,"WEIGHT EACH
GALVANIZED",DESCRIPTION,48.49#
commercial-industrial,19,Channel,0,10,length,LENGTH,DESCRIPTION,"20'-0"""
commercial-industrial,19,Channel,0,10,red_oxide,RED OXIDE,PRICED PER EACH,✓
commercial-industrial,19,Channel,0,10,galvanized,GALVANIZED,PRICED PER EACH,✓
commercial-industrial,19,Channel,0,11,size,SIZE,DESCRIPTION,8% Xx 2
commercial-industrial,19,Channel,0,11,girth,GIRTH,DESCRIPTION,111%6
commercial-industrial,19,Channel,0,11,gauge,GAUGE,DESCRIPTION,16
commercial-industrial,19,Channel,0,11,weight_each_red_oxide,"WEIGHT EACH
RED OXIDE",DESCRIPTION,58.53#
commercial-industrial,19,Channel,0,11,weight_each_galvanized,"WEIGHT EACH
GALVANIZED",DESCRIPTION,60.62#
commercial-industrial,19,Channel,0,11,length,LENGTH,DESCRIPTION,"25'-0"""
commercial-industrial,19,Channel,0,11,red_oxide,RED OXIDE,PRICED PER EACH,✓
commercial-industrial,19,Channel,0,11,galvanized,GALVANIZED,PRICED PER EACH,✓
commercial-industrial,19,Channel,0,12,size,SIZE,DESCRIPTION,84% X2
commercial-industrial,19,Channel,0,12,girth,GIRTH,DESCRIPTION,111%6
commercial-industrial,19,Channel,0,12,gauge,GAUGE,DESCRIPTION,14
commercial-industrial,19,Channel,0,12,weight_each_red_oxide,"WEIGHT EACH
RED OXIDE",DESCRIPTION,56.02#
commercial-industrial,19,Channel,0,12,weight_each_galvanized,"WEIGHT EACH
GALVANIZED",DESCRIPTION,57.68#
commercial-industrial,19,Channel,0,12,length,LENGTH,DESCRIPTION,"20'-0"""
commercial-industrial,19,Channel,0,12,red_oxide,RED OXIDE,PRICED PER EACH,✓
commercial-industrial,19,Channel,0,12,galvanized,GALVANIZED,PRICED PER EACH,✓
commercial-industrial,19,Channel,0,13,size,SIZE,DESCRIPTION,8% x 2
commercial-industrial,19,Channel,0,13,girth,GIRTH,DESCRIPTION,111%6
commercial-industrial,19,Channel,0,13,gauge,GAUGE,DESCRIPTION,14
commercial-industrial,19,Channel,0,13,weight_each_red_oxide,"WEIGHT EACH
RED OXIDE",DESCRIPTION,70.02#
commercial-industrial,19,Channel,0,13,weight_each_galvanized,"WEIGHT EACH
GALVANIZED",DESCRIPTION,72.114
commercial-industrial,19,Channel,0,13,length,LENGTH,DESCRIPTION,"25'-0"""
commercial-industrial,19,Channel,0,13,red_oxide,RED OXIDE,PRICED PER EACH,✓
commercial-industrial,19,Channel,0,13,galvanized,GALVANIZED,PRICED PER EACH,✓
commercial-industrial,19,Channel,0,14,size,SIZE,DESCRIPTION,8% x2
commercial-industrial,19,Channel,0,14,girth,GIRTH,DESCRIPTION,111%6
commercial-industrial,19,Channel,0,14,gauge,GAUGE,DESCRIPTION,12
commercial-industrial,19,Channel,0,14,weight_each_red_oxide,"WEIGHT EACH
RED OXIDE",DESCRIPTION,83.61#
commercial-industrial,19,Channel,0,14,weight_each_galvanized,"WEIGHT EACH
GALVANIZED",DESCRIPTION,85.28#
commercial-industrial,19,Channel,0,14,length,LENGTH,DESCRIPTION,"20'-0"""
commercial-industrial,19,Channel,0,14,red_oxide,RED OXIDE,PRICED PER EACH,✓
commercial-industrial,19,Channel,0,14,galvanized,GALVANIZED,PRICED PER EACH,✓
commercial-industrial,19,Channel,0,15,size,SIZE,DESCRIPTION,8% x2
commercial-industrial,19,Channel,0,15,girth,GIRTH,DESCRIPTION,111%6
commercial-industrial,19,Channel,0,15,gauge,GAUGE,DESCRIPTION,12
commercial-industrial,19,Channel,0,15,weight_each_red_oxide,"WEIGHT EACH
RED OXIDE",DESCRIPTION,104.51#
commercial-industrial,19,Channel,0,15,weight_each_galvanized,"WEIGHT EACH
GALVANIZED",DESCRIPTION,106.60#
commercial-industrial,19,Channel,0,15,length,LENGTH,DESCRIPTION,"25'-0"""
commercial-industrial,19,Channel,0,15,red_oxide,RED OXIDE,PRICED PER EACH,✓
commercial-industrial,19,Channel,0,15,galvanized,GALVANIZED,PRICED PER EACH,✓
commercial-industrial,19,Channel,0,16,size,SIZE,DESCRIPTION,10% x 2
commercial-industrial,19,Channel,0,16,girth,GIRTH,DESCRIPTION,131%
commercial-industrial,19,Channel,0,16,gauge,GAUGE,DESCRIPTION,16
commercial-industrial,19,Channel,0,16,weight_each_red_oxide,"WEIGHT EACH
RED OXIDE",DESCRIPTION,54.67#
commercial-industrial,19,Channel,0,16,weight_each_galvanized,"WEIGHT EACH
GALVANIZED",DESCRIPTION,56.62#
commercial-industrial,19,Channel,0,16,length,LENGTH,DESCRIPTION,"20'-0"""
commercial-industrial,19,Channel,0,16,red_oxide,RED OXIDE,PRICED PER EACH,✓
commercial-industrial,19,Channel,0,16,galvanized,GALVANIZED,PRICED PER EACH,✓
commercial-industrial,19,Channel,0,17,size,SIZE,DESCRIPTION,10% x 2
commercial-industrial,19,Channel,0,17,girth,GIRTH,DESCRIPTION,131%6
commercial-industrial,19,Channel,0,17,gauge,GAUGE,DESCRIPTION,16
commercial-industrial,19,Channel,0,17,weight_each_red_oxide,"WEIGHT EACH
RED OXIDE",DESCRIPTION,68.33#
commercial-industrial,19,Channel,0,17,weight_each_galvanized,"WEIGHT EACH
GALVANIZED",DESCRIPTION,70.7 7#
commercial-industrial,19,Channel,0,17,length,LENGTH,DESCRIPTION,"25'-0"""
commercial-industrial,19,Channel,0,17,red_oxide,RED OXIDE,PRICED PER EACH,✓
commercial-industrial,19,Channel,0,17,galvanized,GALVANIZED,PRICED PER EACH,✓
commercial-industrial,19,Channel,0,18,size,SIZE,DESCRIPTION,10% x 2
commercial-industrial,19,Channel,0,18,girth,GIRTH,DESCRIPTION,131%6
commercial-industrial,19,Channel,0,18,gauge,GAUGE,DESCRIPTION,14
commercial-industrial,19,Channel,0,18,weight_each_red_oxide,"WEIGHT EACH
RED OXIDE",DESCRIPTION,65.40#
commercial-industrial,19,Channel,0,18,weight_each_galvanized,"WEIGHT EACH
GALVANIZED",DESCRIPTION,67.354
commercial-industrial,19,Channel,0,18,length,LENGTH,DESCRIPTION,"20'-0"""
commercial-industrial,19,Channel,0,18,red_oxide,RED OXIDE,PRICED PER EACH,✓
commercial-industrial,19,Channel,0,18,galvanized,GALVANIZED,PRICED PER EACH,✓
commercial-industrial,19,Channel,0,19,size,SIZE,DESCRIPTION,10%x2
commercial-industrial,19,Channel,0,19,girth,GIRTH,DESCRIPTION,13 %o
commercial-industrial,19,Channel,0,19,gauge,GAUGE,DESCRIPTION,14
commercial-industrial,19,Channel,0,19,weight_each_red_oxide,"WEIGHT EACH
RED OXIDE",DESCRIPTION,81.76#
commercial-industrial,19,Channel,0,19,weight_each_galvanized,"WEIGHT EACH
GALVANIZED",DESCRIPTION,84.194
commercial-industrial,19,Channel,0,19,length,LENGTH,DESCRIPTION,"25'-0"""
commercial-industrial,19,Channel,0,19,red_oxide,RED OXIDE,PRICED PER EACH,✓
commercial-industrial,19,Channel,0,19,galvanized,GALVANIZED,PRICED PER EACH,✓
commercial-industrial,19,Channel,0,20,size,SIZE,DESCRIPTION,10%x2
commercial-industrial,19,Channel,0,20,girth,GIRTH,DESCRIPTION,13 eo
commercial-industrial,19,Channel,0,20,gauge,GAUGE,DESCRIPTION,12
commercial-industrial,19,Channel,0,20,weight_each_red_oxide,"WEIGHT EACH
RED OXIDE",DESCRIPTION,97.62#
commercial-industrial,19,Channel,0,20,weight_each_galvanized,"WEIGHT EACH
GALVANIZED",DESCRIPTION,99.57#
commercial-industrial,19,Channel,0,20,length,LENGTH,DESCRIPTION,"20'-0"""
commercial-industrial,19,Channel,0,20,red_oxide,RED OXIDE,PRICED PER EACH,✓
commercial-industrial,19,Channel,0,20,galvanized,GALVANIZED,PRICED PER EACH,✓
commercial-industrial,19,Channel,0,21,size,SIZE,DESCRIPTION,10%x2
commercial-industrial,19,Channel,0,21,girth,GIRTH,DESCRIPTION,13 eo
commercial-industrial,19,Channel,0,21,gauge,GAUGE,DESCRIPTION,12
commercial-industrial,19,Channel,0,21,weight_each_red_oxide,"WEIGHT EACH
RED OXIDE",DESCRIPTION,122.02#
commercial-industrial,19,Channel,0,21,weight_each_galvanized,"WEIGHT EACH
GALVANIZED",DESCRIPTION,124.46#
commercial-industrial,19,Channel,0,21,length,LENGTH,DESCRIPTION,"25'-0"""
commercial-industrial,19,Channel,0,21,red_oxide,RED OXIDE,PRICED PER EACH,✓
commercial-industrial,19,Channel,0,21,galvanized,GALVANIZED,PRICED PER EACH,✓
commercial-industrial,20,"Angle -2x2,2x4,and3x3",0,0,size,SIZE,DESCRIPTION,2x2
commercial-industrial,20,"Angle -2x2,2x4,and3x3",0,0,gauge,GAUGE,DESCRIPTION,14
commercial-industrial,20,"Angle -2x2,2x4,and3x3",0,0,finish,FINISH,DESCRIPTION,Red Oxide
commercial-industrial,20,"Angle -2x2,2x4,and3x3",0,0,weight_each,WEIGHT EACH,DESCRIPTION,18.48#
commercial-industrial,20,"Angle -2x2,2x4,and3x3",0,0,length,LENGTH,DESCRIPTION,"20'-0"""
commercial-industrial,20,"Angle -2x2,2x4,and3x3",0,0,price,PRICE,,✓
commercial-industrial,20,"Angle -2x2,2x4,and3x3",0,1,size,SIZE,DESCRIPTION,2x2
commercial-industrial,20,"Angle -2x2,2x4,and3x3",0,1,gauge,GAUGE,DESCRIPTION,14
commercial-industrial,20,"Angle -2x2,2x4,and3x3",0,1,finish,FINISH,DESCRIPTION,Galvanized
commercial-industrial,20,"Angle -2x2,2x4,and3x3",0,1,weight_each,WEIGHT EACH,DESCRIPTION,19.03#
commercial-industrial,20,"Angle -2x2,2x4,and3x3",0,1,length,LENGTH,DESCRIPTION,"20'-0"""
commercial-industrial,20,"Angle -2x2,2x4,and3x3",0,1,price,PRICE,,✓
commercial-industrial,20,"Angle -2x2,2x4,and3x3",0,2,size,SIZE,DESCRIPTION,2X2
commercial-industrial,20,"Angle -2x2,2x4,and3x3",0,2,gauge,GAUGE,DESCRIPTION,16
commercial-industrial,20,"Angle -2x2,2x4,and3x3",0,2,finish,FINISH,DESCRIPTION,Red Oxide
commercial-industrial,20,"Angle -2x2,2x4,and3x3",0,2,weight_each,WEIGHT EACH,DESCRIPTION,15.44#
commercial-industrial,20,"Angle -2x2,2x4,and3x3",0,2,length,LENGTH,DESCRIPTION,"20'-0"""
commercial-industrial,20,"Angle -2x2,2x4,and3x3",0,2,price,PRICE,,✓
commercial-industrial,20,"Angle -2x2,2x4,and3x3",0,3,size,SIZE,DESCRIPTION,2x2
commercial-industrial,20,"Angle -2x2,2x4,and3x3",0,3,gauge,GAUGE,DESCRIPTION,16
commercial-industrial,20,"Angle -2x2,2x4,and3x3",0,3,finish,FINISH,DESCRIPTION,Galvanized
commercial-industrial,20,"Angle -2x2,2x4,and3x3",0,3,weight_each,WEIGHT EACH,DESCRIPTION,16.00#
commercial-industrial,20,"Angle -2x2,2x4,and3x3",0,3,length,LENGTH,DESCRIPTION,"20'-0"""
commercial-industrial,20,"Angle -2x2,2x4,and3x3",0,3,price,PRICE,,✓
commercial-industrial,20,"Angle -2x2,2x4,and3x3",0,4,size,SIZE,DESCRIPTION,2x4
commercial-industrial,20,"Angle -2x2,2x4,and3x3",0,4,gauge,GAUGE,DESCRIPTION,14
commercial-industrial,20,"Angle -2x2,2x4,and3x3",0,4,finish,FINISH,DESCRIPTION,Red Oxide
commercial-industrial,20,"Angle -2x2,2x4,and3x3",0,4,weight_each,WEIGHT EACH,DESCRIPTION,27.860#
commercial-industrial,20,"Angle -2x2,2x4,and3x3",0,4,length,LENGTH,DESCRIPTION,"20'-0"""
commercial-industrial,20,"Angle -2x2,2x4,and3x3",0,4,price,PRICE,,✓
commercial-industrial,20,"Angle -2x2,2x4,and3x3",0,5,size,SIZE,DESCRIPTION,2x4
commercial-industrial,20,"Angle -2x2,2x4,and3x3",0,5,gauge,GAUGE,DESCRIPTION,14
commercial-industrial,20,"Angle -2x2,2x4,and3x3",0,5,finish,FINISH,DESCRIPTION,Galvanized
commercial-industrial,20,"Angle -2x2,2x4,and3x3",0,5,weight_each,WEIGHT EACH,DESCRIPTION,28.69#
commercial-industrial,20,"Angle -2x2,2x4,and3x3",0,5,length,LENGTH,DESCRIPTION,"20'-0"""
commercial-industrial,20,"Angle -2x2,2x4,and3x3",0,5,price,PRICE,,✓
commercial-industrial,20,"Angle -2x2,2x4,and3x3",0,6,size,SIZE,DESCRIPTION,2x4
commercial-industrial,20,"Angle -2x2,2x4,and3x3",0,6,gauge,GAUGE,DESCRIPTION,16
commercial-industrial,20,"Angle -2x2,2x4,and3x3",0,6,finish,FINISH,DESCRIPTION,Red Oxide
commercial-industrial,20,"Angle -2x2,2x4,and3x3",0,6,weight_each,WEIGHT EACH,DESCRIPTION,23.294
commercial-industrial,20,"Angle -2x2,2x4,and3x3",0,6,length,LENGTH,DESCRIPTION,"20'-0"""
commercial-industrial,20,"Angle -2x2,2x4,and3x3",0,6,price,PRICE,,✓
commercial-industrial,20,"Angle -2x2,2x4,and3x3",0,7,size,SIZE,DESCRIPTION,2x4
commercial-industrial,20,"Angle -2x2,2x4,and3x3",0,7,gauge,GAUGE,DESCRIPTION,16
commercial-industrial,20,"Angle -2x2,2x4,and3x3",0,7,finish,FINISH,DESCRIPTION,Galvanized
commercial-industrial,20,"Angle -2x2,2x4,and3x3",0,7,weight_each,WEIGHT EACH,DESCRIPTION,24.124
commercial-industrial,20,"Angle -2x2,2x4,and3x3",0,7,length,LENGTH,DESCRIPTION,"20'-0"""
commercial-industrial,20,"Angle -2x2,2x4,and3x3",0,7,price,PRICE,,✓
commercial-industrial,20,"Angle -2x2,2x4,and3x3",0,8,size,SIZE,DESCRIPTION,3x3
commercial-industrial,20,"Angle -2x2,2x4,and3x3",0,8,gauge,GAUGE,DESCRIPTION,14
commercial-industrial,20,"Angle -2x2,2x4,and3x3",0,8,finish,FINISH,DESCRIPTION,Red Oxide
commercial-industrial,20,"Angle -2x2,2x4,and3x3",0,8,weight_each,WEIGHT EACH,DESCRIPTION,27.86#
commercial-industrial,20,"Angle -2x2,2x4,and3x3",0,8,length,LENGTH,DESCRIPTION,"20'-0"""
commercial-industrial,20,"Angle -2x2,2x4,and3x3",0,8,price,PRICE,,✓
commercial-industrial,20,"Angle -2x2,2x4,and3x3",0,9,size,SIZE,DESCRIPTION,3x3
commercial-industrial,20,"Angle -2x2,2x4,and3x3",0,9,gauge,GAUGE,DESCRIPTION,14
commercial-industrial,20,"Angle -2x2,2x4,and3x3",0,9,finish,FINISH,DESCRIPTION,Galvanized
commercial-industrial,20,"Angle -2x2,2x4,and3x3",0,9,weight_each,WEIGHT EACH,DESCRIPTION,28.69#
commercial-industrial,20,"Angle -2x2,2x4,and3x3",0,9,length,LENGTH,DESCRIPTION,"20'-0"""
commercial-industrial,20,"Angle -2x2,2x4,and3x3",0,9,price,PRICE,,✓
commercial-industrial,20,"Angle -2x2,2x4,and3x3",0,10,size,SIZE,DESCRIPTION,3x3
commercial-industrial,20,"Angle -2x2,2x4,and3x3",0,10,gauge,GAUGE,DESCRIPTION,16
commercial-industrial,20,"Angle -2x2,2x4,and3x3",0,10,finish,FINISH,DESCRIPTION,Red Oxide
commercial-industrial,20,"Angle -2x2,2x4,and3x3",0,10,weight_each,WEIGHT EACH,DESCRIPTION,23.29#
commercial-industrial,20,"Angle -2x2,2x4,and3x3",0,10,length,LENGTH,DESCRIPTION,"20'-0"""
commercial-industrial,20,"Angle -2x2,2x4,and3x3",0,10,price,PRICE,,✓
commercial-industrial,20,"Angle -2x2,2x4,and3x3",0,11,size,SIZE,DESCRIPTION,3x3
commercial-industrial,20,"Angle -2x2,2x4,and3x3",0,11,gauge,GAUGE,DESCRIPTION,16
commercial-industrial,20,"Angle -2x2,2x4,and3x3",0,11,finish,FINISH,DESCRIPTION,Galvanized
commercial-industrial,20,"Angle -2x2,2x4,and3x3",0,11,weight_each,WEIGHT EACH,DESCRIPTION,24.12#
commercial-industrial,20,"Angle -2x2,2x4,and3x3",0,11,length,LENGTH,DESCRIPTION,"20'-0"""
commercial-industrial,20,"Angle -2x2,2x4,and3x3",0,11,price,PRICE,,✓
commercial-industrial,21,"Eave Strut - 8"" Nominal Height - Custom Length",0,0,size,SIZE,DESCRIPTION,8x5x 3-3/8
commercial-industrial,21,"Eave Strut - 8"" Nominal Height - Custom Length",0,0,gauge,GAUGE,DESCRIPTION,14
commercial-industrial,21,"Eave Strut - 8"" Nominal Height - Custom Length",0,0,finish,FINISH,DESCRIPTION,Red Oxide
commercial-industrial,21,"Eave Strut - 8"" Nominal Height - Custom Length",0,0,column_4,,WEIGHT PER LF,4.61#
commercial-industrial,21,"Eave Strut - 8"" Nominal Height - Custom Length",0,0,column_6,,PRICED PER 100 LF,✓
commercial-industrial,21,"Eave Strut - 8"" Nominal Height - Custom Length",0,1,size,SIZE,DESCRIPTION,8X5 Xx 3-3/8
commercial-industrial,21,"Eave Strut - 8"" Nominal Height - Custom Length",0,1,gauge,GAUGE,DESCRIPTION,14
commercial-industrial,21,"Eave Strut - 8"" Nominal Height - Custom Length",0,1,finish,FINISH,DESCRIPTION,Dark Gray
commercial-industrial,21,"Eave Strut - 8"" Nominal Height - Custom Length",0,1,column_4,,WEIGHT PER LF,4.01#
commercial-industrial,21,"Eave Strut - 8"" Nominal Height - Custom Length",0,1,column_6,,PRICED PER 100 LF,✓
commercial-industrial,21,"Eave Strut - 8"" Nominal Height - Custom Length",0,2,size,SIZE,DESCRIPTION,8x5x 3-3/8
commercial-industrial,21,"Eave Strut - 8"" Nominal Height - Custom Length",0,2,gauge,GAUGE,DESCRIPTION,14
commercial-industrial,21,"Eave Strut - 8"" Nominal Height - Custom Length",0,2,finish,FINISH,DESCRIPTION,Galvanized
commercial-industrial,21,"Eave Strut - 8"" Nominal Height - Custom Length",0,2,column_4,,WEIGHT PER LF,4.601#
commercial-industrial,21,"Eave Strut - 8"" Nominal Height - Custom Length",0,2,column_6,,PRICED PER 100 LF,✓
commercial-industrial,21,"Eave Strut - 8"" Nominal Height - Custom Length",0,3,size,SIZE,DESCRIPTION,8X5 xX 3-3/8
commercial-industrial,21,"Eave Strut - 8"" Nominal Height - Custom Length",0,3,gauge,GAUGE,DESCRIPTION,12
commercial-industrial,21,"Eave Strut - 8"" Nominal Height - Custom Length",0,3,finish,FINISH,DESCRIPTION,Red Oxide
commercial-industrial,21,"Eave Strut - 8"" Nominal Height - Custom Length",0,3,column_4,,WEIGHT PER LF,6.92#
commercial-industrial,21,"Eave Strut - 8"" Nominal Height - Custom Length",0,3,column_6,,PRICED PER 100 LF,✓
commercial-industrial,21,"Eave Strut - 8"" Nominal Height - Custom Length",0,4,size,SIZE,DESCRIPTION,8x 5x 3-3/8
commercial-industrial,21,"Eave Strut - 8"" Nominal Height - Custom Length",0,4,gauge,GAUGE,DESCRIPTION,12
commercial-industrial,21,"Eave Strut - 8"" Nominal Height - Custom Length",0,4,finish,FINISH,DESCRIPTION,Dark Gray
commercial-industrial,21,"Eave Strut - 8"" Nominal Height - Custom Length",0,4,column_4,,WEIGHT PER LF,6.92#
commercial-industrial,21,"Eave Strut - 8"" Nominal Height - Custom Length",0,4,column_6,,PRICED PER 100 LF,✓
commercial-industrial,21,"Eave Strut - 8"" Nominal Height - Custom Length",0,5,size,SIZE,DESCRIPTION,8x5x 3-3/8
commercial-industrial,21,"Eave Strut - 8"" Nominal Height - Custom Length",0,5,gauge,GAUGE,DESCRIPTION,12
commercial-industrial,21,"Eave Strut - 8"" Nominal Height - Custom Length",0,5,finish,FINISH,DESCRIPTION,Galvanized
commercial-industrial,21,"Eave Strut - 8"" Nominal Height - Custom Length",0,5,column_4,,WEIGHT PER LF,6.92#
commercial-industrial,21,"Eave Strut - 8"" Nominal Height - Custom Length",0,5,column_6,,PRICED PER 100 LF,✓
commercial-industrial,21,"Eave Strut - 8"" Nominal Height - Custom Length",0,6,size,SIZE,DESCRIPTION,8x5x5
commercial-industrial,21,"Eave Strut - 8"" Nominal Height - Custom Length",0,6,gauge,GAUGE,DESCRIPTION,14
commercial-industrial,21,"Eave Strut - 8"" Nominal Height - Custom Length",0,6,finish,FINISH,DESCRIPTION,Red Oxide
commercial-industrial,21,"Eave Strut - 8"" Nominal Height - Custom Length",0,6,column_4,,WEIGHT PER LF,4.04#
commercial-industrial,21,"Eave Strut - 8"" Nominal Height - Custom Length",0,6,column_6,,PRICED PER 100 LF,✓
commercial-industrial,21,"Eave Strut - 8"" Nominal Height - Custom Length",0,7,size,SIZE,DESCRIPTION,8x5x5
commercial-industrial,21,"Eave Strut - 8"" Nominal Height - Custom Length",0,7,gauge,GAUGE,DESCRIPTION,14
commercial-industrial,21,"Eave Strut - 8"" Nominal Height - Custom Length",0,7,finish,FINISH,DESCRIPTION,Dark Gray
commercial-industrial,21,"Eave Strut - 8"" Nominal Height - Custom Length",0,7,column_4,,WEIGHT PER LF,4.644
commercial-industrial,21,"Eave Strut - 8"" Nominal Height - Custom Length",0,7,column_6,,PRICED PER 100 LF,✓
commercial-industrial,21,"Eave Strut - 8"" Nominal Height - Custom Length",0,8,size,SIZE,DESCRIPTION,8x5x5
commercial-industrial,21,"Eave Strut - 8"" Nominal Height - Custom Length",0,8,gauge,GAUGE,DESCRIPTION,14
commercial-industrial,21,"Eave Strut - 8"" Nominal Height - Custom Length",0,8,finish,FINISH,DESCRIPTION,Galvanized
commercial-industrial,21,"Eave Strut - 8"" Nominal Height - Custom Length",0,8,column_4,,WEIGHT PER LF,4.644
commercial-industrial,21,"Eave Strut - 8"" Nominal Height - Custom Length",0,8,column_6,,PRICED PER 100 LF,✓
commercial-industrial,21,"Eave Strut - 8"" Nominal Height - Custom Length",0,9,size,SIZE,DESCRIPTION,8x5x5
commercial-industrial,21,"Eave Strut - 8"" Nominal Height - Custom Length",0,9,gauge,GAUGE,DESCRIPTION,12
commercial-industrial,21,"Eave Strut - 8"" Nominal Height - Custom Length",0,9,finish,FINISH,DESCRIPTION,Red Oxide
commercial-industrial,21,"Eave Strut - 8"" Nominal Height - Custom Length",0,9,column_4,,WEIGHT PER LF,6.90#
commercial-industrial,21,"Eave Strut - 8"" Nominal Height - Custom Length",0,9,column_6,,PRICED PER 100 LF,✓
commercial-industrial,21,"Eave Strut - 8"" Nominal Height - Custom Length",0,10,size,SIZE,DESCRIPTION,8x5x5
commercial-industrial,21,"Eave Strut - 8"" Nominal Height - Custom Length",0,10,gauge,GAUGE,DESCRIPTION,12
commercial-industrial,21,"Eave Strut - 8"" Nominal Height - Custom Length",0,10,finish,FINISH,DESCRIPTION,Dark Gray
commercial-industrial,21,"Eave Strut - 8"" Nominal Height - Custom Length",0,10,column_4,,WEIGHT PER LF,6.90#
commercial-industrial,21,"Eave Strut - 8"" Nominal Height - Custom Length",0,10,column_6,,PRICED PER 100 LF,✓
commercial-industrial,21,"Eave Strut - 8"" Nominal Height - Custom Length",0,11,size,SIZE,DESCRIPTION,8x5x5
commercial-industrial,21,"Eave Strut - 8"" Nominal Height - Custom Length",0,11,gauge,GAUGE,DESCRIPTION,12
commercial-industrial,21,"Eave Strut - 8"" Nominal Height - Custom Length",0,11,finish,FINISH,DESCRIPTION,Galvanized
commercial-industrial,21,"Eave Strut - 8"" Nominal Height - Custom Length",0,11,column_4,,WEIGHT PER LF,6.90#
commercial-industrial,21,"Eave Strut - 8"" Nominal Height - Custom Length",0,11,column_6,,PRICED PER 100 LF,✓
commercial-industrial,22,"Eave Strut - 10"" Nominal Height - Custom Length",0,0,size,SIZE,DESCRIPTION,10x 5x 3-3/8
commercial-industrial,22,"Eave Strut - 10"" Nominal Height - Custom Length",0,0,gauge,GAUGE,DESCRIPTION,14
commercial-industrial,22,"Eave Strut - 10"" Nominal Height - Custom Length",0,0,finish,FINISH,DESCRIPTION,Red Oxide
commercial-industrial,22,"Eave Strut - 10"" Nominal Height - Custom Length",0,0,column_4,,WEIGHT PER LF,5.12#
commercial-industrial,22,"Eave Strut - 10"" Nominal Height - Custom Length",0,0,column_6,,PRICED PER 100 LF,✓
commercial-industrial,22,"Eave Strut - 10"" Nominal Height - Custom Length",0,1,size,SIZE,DESCRIPTION,10x 5x 3-3/8
commercial-industrial,22,"Eave Strut - 10"" Nominal Height - Custom Length",0,1,gauge,GAUGE,DESCRIPTION,14
commercial-industrial,22,"Eave Strut - 10"" Nominal Height - Custom Length",0,1,finish,FINISH,DESCRIPTION,Dark Gray
commercial-industrial,22,"Eave Strut - 10"" Nominal Height - Custom Length",0,1,column_4,,WEIGHT PER LF,5.12#
commercial-industrial,22,"Eave Strut - 10"" Nominal Height - Custom Length",0,1,column_6,,PRICED PER 100 LF,✓
commercial-industrial,22,"Eave Strut - 10"" Nominal Height - Custom Length",0,2,size,SIZE,DESCRIPTION,10 x 5 x 3-3/8
commercial-industrial,22,"Eave Strut - 10"" Nominal Height - Custom Length",0,2,gauge,GAUGE,DESCRIPTION,14
commercial-industrial,22,"Eave Strut - 10"" Nominal Height - Custom Length",0,2,finish,FINISH,DESCRIPTION,Galvanized
commercial-industrial,22,"Eave Strut - 10"" Nominal Height - Custom Length",0,2,column_4,,WEIGHT PER LF,5.12#
commercial-industrial,22,"Eave Strut - 10"" Nominal Height - Custom Length",0,2,column_6,,PRICED PER 100 LF,✓
commercial-industrial,22,"Eave Strut - 10"" Nominal Height - Custom Length",0,3,size,SIZE,DESCRIPTION,10x 5x 3-3/8
commercial-industrial,22,"Eave Strut - 10"" Nominal Height - Custom Length",0,3,gauge,GAUGE,DESCRIPTION,12
commercial-industrial,22,"Eave Strut - 10"" Nominal Height - Custom Length",0,3,finish,FINISH,DESCRIPTION,Red Oxide
commercial-industrial,22,"Eave Strut - 10"" Nominal Height - Custom Length",0,3,column_4,,WEIGHT PER LF,7 OOF
commercial-industrial,22,"Eave Strut - 10"" Nominal Height - Custom Length",0,3,column_6,,PRICED PER 100 LF,✓
commercial-industrial,22,"Eave Strut - 10"" Nominal Height - Custom Length",0,4,size,SIZE,DESCRIPTION,10x 5x 3-3/8
commercial-industrial,22,"Eave Strut - 10"" Nominal Height - Custom Length",0,4,gauge,GAUGE,DESCRIPTION,12
commercial-industrial,22,"Eave Strut - 10"" Nominal Height - Custom Length",0,4,finish,FINISH,DESCRIPTION,Dark Gray
commercial-industrial,22,"Eave Strut - 10"" Nominal Height - Custom Length",0,4,column_4,,WEIGHT PER LF,7 69#
commercial-industrial,22,"Eave Strut - 10"" Nominal Height - Custom Length",0,4,column_6,,PRICED PER 100 LF,✓
commercial-industrial,22,"Eave Strut - 10"" Nominal Height - Custom Length",0,5,size,SIZE,DESCRIPTION,10x 5 x 3-3/8
commercial-industrial,22,"Eave Strut - 10"" Nominal Height - Custom Length",0,5,gauge,GAUGE,DESCRIPTION,12
commercial-industrial,22,"Eave Strut - 10"" Nominal Height - Custom Length",0,5,finish,FINISH,DESCRIPTION,Galvanized
commercial-industrial,22,"Eave Strut - 10"" Nominal Height - Custom Length",0,5,column_4,,WEIGHT PER LF,7. O9#
commercial-industrial,22,"Eave Strut - 10"" Nominal Height - Custom Length",0,5,column_6,,PRICED PER 100 LF,✓
commercial-industrial,22,"Eave Strut - 10"" Nominal Height - Custom Length",0,6,size,SIZE,DESCRIPTION,10x5x5
commercial-industrial,22,"Eave Strut - 10"" Nominal Height - Custom Length",0,6,gauge,GAUGE,DESCRIPTION,14
commercial-industrial,22,"Eave Strut - 10"" Nominal Height - Custom Length",0,6,finish,FINISH,DESCRIPTION,Red Oxide
commercial-industrial,22,"Eave Strut - 10"" Nominal Height - Custom Length",0,6,column_4,,WEIGHT PER LF,5.10#
commercial-industrial,22,"Eave Strut - 10"" Nominal Height - Custom Length",0,6,column_6,,PRICED PER 100 LF,✓
commercial-industrial,22,"Eave Strut - 10"" Nominal Height - Custom Length",0,7,size,SIZE,DESCRIPTION,10x5x5
commercial-industrial,22,"Eave Strut - 10"" Nominal Height - Custom Length",0,7,gauge,GAUGE,DESCRIPTION,14
commercial-industrial,22,"Eave Strut - 10"" Nominal Height - Custom Length",0,7,finish,FINISH,DESCRIPTION,Dark Gray
commercial-industrial,22,"Eave Strut - 10"" Nominal Height - Custom Length",0,7,column_4,,WEIGHT PER LF,5.10#
commercial-industrial,22,"Eave Strut - 10"" Nominal Height - Custom Length",0,7,column_6,,PRICED PER 100 LF,✓
commercial-industrial,22,"Eave Strut - 10"" Nominal Height - Custom Length",0,8,size,SIZE,DESCRIPTION,10x5x5
commercial-industrial,22,"Eave Strut - 10"" Nominal Height - Custom Length",0,8,gauge,GAUGE,DESCRIPTION,14
commercial-industrial,22,"Eave Strut - 10"" Nominal Height - Custom Length",0,8,finish,FINISH,DESCRIPTION,Galvanized
commercial-industrial,22,"Eave Strut - 10"" Nominal Height - Custom Length",0,8,column_4,,WEIGHT PER LF,5.10#
commercial-industrial,22,"Eave Strut - 10"" Nominal Height - Custom Length",0,8,column_6,,PRICED PER 100 LF,✓
commercial-industrial,22,"Eave Strut - 10"" Nominal Height - Custom Length",0,9,size,SIZE,DESCRIPTION,10x5x5
commercial-industrial,22,"Eave Strut - 10"" Nominal Height - Custom Length",0,9,gauge,GAUGE,DESCRIPTION,12
commercial-industrial,22,"Eave Strut - 10"" Nominal Height - Custom Length",0,9,finish,FINISH,DESCRIPTION,Red Oxide
commercial-industrial,22,"Eave Strut - 10"" Nominal Height - Custom Length",0,9,column_4,,WEIGHT PER LF,7 58H
commercial-industrial,22,"Eave Strut - 10"" Nominal Height - Custom Length",0,9,column_6,,PRICED PER 100 LF,✓
commercial-industrial,22,"Eave Strut - 10"" Nominal Height - Custom Length",0,10,size,SIZE,DESCRIPTION,10x5x5
commercial-industrial,22,"Eave Strut - 10"" Nominal Height - Custom Length",0,10,gauge,GAUGE,DESCRIPTION,12
commercial-industrial,22,"Eave Strut - 10"" Nominal Height - Custom Length",0,10,finish,FINISH,DESCRIPTION,Dark Gray
commercial-industrial,22,"Eave Strut - 10"" Nominal Height - Custom Length",0,10,column_4,,WEIGHT PER LF,7 58#
commercial-industrial,22,"Eave Strut - 10"" Nominal Height - Custom Length",0,10,column_6,,PRICED PER 100 LF,✓
commercial-industrial,22,"Eave Strut - 10"" Nominal Height - Custom Length",0,11,size,SIZE,DESCRIPTION,10x5x5
commercial-industrial,22,"Eave Strut - 10"" Nominal Height - Custom Length",0,11,gauge,GAUGE,DESCRIPTION,12
commercial-industrial,22,"Eave Strut - 10"" Nominal Height - Custom Length",0,11,finish,FINISH,DESCRIPTION,Galvanized
commercial-industrial,22,"Eave Strut - 10"" Nominal Height - Custom Length",0,11,column_4,,WEIGHT PER LF,7 58#
commercial-industrial,22,"Eave Strut - 10"" Nominal Height - Custom Length",0,11,column_6,,PRICED PER 100 LF,✓
commercial-industrial,23,Custom Structural Shapes,0,0,column_1,,,DESCRIPTION
commercial-industrial,23,Custom Structural Shapes,0,0,column_4,,,PRICED PER 100 LF
commercial-industrial,23,Custom Structural Shapes,0,1,column_1,,,PART #
commercial-industrial,23,Custom Structural Shapes,0,1,column_2,,,GIRTH
commercial-industrial,23,Custom Structural Shapes,0,1,column_3,,,GAUGE
commercial-industrial,23,Custom Structural Shapes,0,1,column_4,,,RED OXIDE
commercial-industrial,23,Custom Structural Shapes,0,1,column_5,,,GALVANIZED
commercial-industrial,23,Custom Structural Shapes,0,2,column_1,,,PLO3
commercial-industrial,23,Custom Structural Shapes,0,2,column_2,,,"316"""
commercial-industrial,23,Custom Structural Shapes,0,2,column_3,,,16
commercial-industrial,23,Custom Structural Shapes,0,2,column_4,,,v
commercial-industrial,23,Custom Structural Shapes,0,2,column_5,,,v
commercial-industrial,23,Custom Structural Shapes,0,3,column_1,,,PLO3
commercial-industrial,23,Custom Structural Shapes,0,3,column_2,,,"316"""
commercial-industrial,23,Custom Structural Shapes,0,3,column_3,,,14
commercial-industrial,23,Custom Structural Shapes,0,3,column_4,,,v
commercial-industrial,23,Custom Structural Shapes,0,3,column_5,,,v
commercial-industrial,23,Custom Structural Shapes,0,4,column_1,,,PLO5
commercial-industrial,23,Custom Structural Shapes,0,4,column_2,,,51546
commercial-industrial,23,Custom Structural Shapes,0,4,column_3,,,16
commercial-industrial,23,Custom Structural Shapes,0,4,column_4,,,v
commercial-industrial,23,Custom Structural Shapes,0,4,column_5,,,v
commercial-industrial,23,Custom Structural Shapes,0,5,column_1,,,PLO5
commercial-industrial,23,Custom Structural Shapes,0,5,column_2,,,516
commercial-industrial,23,Custom Structural Shapes,0,5,column_3,,,14
commercial-industrial,23,Custom Structural Shapes,0,5,column_4,,,v
commercial-industrial,23,Custom Structural Shapes,0,5,column_5,,,v
commercial-industrial,23,Custom Structural Shapes,0,6,column_1,,,PLO7
commercial-industrial,23,Custom Structural Shapes,0,6,column_2,,,"76"""
commercial-industrial,23,Custom Structural Shapes,0,6,column_3,,,16
commercial-industrial,23,Custom Structural Shapes,0,6,column_4,,,v
commercial-industrial,23,Custom Structural Shapes,0,6,column_5,,,v
commercial-industrial,23,Custom Structural Shapes,0,7,column_1,,,PLO7
commercial-industrial,23,Custom Structural Shapes,0,7,column_2,,,"716"""
commercial-industrial,23,Custom Structural Shapes,0,7,column_3,,,14
commercial-industrial,23,Custom Structural Shapes,0,7,column_4,,,v
commercial-industrial,23,Custom Structural Shapes,0,7,column_5,,,v
commercial-industrial,23,Custom Structural Shapes,0,8,column_1,,,PLO8&
commercial-industrial,23,Custom Structural Shapes,0,8,column_2,,,816
commercial-industrial,23,Custom Structural Shapes,0,8,column_3,,,16
commercial-industrial,23,Custom Structural Shapes,0,8,column_4,,,v
commercial-industrial,23,Custom Structural Shapes,0,8,column_5,,,v
commercial-industrial,23,Custom Structural Shapes,0,9,column_1,,,PLO8
commercial-industrial,23,Custom Structural Shapes,0,9,column_2,,,816
commercial-industrial,23,Custom Structural Shapes,0,9,column_3,,,14
commercial-industrial,23,Custom Structural Shapes,0,9,column_4,,,v
commercial-industrial,23,Custom Structural Shapes,0,9,column_5,,,v
commercial-industrial,23,Custom Structural Shapes,0,10,column_1,,,PLO9
commercial-industrial,23,Custom Structural Shapes,0,10,column_2,,,"916"""
commercial-industrial,23,Custom Structural Shapes,0,10,column_3,,,16
commercial-industrial,23,Custom Structural Shapes,0,10,column_4,,,v
commercial-industrial,23,Custom Structural Shapes,0,10,column_5,,,v
commercial-industrial,23,Custom Structural Shapes,0,11,column_1,,,PLO9
commercial-industrial,23,Custom Structural Shapes,0,11,column_2,,,"916"""
commercial-industrial,23,Custom Structural Shapes,0,11,column_3,,,14
commercial-industrial,23,Custom Structural Shapes,0,11,column_4,,,v
commercial-industrial,23,Custom Structural Shapes,0,11,column_5,,,v
commercial-industrial,23,Custom Structural Shapes,0,12,column_1,,,PLO10
commercial-industrial,23,Custom Structural Shapes,0,12,column_2,,,1016
commercial-industrial,23,Custom Structural Shapes,0,12,column_3,,,16
commercial-industrial,23,Custom Structural Shapes,0,12,column_4,,,v
commercial-industrial,23,Custom Structural Shapes,0,12,column_5,,,v
commercial-industrial,23,Custom Structural Shapes,0,13,column_1,,,PLO10
commercial-industrial,23,Custom Structural Shapes,0,13,column_2,,,"1016"""
commercial-industrial,23,Custom Structural Shapes,0,13,column_3,,,14
commercial-industrial,23,Custom Structural Shapes,0,13,column_4,,,v
commercial-industrial,23,Custom Structural Shapes,0,13,column_5,,,v
commercial-industrial,23,Custom Structural Shapes,0,14,column_1,,,PLO11
commercial-industrial,23,Custom Structural Shapes,0,14,column_2,,,"1116"""
commercial-industrial,23,Custom Structural Shapes,0,14,column_3,,,16
commercial-industrial,23,Custom Structural Shapes,0,14,column_4,,,v
commercial-industrial,23,Custom Structural Shapes,0,14,column_5,,,v
commercial-industrial,23,Custom Structural Shapes,0,15,column_1,,,PLO11
commercial-industrial,23,Custom Structural Shapes,0,15,column_2,,,"1116"""
commercial-industrial,23,Custom Structural Shapes,0,15,column_3,,,14
commercial-industrial,23,Custom Structural Shapes,0,15,column_4,,,v
commercial-industrial,23,Custom Structural Shapes,0,15,column_5,,,v
commercial-industrial,23,Custom Structural Shapes,0,16,column_1,,,PLO12
commercial-industrial,23,Custom Structural Shapes,0,16,column_2,,,"1216"""
commercial-industrial,23,Custom Structural Shapes,0,16,column_3,,,16
commercial-industrial,23,Custom Structural Shapes,0,16,column_4,,,v
commercial-industrial,23,Custom Structural Shapes,0,16,column_5,,,v
commercial-industrial,23,Custom Structural Shapes,0,17,column_1,,,PLO12
commercial-industrial,23,Custom Structural Shapes,0,17,column_2,,,"1216"""
commercial-industrial,23,Custom Structural Shapes,0,17,column_3,,,14
commercial-industrial,23,Custom Structural Shapes,0,17,column_4,,,v
commercial-industrial,23,Custom Structural Shapes,0,17,column_5,,,v
commercial-industrial,23,Custom Structural Shapes,0,18,column_1,,,PLO13
commercial-industrial,23,Custom Structural Shapes,0,18,column_2,,,"1316"""
commercial-industrial,23,Custom Structural Shapes,0,18,column_3,,,16
commercial-industrial,23,Custom Structural Shapes,0,18,column_4,,,v
commercial-industrial,23,Custom Structural Shapes,0,18,column_5,,,v
commercial-industrial,23,Custom Structural Shapes,0,19,column_1,,,PLO13
commercial-industrial,23,Custom Structural Shapes,0,19,column_2,,,"1316"""
commercial-industrial,23,Custom Structural Shapes,0,19,column_3,,,14
commercial-industrial,23,Custom Structural Shapes,0,19,column_4,,,v
commercial-industrial,23,Custom Structural Shapes,0,19,column_5,,,v
commercial-industrial,23,Custom Structural Shapes,0,20,column_1,,,PLO13
commercial-industrial,23,Custom Structural Shapes,0,20,column_2,,,"1316"""
commercial-industrial,23,Custom Structural Shapes,0,20,column_3,,,12
commercial-industrial,23,Custom Structural Shapes,0,20,column_4,,,v
commercial-industrial,23,Custom Structural Shapes,0,20,column_5,,,v
commercial-industrial,23,Custom Structural Shapes,0,21,column_1,,,PLO14
commercial-industrial,23,Custom Structural Shapes,0,21,column_2,,,"141546"""
commercial-industrial,23,Custom Structural Shapes,0,21,column_3,,,16
commercial-industrial,23,Custom Structural Shapes,0,21,column_4,,,v
commercial-industrial,23,Custom Structural Shapes,0,21,column_5,,,v
commercial-industrial,23,Custom Structural Shapes,0,22,column_1,,,PLO14
commercial-industrial,23,Custom Structural Shapes,0,22,column_2,,,"1416"""
commercial-industrial,23,Custom Structural Shapes,0,22,column_3,,,14
commercial-industrial,23,Custom Structural Shapes,0,22,column_4,,,v
commercial-industrial,23,Custom Structural Shapes,0,22,column_5,,,v
commercial-industrial,23,Custom Structural Shapes,0,23,column_1,,,PLO14
commercial-industrial,23,Custom Structural Shapes,0,23,column_2,,,"141546"""
commercial-industrial,23,Custom Structural Shapes,0,23,column_3,,,12
commercial-industrial,23,Custom Structural Shapes,0,23,column_4,,,v
commercial-industrial,23,Custom Structural Shapes,0,23,column_5,,,v
commercial-industrial,23,Custom Structural Shapes,0,24,column_1,,,PLO15
commercial-industrial,23,Custom Structural Shapes,0,24,column_2,,,"1516"""
commercial-industrial,23,Custom Structural Shapes,0,24,column_3,,,14
commercial-industrial,23,Custom Structural Shapes,0,24,column_4,,,v
commercial-industrial,23,Custom Structural Shapes,0,24,column_5,,,v
commercial-industrial,23,Custom Structural Shapes,0,25,column_1,,,PLO15
commercial-industrial,23,Custom Structural Shapes,0,25,column_2,,,"1516"""
commercial-industrial,23,Custom Structural Shapes,0,25,column_3,,,12
commercial-industrial,23,Custom Structural Shapes,0,25,column_4,,,v
commercial-industrial,23,Custom Structural Shapes,0,25,column_5,,,v
commercial-industrial,23,Custom Structural Shapes,0,26,column_1,,,PLO16
commercial-industrial,23,Custom Structural Shapes,0,26,column_2,,,1616
commercial-industrial,23,Custom Structural Shapes,0,26,column_3,,,14
commercial-industrial,23,Custom Structural Shapes,0,26,column_4,,,v
commercial-industrial,23,Custom Structural Shapes,0,26,column_5,,,v
commercial-industrial,23,Custom Structural Shapes,0,27,column_1,,,PLO16
commercial-industrial,23,Custom Structural Shapes,0,27,column_2,,,"1616"""
commercial-industrial,23,Custom Structural Shapes,0,27,column_3,,,12
commercial-industrial,23,Custom Structural Shapes,0,27,column_4,,,v
commercial-industrial,23,Custom Structural Shapes,0,27,column_5,,,v
commercial-industrial,23,Custom Structural Shapes,0,28,column_1,,,PLO17
commercial-industrial,23,Custom Structural Shapes,0,28,column_2,,,"1716"""
commercial-industrial,23,Custom Structural Shapes,0,28,column_3,,,14
commercial-industrial,23,Custom Structural Shapes,0,28,column_4,,,v
commercial-industrial,23,Custom Structural Shapes,0,28,column_5,,,v
commercial-industrial,23,Custom Structural Shapes,0,29,column_1,,,PLO17
commercial-industrial,23,Custom Structural Shapes,0,29,column_2,,,"1716"""
commercial-industrial,23,Custom Structural Shapes,0,29,column_3,,,12
commercial-industrial,23,Custom Structural Shapes,0,29,column_4,,,v
commercial-industrial,23,Custom Structural Shapes,0,29,column_5,,,v
commercial-industrial,23,Custom Structural Shapes,0,30,column_1,,,PLO18
commercial-industrial,23,Custom Structural Shapes,0,30,column_2,,,"1816"""
commercial-industrial,23,Custom Structural Shapes,0,30,column_3,,,14
commercial-industrial,23,Custom Structural Shapes,0,30,column_4,,,v
commercial-industrial,23,Custom Structural Shapes,0,30,column_5,,,v
commercial-industrial,23,Custom Structural Shapes,0,31,column_1,,,PLO18
commercial-industrial,23,Custom Structural Shapes,0,31,column_2,,,"1816"""
commercial-industrial,23,Custom Structural Shapes,0,31,column_3,,,12
commercial-industrial,23,Custom Structural Shapes,0,31,column_4,,,v
commercial-industrial,23,Custom Structural Shapes,0,31,column_5,,,v
commercial-industrial,23,Custom Structural Shapes,0,32,column_1,,,PLO19
commercial-industrial,23,Custom Structural Shapes,0,32,column_2,,,"1916"""
commercial-industrial,23,Custom Structural Shapes,0,32,column_3,,,14
commercial-industrial,23,Custom Structural Shapes,0,32,column_4,,,v
commercial-industrial,23,Custom Structural Shapes,0,32,column_5,,,v
commercial-industrial,23,Custom Structural Shapes,0,33,column_1,,,PLO19
commercial-industrial,23,Custom Structural Shapes,0,33,column_2,,,"1916"""
commercial-industrial,23,Custom Structural Shapes,0,33,column_3,,,12
commercial-industrial,23,Custom Structural Shapes,0,33,column_4,,,v
commercial-industrial,23,Custom Structural Shapes,0,33,column_5,,,v
commercial-industrial,23,Custom Structural Shapes,0,34,column_1,,,PLO20
commercial-industrial,23,Custom Structural Shapes,0,34,column_2,,,"2016"""
commercial-industrial,23,Custom Structural Shapes,0,34,column_3,,,14
commercial-industrial,23,Custom Structural Shapes,0,34,column_4,,,v
commercial-industrial,23,Custom Structural Shapes,0,34,column_5,,,v
commercial-industrial,23,Custom Structural Shapes,0,35,column_1,,,PLO20
commercial-industrial,23,Custom Structural Shapes,0,35,column_2,,,"2016"""
commercial-industrial,23,Custom Structural Shapes,0,35,column_3,,,12
commercial-industrial,23,Custom Structural Shapes,0,35,column_4,,,v
commercial-industrial,23,Custom Structural Shapes,0,35,column_5,,,v
commercial-industrial,24,Hat Section (HS-1),0,0,size,SIZE,DESCRIPTION,HW-3100
commercial-industrial,24,Hat Section (HS-1),0,0,gauge,GAUGE,DESCRIPTION,22
commercial-industrial,24,Hat Section (HS-1),0,0,finish,FINISH,DESCRIPTION,Galvanized
commercial-industrial,24,Hat Section (HS-1),0,0,weight_each,WEIGHT EACH,DESCRIPTION,14.00#
commercial-industrial,24,Hat Section (HS-1),0,0,length,LENGTH,DESCRIPTION,"20'-0"""
commercial-industrial,24,Hat Section (HS-1),0,0,price,PRICE,,✓
commercial-industrial,24,Hat Section (HS-1),0,1,size,SIZE,DESCRIPTION,HW-3105
commercial-industrial,24,Hat Section (HS-1),0,1,gauge,GAUGE,DESCRIPTION,16
commercial-industrial,24,Hat Section (HS-1),0,1,finish,FINISH,DESCRIPTION,Red Oxide
commercial-industrial,24,Hat Section (HS-1),0,1,weight_each,WEIGHT EACH,DESCRIPTION,25.20#
commercial-industrial,24,Hat Section (HS-1),0,1,length,LENGTH,DESCRIPTION,"20'-0"""
commercial-industrial,24,Hat Section (HS-1),0,1,price,PRICE,,✓
commercial-industrial,24,Hat Section (HS-1),0,2,size,SIZE,DESCRIPTION,HW-3105
commercial-industrial,24,Hat Section (HS-1),0,2,gauge,GAUGE,DESCRIPTION,16
commercial-industrial,24,Hat Section (HS-1),0,2,finish,FINISH,DESCRIPTION,Galvanized
commercial-industrial,24,Hat Section (HS-1),0,2,weight_each,WEIGHT EACH,DESCRIPTION,25.80#
commercial-industrial,24,Hat Section (HS-1),0,2,length,LENGTH,DESCRIPTION,"20'-0"""
commercial-industrial,24,Hat Section (HS-1),0,2,price,PRICE,,✓
commercial-industrial,24,Channel Section (CS-1),1,0,size,SIZE,DESCRIPTION,HW-3110
commercial-industrial,24,Channel Section (CS-1),1,0,gauge,GAUGE,DESCRIPTION,18
commercial-industrial,24,Channel Section (CS-1),1,0,finish,FINISH,DESCRIPTION,Galvanized
commercial-industrial,24,Channel Section (CS-1),1,0,weight_each,WEIGHT EACH,DESCRIPTION,15.70#
commercial-industrial,24,Channel Section (CS-1),1,0,length,LENGTH,DESCRIPTION,"20'-0"""
commercial-industrial,24,Channel Section (CS-1),1,0,price,PRICE,,✓
commercial-industrial,24,"1"" Sub Girt (SG-1)",2,0,size,SIZE,DESCRIPTION,HW-3120
commercial-industrial,24,"1"" Sub Girt (SG-1)",2,0,gauge,GAUGE,DESCRIPTION,18
commercial-industrial,24,"1"" Sub Girt (SG-1)",2,0,finish,FINISH,DESCRIPTION,Galvanized
commercial-industrial,24,"1"" Sub Girt (SG-1)",2,0,weight_each,WEIGHT EACH,DESCRIPTION,22.00#
commercial-industrial,24,"1"" Sub Girt (SG-1)",2,0,length,LENGTH,DESCRIPTION,"20'-0"""
commercial-industrial,24,"1"" Sub Girt (SG-1)",2,0,price,PRICE,,✓
commercial-industrial,24,"1"" Sub Girt (SG-1)",2,1,size,SIZE,DESCRIPTION,HW-3121
commercial-industrial,24,"1"" Sub Girt (SG-1)",2,1,gauge,GAUGE,DESCRIPTION,16
commercial-industrial,24,"1"" Sub Girt (SG-1)",2,1,finish,FINISH,DESCRIPTION,Red Oxide
commercial-industrial,24,"1"" Sub Girt (SG-1)",2,1,weight_each,WEIGHT EACH,DESCRIPTION,27. A0#
commercial-industrial,24,"1"" Sub Girt (SG-1)",2,1,length,LENGTH,DESCRIPTION,"20'-0"""
commercial-industrial,24,"1"" Sub Girt (SG-1)",2,1,price,PRICE,,✓
commercial-industrial,24,"%"" Sub Girt (SG-2)",3,0,size,SIZE,DESCRIPTION,HW-3130
commercial-industrial,24,"%"" Sub Girt (SG-2)",3,0,gauge,GAUGE,DESCRIPTION,18
commercial-industrial,24,"%"" Sub Girt (SG-2)",3,0,finish,FINISH,DESCRIPTION,Galvanized
commercial-industrial,24,"%"" Sub Girt (SG-2)",3,0,weight_each,WEIGHT EACH,DESCRIPTION,13.60#
commercial-industrial,24,"%"" Sub Girt (SG-2)",3,0,length,LENGTH,DESCRIPTION,"20'-0"""
commercial-industrial,24,"%"" Sub Girt (SG-2)",3,0,price,PRICE,,✓
commercial-industrial,24,"%"" Sub Girt (SG-2)",3,1,size,SIZE,DESCRIPTION,HW-3131
commercial-industrial,24,"%"" Sub Girt (SG-2)",3,1,gauge,GAUGE,DESCRIPTION,16
commercial-industrial,24,"%"" Sub Girt (SG-2)",3,1,finish,FINISH,DESCRIPTION,Red Oxide
commercial-industrial,24,"%"" Sub Girt (SG-2)",3,1,weight_each,WEIGHT EACH,DESCRIPTION,16.40#
commercial-industrial,24,"%"" Sub Girt (SG-2)",3,1,length,LENGTH,DESCRIPTION,"20'-0"""
commercial-industrial,24,"%"" Sub Girt (SG-2)",3,1,price,PRICE,,✓
commercial-industrial,25,Furring Zee,0,0,part,PART #,DESCRIPTION,HW-3020
commercial-industrial,25,Furring Zee,0,0,dim_ua,"DIM ua""",DESCRIPTION,"1 ¥%"""
commercial-industrial,25,Furring Zee,0,0,gauge,GAUGE,DESCRIPTION,22
commercial-industrial,25,Furring Zee,0,0,finish,FINISH,DESCRIPTION,Galvanized
commercial-industrial,25,Furring Zee,0,0,coil_weight,COIL WEIGHT,DESCRIPTION,3.334
commercial-industrial,25,Furring Zee,0,0,length,LENGTH,DESCRIPTION,"10'-0"""
commercial-industrial,25,Furring Zee,0,0,price,PRICE,,✓
commercial-industrial,25,Furring Zee,0,1,part,PART #,DESCRIPTION,HW-3021
commercial-industrial,25,Furring Zee,0,1,dim_ua,"DIM ua""",DESCRIPTION,"2%"""
commercial-industrial,25,Furring Zee,0,1,gauge,GAUGE,DESCRIPTION,22
commercial-industrial,25,Furring Zee,0,1,finish,FINISH,DESCRIPTION,Galvanized
commercial-industrial,25,Furring Zee,0,1,coil_weight,COIL WEIGHT,DESCRIPTION,4.39#
commercial-industrial,25,Furring Zee,0,1,length,LENGTH,DESCRIPTION,"10'-0"""
commercial-industrial,25,Furring Zee,0,1,price,PRICE,,✓
commercial-industrial,25,Furring Zee,0,2,part,PART #,DESCRIPTION,HW-3022
commercial-industrial,25,Furring Zee,0,2,dim_ua,"DIM ua""",DESCRIPTION,"3%"""
commercial-industrial,25,Furring Zee,0,2,gauge,GAUGE,DESCRIPTION,18
commercial-industrial,25,Furring Zee,0,2,finish,FINISH,DESCRIPTION,Galvanized
commercial-industrial,25,Furring Zee,0,2,coil_weight,COIL WEIGHT,DESCRIPTION,8.66#
commercial-industrial,25,Furring Zee,0,2,length,LENGTH,DESCRIPTION,"10'-0"""
commercial-industrial,25,Furring Zee,0,2,price,PRICE,,✓
commercial-industrial,25,Furring Zee,0,3,part,PART #,DESCRIPTION,HW-3023
commercial-industrial,25,Furring Zee,0,3,dim_ua,"DIM ua""",DESCRIPTION,"4%"""
commercial-industrial,25,Furring Zee,0,3,gauge,GAUGE,DESCRIPTION,18
commercial-industrial,25,Furring Zee,0,3,finish,FINISH,DESCRIPTION,Galvanized
commercial-industrial,25,Furring Zee,0,3,coil_weight,COIL WEIGHT,DESCRIPTION,10.35#
commercial-industrial,25,Furring Zee,0,3,length,LENGTH,DESCRIPTION,"10'-0"""
commercial-industrial,25,Furring Zee,0,3,price,PRICE,,✓
commercial-industrial,25,Furring Zee,0,4,part,PART #,DESCRIPTION,HW-3024
commercial-industrial,25,Furring Zee,0,4,dim_ua,"DIM ua""",DESCRIPTION,"3%"""
commercial-industrial,25,Furring Zee,0,4,gauge,GAUGE,DESCRIPTION,16
commercial-industrial,25,Furring Zee,0,4,finish,FINISH,DESCRIPTION,Red Oxide
commercial-industrial,25,Furring Zee,0,4,coil_weight,COIL WEIGHT,DESCRIPTION,10.544
commercial-industrial,25,Furring Zee,0,4,length,LENGTH,DESCRIPTION,"10'-0"""
commercial-industrial,25,Furring Zee,0,4,price,PRICE,,✓
commercial-industrial,25,Furring Zee,0,5,part,PART #,DESCRIPTION,HW-3025
commercial-industrial,25,Furring Zee,0,5,dim_ua,"DIM ua""",DESCRIPTION,"AV"""
commercial-industrial,25,Furring Zee,0,5,gauge,GAUGE,DESCRIPTION,16
commercial-industrial,25,Furring Zee,0,5,finish,FINISH,DESCRIPTION,Red Oxide
commercial-industrial,25,Furring Zee,0,5,coil_weight,COIL WEIGHT,DESCRIPTION,12.60#
commercial-industrial,25,Furring Zee,0,5,length,LENGTH,DESCRIPTION,"1 O'-0"""
commercial-industrial,25,Furring Zee,0,5,price,PRICE,,✓
commercial-industrial,25,Strapping,1,0,part,PART #,DESCRIPTION,FL-471
commercial-industrial,25,Strapping,1,0,dim_a,"DIM ""A""",DESCRIPTION,"2"""
commercial-industrial,25,Strapping,1,0,gauge,GAUGE,DESCRIPTION,24
commercial-industrial,25,Strapping,1,0,finish,FINISH,DESCRIPTION,Galvalume® Plus
commercial-industrial,25,Strapping,1,0,coil_weight,COIL WEIGHT,DESCRIPTION,16.78#
commercial-industrial,25,Strapping,1,0,length,LENGTH,DESCRIPTION,"100'-0"""
commercial-industrial,25,Strapping,1,0,price,PRICE,,✓
commercial-industrial,25,Strapping,1,1,part,PART #,DESCRIPTION,FL-569
commercial-industrial,25,Strapping,1,1,dim_a,"DIM ""A""",DESCRIPTION,"2"""
commercial-industrial,25,Strapping,1,1,gauge,GAUGE,DESCRIPTION,24
commercial-industrial,25,Strapping,1,1,finish,FINISH,DESCRIPTION,White Wash Coat
commercial-industrial,25,Strapping,1,1,coil_weight,COIL WEIGHT,DESCRIPTION,83.91#
commercial-industrial,25,Strapping,1,1,length,LENGTH,DESCRIPTION,"500'-0"""
commercial-industrial,25,Strapping,1,1,price,PRICE,,✓
commercial-industrial,25,Strapping,1,2,part,PART #,DESCRIPTION,FL-569
commercial-industrial,25,Strapping,1,2,dim_a,"DIM ""A""",DESCRIPTION,"2"""
commercial-industrial,25,Strapping,1,2,gauge,GAUGE,DESCRIPTION,24
commercial-industrial,25,Strapping,1,2,finish,FINISH,DESCRIPTION,Galvalume® Plus *
commercial-industrial,25,Strapping,1,2,coil_weight,COIL WEIGHT,DESCRIPTION,84.02#
commercial-industrial,25,Strapping,1,2,length,LENGTH,DESCRIPTION,"500'-0"""
commercial-industrial,25,Strapping,1,2,price,PRICE,,✓
commercial-industrial,25,Retrofit Bracing Angle,2,0,size,SIZE,DESCRIPTION,HW-4659
commercial-industrial,25,Retrofit Bracing Angle,2,0,gauge,GAUGE,DESCRIPTION,22
commercial-industrial,25,Retrofit Bracing Angle,2,0,finish,FINISH,DESCRIPTION,Random Colors
commercial-industrial,25,Retrofit Bracing Angle,2,0,weight_each,WEIGHT EACH,DESCRIPTION,8.69#
commercial-industrial,25,Retrofit Bracing Angle,2,0,length,LENGTH,DESCRIPTION,"24 Lg"""
commercial-industrial,25,Retrofit Bracing Angle,2,0,price,PRICE,,✓
commercial-industrial,26,Roof Hugger - Model C,0,0,1_249,"1-
249",,v
commercial-industrial,26,Roof Hugger - Model C,0,0,500_749,"500 -
749","250 -
499",v
commercial-industrial,26,Roof Hugger - Model C,0,0,750_999,"750 -
999",PRICED PER EACH,✓
commercial-industrial,26,Roof Hugger - Model C,0,0,1_000_1_499,"1,000 -
1,499",PRICED PER EACH,✓
commercial-industrial,26,Roof Hugger - Model C,0,0,1_500_1_999,"1,500 -
1,999",PRICED PER EACH,✓
commercial-industrial,26,Roof Hugger - Model C,0,0,2_000_2_999,"2,000 -
2,999",PRICED PER EACH,✓
commercial-industrial,26,Roof Hugger - Model C,0,0,3_000_3_999,"3,000 -
3,999",PRICED PER EACH,✓
commercial-industrial,26,Roof Hugger - Model C,0,0,4_000_4_4999,"4,000 -
4,4999",PRICED PER EACH,✓
commercial-industrial,26,Roof Hugger - Model C,0,0,5_000_7_499,"5,000 -
7,499",PRICED PER EACH,✓
commercial-industrial,26,Roof Hugger - Model C,0,0,7_500_9_999,"7,500 -
9,999",PRICED PER EACH,✓
commercial-industrial,26,Roof Hugger - Model C,0,0,over_10_000,"OVER
10,000",PRICED PER EACH,✓
commercial-industrial,26,Roof Hugger - Model C,0,0,column_13,,PRICED PER EACH,✓
commercial-industrial,26,R Panel Light Transmitting Panel,1,0,part,PART #,DESCRIPTION,HW-1509
commercial-industrial,26,R Panel Light Transmitting Panel,1,0,description,DESCRIPTION,DESCRIPTION,High Strength Fiberglass
commercial-industrial,26,R Panel Light Transmitting Panel,1,0,length,LENGTH,DESCRIPTION,"10'-8"""
commercial-industrial,26,R Panel Light Transmitting Panel,1,0,color,COLOR,DESCRIPTION,White
commercial-industrial,26,R Panel Light Transmitting Panel,1,0,type,TYPE,DESCRIPTION,1
commercial-industrial,26,R Panel Light Transmitting Panel,1,0,weight_sqft,"WEIGHT /
SQFT",DESCRIPTION,8 ounce
commercial-industrial,26,R Panel Light Transmitting Panel,1,0,weight_each,"WEIGHT
EACH",DESCRIPTION,16.89#
commercial-industrial,26,R Panel Light Transmitting Panel,1,0,price,PRICE,,✓
commercial-industrial,26,R Panel Light Transmitting Panel,1,1,part,PART #,DESCRIPTION,HW-1490
commercial-industrial,26,R Panel Light Transmitting Panel,1,1,description,DESCRIPTION,DESCRIPTION,Insulated High Strength Fiberglass
commercial-industrial,26,R Panel Light Transmitting Panel,1,1,length,LENGTH,DESCRIPTION,"1 1 ""go"""
commercial-industrial,26,R Panel Light Transmitting Panel,1,1,color,COLOR,DESCRIPTION,White
commercial-industrial,26,R Panel Light Transmitting Panel,1,1,type,TYPE,DESCRIPTION,1
commercial-industrial,26,R Panel Light Transmitting Panel,1,1,weight_sqft,"WEIGHT /
SQFT",DESCRIPTION,8 ounce
commercial-industrial,26,R Panel Light Transmitting Panel,1,1,weight_each,"WEIGHT
EACH",DESCRIPTION,17.394
commercial-industrial,26,R Panel Light Transmitting Panel,1,1,price,PRICE,,✓
commercial-industrial,26,R Panel Light Transmitting Panel,1,2,part,PART #,DESCRIPTION,HW-1432
commercial-industrial,26,R Panel Light Transmitting Panel,1,2,description,DESCRIPTION,DESCRIPTION,High Strength Fiberglass - U.V. Resistant
commercial-industrial,26,R Panel Light Transmitting Panel,1,2,length,LENGTH,DESCRIPTION,"10'-8"""
commercial-industrial,26,R Panel Light Transmitting Panel,1,2,color,COLOR,DESCRIPTION,White
commercial-industrial,26,R Panel Light Transmitting Panel,1,2,type,TYPE,DESCRIPTION,1
commercial-industrial,26,R Panel Light Transmitting Panel,1,2,weight_sqft,"WEIGHT /
SQFT",DESCRIPTION,8 ounce
commercial-industrial,26,R Panel Light Transmitting Panel,1,2,weight_each,"WEIGHT
EACH",DESCRIPTION,16.89#
commercial-industrial,26,R Panel Light Transmitting Panel,1,2,price,PRICE,,✓
commercial-industrial,26,R Panel Light Transmitting Panel,1,3,part,PART #,DESCRIPTION,HW-1434
commercial-industrial,26,R Panel Light Transmitting Panel,1,3,description,DESCRIPTION,DESCRIPTION,High Strength Fiberglass - U.V. Resistant
commercial-industrial,26,R Panel Light Transmitting Panel,1,3,length,LENGTH,DESCRIPTION,"1 1 ""QO"""
commercial-industrial,26,R Panel Light Transmitting Panel,1,3,color,COLOR,DESCRIPTION,White
commercial-industrial,26,R Panel Light Transmitting Panel,1,3,type,TYPE,DESCRIPTION,1
commercial-industrial,26,R Panel Light Transmitting Panel,1,3,weight_sqft,"WEIGHT /
SQFT",DESCRIPTION,8 ounce
commercial-industrial,26,R Panel Light Transmitting Panel,1,3,weight_each,"WEIGHT
EACH",DESCRIPTION,17.42#
commercial-industrial,26,R Panel Light Transmitting Panel,1,3,price,PRICE,,✓
commercial-industrial,26,R Panel Light Transmitting Panel,1,4,part,PART #,DESCRIPTION,HW-1436
commercial-industrial,26,R Panel Light Transmitting Panel,1,4,description,DESCRIPTION,DESCRIPTION,High Strength Fiberglass - U.V. Resistant
commercial-industrial,26,R Panel Light Transmitting Panel,1,4,length,LENGTH,DESCRIPTION,"1 2'-O"""
commercial-industrial,26,R Panel Light Transmitting Panel,1,4,color,COLOR,DESCRIPTION,White
commercial-industrial,26,R Panel Light Transmitting Panel,1,4,type,TYPE,DESCRIPTION,1
commercial-industrial,26,R Panel Light Transmitting Panel,1,4,weight_sqft,"WEIGHT /
SQFT",DESCRIPTION,8 ounce
commercial-industrial,26,R Panel Light Transmitting Panel,1,4,weight_each,"WEIGHT
EACH",DESCRIPTION,19.00#
commercial-industrial,26,R Panel Light Transmitting Panel,1,4,price,PRICE,,✓
commercial-industrial,26,R Panel Light Transmitting Panel,1,5,part,PART #,DESCRIPTION,HW-1520
commercial-industrial,26,R Panel Light Transmitting Panel,1,5,description,DESCRIPTION,DESCRIPTION,Polycarbonate
commercial-industrial,26,R Panel Light Transmitting Panel,1,5,length,LENGTH,DESCRIPTION,"10'-6"""
commercial-industrial,26,R Panel Light Transmitting Panel,1,5,color,COLOR,DESCRIPTION,Clear
commercial-industrial,26,R Panel Light Transmitting Panel,1,5,type,TYPE,DESCRIPTION,1
commercial-industrial,26,R Panel Light Transmitting Panel,1,5,weight_sqft,"WEIGHT /
SQFT",DESCRIPTION,5 ounce
commercial-industrial,26,R Panel Light Transmitting Panel,1,5,weight_each,"WEIGHT
EACH",DESCRIPTION,788#
commercial-industrial,26,R Panel Light Transmitting Panel,1,5,price,PRICE,,✓
commercial-industrial,27,U Panel Light Transmitting Panel,0,0,part,PART #,DESCRIPTION,HW-1542
commercial-industrial,27,U Panel Light Transmitting Panel,0,0,description,DESCRIPTION,DESCRIPTION,High Strength Fiberglass
commercial-industrial,27,U Panel Light Transmitting Panel,0,0,length,LENGTH,DESCRIPTION,"10'-8"""
commercial-industrial,27,U Panel Light Transmitting Panel,0,0,color,COLOR,DESCRIPTION,White
commercial-industrial,27,U Panel Light Transmitting Panel,0,0,type,TYPE,DESCRIPTION,1
commercial-industrial,27,U Panel Light Transmitting Panel,0,0,weight_sqft,"WEIGHT /
SQFT",DESCRIPTION,8 ounce
commercial-industrial,27,U Panel Light Transmitting Panel,0,0,weight_each,"WEIGHT
EACH",DESCRIPTION,16.89#
commercial-industrial,27,U Panel Light Transmitting Panel,0,0,price,PRICE,,✓
commercial-industrial,27,U Panel Light Transmitting Panel,0,1,part,PART #,DESCRIPTION,HW-1438
commercial-industrial,27,U Panel Light Transmitting Panel,0,1,description,DESCRIPTION,DESCRIPTION,High Strength Fiberglass - U.V. Resistant
commercial-industrial,27,U Panel Light Transmitting Panel,0,1,length,LENGTH,DESCRIPTION,"10'-8"""
commercial-industrial,27,U Panel Light Transmitting Panel,0,1,color,COLOR,DESCRIPTION,White
commercial-industrial,27,U Panel Light Transmitting Panel,0,1,type,TYPE,DESCRIPTION,1
commercial-industrial,27,U Panel Light Transmitting Panel,0,1,weight_sqft,"WEIGHT /
SQFT",DESCRIPTION,8 ounce
commercial-industrial,27,U Panel Light Transmitting Panel,0,1,weight_each,"WEIGHT
EACH",DESCRIPTION,16.89#
commercial-industrial,27,U Panel Light Transmitting Panel,0,1,price,PRICE,,✓
commercial-industrial,27,U Panel Light Transmitting Panel,0,2,part,PART #,DESCRIPTION,HW-1440
commercial-industrial,27,U Panel Light Transmitting Panel,0,2,description,DESCRIPTION,DESCRIPTION,High Strength Fiberglass - U.V. Resistant
commercial-industrial,27,U Panel Light Transmitting Panel,0,2,length,LENGTH,DESCRIPTION,"12'-0"""
commercial-industrial,27,U Panel Light Transmitting Panel,0,2,color,COLOR,DESCRIPTION,White
commercial-industrial,27,U Panel Light Transmitting Panel,0,2,type,TYPE,DESCRIPTION,1
commercial-industrial,27,U Panel Light Transmitting Panel,0,2,weight_sqft,"WEIGHT /
SQFT",DESCRIPTION,8 ounce
commercial-industrial,27,U Panel Light Transmitting Panel,0,2,weight_each,"WEIGHT
EACH",DESCRIPTION,19.00#
commercial-industrial,27,U Panel Light Transmitting Panel,0,2,price,PRICE,,✓
commercial-industrial,27,7.2 Panel Light Transmitting Panel,1,0,part,PART #,DESCRIPTION,HW-1528
commercial-industrial,27,7.2 Panel Light Transmitting Panel,1,0,description,DESCRIPTION,DESCRIPTION,High Strength Fiberglass
commercial-industrial,27,7.2 Panel Light Transmitting Panel,1,0,length,LENGTH,DESCRIPTION,"12'-O"""
commercial-industrial,27,7.2 Panel Light Transmitting Panel,1,0,color,COLOR,DESCRIPTION,White
commercial-industrial,27,7.2 Panel Light Transmitting Panel,1,0,type,TYPE,DESCRIPTION,1
commercial-industrial,27,7.2 Panel Light Transmitting Panel,1,0,weight_sqft,"WEIGHT /
SQFT",DESCRIPTION,8 ounce
commercial-industrial,27,7.2 Panel Light Transmitting Panel,1,0,weight_each,"WEIGHT
EACH",DESCRIPTION,19.00#
commercial-industrial,27,7.2 Panel Light Transmitting Panel,1,0,price,PRICE,,✓
commercial-industrial,28,C Panel Light Transmitting Panel,0,0,part,PART #,DESCRIPTION,HW-1645
commercial-industrial,28,C Panel Light Transmitting Panel,0,0,description,DESCRIPTION,DESCRIPTION,High Strength Fiberglass
commercial-industrial,28,C Panel Light Transmitting Panel,0,0,length,LENGTH,DESCRIPTION,"1 2'-O"""
commercial-industrial,28,C Panel Light Transmitting Panel,0,0,color,COLOR,DESCRIPTION,White
commercial-industrial,28,C Panel Light Transmitting Panel,0,0,type,TYPE,DESCRIPTION,1
commercial-industrial,28,C Panel Light Transmitting Panel,0,0,weight_sqft,"WEIGHT /
SQFT",DESCRIPTION,8 ounce
commercial-industrial,28,C Panel Light Transmitting Panel,0,0,weight_each,"WEIGHT
EACH",DESCRIPTION,19.00#
commercial-industrial,28,C Panel Light Transmitting Panel,0,0,price,PRICE,,✓
commercial-industrial,28,AVP Panel Light Transmitting Panel,1,0,part,PART #,DESCRIPTION,HW-1430
commercial-industrial,28,AVP Panel Light Transmitting Panel,1,0,description,DESCRIPTION,DESCRIPTION,Low Modulus - Non Reinforced
commercial-industrial,28,AVP Panel Light Transmitting Panel,1,0,length,LENGTH,DESCRIPTION,"1 1 ""QO"""
commercial-industrial,28,AVP Panel Light Transmitting Panel,1,0,color,COLOR,DESCRIPTION,White
commercial-industrial,28,AVP Panel Light Transmitting Panel,1,0,type,TYPE,DESCRIPTION,1
commercial-industrial,28,AVP Panel Light Transmitting Panel,1,0,weight_sqft,"WEIGHT /
SQFT",DESCRIPTION,8 ounce
commercial-industrial,28,AVP Panel Light Transmitting Panel,1,0,weight_each,"WEIGHT
EACH",DESCRIPTION,17.30#
commercial-industrial,28,AVP Panel Light Transmitting Panel,1,0,price,PRICE,,✓
commercial-industrial,28,Retro-R® Panel Light Transmitting Panel,2,0,part,PART #,DESCRIPTION,HW-1558
commercial-industrial,28,Retro-R® Panel Light Transmitting Panel,2,0,description,DESCRIPTION,DESCRIPTION,High Strength Fiberglass
commercial-industrial,28,Retro-R® Panel Light Transmitting Panel,2,0,length,LENGTH,DESCRIPTION,"10'-8"""
commercial-industrial,28,Retro-R® Panel Light Transmitting Panel,2,0,color,COLOR,DESCRIPTION,White
commercial-industrial,28,Retro-R® Panel Light Transmitting Panel,2,0,type,TYPE,DESCRIPTION,1
commercial-industrial,28,Retro-R® Panel Light Transmitting Panel,2,0,weight_sqft,"WEIGHT /
SQFT",DESCRIPTION,8 ounce
commercial-industrial,28,Retro-R® Panel Light Transmitting Panel,2,0,weight_each,"WEIGHT
EACH",DESCRIPTION,16.89#
commercial-industrial,28,Retro-R® Panel Light Transmitting Panel,2,0,price,PRICE,,✓
commercial-industrial,29,"Y%"" Rubber Grommet",0,0,part,PART #,DESCRIPTION,HW-399
commercial-industrial,29,"Y%"" Rubber Grommet",0,0,head_size,HEAD SIZE,DESCRIPTION,"Y,"""
commercial-industrial,29,"Y%"" Rubber Grommet",0,0,type,TYPE,DESCRIPTION,Aluminum
commercial-industrial,29,"Y%"" Rubber Grommet",0,0,color,COLOR,DESCRIPTION,Polar White
commercial-industrial,29,"Y%"" Rubber Grommet",0,0,weight_per_1000,WEIGHT PER 1000,DESCRIPTION,O1#
commercial-industrial,29,"Y%"" Rubber Grommet",0,0,price,PRICE,,✓
commercial-industrial,29,Continuous Vent,1,0,part,PART #,DESCRIPTION,HW-702
commercial-industrial,29,Continuous Vent,1,0,size,SIZE,DESCRIPTION,"Q"" x 10'-0"""
commercial-industrial,29,Continuous Vent,1,0,type,TYPE,DESCRIPTION,Flat Base
commercial-industrial,29,Continuous Vent,1,0,gauge,GAUGE,DESCRIPTION,26
commercial-industrial,29,Continuous Vent,1,0,weight_each,WEIGHT EACH,DESCRIPTION,115.00#
commercial-industrial,29,Continuous Vent,1,0,galvalume_plus,GALVALUME® PLUS,PRICED PER EACH,✓
commercial-industrial,29,Continuous Vent,1,0,white,WHITE,PRICED PER EACH,✓
commercial-industrial,29,Continuous Vent,1,1,part,PART #,DESCRIPTION,HW-704
commercial-industrial,29,Continuous Vent,1,1,size,SIZE,DESCRIPTION,"12"" x 10'-0"""
commercial-industrial,29,Continuous Vent,1,1,type,TYPE,DESCRIPTION,Flat Base
commercial-industrial,29,Continuous Vent,1,1,gauge,GAUGE,DESCRIPTION,26
commercial-industrial,29,Continuous Vent,1,1,weight_each,WEIGHT EACH,DESCRIPTION,150.00#
commercial-industrial,29,Continuous Vent,1,1,galvalume_plus,GALVALUME® PLUS,PRICED PER EACH,✓
commercial-industrial,29,Continuous Vent,1,1,white,WHITE,PRICED PER EACH,✓
commercial-industrial,29,Continuous Vent,1,2,part,PART #,DESCRIPTION,HW-702R
commercial-industrial,29,Continuous Vent,1,2,size,SIZE,DESCRIPTION,"Qo"" x 10'-O"""
commercial-industrial,29,Continuous Vent,1,2,type,TYPE,DESCRIPTION,PBR Base
commercial-industrial,29,Continuous Vent,1,2,gauge,GAUGE,DESCRIPTION,26
commercial-industrial,29,Continuous Vent,1,2,weight_each,WEIGHT EACH,DESCRIPTION,115.00#
commercial-industrial,29,Continuous Vent,1,2,galvalume_plus,GALVALUME® PLUS,PRICED PER EACH,✓
commercial-industrial,29,Continuous Vent,1,2,white,WHITE,PRICED PER EACH,✓
commercial-industrial,29,Continuous Vent,1,3,part,PART #,DESCRIPTION,HW-702U
commercial-industrial,29,Continuous Vent,1,3,size,SIZE,DESCRIPTION,"Qo"" xX 10'-0"""
commercial-industrial,29,Continuous Vent,1,3,type,TYPE,DESCRIPTION,PBU Base
commercial-industrial,29,Continuous Vent,1,3,gauge,GAUGE,DESCRIPTION,26
commercial-industrial,29,Continuous Vent,1,3,weight_each,WEIGHT EACH,DESCRIPTION,115.00#
commercial-industrial,29,Continuous Vent,1,3,galvalume_plus,GALVALUME® PLUS,PRICED PER EACH,✓
commercial-industrial,29,Continuous Vent,1,3,white,WHITE,PRICED PER EACH,✓
commercial-industrial,29,Continuous Vent,1,4,part,PART #,DESCRIPTION,HW-704R
commercial-industrial,29,Continuous Vent,1,4,size,SIZE,DESCRIPTION,"72"" x 10'-0"""
commercial-industrial,29,Continuous Vent,1,4,type,TYPE,DESCRIPTION,PBR Base
commercial-industrial,29,Continuous Vent,1,4,gauge,GAUGE,DESCRIPTION,26
commercial-industrial,29,Continuous Vent,1,4,weight_each,WEIGHT EACH,DESCRIPTION,150.00#
commercial-industrial,29,Continuous Vent,1,4,galvalume_plus,GALVALUME® PLUS,PRICED PER EACH,✓
commercial-industrial,29,Continuous Vent,1,4,white,WHITE,PRICED PER EACH,✓
commercial-industrial,29,Continuous Vent,1,5,part,PART #,DESCRIPTION,HW-704U
commercial-industrial,29,Continuous Vent,1,5,size,SIZE,DESCRIPTION,"12"" x 10'-0"""
commercial-industrial,29,Continuous Vent,1,5,type,TYPE,DESCRIPTION,PBU Base
commercial-industrial,29,Continuous Vent,1,5,gauge,GAUGE,DESCRIPTION,26
commercial-industrial,29,Continuous Vent,1,5,weight_each,WEIGHT EACH,DESCRIPTION,150.00#
commercial-industrial,29,Continuous Vent,1,5,galvalume_plus,GALVALUME® PLUS,PRICED PER EACH,✓
commercial-industrial,29,Continuous Vent,1,5,white,WHITE,PRICED PER EACH,✓
commercial-industrial,29,Vent Damper Operator Parts,2,0,column_1,,,DESCRIPTION
commercial-industrial,29,Vent Damper Operator Parts,2,0,column_5,,,PRICED PER EACH
commercial-industrial,29,Vent Damper Operator Parts,2,1,column_1,,,PART #
commercial-industrial,29,Vent Damper Operator Parts,2,1,column_2,,,DESCRIPTION
commercial-industrial,29,Vent Damper Operator Parts,2,1,column_3,,,PRICED PER
commercial-industrial,29,Vent Damper Operator Parts,2,1,column_4,,,WEIGHT EACH
commercial-industrial,29,Vent Damper Operator Parts,2,1,column_5,,,PRICE
commercial-industrial,29,Vent Damper Operator Parts,2,2,column_1,,,HW-705
commercial-industrial,29,Vent Damper Operator Parts,2,2,column_2,,,"Vent Cable ( 6"")"
commercial-industrial,29,Vent Damper Operator Parts,2,2,column_3,,,Foot
commercial-industrial,29,Vent Damper Operator Parts,2,2,column_4,,,10#
commercial-industrial,29,Vent Damper Operator Parts,2,2,column_5,,,v
commercial-industrial,29,Vent Damper Operator Parts,2,3,column_1,,,HW-706
commercial-industrial,29,Vent Damper Operator Parts,2,3,column_2,,,Vent Pully
commercial-industrial,29,Vent Damper Operator Parts,2,3,column_3,,,Each
commercial-industrial,29,Vent Damper Operator Parts,2,3,column_4,,,254
commercial-industrial,29,Vent Damper Operator Parts,2,3,column_5,,,v
commercial-industrial,29,Vent Damper Operator Parts,2,4,column_1,,,HW-708
commercial-industrial,29,Vent Damper Operator Parts,2,4,column_2,,,Vent Cable Clamp
commercial-industrial,29,Vent Damper Operator Parts,2,4,column_3,,,Each
commercial-industrial,29,Vent Damper Operator Parts,2,4,column_4,,,10#
commercial-industrial,29,Vent Damper Operator Parts,2,4,column_5,,,v
commercial-industrial,29,Vent Damper Operator Parts,2,5,column_1,,,HW-710
commercial-industrial,29,Vent Damper Operator Parts,2,5,column_2,,,"Vent Eve Bolt (4"" x 2"")"
commercial-industrial,29,Vent Damper Operator Parts,2,5,column_3,,,Each
commercial-industrial,29,Vent Damper Operator Parts,2,5,column_4,,,10#
commercial-industrial,29,Vent Damper Operator Parts,2,5,column_5,,,v
commercial-industrial,29,Vent Damper Operator Parts,2,6,column_1,,,HW-712
commercial-industrial,29,Vent Damper Operator Parts,2,6,column_2,,,Vent Pull Chain with Handle
commercial-industrial,29,Vent Damper Operator Parts,2,6,column_3,,,"3'-0"" Section"
commercial-industrial,29,Vent Damper Operator Parts,2,6,column_4,,,1.00#
commercial-industrial,29,Vent Damper Operator Parts,2,6,column_5,,,v
commercial-industrial,29,Vent Damper Operator Parts,2,7,column_1,,,HW-714
commercial-industrial,29,Vent Damper Operator Parts,2,7,column_2,,,"Vent ""S"" Hook (1 72"")"
commercial-industrial,29,Vent Damper Operator Parts,2,7,column_3,,,Each
commercial-industrial,29,Vent Damper Operator Parts,2,7,column_4,,,01#
commercial-industrial,29,Vent Damper Operator Parts,2,7,column_5,,,v
commercial-industrial,30,Die-Formed Ridge Cap,0,0,part,PART #,DESCRIPTION,FL-49
commercial-industrial,30,Die-Formed Ridge Cap,0,0,profile,PROFILE,DESCRIPTION,PBR *
commercial-industrial,30,Die-Formed Ridge Cap,0,0,length,LENGTH,DESCRIPTION,"21.6"""
commercial-industrial,30,Die-Formed Ridge Cap,0,0,gauge,GAUGE,DESCRIPTION,26
commercial-industrial,30,Die-Formed Ridge Cap,0,0,weight_each,WEIGHT EACH,DESCRIPTION,7.134
commercial-industrial,30,Die-Formed Ridge Cap,0,0,galvalume_plus,GALVALUME® PLUS,PRICED PER EACH,✓
commercial-industrial,30,Die-Formed Ridge Cap,0,0,signature_200,SIGNATURE® 200,PRICED PER EACH,✓
commercial-industrial,30,Die-Formed Ridge Cap,0,0,signature_300,SIGNATURE® 300,PRICED PER EACH,✓
commercial-industrial,30,Die-Formed Ridge Cap,0,1,part,PART #,DESCRIPTION,FL-51
commercial-industrial,30,Die-Formed Ridge Cap,0,1,profile,PROFILE,DESCRIPTION,PBR *
commercial-industrial,30,Die-Formed Ridge Cap,0,1,length,LENGTH,DESCRIPTION,"3'-E"""
commercial-industrial,30,Die-Formed Ridge Cap,0,1,gauge,GAUGE,DESCRIPTION,26
commercial-industrial,30,Die-Formed Ridge Cap,0,1,weight_each,WEIGHT EACH,DESCRIPTION,8.55#
commercial-industrial,30,Die-Formed Ridge Cap,0,1,galvalume_plus,GALVALUME® PLUS,PRICED PER EACH,✓
commercial-industrial,30,Die-Formed Ridge Cap,0,1,signature_200,SIGNATURE® 200,PRICED PER EACH,✓
commercial-industrial,30,Die-Formed Ridge Cap,0,1,signature_300,SIGNATURE® 300,PRICED PER EACH,✓
commercial-industrial,30,Die-Formed Ridge Cap,0,2,part,PART #,DESCRIPTION,FL-50
commercial-industrial,30,Die-Formed Ridge Cap,0,2,profile,PROFILE,DESCRIPTION,PBU *
commercial-industrial,30,Die-Formed Ridge Cap,0,2,length,LENGTH,DESCRIPTION,"21-6"""
commercial-industrial,30,Die-Formed Ridge Cap,0,2,gauge,GAUGE,DESCRIPTION,26
commercial-industrial,30,Die-Formed Ridge Cap,0,2,weight_each,WEIGHT EACH,DESCRIPTION,7.134
commercial-industrial,30,Die-Formed Ridge Cap,0,2,galvalume_plus,GALVALUME® PLUS,PRICED PER EACH,✓
commercial-industrial,30,Die-Formed Ridge Cap,0,2,signature_200,SIGNATURE® 200,PRICED PER EACH,✓
commercial-industrial,30,Die-Formed Ridge Cap,0,2,signature_300,SIGNATURE® 300,PRICED PER EACH,✓
commercial-industrial,30,Die-Formed Ridge Cap,0,3,part,PART #,DESCRIPTION,FL-52
commercial-industrial,30,Die-Formed Ridge Cap,0,3,profile,PROFILE,DESCRIPTION,PBU *
commercial-industrial,30,Die-Formed Ridge Cap,0,3,length,LENGTH,DESCRIPTION,"3'-0"""
commercial-industrial,30,Die-Formed Ridge Cap,0,3,gauge,GAUGE,DESCRIPTION,26
commercial-industrial,30,Die-Formed Ridge Cap,0,3,weight_each,WEIGHT EACH,DESCRIPTION,8.55#
commercial-industrial,30,Die-Formed Ridge Cap,0,3,galvalume_plus,GALVALUME® PLUS,PRICED PER EACH,✓
commercial-industrial,30,Die-Formed Ridge Cap,0,3,signature_200,SIGNATURE® 200,PRICED PER EACH,✓
commercial-industrial,30,Die-Formed Ridge Cap,0,3,signature_300,SIGNATURE® 300,PRICED PER EACH,✓
commercial-industrial,30,Die-Formed Ridge Cap,0,4,part,PART #,DESCRIPTION,FL-68
commercial-industrial,30,Die-Formed Ridge Cap,0,4,profile,PROFILE,DESCRIPTION,"7,2 Panel **"
commercial-industrial,30,Die-Formed Ridge Cap,0,4,length,LENGTH,DESCRIPTION,"3'-0"""
commercial-industrial,30,Die-Formed Ridge Cap,0,4,gauge,GAUGE,DESCRIPTION,26
commercial-industrial,30,Die-Formed Ridge Cap,0,4,weight_each,WEIGHT EACH,DESCRIPTION,9.394
commercial-industrial,30,Die-Formed Ridge Cap,0,4,galvalume_plus,GALVALUME® PLUS,PRICED PER EACH,✓
commercial-industrial,30,Die-Formed Ridge Cap,0,4,signature_200,SIGNATURE® 200,PRICED PER EACH,✓
commercial-industrial,30,Die-Formed Ridge Cap,0,4,signature_300,SIGNATURE® 300,PRICED PER EACH,N/A
commercial-industrial,30,Die-Formed Ridge Cap - Retro-R®,1,0,part,PART #,DESCRIPTION,FL-53B
commercial-industrial,30,Die-Formed Ridge Cap - Retro-R®,1,0,profile,PROFILE,DESCRIPTION,Retro-R®
commercial-industrial,30,Die-Formed Ridge Cap - Retro-R®,1,0,length,LENGTH,DESCRIPTION,"3'-0"""
commercial-industrial,30,Die-Formed Ridge Cap - Retro-R®,1,0,gauge,GAUGE,DESCRIPTION,29
commercial-industrial,30,Die-Formed Ridge Cap - Retro-R®,1,0,weight_each,WEIGHT EACH,DESCRIPTION,6.754
commercial-industrial,30,Die-Formed Ridge Cap - Retro-R®,1,0,galvalume_plus,GALVALUME® PLUS,PRICED PER EACH,✓
commercial-industrial,30,Die-Formed Ridge Cap - Retro-R®,1,0,signature_200,SIGNATURE® 200,PRICED PER EACH,✓
commercial-industrial,30,Die-Formed Ridge Cap - Retro-R®,1,0,signature_300,SIGNATURE® 300,PRICED PER EACH,N/A
commercial-industrial,31,Rubber Roof Jack,0,0,part,PART #,DESCRIPTION,HW-1000
commercial-industrial,31,Rubber Roof Jack,0,0,temperature_range,"TEMPERATURE
RANGE",DESCRIPTION,-65°F to +212°F
commercial-industrial,31,Rubber Roof Jack,0,0,pipe_size,PIPE SIZE,DESCRIPTION,"Ya"" - 12"""
commercial-industrial,31,Rubber Roof Jack,0,0,base_dim,BASE DIM.,DESCRIPTION,4
commercial-industrial,31,Rubber Roof Jack,0,0,weight_each,WEIGHT EACH,DESCRIPTION,17#
commercial-industrial,31,Rubber Roof Jack,0,0,price,PRICE,,✓
commercial-industrial,31,Rubber Roof Jack,0,1,part,PART #,DESCRIPTION,HW-1001
commercial-industrial,31,Rubber Roof Jack,0,1,temperature_range,"TEMPERATURE
RANGE",DESCRIPTION,-65°F to +212°F
commercial-industrial,31,Rubber Roof Jack,0,1,pipe_size,PIPE SIZE,DESCRIPTION,"1%"" - 4"""
commercial-industrial,31,Rubber Roof Jack,0,1,base_dim,BASE DIM.,DESCRIPTION,8
commercial-industrial,31,Rubber Roof Jack,0,1,weight_each,WEIGHT EACH,DESCRIPTION,0
commercial-industrial,31,Rubber Roof Jack,0,1,price,PRICE,,✓
commercial-industrial,31,Rubber Roof Jack,0,2,part,PART #,DESCRIPTION,HW-1002
commercial-industrial,31,Rubber Roof Jack,0,2,temperature_range,"TEMPERATURE
RANGE",DESCRIPTION,-65°F to +212°F
commercial-industrial,31,Rubber Roof Jack,0,2,pipe_size,PIPE SIZE,DESCRIPTION,"AYA"" _ 6"""
commercial-industrial,31,Rubber Roof Jack,0,2,base_dim,BASE DIM.,DESCRIPTION,"41"""
commercial-industrial,31,Rubber Roof Jack,0,2,weight_each,WEIGHT EACH,DESCRIPTION,5#
commercial-industrial,31,Rubber Roof Jack,0,2,price,PRICE,,✓
commercial-industrial,31,Rubber Roof Jack,0,3,part,PART #,DESCRIPTION,HW-1003
commercial-industrial,31,Rubber Roof Jack,0,3,temperature_range,"TEMPERATURE
RANGE",DESCRIPTION,-65°F to +212°F
commercial-industrial,31,Rubber Roof Jack,0,3,pipe_size,PIPE SIZE,DESCRIPTION,"6"" - 11"""
commercial-industrial,31,Rubber Roof Jack,0,3,base_dim,BASE DIM.,DESCRIPTION,"14"""
commercial-industrial,31,Rubber Roof Jack,0,3,weight_each,WEIGHT EACH,DESCRIPTION,1.55#
commercial-industrial,31,Rubber Roof Jack,0,3,price,PRICE,,✓
commercial-industrial,31,Rubber Roof Jack,0,4,part,PART #,DESCRIPTION,HW-1004
commercial-industrial,31,Rubber Roof Jack,0,4,temperature_range,"TEMPERATURE
RANGE",DESCRIPTION,-65°F to +212°F
commercial-industrial,31,Rubber Roof Jack,0,4,pipe_size,PIPE SIZE,DESCRIPTION,"7"" . 4 3"""
commercial-industrial,31,Rubber Roof Jack,0,4,base_dim,BASE DIM.,DESCRIPTION,"17"""
commercial-industrial,31,Rubber Roof Jack,0,4,weight_each,WEIGHT EACH,DESCRIPTION,2.564
commercial-industrial,31,Rubber Roof Jack,0,4,price,PRICE,,✓
commercial-industrial,31,Rubber Roof Jack,1,0,column_2,,,HIGH TEMPERATUF
commercial-industrial,31,Rubber Roof Jack,1,0,column_3,,,E
commercial-industrial,31,Rubber Roof Jack,1,1,column_1,,,-100°F to +437°F
commercial-industrial,31,Rubber Roof Jack,1,1,column_2,,,"Y,"" _ 4A"""
commercial-industrial,31,Rubber Roof Jack,1,1,column_3,,,8
commercial-industrial,31,Rubber Roof Jack,1,1,column_4,,,0
commercial-industrial,31,Rubber Roof Jack,1,1,column_5,,,v
commercial-industrial,31,Rubber Roof Jack,1,2,column_1,,,-100°F to +437°F
commercial-industrial,31,Rubber Roof Jack,1,2,column_2,,,"4%"" -7"""
commercial-industrial,31,Rubber Roof Jack,1,2,column_3,,,"141"""
commercial-industrial,31,Rubber Roof Jack,1,2,column_4,,,95#
commercial-industrial,31,Rubber Roof Jack,1,2,column_5,,,v
commercial-industrial,31,Rubber Roof Jack,1,3,column_1,,,-100°F to +437°F
commercial-industrial,31,Rubber Roof Jack,1,3,column_2,,,"7"" _ 1 3"""
commercial-industrial,31,Rubber Roof Jack,1,3,column_3,,,"17"""
commercial-industrial,31,Rubber Roof Jack,1,3,column_4,,,2.560#
commercial-industrial,31,Rubber Roof Jack,1,3,column_5,,,v
commercial-industrial,31,Rubber Roof Jack,1,4,column_1,,,-100°F to +437°F
commercial-industrial,31,Rubber Roof Jack,1,4,column_2,,,"10"" . 18"""
commercial-industrial,31,Rubber Roof Jack,1,4,column_3,,,"25"""
commercial-industrial,31,Rubber Roof Jack,1,4,column_4,,,3.86#
commercial-industrial,31,Rubber Roof Jack,1,4,column_5,,,v
commercial-industrial,31,Retrofit Rubber Roof Jack,2,0,part,PART #,DESCRIPTION,HW-1005
commercial-industrial,31,Retrofit Rubber Roof Jack,2,0,temperature_range,"TEMPERATURE
RANGE",DESCRIPTION,-65°F to +212°F
commercial-industrial,31,Retrofit Rubber Roof Jack,2,0,pipe_size,PIPE SIZE,DESCRIPTION,"Ya"" _ 4A"""
commercial-industrial,31,Retrofit Rubber Roof Jack,2,0,base_dim,BASE DIM.,DESCRIPTION,"B8%e"""
commercial-industrial,31,Retrofit Rubber Roof Jack,2,0,weight_each,WEIGHT EACH,DESCRIPTION,TAH
commercial-industrial,31,Retrofit Rubber Roof Jack,2,0,price,PRICE,,✓
commercial-industrial,31,Retrofit Rubber Roof Jack,2,1,part,PART #,DESCRIPTION,HW-1006
commercial-industrial,31,Retrofit Rubber Roof Jack,2,1,temperature_range,"TEMPERATURE
RANGE",DESCRIPTION,-65°F to +212°F
commercial-industrial,31,Retrofit Rubber Roof Jack,2,1,pipe_size,PIPE SIZE,DESCRIPTION,"4"" _ OY"""
commercial-industrial,31,Retrofit Rubber Roof Jack,2,1,base_dim,BASE DIM.,DESCRIPTION,"14%"""
commercial-industrial,31,Retrofit Rubber Roof Jack,2,1,weight_each,WEIGHT EACH,DESCRIPTION,2.20#
commercial-industrial,31,Retrofit Rubber Roof Jack,2,1,price,PRICE,,✓
commercial-industrial,31,Retrofit Rubber Roof Jack,2,2,part,PART #,DESCRIPTION,HW-1007
commercial-industrial,31,Retrofit Rubber Roof Jack,2,2,temperature_range,"TEMPERATURE
RANGE",DESCRIPTION,-65°F to +212°F
commercial-industrial,31,Retrofit Rubber Roof Jack,2,2,pipe_size,PIPE SIZE,DESCRIPTION,"9%"" - 16%"""
commercial-industrial,31,Retrofit Rubber Roof Jack,2,2,base_dim,BASE DIM.,DESCRIPTION,"21%"""
commercial-industrial,31,Retrofit Rubber Roof Jack,2,2,weight_each,WEIGHT EACH,DESCRIPTION,3./8#
commercial-industrial,31,Retrofit Rubber Roof Jack,2,2,price,PRICE,,✓
commercial-industrial,31,Retrofit Rubber Roof Jack,3,0,column_2,,,HIGH TEMPERATUF
commercial-industrial,31,Retrofit Rubber Roof Jack,3,0,column_3,,,E
commercial-industrial,31,Retrofit Rubber Roof Jack,3,1,column_1,,,-100°F to +437°F
commercial-industrial,31,Retrofit Rubber Roof Jack,3,1,column_2,,,"YQ"" . A"""
commercial-industrial,31,Retrofit Rubber Roof Jack,3,1,column_3,,,8H6'
commercial-industrial,31,Retrofit Rubber Roof Jack,3,1,column_4,,,14#
commercial-industrial,31,Retrofit Rubber Roof Jack,3,1,column_5,,,v
commercial-industrial,31,Retrofit Rubber Roof Jack,3,2,column_1,,,-100°F to +437°F
commercial-industrial,31,Retrofit Rubber Roof Jack,3,2,column_2,,,"4"" _ 9%"""
commercial-industrial,31,Retrofit Rubber Roof Jack,3,2,column_3,,,"14%"""
commercial-industrial,31,Retrofit Rubber Roof Jack,3,2,column_4,,,2.204
commercial-industrial,31,Retrofit Rubber Roof Jack,3,2,column_5,,,v
commercial-industrial,31,Retrofit Rubber Roof Jack,3,3,column_1,,,-100°F to +437°F
commercial-industrial,31,Retrofit Rubber Roof Jack,3,3,column_2,,,"9%"" - 16%"""
commercial-industrial,31,Retrofit Rubber Roof Jack,3,3,column_3,,,"21%"""
commercial-industrial,31,Retrofit Rubber Roof Jack,3,3,column_4,,,3.78#
commercial-industrial,31,Retrofit Rubber Roof Jack,3,3,column_5,,,v
commercial-industrial,32,PBR Panel Closure Strip,0,0,part,PART #,DESCRIPTION,HW-455
commercial-industrial,32,PBR Panel Closure Strip,0,0,type,TYPE,DESCRIPTION,Inside
commercial-industrial,32,PBR Panel Closure Strip,0,0,adhesive,ADHESIVE?,DESCRIPTION,No
commercial-industrial,32,PBR Panel Closure Strip,0,0,size,SIZE,DESCRIPTION,"1 W 4 36"""
commercial-industrial,32,PBR Panel Closure Strip,0,0,weight_each,WEIGHT EACH,DESCRIPTION,OAH
commercial-industrial,32,PBR Panel Closure Strip,0,0,price,PRICE,,✓
commercial-industrial,32,PBR Panel Closure Strip,0,1,part,PART #,DESCRIPTION,HW-456
commercial-industrial,32,PBR Panel Closure Strip,0,1,type,TYPE,DESCRIPTION,Outside
commercial-industrial,32,PBR Panel Closure Strip,0,1,adhesive,ADHESIVE?,DESCRIPTION,Yes
commercial-industrial,32,PBR Panel Closure Strip,0,1,size,SIZE,DESCRIPTION,"4 W x 36"""
commercial-industrial,32,PBR Panel Closure Strip,0,1,weight_each,WEIGHT EACH,DESCRIPTION,O8#
commercial-industrial,32,PBR Panel Closure Strip,0,1,price,PRICE,,✓
commercial-industrial,32,PBU Panel Closure Strip,1,0,part,PART #,DESCRIPTION,HW-459
commercial-industrial,32,PBU Panel Closure Strip,1,0,type,TYPE,DESCRIPTION,Inside
commercial-industrial,32,PBU Panel Closure Strip,1,0,adhesive,ADHESIVE?,DESCRIPTION,No
commercial-industrial,32,PBU Panel Closure Strip,1,0,size,SIZE,DESCRIPTION,"1 W xX 36"""
commercial-industrial,32,PBU Panel Closure Strip,1,0,weight_each,WEIGHT EACH,DESCRIPTION,O4#
commercial-industrial,32,PBU Panel Closure Strip,1,0,price,PRICE,,✓
commercial-industrial,32,PBU Panel Closure Strip,1,1,part,PART #,DESCRIPTION,HW-460
commercial-industrial,32,PBU Panel Closure Strip,1,1,type,TYPE,DESCRIPTION,Outside
commercial-industrial,32,PBU Panel Closure Strip,1,1,adhesive,ADHESIVE?,DESCRIPTION,Yes
commercial-industrial,32,PBU Panel Closure Strip,1,1,size,SIZE,DESCRIPTION,"1 W xX 36"""
commercial-industrial,32,PBU Panel Closure Strip,1,1,weight_each,WEIGHT EACH,DESCRIPTION,O6#
commercial-industrial,32,PBU Panel Closure Strip,1,1,price,PRICE,,✓
commercial-industrial,32,AVP Panel Closure Strip,2,0,part,PART #,DESCRIPTION,HW-464
commercial-industrial,32,AVP Panel Closure Strip,2,0,type,TYPE,DESCRIPTION,Inside
commercial-industrial,32,AVP Panel Closure Strip,2,0,adhesive,ADHESIVE?,DESCRIPTION,No
commercial-industrial,32,AVP Panel Closure Strip,2,0,size,SIZE,DESCRIPTION,"1 W 4 36"""
commercial-industrial,32,AVP Panel Closure Strip,2,0,weight_each,WEIGHT EACH,DESCRIPTION,O7#
commercial-industrial,32,AVP Panel Closure Strip,2,0,price,PRICE,,✓
commercial-industrial,32,AVP Panel Closure Strip,2,1,part,PART #,DESCRIPTION,HW-465
commercial-industrial,32,AVP Panel Closure Strip,2,1,type,TYPE,DESCRIPTION,Outside
commercial-industrial,32,AVP Panel Closure Strip,2,1,adhesive,ADHESIVE?,DESCRIPTION,Yes
commercial-industrial,32,AVP Panel Closure Strip,2,1,size,SIZE,DESCRIPTION,"4 W x 36"""
commercial-industrial,32,AVP Panel Closure Strip,2,1,weight_each,WEIGHT EACH,DESCRIPTION,O7#
commercial-industrial,32,AVP Panel Closure Strip,2,1,price,PRICE,,✓
commercial-industrial,33,PBC Panel Closure Strip,0,0,part,PART #,DESCRIPTION,HW-462
commercial-industrial,33,PBC Panel Closure Strip,0,0,type,TYPE,DESCRIPTION,Inside or Outside
commercial-industrial,33,PBC Panel Closure Strip,0,0,adhesive,ADHESIVE?,DESCRIPTION,Yes
commercial-industrial,33,PBC Panel Closure Strip,0,0,size,SIZE,DESCRIPTION,"4 "" x 32"""
commercial-industrial,33,PBC Panel Closure Strip,0,0,weight_each,WEIGHT EACH,DESCRIPTION,O5#
commercial-industrial,33,PBC Panel Closure Strip,0,0,price,PRICE,,✓
commercial-industrial,33,PBD Panel Closure Strip,1,0,part,PART #,DESCRIPTION,HW-463
commercial-industrial,33,PBD Panel Closure Strip,1,0,type,TYPE,DESCRIPTION,Inside or Outside
commercial-industrial,33,PBD Panel Closure Strip,1,0,adhesive,ADHESIVE?,DESCRIPTION,Yes
commercial-industrial,33,PBD Panel Closure Strip,1,0,size,SIZE,DESCRIPTION,"1 W 4 33"""
commercial-industrial,33,PBD Panel Closure Strip,1,0,weight_each,WEIGHT EACH,DESCRIPTION,O4#
commercial-industrial,33,PBD Panel Closure Strip,1,0,price,PRICE,,✓
commercial-industrial,33,7.2 Panel Closure Strip,2,0,part,PART #,DESCRIPTION,HW-461
commercial-industrial,33,7.2 Panel Closure Strip,2,0,type,TYPE,DESCRIPTION,Inside or Outside
commercial-industrial,33,7.2 Panel Closure Strip,2,0,adhesive,ADHESIVE?,DESCRIPTION,No
commercial-industrial,33,7.2 Panel Closure Strip,2,0,size,SIZE,DESCRIPTION,"1 "" Xx 36"""
commercial-industrial,33,7.2 Panel Closure Strip,2,0,weight_each,WEIGHT EACH,DESCRIPTION,O7#
commercial-industrial,33,7.2 Panel Closure Strip,2,0,price,PRICE,,✓
commercial-industrial,33,Retro-R® Panel Closure Strip,3,0,part,PART #,DESCRIPTION,HW-468
commercial-industrial,33,Retro-R® Panel Closure Strip,3,0,type,TYPE,DESCRIPTION,Inside
commercial-industrial,33,Retro-R® Panel Closure Strip,3,0,adhesive,ADHESIVE?,DESCRIPTION,No
commercial-industrial,33,Retro-R® Panel Closure Strip,3,0,size,SIZE,DESCRIPTION,"1 W 4 36"""
commercial-industrial,33,Retro-R® Panel Closure Strip,3,0,weight_each,WEIGHT EACH,DESCRIPTION,21#
commercial-industrial,33,Retro-R® Panel Closure Strip,3,0,price,PRICE,,✓
commercial-industrial,33,Retro-R® Panel Closure Strip,3,1,part,PART #,DESCRIPTION,HW-469
commercial-industrial,33,Retro-R® Panel Closure Strip,3,1,type,TYPE,DESCRIPTION,Outside
commercial-industrial,33,Retro-R® Panel Closure Strip,3,1,adhesive,ADHESIVE?,DESCRIPTION,Yes
commercial-industrial,33,Retro-R® Panel Closure Strip,3,1,size,SIZE,DESCRIPTION,"1 W 4 36"""
commercial-industrial,33,Retro-R® Panel Closure Strip,3,1,weight_each,WEIGHT EACH,DESCRIPTION,1S
commercial-industrial,33,Retro-R® Panel Closure Strip,3,1,price,PRICE,,✓
commercial-industrial,33,PBR Panel Metal Closure,4,0,column_1,,,DESCRIPTION
commercial-industrial,33,PBR Panel Metal Closure,4,0,column_5,,,PRICED PER EACH
commercial-industrial,33,PBR Panel Metal Closure,4,1,column_1,,,SIZE
commercial-industrial,33,PBR Panel Metal Closure,4,1,column_2,,,TYPE
commercial-industrial,33,PBR Panel Metal Closure,4,1,column_3,,,FINISH
commercial-industrial,33,PBR Panel Metal Closure,4,1,column_4,,,WEIGHT EACH
commercial-industrial,33,PBR Panel Metal Closure,4,1,column_5,,,PRICE
commercial-industrial,33,PBR Panel Metal Closure,4,2,column_1,,,HW-4041
commercial-industrial,33,PBR Panel Metal Closure,4,2,column_2,,,Outside
commercial-industrial,33,PBR Panel Metal Closure,4,2,column_3,,,Galvalume
commercial-industrial,33,PBR Panel Metal Closure,4,2,column_4,,,16#
commercial-industrial,33,PBR Panel Metal Closure,4,2,column_5,,,v
commercial-industrial,34,Horizontal Slide Window - Non Insulated,0,0,part,PART #,DESCRIPTION,HW-802R
commercial-industrial,34,Horizontal Slide Window - Non Insulated,0,0,size,SIZE,DESCRIPTION,3030
commercial-industrial,34,Horizontal Slide Window - Non Insulated,0,0,type,TYPE,DESCRIPTION,Horiz. Slide w/Half Screen
commercial-industrial,34,Horizontal Slide Window - Non Insulated,0,0,color,COLOR,DESCRIPTION,Aluminum
commercial-industrial,34,Horizontal Slide Window - Non Insulated,0,0,weight_each,WEIGHT EACH,DESCRIPTION,27.00#
commercial-industrial,34,Horizontal Slide Window - Non Insulated,0,0,price,PRICE,,✓
commercial-industrial,34,Horizontal Slide Window - Non Insulated,0,1,part,PART #,DESCRIPTION,HW-802U
commercial-industrial,34,Horizontal Slide Window - Non Insulated,0,1,size,SIZE,DESCRIPTION,3030
commercial-industrial,34,Horizontal Slide Window - Non Insulated,0,1,type,TYPE,DESCRIPTION,Horiz. Slide w/Half Screen
commercial-industrial,34,Horizontal Slide Window - Non Insulated,0,1,color,COLOR,DESCRIPTION,Aluminum
commercial-industrial,34,Horizontal Slide Window - Non Insulated,0,1,weight_each,WEIGHT EACH,DESCRIPTION,27.00#
commercial-industrial,34,Horizontal Slide Window - Non Insulated,0,1,price,PRICE,,✓
commercial-industrial,34,Horizontal Slide Window - Non Insulated,0,2,part,PART #,DESCRIPTION,HW-804R
commercial-industrial,34,Horizontal Slide Window - Non Insulated,0,2,size,SIZE,DESCRIPTION,4030
commercial-industrial,34,Horizontal Slide Window - Non Insulated,0,2,type,TYPE,DESCRIPTION,Horiz. Slide w/Half Screen
commercial-industrial,34,Horizontal Slide Window - Non Insulated,0,2,color,COLOR,DESCRIPTION,Aluminum
commercial-industrial,34,Horizontal Slide Window - Non Insulated,0,2,weight_each,WEIGHT EACH,DESCRIPTION,28.00#
commercial-industrial,34,Horizontal Slide Window - Non Insulated,0,2,price,PRICE,,✓
commercial-industrial,34,Horizontal Slide Window - Non Insulated,0,3,part,PART #,DESCRIPTION,HW-808R
commercial-industrial,34,Horizontal Slide Window - Non Insulated,0,3,size,SIZE,DESCRIPTION,6030
commercial-industrial,34,Horizontal Slide Window - Non Insulated,0,3,type,TYPE,DESCRIPTION,Horiz. Slide w/Half Screen
commercial-industrial,34,Horizontal Slide Window - Non Insulated,0,3,color,COLOR,DESCRIPTION,Aluminum
commercial-industrial,34,Horizontal Slide Window - Non Insulated,0,3,weight_each,WEIGHT EACH,DESCRIPTION,50.00#
commercial-industrial,34,Horizontal Slide Window - Non Insulated,0,3,price,PRICE,,✓
commercial-industrial,34,Horizontal Slide Window - Non Insulated,0,4,part,PART #,DESCRIPTION,HW-810R
commercial-industrial,34,Horizontal Slide Window - Non Insulated,0,4,size,SIZE,DESCRIPTION,6040
commercial-industrial,34,Horizontal Slide Window - Non Insulated,0,4,type,TYPE,DESCRIPTION,Horiz. Slide w/Half Screen
commercial-industrial,34,Horizontal Slide Window - Non Insulated,0,4,color,COLOR,DESCRIPTION,Aluminum
commercial-industrial,34,Horizontal Slide Window - Non Insulated,0,4,weight_each,WEIGHT EACH,DESCRIPTION,58.00#
commercial-industrial,34,Horizontal Slide Window - Non Insulated,0,4,price,PRICE,,✓
commercial-industrial,34,Single Hung Window - Non Insulated,1,0,part,PART #,DESCRIPTION,HW-820R
commercial-industrial,34,Single Hung Window - Non Insulated,1,0,size,SIZE,DESCRIPTION,3030
commercial-industrial,34,Single Hung Window - Non Insulated,1,0,type,TYPE,DESCRIPTION,Single Hung w/Half Screen
commercial-industrial,34,Single Hung Window - Non Insulated,1,0,color,COLOR,DESCRIPTION,Aluminum
commercial-industrial,34,Single Hung Window - Non Insulated,1,0,weight_each,WEIGHT EACH,DESCRIPTION,27.00#
commercial-industrial,34,Single Hung Window - Non Insulated,1,0,price,PRICE,,✓
commercial-industrial,34,Single Hung Window - Non Insulated,1,1,part,PART #,DESCRIPTION,HW-822R
commercial-industrial,34,Single Hung Window - Non Insulated,1,1,size,SIZE,DESCRIPTION,3040
commercial-industrial,34,Single Hung Window - Non Insulated,1,1,type,TYPE,DESCRIPTION,Single Hung w/Half Screen
commercial-industrial,34,Single Hung Window - Non Insulated,1,1,color,COLOR,DESCRIPTION,Aluminum
commercial-industrial,34,Single Hung Window - Non Insulated,1,1,weight_each,WEIGHT EACH,DESCRIPTION,30.00#
commercial-industrial,34,Single Hung Window - Non Insulated,1,1,price,PRICE,,✓
commercial-industrial,34,Single Hung Window - Non Insulated,1,2,part,PART #,DESCRIPTION,HW-824R
commercial-industrial,34,Single Hung Window - Non Insulated,1,2,size,SIZE,DESCRIPTION,3050
commercial-industrial,34,Single Hung Window - Non Insulated,1,2,type,TYPE,DESCRIPTION,Single Hung w/Half Screen
commercial-industrial,34,Single Hung Window - Non Insulated,1,2,color,COLOR,DESCRIPTION,Aluminum
commercial-industrial,34,Single Hung Window - Non Insulated,1,2,weight_each,WEIGHT EACH,DESCRIPTION,45.00#
commercial-industrial,34,Single Hung Window - Non Insulated,1,2,price,PRICE,,✓
commercial-industrial,35,Walk Doors,1,0,part,PART #,DESCRIPTION,HW-9200
commercial-industrial,35,Walk Doors,1,0,size,SIZE,DESCRIPTION,3070
commercial-industrial,35,Walk Doors,1,0,type,TYPE,DESCRIPTION,M
commercial-industrial,35,Walk Doors,1,0,color,COLOR,DESCRIPTION,White
commercial-industrial,35,Walk Doors,1,0,weight_each,WEIGHT EACH,DESCRIPTION,162.00#
commercial-industrial,35,Walk Doors,1,0,price,PRICE,,✓
commercial-industrial,35,Walk Doors,1,1,part,PART #,DESCRIPTION,HW-9201
commercial-industrial,35,Walk Doors,1,1,size,SIZE,DESCRIPTION,3070
commercial-industrial,35,Walk Doors,1,1,type,TYPE,DESCRIPTION,NL
commercial-industrial,35,Walk Doors,1,1,color,COLOR,DESCRIPTION,White
commercial-industrial,35,Walk Doors,1,1,weight_each,WEIGHT EACH,DESCRIPTION,162.00#
commercial-industrial,35,Walk Doors,1,1,price,PRICE,,✓
commercial-industrial,35,Walk Doors,1,2,part,PART #,DESCRIPTION,HW-9202
commercial-industrial,35,Walk Doors,1,2,size,SIZE,DESCRIPTION,3070
commercial-industrial,35,Walk Doors,1,2,type,TYPE,DESCRIPTION,M (Insulated)
commercial-industrial,35,Walk Doors,1,2,color,COLOR,DESCRIPTION,White
commercial-industrial,35,Walk Doors,1,2,weight_each,WEIGHT EACH,DESCRIPTION,162.00#
commercial-industrial,35,Walk Doors,1,2,price,PRICE,,✓
commercial-industrial,35,Walk Doors,1,3,part,PART #,DESCRIPTION,HW-9203
commercial-industrial,35,Walk Doors,1,3,size,SIZE,DESCRIPTION,3070
commercial-industrial,35,Walk Doors,1,3,type,TYPE,DESCRIPTION,G (No Glass)
commercial-industrial,35,Walk Doors,1,3,color,COLOR,DESCRIPTION,White
commercial-industrial,35,Walk Doors,1,3,weight_each,WEIGHT EACH,DESCRIPTION,162.00#
commercial-industrial,35,Walk Doors,1,3,price,PRICE,,✓
commercial-industrial,35,Walk Doors,1,4,part,PART #,DESCRIPTION,HW-9204
commercial-industrial,35,Walk Doors,1,4,size,SIZE,DESCRIPTION,4070
commercial-industrial,35,Walk Doors,1,4,type,TYPE,DESCRIPTION,M
commercial-industrial,35,Walk Doors,1,4,color,COLOR,DESCRIPTION,White
commercial-industrial,35,Walk Doors,1,4,weight_each,WEIGHT EACH,DESCRIPTION,218#
commercial-industrial,35,Walk Doors,1,4,price,PRICE,,✓
commercial-industrial,35,Walk Doors,1,5,part,PART #,DESCRIPTION,HW-9205
commercial-industrial,35,Walk Doors,1,5,size,SIZE,DESCRIPTION,4070
commercial-industrial,35,Walk Doors,1,5,type,TYPE,DESCRIPTION,NL
commercial-industrial,35,Walk Doors,1,5,color,COLOR,DESCRIPTION,White
commercial-industrial,35,Walk Doors,1,5,weight_each,WEIGHT EACH,DESCRIPTION,218#
commercial-industrial,35,Walk Doors,1,5,price,PRICE,,✓
commercial-industrial,35,Walk Doors,1,6,part,PART #,DESCRIPTION,HW-9206
commercial-industrial,35,Walk Doors,1,6,size,SIZE,DESCRIPTION,6070
commercial-industrial,35,Walk Doors,1,6,type,TYPE,DESCRIPTION,M
commercial-industrial,35,Walk Doors,1,6,color,COLOR,DESCRIPTION,White
commercial-industrial,35,Walk Doors,1,6,weight_each,WEIGHT EACH,DESCRIPTION,280#
commercial-industrial,35,Walk Doors,1,6,price,PRICE,,✓
commercial-industrial,35,Walk Doors,1,7,part,PART #,DESCRIPTION,HW-9207
commercial-industrial,35,Walk Doors,1,7,size,SIZE,DESCRIPTION,6070
commercial-industrial,35,Walk Doors,1,7,type,TYPE,DESCRIPTION,NL
commercial-industrial,35,Walk Doors,1,7,color,COLOR,DESCRIPTION,White
commercial-industrial,35,Walk Doors,1,7,weight_each,WEIGHT EACH,DESCRIPTION,280#
commercial-industrial,35,Walk Doors,1,7,price,PRICE,,✓
commercial-industrial,35,Walk Door Accessories,2,0,column_1,,,DESCRIPTION
commercial-industrial,35,Walk Door Accessories,2,0,column_5,,,PRICED PER EACH
commercial-industrial,35,Walk Door Accessories,2,1,column_1,,,PART #
commercial-industrial,35,Walk Door Accessories,2,1,column_2,,,DESCRIPTION
commercial-industrial,35,Walk Door Accessories,2,1,column_3,,,COLOR
commercial-industrial,35,Walk Door Accessories,2,1,column_4,,,WEIGHT EACH
commercial-industrial,35,Walk Door Accessories,2,1,column_5,,,PRICE
commercial-industrial,35,Walk Door Accessories,2,2,column_1,,,HW-950
commercial-industrial,35,Walk Door Accessories,2,2,column_2,,,"Ya"" X 2 3%4 Long Wedge Anchor"
commercial-industrial,35,Walk Door Accessories,2,2,column_4,,,0.50#
commercial-industrial,35,Walk Door Accessories,2,2,column_5,,,v
commercial-industrial,35,Walk Door Accessories,2,3,column_1,,,HW-954
commercial-industrial,35,Walk Door Accessories,2,3,column_2,,,6070 Removable Mullion
commercial-industrial,35,Walk Door Accessories,2,3,column_3,,,Bronze
commercial-industrial,35,Walk Door Accessories,2,3,column_4,,,25.00#
commercial-industrial,35,Walk Door Accessories,2,3,column_5,,,v
commercial-industrial,35,Walk Door Accessories,2,4,column_1,,,HW-955
commercial-industrial,35,Walk Door Accessories,2,4,column_2,,,Standard Duty Knob Lock
commercial-industrial,35,Walk Door Accessories,2,4,column_4,,,2.00#
commercial-industrial,35,Walk Door Accessories,2,4,column_5,,,v
commercial-industrial,35,Walk Door Accessories,2,5,column_1,,,HW-9558
commercial-industrial,35,Walk Door Accessories,2,5,column_2,,,Standard Duty Knob Lock - Keyed Alike
commercial-industrial,35,Walk Door Accessories,2,5,column_4,,,2.00#
commercial-industrial,35,Walk Door Accessories,2,5,column_5,,,v
commercial-industrial,35,Walk Door Accessories,2,6,column_1,,,HW-9558
commercial-industrial,35,Walk Door Accessories,2,6,column_2,,,Heavy Duty Knob Lock
commercial-industrial,35,Walk Door Accessories,2,6,column_4,,,3.00#
commercial-industrial,35,Walk Door Accessories,2,6,column_5,,,v
commercial-industrial,35,Walk Door Accessories,3,0,column_1,,,Standard Duty Lever Handle Lock
commercial-industrial,35,Walk Door Accessories,3,0,column_3,,,3.00#
commercial-industrial,35,Walk Door Accessories,3,1,column_1,,,Standard Duty Lever Handle Lock - Keyed Alike
commercial-industrial,35,Walk Door Accessories,3,1,column_3,,,3.00#
commercial-industrial,35,Walk Door Accessories,3,2,column_1,,,3070 Universal Threshold
commercial-industrial,35,Walk Door Accessories,3,2,column_3,,,2.00#
commercial-industrial,35,Walk Door Accessories,3,3,column_1,,,4070 Universal Threshold
commercial-industrial,35,Walk Door Accessories,3,3,column_3,,,2.50#
commercial-industrial,35,Walk Door Accessories,3,4,column_1,,,6070 Top and Bottom Bolts
commercial-industrial,35,Walk Door Accessories,3,4,column_3,,,2.00#
commercial-industrial,35,Walk Door Accessories,3,5,column_1,,,Door Closer
commercial-industrial,35,Walk Door Accessories,3,5,column_2,,,Aluminum
commercial-industrial,35,Walk Door Accessories,3,5,column_3,,,2.00#
commercial-industrial,35,Walk Door Accessories,3,6,column_1,,,"AY"" x 4¥"" Hinges (Box of 3)"
commercial-industrial,35,Walk Door Accessories,3,6,column_3,,,5.00#
commercial-industrial,35,Walk Door Accessories,3,7,column_1,,,Anti-Panic Hardware - Surface Mount w/Knob Lockset
commercial-industrial,35,Walk Door Accessories,3,7,column_3,,,9.67#
commercial-industrial,35,Walk Door Accessories,4,0,column_1,,,Anti-Panic Hardware - Surface Mount w/Handle Lockset
commercial-industrial,35,Walk Door Accessories,4,0,column_3,,,9.95#
commercial-industrial,36,Tape Sealer,0,0,part,PART #,DESCRIPTION,HW-505
commercial-industrial,36,Tape Sealer,0,0,type,TYPE,DESCRIPTION,Butyl
commercial-industrial,36,Tape Sealer,0,0,width,WIDTH,DESCRIPTION,"34"""
commercial-industrial,36,Tape Sealer,0,0,thickness,THICKNESS,DESCRIPTION,"3,29"
commercial-industrial,36,Tape Sealer,0,0,length,LENGTH,DESCRIPTION,"45'-0"""
commercial-industrial,36,Tape Sealer,0,0,roll_weight,ROLL WEIGHT,DESCRIPTION,1.20#
commercial-industrial,36,Tape Sealer,0,0,price,PRICE,,✓
commercial-industrial,36,Tape Sealer,0,1,part,PART #,DESCRIPTION,HW-506
commercial-industrial,36,Tape Sealer,0,1,type,TYPE,DESCRIPTION,Butyl
commercial-industrial,36,Tape Sealer,0,1,width,WIDTH,DESCRIPTION,"4q"""
commercial-industrial,36,Tape Sealer,0,1,thickness,THICKNESS,DESCRIPTION,"329"""
commercial-industrial,36,Tape Sealer,0,1,length,LENGTH,DESCRIPTION,"AS'-Q"""
commercial-industrial,36,Tape Sealer,0,1,roll_weight,ROLL WEIGHT,DESCRIPTION,2.85#
commercial-industrial,36,Tape Sealer,0,1,price,PRICE,,✓
commercial-industrial,36,Tape Sealer,0,2,part,PART #,DESCRIPTION,HW-507
commercial-industrial,36,Tape Sealer,0,2,type,TYPE,DESCRIPTION,Butyl
commercial-industrial,36,Tape Sealer,0,2,width,WIDTH,DESCRIPTION,"YQ"""
commercial-industrial,36,Tape Sealer,0,2,thickness,THICKNESS,DESCRIPTION,"32"""
commercial-industrial,36,Tape Sealer,0,2,length,LENGTH,DESCRIPTION,"50'-0"""
commercial-industrial,36,Tape Sealer,0,2,roll_weight,ROLL WEIGHT,DESCRIPTION,1.60#
commercial-industrial,36,Tape Sealer,0,2,price,PRICE,,✓
commercial-industrial,36,Tape Sealer - Triple Bead,1,0,part,PART #,DESCRIPTION,HW-502
commercial-industrial,36,Tape Sealer - Triple Bead,1,0,type,TYPE,DESCRIPTION,Butyl
commercial-industrial,36,Tape Sealer - Triple Bead,1,0,width,WIDTH,DESCRIPTION,"292"""
commercial-industrial,36,Tape Sealer - Triple Bead,1,0,thickness,THICKNESS,DESCRIPTION,"He!"""
commercial-industrial,36,Tape Sealer - Triple Bead,1,0,length,LENGTH,DESCRIPTION,"20'-0"""
commercial-industrial,36,Tape Sealer - Triple Bead,1,0,carton_qty,CARTON QTY,DESCRIPTION,6
commercial-industrial,36,Tape Sealer - Triple Bead,1,0,carton_weight,"CARTON
WEIGHT",DESCRIPTION,23.00#
commercial-industrial,36,Tape Sealer - Triple Bead,1,0,price,PRICE,,✓
commercial-industrial,36,Tape Sealer - Tri-Bead,2,0,part,PART #,DESCRIPTION,HW-504
commercial-industrial,36,Tape Sealer - Tri-Bead,2,0,type,TYPE,DESCRIPTION,Butyl
commercial-industrial,36,Tape Sealer - Tri-Bead,2,0,width,WIDTH,DESCRIPTION,"7p"""
commercial-industrial,36,Tape Sealer - Tri-Bead,2,0,thickness,THICKNESS,DESCRIPTION,"6"""
commercial-industrial,36,Tape Sealer - Tri-Bead,2,0,length,LENGTH,DESCRIPTION,"25'-0"""
commercial-industrial,36,Tape Sealer - Tri-Bead,2,0,carton_qty,CARTON QTY,DESCRIPTION,8
commercial-industrial,36,Tape Sealer - Tri-Bead,2,0,carton_weight,"CARTON
WEIGHT",DESCRIPTION,20.00#
commercial-industrial,36,Tape Sealer - Tri-Bead,2,0,price,PRICE,,✓
commercial-industrial,37,Tube Sealant,0,0,part,PART #,DESCRIPTION,HW-548
commercial-industrial,37,Tube Sealant,0,0,type,TYPE,DESCRIPTION,Acrylic
commercial-industrial,37,Tube Sealant,0,0,color,COLOR,DESCRIPTION,White
commercial-industrial,37,Tube Sealant,0,0,tube_size,TUBE SIZE,DESCRIPTION,11 ounce
commercial-industrial,37,Tube Sealant,0,0,tube_weight,TUBE WEIGHT,DESCRIPTION,15H
commercial-industrial,37,Tube Sealant,0,0,price,PRICE,,✓
commercial-industrial,37,Tube Sealant,0,1,part,PART #,DESCRIPTION,HW-550
commercial-industrial,37,Tube Sealant,0,1,type,TYPE,DESCRIPTION,Acrylic
commercial-industrial,37,Tube Sealant,0,1,color,COLOR,DESCRIPTION,Gray
commercial-industrial,37,Tube Sealant,0,1,tube_size,TUBE SIZE,DESCRIPTION,11 ounce
commercial-industrial,37,Tube Sealant,0,1,tube_weight,TUBE WEIGHT,DESCRIPTION,SDF
commercial-industrial,37,Tube Sealant,0,1,price,PRICE,,✓
commercial-industrial,37,Tube Sealant,0,2,part,PART #,DESCRIPTION,HW-540
commercial-industrial,37,Tube Sealant,0,2,type,TYPE,DESCRIPTION,Urethane
commercial-industrial,37,Tube Sealant,0,2,color,COLOR,DESCRIPTION,White
commercial-industrial,37,Tube Sealant,0,2,tube_size,TUBE SIZE,DESCRIPTION,11 ounce
commercial-industrial,37,Tube Sealant,0,2,tube_weight,TUBE WEIGHT,DESCRIPTION,85H
commercial-industrial,37,Tube Sealant,0,2,price,PRICE,,✓
commercial-industrial,37,Tube Sealant,0,3,part,PART #,DESCRIPTION,HW-541
commercial-industrial,37,Tube Sealant,0,3,type,TYPE,DESCRIPTION,Urethane
commercial-industrial,37,Tube Sealant,0,3,color,COLOR,DESCRIPTION,Gray
commercial-industrial,37,Tube Sealant,0,3,tube_size,TUBE SIZE,DESCRIPTION,11 ounce
commercial-industrial,37,Tube Sealant,0,3,tube_weight,TUBE WEIGHT,DESCRIPTION,85#
commercial-industrial,37,Tube Sealant,0,3,price,PRICE,,✓
commercial-industrial,37,Tube Sealant,0,4,part,PART #,DESCRIPTION,HW-542
commercial-industrial,37,Tube Sealant,0,4,type,TYPE,DESCRIPTION,Urethane
commercial-industrial,37,Tube Sealant,0,4,color,COLOR,DESCRIPTION,Bronze
commercial-industrial,37,Tube Sealant,0,4,tube_size,TUBE SIZE,DESCRIPTION,11 ounce
commercial-industrial,37,Tube Sealant,0,4,tube_weight,TUBE WEIGHT,DESCRIPTION,OOF
commercial-industrial,37,Tube Sealant,0,4,price,PRICE,,✓
commercial-industrial,37,Tube Sealant,0,5,part,PART #,DESCRIPTION,HW-544
commercial-industrial,37,Tube Sealant,0,5,type,TYPE,DESCRIPTION,Urethane
commercial-industrial,37,Tube Sealant,0,5,color,COLOR,DESCRIPTION,Almond
commercial-industrial,37,Tube Sealant,0,5,tube_size,TUBE SIZE,DESCRIPTION,11 ounce
commercial-industrial,37,Tube Sealant,0,5,tube_weight,TUBE WEIGHT,DESCRIPTION,85#
commercial-industrial,37,Tube Sealant,0,5,price,PRICE,,✓
commercial-industrial,37,Tube Sealant,0,6,part,PART #,DESCRIPTION,HW-549
commercial-industrial,37,Tube Sealant,0,6,type,TYPE,DESCRIPTION,Non-Skinning Butyl
commercial-industrial,37,Tube Sealant,0,6,color,COLOR,DESCRIPTION,White
commercial-industrial,37,Tube Sealant,0,6,tube_size,TUBE SIZE,DESCRIPTION,10 ounce
commercial-industrial,37,Tube Sealant,0,6,tube_weight,TUBE WEIGHT,DESCRIPTION,1.00#
commercial-industrial,37,Tube Sealant,0,6,price,PRICE,,✓
commercial-industrial,37,Touch Up Paint,1,0,part,PART #,DESCRIPTION,HW-304
commercial-industrial,37,Touch Up Paint,1,0,finish,FINISH,DESCRIPTION,Signature® 200
commercial-industrial,37,Touch Up Paint,1,0,size,SIZE,DESCRIPTION,2 ounce
commercial-industrial,37,Touch Up Paint,1,0,color,COLOR,DESCRIPTION,See Color Chart
commercial-industrial,37,Touch Up Paint,1,0,weight_each,WEIGHT EACH,DESCRIPTION,50#
commercial-industrial,37,Touch Up Paint,1,0,price,PRICE,,✓
commercial-industrial,37,Touch Up Paint,1,1,part,PART #,DESCRIPTION,HW-305
commercial-industrial,37,Touch Up Paint,1,1,finish,FINISH,DESCRIPTION,Signature® 300
commercial-industrial,37,Touch Up Paint,1,1,size,SIZE,DESCRIPTION,2 ounce
commercial-industrial,37,Touch Up Paint,1,1,color,COLOR,DESCRIPTION,See Color Chart
commercial-industrial,37,Touch Up Paint,1,1,weight_each,WEIGHT EACH,DESCRIPTION,0
commercial-industrial,37,Touch Up Paint,1,1,price,PRICE,,✓
commercial-industrial,37,Touch Up Paint,1,2,part,PART #,DESCRIPTION,HW-310S
commercial-industrial,37,Touch Up Paint,1,2,finish,FINISH,DESCRIPTION,Spray Primer
commercial-industrial,37,Touch Up Paint,1,2,size,SIZE,DESCRIPTION,1 gallon
commercial-industrial,37,Touch Up Paint,1,2,color,COLOR,DESCRIPTION,Red Oxide
commercial-industrial,37,Touch Up Paint,1,2,weight_each,WEIGHT EACH,DESCRIPTION,10.00#
commercial-industrial,37,Touch Up Paint,1,2,price,PRICE,,✓
commercial-industrial,37,Touch Up Paint,1,3,part,PART #,DESCRIPTION,HW-310B
commercial-industrial,37,Touch Up Paint,1,3,finish,FINISH,DESCRIPTION,Brush Primer
commercial-industrial,37,Touch Up Paint,1,3,size,SIZE,DESCRIPTION,1 gallon
commercial-industrial,37,Touch Up Paint,1,3,color,COLOR,DESCRIPTION,Red Oxide
commercial-industrial,37,Touch Up Paint,1,3,weight_each,WEIGHT EACH,DESCRIPTION,11.00#
commercial-industrial,37,Touch Up Paint,1,3,price,PRICE,,✓
commercial-industrial,37,Touch Up Paint,1,4,part,PART #,DESCRIPTION,HW-320S
commercial-industrial,37,Touch Up Paint,1,4,finish,FINISH,DESCRIPTION,Spray Primer
commercial-industrial,37,Touch Up Paint,1,4,size,SIZE,DESCRIPTION,5 gallon
commercial-industrial,37,Touch Up Paint,1,4,color,COLOR,DESCRIPTION,Red Oxide
commercial-industrial,37,Touch Up Paint,1,4,weight_each,WEIGHT EACH,DESCRIPTION,50.00#
commercial-industrial,37,Touch Up Paint,1,4,price,PRICE,,✓
commercial-industrial,37,Touch Up Paint,1,5,part,PART #,DESCRIPTION,HW-320B
commercial-industrial,37,Touch Up Paint,1,5,finish,FINISH,DESCRIPTION,Brush Primer
commercial-industrial,37,Touch Up Paint,1,5,size,SIZE,DESCRIPTION,5 gallon
commercial-industrial,37,Touch Up Paint,1,5,color,COLOR,DESCRIPTION,Red Oxide
commercial-industrial,37,Touch Up Paint,1,5,weight_each,WEIGHT EACH,DESCRIPTION,50.00#
commercial-industrial,37,Touch Up Paint,1,5,price,PRICE,,✓
commercial-industrial,38,Blanket Insulation,0,0,part,PART #,DESCRIPTION,HW-3927
commercial-industrial,38,Blanket Insulation,0,0,type,TYPE,DESCRIPTION,VRR+
commercial-industrial,38,Blanket Insulation,0,0,width,WIDTH,DESCRIPTION,"6'-0"""
commercial-industrial,38,Blanket Insulation,0,0,length,LENGTH,DESCRIPTION,"104'-0"""
commercial-industrial,38,Blanket Insulation,0,0,column_5,,ROLL WEIGHT,116
commercial-industrial,38,Blanket Insulation,0,0,price,PRICE,ROLL WEIGHT,39H
commercial-industrial,38,Blanket Insulation,0,0,column_7,,PRICED PER ROLL,✓
commercial-industrial,38,Vinyl Patch Tape,1,0,column_1,,,DESCRIPTION
commercial-industrial,38,Vinyl Patch Tape,1,0,column_5,,,PRICED PER ROLL
commercial-industrial,38,Vinyl Patch Tape,1,1,column_1,,,PART #
commercial-industrial,38,Vinyl Patch Tape,1,1,column_2,,,WIDTH
commercial-industrial,38,Vinyl Patch Tape,1,1,column_3,,,LENGTH
commercial-industrial,38,Vinyl Patch Tape,1,1,column_4,,,ROLL WEIGHT
commercial-industrial,38,Vinyl Patch Tape,1,1,column_5,,,PRICE
commercial-industrial,38,Vinyl Patch Tape,1,2,column_1,,,HW-5211
commercial-industrial,38,Vinyl Patch Tape,1,2,column_2,,,"3"""
commercial-industrial,38,Vinyl Patch Tape,1,2,column_3,,,"150'-0"""
commercial-industrial,38,Vinyl Patch Tape,1,2,column_4,,,1.98#
commercial-industrial,38,Vinyl Patch Tape,1,2,column_5,,,v
commercial-industrial,38,Double Faced Tape,2,0,column_1,,,DESCRIPTION
commercial-industrial,38,Double Faced Tape,2,0,column_5,,,PRICED PER ROLL
commercial-industrial,38,Double Faced Tape,2,1,column_1,,,PART #
commercial-industrial,38,Double Faced Tape,2,1,column_2,,,WIDTH
commercial-industrial,38,Double Faced Tape,2,1,column_3,,,LENGTH
commercial-industrial,38,Double Faced Tape,2,1,column_4,,,ROLL WEIGHT
commercial-industrial,38,Double Faced Tape,2,1,column_5,,,PRICE
commercial-industrial,38,Double Faced Tape,2,2,column_1,,,HW-522
commercial-industrial,38,Double Faced Tape,2,2,column_2,,,"1¥2"""
commercial-industrial,38,Double Faced Tape,2,2,column_3,,,"180'-0"""
commercial-industrial,38,Double Faced Tape,2,2,column_4,,,1.00#
commercial-industrial,38,Double Faced Tape,2,2,column_5,,,v
commercial-industrial,39,Reflective Insulation,0,0,part,PART #,DESCRIPTION,HW-3925
commercial-industrial,39,Reflective Insulation,0,0,type,TYPE,DESCRIPTION,SolarGuard
commercial-industrial,39,Reflective Insulation,0,0,width,WIDTH,DESCRIPTION,"4'-Q"""
commercial-industrial,39,Reflective Insulation,0,0,length,LENGTH,DESCRIPTION,"125'-0"""
commercial-industrial,39,Reflective Insulation,0,0,weight_per_roll,WEIGHT PER ROLL,DESCRIPTION,31.00#
commercial-industrial,39,Reflective Insulation,0,0,price,PRICE,,✓
commercial-industrial,39,Reflective Insulation,0,1,part,PART #,DESCRIPTION,HW-3926
commercial-industrial,39,Reflective Insulation,0,1,type,TYPE,DESCRIPTION,SolarGuard
commercial-industrial,39,Reflective Insulation,0,1,width,WIDTH,DESCRIPTION,"6'-0"""
commercial-industrial,39,Reflective Insulation,0,1,length,LENGTH,DESCRIPTION,"125'-0"""
commercial-industrial,39,Reflective Insulation,0,1,weight_per_roll,WEIGHT PER ROLL,DESCRIPTION,46.50#
commercial-industrial,39,Reflective Insulation,0,1,price,PRICE,,✓
commercial-industrial,39,Scrimless Aluminum Tape,1,0,column_1,,,DESCRIPTION
commercial-industrial,39,Scrimless Aluminum Tape,1,0,column_5,,,PRICED PER ROLL
commercial-industrial,39,Scrimless Aluminum Tape,1,1,column_1,,,PART #
commercial-industrial,39,Scrimless Aluminum Tape,1,1,column_2,,,WIDTH
commercial-industrial,39,Scrimless Aluminum Tape,1,1,column_3,,,LENGTH
commercial-industrial,39,Scrimless Aluminum Tape,1,1,column_4,,,WEIGHT PER ROLL
commercial-industrial,39,Scrimless Aluminum Tape,1,1,column_5,,,PRICE
commercial-industrial,39,Scrimless Aluminum Tape,1,2,column_1,,,HW-514
commercial-industrial,39,Scrimless Aluminum Tape,1,2,column_2,,,"3"""
commercial-industrial,39,Scrimless Aluminum Tape,1,2,column_3,,,"150'-0"""
commercial-industrial,39,Scrimless Aluminum Tape,1,2,column_4,,,1.50#
commercial-industrial,39,Scrimless Aluminum Tape,1,2,column_5,,,v
commercial-industrial,39,PRICE,2,0,column_1,,,"Y,"""
commercial-industrial,39,PRICE,2,0,column_2,,,"6,650 Ibs."
commercial-industrial,39,PRICE,2,0,column_3,,,Specify
commercial-industrial,39,PRICE,2,0,column_4,,,100 LF
commercial-industrial,39,PRICE,2,0,column_5,,,.12# per LF
commercial-industrial,39,PRICE,2,1,column_1,,,"she"""
commercial-industrial,39,PRICE,2,1,column_2,,,"11,200 Ibs."
commercial-industrial,39,PRICE,2,1,column_3,,,Specify
commercial-industrial,39,PRICE,2,1,column_4,,,100 LF
commercial-industrial,39,PRICE,2,1,column_5,,,.21# per LF
commercial-industrial,39,PRICE,2,2,column_1,,,"34"""
commercial-industrial,39,PRICE,2,2,column_2,,,"15,400 Ibs."
commercial-industrial,39,PRICE,2,2,column_3,,,Specify
commercial-industrial,39,PRICE,2,2,column_4,,,100 LF
commercial-industrial,39,PRICE,2,2,column_5,,,.27# per LF
commercial-industrial,39,PRICE,2,3,column_1,,,"Yo"""
commercial-industrial,39,PRICE,2,3,column_2,,,"26,900 Ibs"
commercial-industrial,39,PRICE,2,3,column_3,,,"250'-0"""
commercial-industrial,39,PRICE,2,3,column_4,,,ROLL
commercial-industrial,39,PRICE,2,3,column_5,,,106.00# per ROLL
commercial-industrial,40,Flo-Loc Grip,0,0,part,PART #,DESCRIPTION,HW-376
commercial-industrial,40,Flo-Loc Grip,0,0,size,SIZE,DESCRIPTION,"Y,"""
commercial-industrial,40,Flo-Loc Grip,0,0,minimum_breaking_strength,"MINIMUM
BREAKING STRENGTH",DESCRIPTION,"6,650 Ibs."
commercial-industrial,40,Flo-Loc Grip,0,0,length,LENGTH,DESCRIPTION,"49"""
commercial-industrial,40,Flo-Loc Grip,0,0,weight_each,WEIGHT EACH,DESCRIPTION,34H
commercial-industrial,40,Flo-Loc Grip,0,0,price,PRICE,,✓
commercial-industrial,40,Flo-Loc Grip,0,1,part,PART #,DESCRIPTION,HW-377
commercial-industrial,40,Flo-Loc Grip,0,1,size,SIZE,DESCRIPTION,"s/6"""
commercial-industrial,40,Flo-Loc Grip,0,1,minimum_breaking_strength,"MINIMUM
BREAKING STRENGTH",DESCRIPTION,"11,200 Ibs."
commercial-industrial,40,Flo-Loc Grip,0,1,length,LENGTH,DESCRIPTION,"21"""
commercial-industrial,40,Flo-Loc Grip,0,1,weight_each,WEIGHT EACH,DESCRIPTION,./0#
commercial-industrial,40,Flo-Loc Grip,0,1,price,PRICE,,✓
commercial-industrial,40,Flo-Loc Grip,0,2,part,PART #,DESCRIPTION,HW-378
commercial-industrial,40,Flo-Loc Grip,0,2,size,SIZE,DESCRIPTION,"34"""
commercial-industrial,40,Flo-Loc Grip,0,2,minimum_breaking_strength,"MINIMUM
BREAKING STRENGTH",DESCRIPTION,"15,400 Ibs."
commercial-industrial,40,Flo-Loc Grip,0,2,length,LENGTH,DESCRIPTION,"26"""
commercial-industrial,40,Flo-Loc Grip,0,2,weight_each,WEIGHT EACH,DESCRIPTION,1.04#
commercial-industrial,40,Flo-Loc Grip,0,2,price,PRICE,,✓
commercial-industrial,40,Flo-Loc Grip,0,3,part,PART #,DESCRIPTION,HW-383
commercial-industrial,40,Flo-Loc Grip,0,3,size,SIZE,DESCRIPTION,"YQ"""
commercial-industrial,40,Flo-Loc Grip,0,3,minimum_breaking_strength,"MINIMUM
BREAKING STRENGTH",DESCRIPTION,"26,900 Ibs."
commercial-industrial,40,Flo-Loc Grip,0,3,length,LENGTH,DESCRIPTION,"34"""
commercial-industrial,40,Flo-Loc Grip,0,3,weight_each,WEIGHT EACH,DESCRIPTION,2.56#
commercial-industrial,40,Flo-Loc Grip,0,3,price,PRICE,,✓
commercial-industrial,40,Eye Bolt with Flat Washer and Nut,1,0,part,PART #,DESCRIPTION,HW-352
commercial-industrial,40,Eye Bolt with Flat Washer and Nut,1,0,size,SIZE,DESCRIPTION,"YQ"""
commercial-industrial,40,Eye Bolt with Flat Washer and Nut,1,0,eye_diameter,EYE DIAMETER,DESCRIPTION,"4q"""
commercial-industrial,40,Eye Bolt with Flat Washer and Nut,1,0,shank_length,SHANK LENGTH,DESCRIPTION,gu
commercial-industrial,40,Eye Bolt with Flat Washer and Nut,1,0,thread_length,"THREAD
LENGTH",DESCRIPTION,"6"""
commercial-industrial,40,Eye Bolt with Flat Washer and Nut,1,0,yield_strength,"YIELD
STRENGTH",DESCRIPTION,"36,000 Ibs."
commercial-industrial,40,Eye Bolt with Flat Washer and Nut,1,0,weight_each,WEIGHT EACH,DESCRIPTION,60#
commercial-industrial,40,Eye Bolt with Flat Washer and Nut,1,0,price,PRICE,,✓
commercial-industrial,40,Eye Bolt with Flat Washer and Nut,1,1,part,PART #,DESCRIPTION,HW-353
commercial-industrial,40,Eye Bolt with Flat Washer and Nut,1,1,size,SIZE,DESCRIPTION,"56"""
commercial-industrial,40,Eye Bolt with Flat Washer and Nut,1,1,eye_diameter,EYE DIAMETER,DESCRIPTION,"1%"""
commercial-industrial,40,Eye Bolt with Flat Washer and Nut,1,1,shank_length,SHANK LENGTH,DESCRIPTION,gn
commercial-industrial,40,Eye Bolt with Flat Washer and Nut,1,1,thread_length,"THREAD
LENGTH",DESCRIPTION,"6"""
commercial-industrial,40,Eye Bolt with Flat Washer and Nut,1,1,yield_strength,"YIELD
STRENGTH",DESCRIPTION,"55,000 Ibs."
commercial-industrial,40,Eye Bolt with Flat Washer and Nut,1,1,weight_each,WEIGHT EACH,DESCRIPTION,1.154
commercial-industrial,40,Eye Bolt with Flat Washer and Nut,1,1,price,PRICE,,✓
commercial-industrial,40,Eye Bolt with Flat Washer and Nut,1,2,part,PART #,DESCRIPTION,HW-354
commercial-industrial,40,Eye Bolt with Flat Washer and Nut,1,2,size,SIZE,DESCRIPTION,"34"""
commercial-industrial,40,Eye Bolt with Flat Washer and Nut,1,2,eye_diameter,EYE DIAMETER,DESCRIPTION,"1¥2"""
commercial-industrial,40,Eye Bolt with Flat Washer and Nut,1,2,shank_length,SHANK LENGTH,DESCRIPTION,gn
commercial-industrial,40,Eye Bolt with Flat Washer and Nut,1,2,thread_length,"THREAD
LENGTH",DESCRIPTION,"6"""
commercial-industrial,40,Eye Bolt with Flat Washer and Nut,1,2,yield_strength,"YIELD
STRENGTH",DESCRIPTION,"55,000 Ibs."
commercial-industrial,40,Eye Bolt with Flat Washer and Nut,1,2,weight_each,WEIGHT EACH,DESCRIPTION,1.834
commercial-industrial,40,Eye Bolt with Flat Washer and Nut,1,2,price,PRICE,,✓
commercial-industrial,40,Eye Bolt with Flat Washer and Nut,1,3,part,PART #,DESCRIPTION,HW-381
commercial-industrial,40,Eye Bolt with Flat Washer and Nut,1,3,size,SIZE,DESCRIPTION,"7g"""
commercial-industrial,40,Eye Bolt with Flat Washer and Nut,1,3,eye_diameter,EYE DIAMETER,DESCRIPTION,"1¥2"""
commercial-industrial,40,Eye Bolt with Flat Washer and Nut,1,3,shank_length,SHANK LENGTH,DESCRIPTION,gn
commercial-industrial,40,Eye Bolt with Flat Washer and Nut,1,3,thread_length,"THREAD
LENGTH",DESCRIPTION,"6"""
commercial-industrial,40,Eye Bolt with Flat Washer and Nut,1,3,yield_strength,"YIELD
STRENGTH",DESCRIPTION,"60,000 Ibs."
commercial-industrial,40,Eye Bolt with Flat Washer and Nut,1,3,weight_each,WEIGHT EACH,DESCRIPTION,2.044
commercial-industrial,40,Eye Bolt with Flat Washer and Nut,1,3,price,PRICE,,✓
commercial-industrial,40,Hillside and Flat Washers,2,0,part,PART #,DESCRIPTION,HW-390
commercial-industrial,40,Hillside and Flat Washers,2,0,type,TYPE,DESCRIPTION,Flat
commercial-industrial,40,Hillside and Flat Washers,2,0,size,SIZE,DESCRIPTION,7
commercial-industrial,40,Hillside and Flat Washers,2,0,finish,FINISH,DESCRIPTION,Plated
commercial-industrial,40,Hillside and Flat Washers,2,0,weight_each,WEIGHT EACH,DESCRIPTION,O4#
commercial-industrial,40,Hillside and Flat Washers,2,0,price,PRICE,,✓
commercial-industrial,40,Hillside and Flat Washers,2,1,part,PART #,DESCRIPTION,HW-391
commercial-industrial,40,Hillside and Flat Washers,2,1,type,TYPE,DESCRIPTION,Flat
commercial-industrial,40,Hillside and Flat Washers,2,1,size,SIZE,DESCRIPTION,"5"""
commercial-industrial,40,Hillside and Flat Washers,2,1,finish,FINISH,DESCRIPTION,Plated
commercial-industrial,40,Hillside and Flat Washers,2,1,weight_each,WEIGHT EACH,DESCRIPTION,O8#
commercial-industrial,40,Hillside and Flat Washers,2,1,price,PRICE,,✓
commercial-industrial,40,Hillside and Flat Washers,2,2,part,PART #,DESCRIPTION,HW-392
commercial-industrial,40,Hillside and Flat Washers,2,2,type,TYPE,DESCRIPTION,Flat
commercial-industrial,40,Hillside and Flat Washers,2,2,size,SIZE,DESCRIPTION,"34"""
commercial-industrial,40,Hillside and Flat Washers,2,2,finish,FINISH,DESCRIPTION,Plated
commercial-industrial,40,Hillside and Flat Washers,2,2,weight_each,WEIGHT EACH,DESCRIPTION,11#
commercial-industrial,40,Hillside and Flat Washers,2,2,price,PRICE,,✓
commercial-industrial,40,Hillside and Flat Washers,2,3,part,PART #,DESCRIPTION,HW-382
commercial-industrial,40,Hillside and Flat Washers,2,3,type,TYPE,DESCRIPTION,Flat
commercial-industrial,40,Hillside and Flat Washers,2,3,size,SIZE,DESCRIPTION,7
commercial-industrial,40,Hillside and Flat Washers,2,3,finish,FINISH,DESCRIPTION,Plated
commercial-industrial,40,Hillside and Flat Washers,2,3,weight_each,WEIGHT EACH,DESCRIPTION,15H
commercial-industrial,40,Hillside and Flat Washers,2,3,price,PRICE,,✓
commercial-industrial,40,Hillside and Flat Washers,2,4,part,PART #,DESCRIPTION,HW-393
commercial-industrial,40,Hillside and Flat Washers,2,4,type,TYPE,DESCRIPTION,Flat
commercial-industrial,40,Hillside and Flat Washers,2,4,size,SIZE,DESCRIPTION,"1"""
commercial-industrial,40,Hillside and Flat Washers,2,4,finish,FINISH,DESCRIPTION,Plated
commercial-industrial,40,Hillside and Flat Washers,2,4,weight_each,WEIGHT EACH,DESCRIPTION,19#
commercial-industrial,40,Hillside and Flat Washers,2,4,price,PRICE,,✓
commercial-industrial,40,Hillside and Flat Washers,2,5,part,PART #,DESCRIPTION,HW-394
commercial-industrial,40,Hillside and Flat Washers,2,5,type,TYPE,DESCRIPTION,Hillside
commercial-industrial,40,Hillside and Flat Washers,2,5,size,SIZE,DESCRIPTION,7
commercial-industrial,40,Hillside and Flat Washers,2,5,finish,FINISH,DESCRIPTION,Black
commercial-industrial,40,Hillside and Flat Washers,2,5,weight_each,WEIGHT EACH,DESCRIPTION,34H
commercial-industrial,40,Hillside and Flat Washers,2,5,price,PRICE,,✓
commercial-industrial,40,Hillside and Flat Washers,2,6,part,PART #,DESCRIPTION,HW-395
commercial-industrial,40,Hillside and Flat Washers,2,6,type,TYPE,DESCRIPTION,Hillside
commercial-industrial,40,Hillside and Flat Washers,2,6,size,SIZE,DESCRIPTION,"56"""
commercial-industrial,40,Hillside and Flat Washers,2,6,finish,FINISH,DESCRIPTION,Black
commercial-industrial,40,Hillside and Flat Washers,2,6,weight_each,WEIGHT EACH,DESCRIPTION,5O#
commercial-industrial,40,Hillside and Flat Washers,2,6,price,PRICE,,✓
commercial-industrial,40,Hillside and Flat Washers,2,7,part,PART #,DESCRIPTION,HW-396
commercial-industrial,40,Hillside and Flat Washers,2,7,type,TYPE,DESCRIPTION,Hillside
commercial-industrial,40,Hillside and Flat Washers,2,7,size,SIZE,DESCRIPTION,"34"""
commercial-industrial,40,Hillside and Flat Washers,2,7,finish,FINISH,DESCRIPTION,Black
commercial-industrial,40,Hillside and Flat Washers,2,7,weight_each,WEIGHT EACH,DESCRIPTION,O1#
commercial-industrial,40,Hillside and Flat Washers,2,7,price,PRICE,,✓
commercial-industrial,40,Hillside and Flat Washers,2,8,part,PART #,DESCRIPTION,HW-397
commercial-industrial,40,Hillside and Flat Washers,2,8,type,TYPE,DESCRIPTION,Hillside
commercial-industrial,40,Hillside and Flat Washers,2,8,size,SIZE,DESCRIPTION,7
commercial-industrial,40,Hillside and Flat Washers,2,8,finish,FINISH,DESCRIPTION,Black
commercial-industrial,40,Hillside and Flat Washers,2,8,weight_each,WEIGHT EACH,DESCRIPTION,OOF
commercial-industrial,40,Hillside and Flat Washers,2,8,price,PRICE,,✓
commercial-industrial,40,Hillside and Flat Washers,2,9,part,PART #,DESCRIPTION,HW-398
commercial-industrial,40,Hillside and Flat Washers,2,9,type,TYPE,DESCRIPTION,Hillside
commercial-industrial,40,Hillside and Flat Washers,2,9,size,SIZE,DESCRIPTION,"1"""
commercial-industrial,40,Hillside and Flat Washers,2,9,finish,FINISH,DESCRIPTION,Black
commercial-industrial,40,Hillside and Flat Washers,2,9,weight_each,WEIGHT EACH,DESCRIPTION,1.28#
commercial-industrial,40,Hillside and Flat Washers,2,9,price,PRICE,,✓
commercial-industrial,41,Bolts with Nuts,0,0,part,PART #,DESCRIPTION,HWF-363
commercial-industrial,41,Bolts with Nuts,0,0,size,SIZE,DESCRIPTION,"Ya"" x 1%"""
commercial-industrial,41,Bolts with Nuts,0,0,bolt_grade,BOLT GRADE,DESCRIPTION,A325
commercial-industrial,41,Bolts with Nuts,0,0,nut_grade,NUT GRADE,DESCRIPTION,A563
commercial-industrial,41,Bolts with Nuts,0,0,column_5,,FINISH,Plated
commercial-industrial,41,Bolts with Nuts,0,0,column_7,,,18#
commercial-industrial,41,Bolts with Nuts,0,1,part,PART #,DESCRIPTION,HWF-3544
commercial-industrial,41,Bolts with Nuts,0,1,size,SIZE,DESCRIPTION,"54"" x 14%"""
commercial-industrial,41,Bolts with Nuts,0,1,bolt_grade,BOLT GRADE,DESCRIPTION,A325
commercial-industrial,41,Bolts with Nuts,0,1,nut_grade,NUT GRADE,DESCRIPTION,A563
commercial-industrial,41,Bolts with Nuts,0,1,column_5,,FINISH,Plated
commercial-industrial,41,Bolts with Nuts,0,1,column_7,,,31#
commercial-industrial,41,Bolts with Nuts,0,2,part,PART #,DESCRIPTION,HWF-3545
commercial-industrial,41,Bolts with Nuts,0,2,size,SIZE,DESCRIPTION,"5¢!' x 1 34,"""
commercial-industrial,41,Bolts with Nuts,0,2,bolt_grade,BOLT GRADE,DESCRIPTION,A325
commercial-industrial,41,Bolts with Nuts,0,2,nut_grade,NUT GRADE,DESCRIPTION,A563
commercial-industrial,41,Bolts with Nuts,0,2,column_5,,FINISH,Plated
commercial-industrial,41,Bolts with Nuts,0,2,column_7,,,35#
commercial-industrial,41,Bolts with Nuts,0,3,part,PART #,DESCRIPTION,HWF-3547
commercial-industrial,41,Bolts with Nuts,0,3,size,SIZE,DESCRIPTION,"54"" x 2Y%4"""
commercial-industrial,41,Bolts with Nuts,0,3,bolt_grade,BOLT GRADE,DESCRIPTION,A325
commercial-industrial,41,Bolts with Nuts,0,3,nut_grade,NUT GRADE,DESCRIPTION,A563
commercial-industrial,41,Bolts with Nuts,0,3,column_5,,FINISH,Plated
commercial-industrial,41,Bolts with Nuts,0,3,column_7,,,39H
commercial-industrial,41,Bolts with Nuts,0,4,part,PART #,DESCRIPTION,HWF-359
commercial-industrial,41,Bolts with Nuts,0,4,size,SIZE,DESCRIPTION,"34,"" x 1 34,"""
commercial-industrial,41,Bolts with Nuts,0,4,bolt_grade,BOLT GRADE,DESCRIPTION,A325
commercial-industrial,41,Bolts with Nuts,0,4,nut_grade,NUT GRADE,DESCRIPTION,A563
commercial-industrial,41,Bolts with Nuts,0,4,column_5,,FINISH,Plated
commercial-industrial,41,Bolts with Nuts,0,4,column_7,,,DOF
commercial-industrial,41,Bolts with Nuts,0,5,part,PART #,DESCRIPTION,HWF-360
commercial-industrial,41,Bolts with Nuts,0,5,size,SIZE,DESCRIPTION,"FA"" X24"""
commercial-industrial,41,Bolts with Nuts,0,5,bolt_grade,BOLT GRADE,DESCRIPTION,A325
commercial-industrial,41,Bolts with Nuts,0,5,nut_grade,NUT GRADE,DESCRIPTION,A563
commercial-industrial,41,Bolts with Nuts,0,5,column_5,,FINISH,Plated
commercial-industrial,41,Bolts with Nuts,0,5,column_7,,,O2#
commercial-industrial,41,Bolts with Nuts,0,6,part,PART #,DESCRIPTION,HWF-361
commercial-industrial,41,Bolts with Nuts,0,6,size,SIZE,DESCRIPTION,"34"" 4 2 344"""
commercial-industrial,41,Bolts with Nuts,0,6,bolt_grade,BOLT GRADE,DESCRIPTION,A325
commercial-industrial,41,Bolts with Nuts,0,6,nut_grade,NUT GRADE,DESCRIPTION,A563
commercial-industrial,41,Bolts with Nuts,0,6,column_5,,FINISH,Plated
commercial-industrial,41,Bolts with Nuts,0,6,column_7,,,.O8#
commercial-industrial,41,Fin Head with Nut,1,0,part,PART #,DESCRIPTION,HWF-2155
commercial-industrial,41,Fin Head with Nut,1,0,size,SIZE,DESCRIPTION,"Ya"" x 14%"""
commercial-industrial,41,Fin Head with Nut,1,0,bolt_grade,BOLT GRADE,DESCRIPTION,A307
commercial-industrial,41,Fin Head with Nut,1,0,nut_grade,NUT GRADE,DESCRIPTION,A563
commercial-industrial,41,Fin Head with Nut,1,0,finish,FINISH,DESCRIPTION,Plated
commercial-industrial,41,Fin Head with Nut,1,0,weight_each,WEIGHT EACH,DESCRIPTION,10#
commercial-industrial,41,Fin Head with Nut,1,0,price,PRICE,,✓
commercial-industrial,41,"Purlin Clip - 6"" x 7""",2,0,column_1,,,DESCRIPTION
commercial-industrial,41,"Purlin Clip - 6"" x 7""",2,0,column_5,,,PRICED PER EACH
commercial-industrial,41,"Purlin Clip - 6"" x 7""",2,1,column_1,,,PART #
commercial-industrial,41,"Purlin Clip - 6"" x 7""",2,1,column_2,,,SIZE
commercial-industrial,41,"Purlin Clip - 6"" x 7""",2,1,column_3,,,FINISH
commercial-industrial,41,"Purlin Clip - 6"" x 7""",2,1,column_4,,,WEIGHT EACH
commercial-industrial,41,"Purlin Clip - 6"" x 7""",2,1,column_5,,,PRICE
commercial-industrial,41,"Purlin Clip - 6"" x 7""",2,2,column_1,,,HW-6900
commercial-industrial,41,"Purlin Clip - 6"" x 7""",2,2,column_2,,,"6"" x 7"" x He"""
commercial-industrial,41,"Purlin Clip - 6"" x 7""",2,2,column_3,,,Black
commercial-industrial,41,"Purlin Clip - 6"" x 7""",2,2,column_4,,,2.254
commercial-industrial,41,"Purlin Clip - 6"" x 7""",2,2,column_5,,,v
commercial-industrial,42,Sliding Door - Track,0,0,part,PART #,DESCRIPTION,HW-966
commercial-industrial,42,Sliding Door - Track,0,0,length,LENGTH,DESCRIPTION,"12'-0"""
commercial-industrial,42,Sliding Door - Track,0,0,gauge,GAUGE,DESCRIPTION,16
commercial-industrial,42,Sliding Door - Track,0,0,finish,FINISH,DESCRIPTION,Galvanized
commercial-industrial,42,Sliding Door - Track,0,0,weight_each,WEIGHT EACH,DESCRIPTION,21.00#
commercial-industrial,42,Sliding Door - Track,0,0,price,PRICE,,✓
commercial-industrial,42,Sliding Door - Track,0,1,part,PART #,DESCRIPTION,HW-968
commercial-industrial,42,Sliding Door - Track,0,1,length,LENGTH,DESCRIPTION,"20'-0"""
commercial-industrial,42,Sliding Door - Track,0,1,gauge,GAUGE,DESCRIPTION,16
commercial-industrial,42,Sliding Door - Track,0,1,finish,FINISH,DESCRIPTION,Galvanized
commercial-industrial,42,Sliding Door - Track,0,1,weight_each,WEIGHT EACH,DESCRIPTION,35.00#
commercial-industrial,42,Sliding Door - Track,0,1,price,PRICE,,✓
commercial-industrial,42,Sliding Door - Rail Hanger and Bracket,1,0,column_1,,,DESCRIPTION
commercial-industrial,42,Sliding Door - Rail Hanger and Bracket,1,0,column_4,,,PRICED PER EACH
commercial-industrial,42,Sliding Door - Rail Hanger and Bracket,1,1,column_1,,,PART #
commercial-industrial,42,Sliding Door - Rail Hanger and Bracket,1,1,column_2,,,FINISH
commercial-industrial,42,Sliding Door - Rail Hanger and Bracket,1,1,column_3,,,WEIGHT EACH
commercial-industrial,42,Sliding Door - Rail Hanger and Bracket,1,1,column_4,,,PRICE
commercial-industrial,42,Sliding Door - Rail Hanger and Bracket,1,2,column_1,,,HW-971
commercial-industrial,42,Sliding Door - Rail Hanger and Bracket,1,2,column_2,,,Galvanized
commercial-industrial,42,Sliding Door - Rail Hanger and Bracket,1,2,column_3,,,3.00#
commercial-industrial,42,Sliding Door - Rail Hanger and Bracket,1,2,column_4,,,v
commercial-industrial,42,Sliding Door - Hanger Angle,2,0,column_1,,,DESCRIPTION
commercial-industrial,42,Sliding Door - Hanger Angle,2,0,column_4,,,PRICED PER EACH
commercial-industrial,42,Sliding Door - Hanger Angle,2,1,column_1,,,PART #
commercial-industrial,42,Sliding Door - Hanger Angle,2,1,column_2,,,FINISH
commercial-industrial,42,Sliding Door - Hanger Angle,2,1,column_3,,,WEIGHT EACH
commercial-industrial,42,Sliding Door - Hanger Angle,2,1,column_4,,,PRICE
commercial-industrial,42,Sliding Door - Hanger Angle,2,2,column_1,,,HW-975
commercial-industrial,42,Sliding Door - Hanger Angle,2,2,column_2,,,Galvanized
commercial-industrial,42,Sliding Door - Hanger Angle,2,2,column_3,,,1.00#
commercial-industrial,42,Sliding Door - Hanger Angle,2,2,column_4,,,v
commercial-industrial,42,Sliding Door - Steel Door Pull,3,0,column_1,,,DESCRIPTION
commercial-industrial,42,Sliding Door - Steel Door Pull,3,0,column_4,,,PRICED PER EACH
commercial-industrial,42,Sliding Door - Steel Door Pull,3,1,column_1,,,PART #
commercial-industrial,42,Sliding Door - Steel Door Pull,3,1,column_2,,,FINISH
commercial-industrial,42,Sliding Door - Steel Door Pull,3,1,column_3,,,WEIGHT EACH
commercial-industrial,42,Sliding Door - Steel Door Pull,3,1,column_4,,,PRICE
commercial-industrial,42,Sliding Door - Steel Door Pull,3,2,column_1,,,HW-973
commercial-industrial,42,Sliding Door - Steel Door Pull,3,2,column_2,,,Galvanized
commercial-industrial,42,Sliding Door - Steel Door Pull,3,2,column_3,,,I0#
commercial-industrial,42,Sliding Door - Steel Door Pull,3,2,column_4,,,v
commercial-industrial,43,Sliding Door - Trolley,0,0,column_1,,,DESCRIPTION
commercial-industrial,43,Sliding Door - Trolley,0,0,column_5,,,PRICED PER EACH
commercial-industrial,43,Sliding Door - Trolley,0,1,column_1,,,PART #
commercial-industrial,43,Sliding Door - Trolley,0,1,column_2,,,WHEEL DIAMETER
commercial-industrial,43,Sliding Door - Trolley,0,1,column_3,,,FINISH
commercial-industrial,43,Sliding Door - Trolley,0,1,column_4,,,WEIGHT EACH
commercial-industrial,43,Sliding Door - Trolley,0,1,column_5,,,PRICE
commercial-industrial,43,Sliding Door - Trolley,0,2,column_1,,,HW-969
commercial-industrial,43,Sliding Door - Trolley,0,2,column_2,,,"2"""
commercial-industrial,43,Sliding Door - Trolley,0,2,column_3,,,Galvanized
commercial-industrial,43,Sliding Door - Trolley,0,2,column_4,,,1.00#
commercial-industrial,43,Sliding Door - Trolley,0,2,column_5,,,v
commercial-industrial,43,Sliding Door - Cam Lock Jamb Latch,1,0,column_1,,,DESCRIPTION
commercial-industrial,43,Sliding Door - Cam Lock Jamb Latch,1,0,column_4,,,PRICED PER EACH
commercial-industrial,43,Sliding Door - Cam Lock Jamb Latch,1,1,column_1,,,PART #
commercial-industrial,43,Sliding Door - Cam Lock Jamb Latch,1,1,column_2,,,FINISH
commercial-industrial,43,Sliding Door - Cam Lock Jamb Latch,1,1,column_3,,,WEIGHT EACH
commercial-industrial,43,Sliding Door - Cam Lock Jamb Latch,1,1,column_4,,,PRICE
commercial-industrial,43,Sliding Door - Cam Lock Jamb Latch,1,2,column_1,,,HW-972
commercial-industrial,43,Sliding Door - Cam Lock Jamb Latch,1,2,column_2,,,Galvanized
commercial-industrial,43,Sliding Door - Cam Lock Jamb Latch,1,2,column_3,,,2.00#
commercial-industrial,43,Sliding Door - Cam Lock Jamb Latch,1,2,column_4,,,v
commercial-industrial,43,Sliding Door - Splice Bracket,2,0,column_1,,,DESCRIPTION
commercial-industrial,43,Sliding Door - Splice Bracket,2,0,column_4,,,PRICED PER EACH
commercial-industrial,43,Sliding Door - Splice Bracket,2,1,column_1,,,PART #
commercial-industrial,43,Sliding Door - Splice Bracket,2,1,column_2,,,FINISH
commercial-industrial,43,Sliding Door - Splice Bracket,2,1,column_3,,,WEIGHT EACH
commercial-industrial,43,Sliding Door - Splice Bracket,2,1,column_4,,,PRICE
commercial-industrial,43,Sliding Door - Splice Bracket,2,2,column_1,,,HW-970
commercial-industrial,43,Sliding Door - Splice Bracket,2,2,column_2,,,Galvanized
commercial-industrial,43,Sliding Door - Splice Bracket,2,2,column_3,,,1.00#
commercial-industrial,43,Sliding Door - Splice Bracket,2,2,column_4,,,v
commercial-industrial,44,Flat Sheet Selection Chart,0,0,column_1,,,Width
commercial-industrial,44,Flat Sheet Selection Chart,0,0,column_2,,,"40-7/8"""
commercial-industrial,44,Flat Sheet Selection Chart,0,0,column_3,,,"42-3/4"""
commercial-industrial,44,Flat Sheet Selection Chart,0,0,column_4,,,"48 - 3/8"""
commercial-industrial,44,Flat Sheet Selection Chart,0,1,column_1,,,Gauge
commercial-industrial,44,Flat Sheet Selection Chart,0,1,column_2,,,29 ga
commercial-industrial,44,Flat Sheet Selection Chart,0,1,column_3,,,26 ga
commercial-industrial,44,Flat Sheet Selection Chart,0,1,column_4,,,24 ga
commercial-industrial,44,Flat Sheet Selection Chart,0,2,column_1,,,Weight per LF
commercial-industrial,44,Flat Sheet Selection Chart,0,2,column_2,,,2.00#
commercial-industrial,44,Flat Sheet Selection Chart,0,2,column_3,,,3.324
commercial-industrial,44,Flat Sheet Selection Chart,0,2,column_4,,,3./5#
commercial-industrial,44,Flat Sheet Selection Chart,0,3,column_1,,,Signature® 200 (Polyester)
commercial-industrial,44,Flat Sheet Selection Chart,1,0,column_1,,,Polar White
commercial-industrial,44,Flat Sheet Selection Chart,1,1,column_1,,,Signature® 200
commercial-industrial,44,Flat Sheet Selection Chart,2,0,column_1,,,Wine Red
commercial-industrial,44,Flat Sheet Selection Chart,2,0,column_3,,,7)
commercial-industrial,44,Flat Sheet Selection Chart,2,0,column_4,,,0
commercial-industrial,44,Flat Sheet Selection Chart,2,1,column_1,,,Signature® 300
commercial-industrial,44,Flat Sheet Selection Chart,3,0,column_1,,,Tundra
commercial-industrial,44,Flat Sheet Selection Chart,3,0,column_2,,,=a
commercial-industrial,44,Flat Sheet Selection Chart,3,0,column_3,,,7
commercial-industrial,44,Flat Sheet Selection Chart,3,1,column_1,,,Signature® 300 Metallic
commercial-industrial,44,Flat Sheet Selection Chart,4,0,column_1,,,Copper Metallic
commercial-industrial,44,Flat Sheet Selection Chart,4,0,column_2,,,=a
commercial-industrial,44,Flat Sheet Selection Chart,4,0,column_3,,,o
commercial-industrial,44,Flat Sheet Selection Chart,4,1,column_1,,,Unpainted
commercial-industrial,45,Outside Corner Trim - PBR / PBA Panels,0,0,part,PART #,DESCRIPTION,FL-830
commercial-industrial,45,Outside Corner Trim - PBR / PBA Panels,0,0,length,LENGTH,DESCRIPTION,"10'-2"""
commercial-industrial,45,Outside Corner Trim - PBR / PBA Panels,0,0,girth,GIRTH,DESCRIPTION,"12%"""
commercial-industrial,45,Outside Corner Trim - PBR / PBA Panels,0,0,weight_each,WEIGHT EACH,DESCRIPTION,8.324
commercial-industrial,45,Outside Corner Trim - PBR / PBA Panels,0,0,galvalume_plus,GALVALUME® PLUS,PRICED PER EACH,✓
commercial-industrial,45,Outside Corner Trim - PBR / PBA Panels,0,0,signature_200,SIGNATURE® 200,PRICED PER EACH,✓
commercial-industrial,45,Outside Corner Trim - PBR / PBA Panels,0,0,signature_300,SIGNATURE® 300,PRICED PER EACH,✓
commercial-industrial,45,Outside Corner Trim - PBR / PBA Panels,0,1,part,PART #,DESCRIPTION,FL-831
commercial-industrial,45,Outside Corner Trim - PBR / PBA Panels,0,1,length,LENGTH,DESCRIPTION,"12!-0"""
commercial-industrial,45,Outside Corner Trim - PBR / PBA Panels,0,1,girth,GIRTH,DESCRIPTION,"12%"""
commercial-industrial,45,Outside Corner Trim - PBR / PBA Panels,0,1,weight_each,WEIGHT EACH,DESCRIPTION,9.83#
commercial-industrial,45,Outside Corner Trim - PBR / PBA Panels,0,1,galvalume_plus,GALVALUME® PLUS,PRICED PER EACH,✓
commercial-industrial,45,Outside Corner Trim - PBR / PBA Panels,0,1,signature_200,SIGNATURE® 200,PRICED PER EACH,✓
commercial-industrial,45,Outside Corner Trim - PBR / PBA Panels,0,1,signature_300,SIGNATURE® 300,PRICED PER EACH,✓
commercial-industrial,45,Outside Corner Trim - PBR / PBA Panels,0,2,part,PART #,DESCRIPTION,FL-832
commercial-industrial,45,Outside Corner Trim - PBR / PBA Panels,0,2,length,LENGTH,DESCRIPTION,"14'-0"""
commercial-industrial,45,Outside Corner Trim - PBR / PBA Panels,0,2,girth,GIRTH,DESCRIPTION,"12%"""
commercial-industrial,45,Outside Corner Trim - PBR / PBA Panels,0,2,weight_each,WEIGHT EACH,DESCRIPTION,11.46#
commercial-industrial,45,Outside Corner Trim - PBR / PBA Panels,0,2,galvalume_plus,GALVALUME® PLUS,PRICED PER EACH,✓
commercial-industrial,45,Outside Corner Trim - PBR / PBA Panels,0,2,signature_200,SIGNATURE® 200,PRICED PER EACH,✓
commercial-industrial,45,Outside Corner Trim - PBR / PBA Panels,0,2,signature_300,SIGNATURE® 300,PRICED PER EACH,✓
commercial-industrial,45,Outside Corner Trim - PBR / PBA Panels,0,3,part,PART #,DESCRIPTION,FL-833
commercial-industrial,45,Outside Corner Trim - PBR / PBA Panels,0,3,length,LENGTH,DESCRIPTION,"16'-0"""
commercial-industrial,45,Outside Corner Trim - PBR / PBA Panels,0,3,girth,GIRTH,DESCRIPTION,"12%"""
commercial-industrial,45,Outside Corner Trim - PBR / PBA Panels,0,3,weight_each,WEIGHT EACH,DESCRIPTION,13.10#
commercial-industrial,45,Outside Corner Trim - PBR / PBA Panels,0,3,galvalume_plus,GALVALUME® PLUS,PRICED PER EACH,✓
commercial-industrial,45,Outside Corner Trim - PBR / PBA Panels,0,3,signature_200,SIGNATURE® 200,PRICED PER EACH,✓
commercial-industrial,45,Outside Corner Trim - PBR / PBA Panels,0,3,signature_300,SIGNATURE® 300,PRICED PER EACH,✓
commercial-industrial,45,Outside Corner Trim - PBR / PBA Panels,0,4,part,PART #,DESCRIPTION,FL-834
commercial-industrial,45,Outside Corner Trim - PBR / PBA Panels,0,4,length,LENGTH,DESCRIPTION,"18'-0"""
commercial-industrial,45,Outside Corner Trim - PBR / PBA Panels,0,4,girth,GIRTH,DESCRIPTION,"12%"""
commercial-industrial,45,Outside Corner Trim - PBR / PBA Panels,0,4,weight_each,WEIGHT EACH,DESCRIPTION,14.744
commercial-industrial,45,Outside Corner Trim - PBR / PBA Panels,0,4,galvalume_plus,GALVALUME® PLUS,PRICED PER EACH,✓
commercial-industrial,45,Outside Corner Trim - PBR / PBA Panels,0,4,signature_200,SIGNATURE® 200,PRICED PER EACH,✓
commercial-industrial,45,Outside Corner Trim - PBR / PBA Panels,0,4,signature_300,SIGNATURE® 300,PRICED PER EACH,✓
commercial-industrial,45,Outside Corner Trim - PBR / PBA Panels,0,5,part,PART #,DESCRIPTION,FL-835
commercial-industrial,45,Outside Corner Trim - PBR / PBA Panels,0,5,length,LENGTH,DESCRIPTION,"20'-2"""
commercial-industrial,45,Outside Corner Trim - PBR / PBA Panels,0,5,girth,GIRTH,DESCRIPTION,"12%"""
commercial-industrial,45,Outside Corner Trim - PBR / PBA Panels,0,5,weight_each,WEIGHT EACH,DESCRIPTION,16.51#
commercial-industrial,45,Outside Corner Trim - PBR / PBA Panels,0,5,galvalume_plus,GALVALUME® PLUS,PRICED PER EACH,✓
commercial-industrial,45,Outside Corner Trim - PBR / PBA Panels,0,5,signature_200,SIGNATURE® 200,PRICED PER EACH,✓
commercial-industrial,45,Outside Corner Trim - PBR / PBA Panels,0,5,signature_300,SIGNATURE® 300,PRICED PER EACH,✓
commercial-industrial,45,Outside Corner Trim - PBU Panel,1,0,part,PART #,DESCRIPTION,FL-840
commercial-industrial,45,Outside Corner Trim - PBU Panel,1,0,length,LENGTH,DESCRIPTION,"10'-2"""
commercial-industrial,45,Outside Corner Trim - PBU Panel,1,0,girth,GIRTH,DESCRIPTION,"1138"""
commercial-industrial,45,Outside Corner Trim - PBU Panel,1,0,weight_each,WEIGHT EACH,DESCRIPTION,750#
commercial-industrial,45,Outside Corner Trim - PBU Panel,1,0,galvalume_plus,GALVALUME® PLUS,PRICED PER EACH,✓
commercial-industrial,45,Outside Corner Trim - PBU Panel,1,0,signature_200,SIGNATURE® 200,PRICED PER EACH,✓
commercial-industrial,45,Outside Corner Trim - PBU Panel,1,0,signature_300,SIGNATURE® 300,PRICED PER EACH,✓
commercial-industrial,45,Outside Corner Trim - PBU Panel,1,1,part,PART #,DESCRIPTION,FL-841
commercial-industrial,45,Outside Corner Trim - PBU Panel,1,1,length,LENGTH,DESCRIPTION,"12'-Q"""
commercial-industrial,45,Outside Corner Trim - PBU Panel,1,1,girth,GIRTH,DESCRIPTION,"11%"""
commercial-industrial,45,Outside Corner Trim - PBU Panel,1,1,weight_each,WEIGHT EACH,DESCRIPTION,8.854
commercial-industrial,45,Outside Corner Trim - PBU Panel,1,1,galvalume_plus,GALVALUME® PLUS,PRICED PER EACH,✓
commercial-industrial,45,Outside Corner Trim - PBU Panel,1,1,signature_200,SIGNATURE® 200,PRICED PER EACH,✓
commercial-industrial,45,Outside Corner Trim - PBU Panel,1,1,signature_300,SIGNATURE® 300,PRICED PER EACH,✓
commercial-industrial,45,Outside Corner Trim - PBU Panel,1,2,part,PART #,DESCRIPTION,FL-842
commercial-industrial,45,Outside Corner Trim - PBU Panel,1,2,length,LENGTH,DESCRIPTION,"14'-0"""
commercial-industrial,45,Outside Corner Trim - PBU Panel,1,2,girth,GIRTH,DESCRIPTION,"11%"""
commercial-industrial,45,Outside Corner Trim - PBU Panel,1,2,weight_each,WEIGHT EACH,DESCRIPTION,10.33#
commercial-industrial,45,Outside Corner Trim - PBU Panel,1,2,galvalume_plus,GALVALUME® PLUS,PRICED PER EACH,✓
commercial-industrial,45,Outside Corner Trim - PBU Panel,1,2,signature_200,SIGNATURE® 200,PRICED PER EACH,✓
commercial-industrial,45,Outside Corner Trim - PBU Panel,1,2,signature_300,SIGNATURE® 300,PRICED PER EACH,✓
commercial-industrial,45,Outside Corner Trim - PBU Panel,1,3,part,PART #,DESCRIPTION,FL-843
commercial-industrial,45,Outside Corner Trim - PBU Panel,1,3,length,LENGTH,DESCRIPTION,"16'-0"""
commercial-industrial,45,Outside Corner Trim - PBU Panel,1,3,girth,GIRTH,DESCRIPTION,"11%"""
commercial-industrial,45,Outside Corner Trim - PBU Panel,1,3,weight_each,WEIGHT EACH,DESCRIPTION,11.80#
commercial-industrial,45,Outside Corner Trim - PBU Panel,1,3,galvalume_plus,GALVALUME® PLUS,PRICED PER EACH,✓
commercial-industrial,45,Outside Corner Trim - PBU Panel,1,3,signature_200,SIGNATURE® 200,PRICED PER EACH,✓
commercial-industrial,45,Outside Corner Trim - PBU Panel,1,3,signature_300,SIGNATURE® 300,PRICED PER EACH,✓
commercial-industrial,45,Outside Corner Trim - PBU Panel,1,4,part,PART #,DESCRIPTION,FL-844
commercial-industrial,45,Outside Corner Trim - PBU Panel,1,4,length,LENGTH,DESCRIPTION,"18'-0"""
commercial-industrial,45,Outside Corner Trim - PBU Panel,1,4,girth,GIRTH,DESCRIPTION,"11%"""
commercial-industrial,45,Outside Corner Trim - PBU Panel,1,4,weight_each,WEIGHT EACH,DESCRIPTION,13.28#
commercial-industrial,45,Outside Corner Trim - PBU Panel,1,4,galvalume_plus,GALVALUME® PLUS,PRICED PER EACH,✓
commercial-industrial,45,Outside Corner Trim - PBU Panel,1,4,signature_200,SIGNATURE® 200,PRICED PER EACH,✓
commercial-industrial,45,Outside Corner Trim - PBU Panel,1,4,signature_300,SIGNATURE® 300,PRICED PER EACH,✓
commercial-industrial,45,Outside Corner Trim - PBU Panel,1,5,part,PART #,DESCRIPTION,FL-845
commercial-industrial,45,Outside Corner Trim - PBU Panel,1,5,length,LENGTH,DESCRIPTION,"20'-2"""
commercial-industrial,45,Outside Corner Trim - PBU Panel,1,5,girth,GIRTH,DESCRIPTION,"1138"""
commercial-industrial,45,Outside Corner Trim - PBU Panel,1,5,weight_each,WEIGHT EACH,DESCRIPTION,14.88#
commercial-industrial,45,Outside Corner Trim - PBU Panel,1,5,galvalume_plus,GALVALUME® PLUS,PRICED PER EACH,✓
commercial-industrial,45,Outside Corner Trim - PBU Panel,1,5,signature_200,SIGNATURE® 200,PRICED PER EACH,✓
commercial-industrial,45,Outside Corner Trim - PBU Panel,1,5,signature_300,SIGNATURE® 300,PRICED PER EACH,✓
commercial-industrial,46,Outside Corner Tirm - Retro-R Panel®,0,0,part,PART #,DESCRIPTION,FL-876
commercial-industrial,46,Outside Corner Tirm - Retro-R Panel®,0,0,length,LENGTH,DESCRIPTION,"10'-2"""
commercial-industrial,46,Outside Corner Tirm - Retro-R Panel®,0,0,girth,GIRTH,DESCRIPTION,"1734"""
commercial-industrial,46,Outside Corner Tirm - Retro-R Panel®,0,0,weight_each,WEIGHT EACH,DESCRIPTION,11.70#
commercial-industrial,46,Outside Corner Tirm - Retro-R Panel®,0,0,galvalume_plus,GALVALUME® PLUS,PRICED PER EACH,✓
commercial-industrial,46,Outside Corner Tirm - Retro-R Panel®,0,0,signature_200,SIGNATURE® 200,PRICED PER EACH,✓
commercial-industrial,46,Outside Corner Tirm - Retro-R Panel®,0,0,signature_300,SIGNATURE® 300,PRICED PER EACH,✓
commercial-industrial,46,Outside Corner Tirm - Retro-R Panel®,0,1,part,PART #,DESCRIPTION,FL-877
commercial-industrial,46,Outside Corner Tirm - Retro-R Panel®,0,1,length,LENGTH,DESCRIPTION,"20'-2"""
commercial-industrial,46,Outside Corner Tirm - Retro-R Panel®,0,1,girth,GIRTH,DESCRIPTION,"1734"""
commercial-industrial,46,Outside Corner Tirm - Retro-R Panel®,0,1,weight_each,WEIGHT EACH,DESCRIPTION,23.22#
commercial-industrial,46,Outside Corner Tirm - Retro-R Panel®,0,1,galvalume_plus,GALVALUME® PLUS,PRICED PER EACH,✓
commercial-industrial,46,Outside Corner Tirm - Retro-R Panel®,0,1,signature_200,SIGNATURE® 200,PRICED PER EACH,✓
commercial-industrial,46,Outside Corner Tirm - Retro-R Panel®,0,1,signature_300,SIGNATURE® 300,PRICED PER EACH,✓
commercial-industrial,46,Outside Corner Trim - 7.2 Panel,1,0,part,PART #,DESCRIPTION,FL-500
commercial-industrial,46,Outside Corner Trim - 7.2 Panel,1,0,length,LENGTH,DESCRIPTION,"1 Q'-2"""
commercial-industrial,46,Outside Corner Trim - 7.2 Panel,1,0,girth,GIRTH,DESCRIPTION,"14%"""
commercial-industrial,46,Outside Corner Trim - 7.2 Panel,1,0,weight_each,WEIGHT EACH,DESCRIPTION,9.40#
commercial-industrial,46,Outside Corner Trim - 7.2 Panel,1,0,galvalume_plus,GALVALUME® PLUS,PRICED PER EACH,✓
commercial-industrial,46,Outside Corner Trim - 7.2 Panel,1,0,signature_200,SIGNATURE® 200,PRICED PER EACH,✓
commercial-industrial,46,Outside Corner Trim - 7.2 Panel,1,0,signature_300,SIGNATURE® 300,PRICED PER EACH,✓
commercial-industrial,46,Outside Corner Trim - 7.2 Panel,1,1,part,PART #,DESCRIPTION,FL-500A
commercial-industrial,46,Outside Corner Trim - 7.2 Panel,1,1,length,LENGTH,DESCRIPTION,"12'-O"""
commercial-industrial,46,Outside Corner Trim - 7.2 Panel,1,1,girth,GIRTH,DESCRIPTION,"14%"""
commercial-industrial,46,Outside Corner Trim - 7.2 Panel,1,1,weight_each,WEIGHT EACH,DESCRIPTION,11.09#
commercial-industrial,46,Outside Corner Trim - 7.2 Panel,1,1,galvalume_plus,GALVALUME® PLUS,PRICED PER EACH,✓
commercial-industrial,46,Outside Corner Trim - 7.2 Panel,1,1,signature_200,SIGNATURE® 200,PRICED PER EACH,✓
commercial-industrial,46,Outside Corner Trim - 7.2 Panel,1,1,signature_300,SIGNATURE® 300,PRICED PER EACH,✓
commercial-industrial,46,Outside Corner Trim - 7.2 Panel,1,2,part,PART #,DESCRIPTION,FL-500B
commercial-industrial,46,Outside Corner Trim - 7.2 Panel,1,2,length,LENGTH,DESCRIPTION,"1 4'-0"""
commercial-industrial,46,Outside Corner Trim - 7.2 Panel,1,2,girth,GIRTH,DESCRIPTION,"14%"""
commercial-industrial,46,Outside Corner Trim - 7.2 Panel,1,2,weight_each,WEIGHT EACH,DESCRIPTION,12.944
commercial-industrial,46,Outside Corner Trim - 7.2 Panel,1,2,galvalume_plus,GALVALUME® PLUS,PRICED PER EACH,✓
commercial-industrial,46,Outside Corner Trim - 7.2 Panel,1,2,signature_200,SIGNATURE® 200,PRICED PER EACH,✓
commercial-industrial,46,Outside Corner Trim - 7.2 Panel,1,2,signature_300,SIGNATURE® 300,PRICED PER EACH,✓
commercial-industrial,46,Inside Corner Trim - PBR Panel,2,0,part,PART #,DESCRIPTION,FL-800
commercial-industrial,46,Inside Corner Trim - PBR Panel,2,0,length,LENGTH,DESCRIPTION,"10'-2"""
commercial-industrial,46,Inside Corner Trim - PBR Panel,2,0,girth,GIRTH,DESCRIPTION,15
commercial-industrial,46,Inside Corner Trim - PBR Panel,2,0,weight_each,WEIGHT EACH,DESCRIPTION,9.89#
commercial-industrial,46,Inside Corner Trim - PBR Panel,2,0,galvalume_plus,GALVALUME® PLUS,PRICED PER EACH,✓
commercial-industrial,46,Inside Corner Trim - PBR Panel,2,0,signature_200,SIGNATURE® 200,PRICED PER EACH,✓
commercial-industrial,46,Inside Corner Trim - PBR Panel,2,0,signature_300,SIGNATURE® 300,PRICED PER EACH,✓
commercial-industrial,46,Inside Corner Trim - PBR Panel,2,1,part,PART #,DESCRIPTION,FL-801
commercial-industrial,46,Inside Corner Trim - PBR Panel,2,1,length,LENGTH,DESCRIPTION,"12'-Q"""
commercial-industrial,46,Inside Corner Trim - PBR Panel,2,1,girth,GIRTH,DESCRIPTION,"15"""
commercial-industrial,46,Inside Corner Trim - PBR Panel,2,1,weight_each,WEIGHT EACH,DESCRIPTION,11.607#
commercial-industrial,46,Inside Corner Trim - PBR Panel,2,1,galvalume_plus,GALVALUME® PLUS,PRICED PER EACH,✓
commercial-industrial,46,Inside Corner Trim - PBR Panel,2,1,signature_200,SIGNATURE® 200,PRICED PER EACH,✓
commercial-industrial,46,Inside Corner Trim - PBR Panel,2,1,signature_300,SIGNATURE® 300,PRICED PER EACH,✓
commercial-industrial,46,Inside Corner Trim - PBR Panel,2,2,part,PART #,DESCRIPTION,FL-802
commercial-industrial,46,Inside Corner Trim - PBR Panel,2,2,length,LENGTH,DESCRIPTION,"1 4'-0"""
commercial-industrial,46,Inside Corner Trim - PBR Panel,2,2,girth,GIRTH,DESCRIPTION,"15"""
commercial-industrial,46,Inside Corner Trim - PBR Panel,2,2,weight_each,WEIGHT EACH,DESCRIPTION,13.62#
commercial-industrial,46,Inside Corner Trim - PBR Panel,2,2,galvalume_plus,GALVALUME® PLUS,PRICED PER EACH,✓
commercial-industrial,46,Inside Corner Trim - PBR Panel,2,2,signature_200,SIGNATURE® 200,PRICED PER EACH,✓
commercial-industrial,46,Inside Corner Trim - PBR Panel,2,2,signature_300,SIGNATURE® 300,PRICED PER EACH,✓
commercial-industrial,46,Inside Corner Trim - PBR Panel,2,3,part,PART #,DESCRIPTION,FL-803
commercial-industrial,46,Inside Corner Trim - PBR Panel,2,3,length,LENGTH,DESCRIPTION,"16'-0"""
commercial-industrial,46,Inside Corner Trim - PBR Panel,2,3,girth,GIRTH,DESCRIPTION,"45"""
commercial-industrial,46,Inside Corner Trim - PBR Panel,2,3,weight_each,WEIGHT EACH,DESCRIPTION,15.57#
commercial-industrial,46,Inside Corner Trim - PBR Panel,2,3,galvalume_plus,GALVALUME® PLUS,PRICED PER EACH,✓
commercial-industrial,46,Inside Corner Trim - PBR Panel,2,3,signature_200,SIGNATURE® 200,PRICED PER EACH,✓
commercial-industrial,46,Inside Corner Trim - PBR Panel,2,3,signature_300,SIGNATURE® 300,PRICED PER EACH,✓
commercial-industrial,46,Inside Corner Trim - PBR Panel,2,4,part,PART #,DESCRIPTION,FL-804
commercial-industrial,46,Inside Corner Trim - PBR Panel,2,4,length,LENGTH,DESCRIPTION,"18'-0"""
commercial-industrial,46,Inside Corner Trim - PBR Panel,2,4,girth,GIRTH,DESCRIPTION,15
commercial-industrial,46,Inside Corner Trim - PBR Panel,2,4,weight_each,WEIGHT EACH,DESCRIPTION,17.51#
commercial-industrial,46,Inside Corner Trim - PBR Panel,2,4,galvalume_plus,GALVALUME® PLUS,PRICED PER EACH,✓
commercial-industrial,46,Inside Corner Trim - PBR Panel,2,4,signature_200,SIGNATURE® 200,PRICED PER EACH,✓
commercial-industrial,46,Inside Corner Trim - PBR Panel,2,4,signature_300,SIGNATURE® 300,PRICED PER EACH,✓
commercial-industrial,46,Inside Corner Trim - PBR Panel,2,5,part,PART #,DESCRIPTION,FL-805
commercial-industrial,46,Inside Corner Trim - PBR Panel,2,5,length,LENGTH,DESCRIPTION,"20'-2"""
commercial-industrial,46,Inside Corner Trim - PBR Panel,2,5,girth,GIRTH,DESCRIPTION,"15"""
commercial-industrial,46,Inside Corner Trim - PBR Panel,2,5,weight_each,WEIGHT EACH,DESCRIPTION,19.624
commercial-industrial,46,Inside Corner Trim - PBR Panel,2,5,galvalume_plus,GALVALUME® PLUS,PRICED PER EACH,✓
commercial-industrial,46,Inside Corner Trim - PBR Panel,2,5,signature_200,SIGNATURE® 200,PRICED PER EACH,✓
commercial-industrial,46,Inside Corner Trim - PBR Panel,2,5,signature_300,SIGNATURE® 300,PRICED PER EACH,✓
commercial-industrial,47,Inside Corner Trim - PBU Panel,0,0,part,PART #,DESCRIPTION,FL-810
commercial-industrial,47,Inside Corner Trim - PBU Panel,0,0,length,LENGTH,DESCRIPTION,"10'-2"""
commercial-industrial,47,Inside Corner Trim - PBU Panel,0,0,girth,GIRTH,DESCRIPTION,"10%"""
commercial-industrial,47,Inside Corner Trim - PBU Panel,0,0,weight_each,WEIGHT EACH,DESCRIPTION,7.01#
commercial-industrial,47,Inside Corner Trim - PBU Panel,0,0,galvalume_plus,GALVALUME® PLUS,PRICED PER EACH,✓
commercial-industrial,47,Inside Corner Trim - PBU Panel,0,0,signature_200,SIGNATURE® 200,PRICED PER EACH,✓
commercial-industrial,47,Inside Corner Trim - PBU Panel,0,0,signature_300,SIGNATURE® 300,PRICED PER EACH,✓
commercial-industrial,47,Inside Corner Trim - PBU Panel,0,1,part,PART #,DESCRIPTION,FL-811
commercial-industrial,47,Inside Corner Trim - PBU Panel,0,1,length,LENGTH,DESCRIPTION,"12'-O"""
commercial-industrial,47,Inside Corner Trim - PBU Panel,0,1,girth,GIRTH,DESCRIPTION,"10%"""
commercial-industrial,47,Inside Corner Trim - PBU Panel,0,1,weight_each,WEIGHT EACH,DESCRIPTION,8.27#
commercial-industrial,47,Inside Corner Trim - PBU Panel,0,1,galvalume_plus,GALVALUME® PLUS,PRICED PER EACH,✓
commercial-industrial,47,Inside Corner Trim - PBU Panel,0,1,signature_200,SIGNATURE® 200,PRICED PER EACH,✓
commercial-industrial,47,Inside Corner Trim - PBU Panel,0,1,signature_300,SIGNATURE® 300,PRICED PER EACH,✓
commercial-industrial,47,Inside Corner Trim - PBU Panel,0,2,part,PART #,DESCRIPTION,FL-812
commercial-industrial,47,Inside Corner Trim - PBU Panel,0,2,length,LENGTH,DESCRIPTION,"14'-0"""
commercial-industrial,47,Inside Corner Trim - PBU Panel,0,2,girth,GIRTH,DESCRIPTION,"10%"""
commercial-industrial,47,Inside Corner Trim - PBU Panel,0,2,weight_each,WEIGHT EACH,DESCRIPTION,9.65#
commercial-industrial,47,Inside Corner Trim - PBU Panel,0,2,galvalume_plus,GALVALUME® PLUS,PRICED PER EACH,✓
commercial-industrial,47,Inside Corner Trim - PBU Panel,0,2,signature_200,SIGNATURE® 200,PRICED PER EACH,✓
commercial-industrial,47,Inside Corner Trim - PBU Panel,0,2,signature_300,SIGNATURE® 300,PRICED PER EACH,✓
commercial-industrial,47,Inside Corner Trim - PBU Panel,0,3,part,PART #,DESCRIPTION,FL-813
commercial-industrial,47,Inside Corner Trim - PBU Panel,0,3,length,LENGTH,DESCRIPTION,"16'-0"""
commercial-industrial,47,Inside Corner Trim - PBU Panel,0,3,girth,GIRTH,DESCRIPTION,"10%"""
commercial-industrial,47,Inside Corner Trim - PBU Panel,0,3,weight_each,WEIGHT EACH,DESCRIPTION,11.03#
commercial-industrial,47,Inside Corner Trim - PBU Panel,0,3,galvalume_plus,GALVALUME® PLUS,PRICED PER EACH,✓
commercial-industrial,47,Inside Corner Trim - PBU Panel,0,3,signature_200,SIGNATURE® 200,PRICED PER EACH,✓
commercial-industrial,47,Inside Corner Trim - PBU Panel,0,3,signature_300,SIGNATURE® 300,PRICED PER EACH,✓
commercial-industrial,47,Inside Corner Trim - PBU Panel,0,4,part,PART #,DESCRIPTION,FL-814
commercial-industrial,47,Inside Corner Trim - PBU Panel,0,4,length,LENGTH,DESCRIPTION,"18'-0"""
commercial-industrial,47,Inside Corner Trim - PBU Panel,0,4,girth,GIRTH,DESCRIPTION,"10%"""
commercial-industrial,47,Inside Corner Trim - PBU Panel,0,4,weight_each,WEIGHT EACH,DESCRIPTION,12.40#
commercial-industrial,47,Inside Corner Trim - PBU Panel,0,4,galvalume_plus,GALVALUME® PLUS,PRICED PER EACH,✓
commercial-industrial,47,Inside Corner Trim - PBU Panel,0,4,signature_200,SIGNATURE® 200,PRICED PER EACH,✓
commercial-industrial,47,Inside Corner Trim - PBU Panel,0,4,signature_300,SIGNATURE® 300,PRICED PER EACH,✓
commercial-industrial,47,Inside Corner Trim - PBU Panel,0,5,part,PART #,DESCRIPTION,FL-815
commercial-industrial,47,Inside Corner Trim - PBU Panel,0,5,length,LENGTH,DESCRIPTION,"20'-2"""
commercial-industrial,47,Inside Corner Trim - PBU Panel,0,5,girth,GIRTH,DESCRIPTION,"10%"""
commercial-industrial,47,Inside Corner Trim - PBU Panel,0,5,weight_each,WEIGHT EACH,DESCRIPTION,13.90#
commercial-industrial,47,Inside Corner Trim - PBU Panel,0,5,galvalume_plus,GALVALUME® PLUS,PRICED PER EACH,✓
commercial-industrial,47,Inside Corner Trim - PBU Panel,0,5,signature_200,SIGNATURE® 200,PRICED PER EACH,✓
commercial-industrial,47,Inside Corner Trim - PBU Panel,0,5,signature_300,SIGNATURE® 300,PRICED PER EACH,✓
commercial-industrial,47,Inside Corner Trim - Retro-R Panel®,1,0,column_1,,,DESCRIPTION
commercial-industrial,47,Inside Corner Trim - Retro-R Panel®,1,0,column_5,,,PRICED PER EACH
commercial-industrial,47,Inside Corner Trim - Retro-R Panel®,1,1,column_1,,,PART #
commercial-industrial,47,Inside Corner Trim - Retro-R Panel®,1,1,column_2,,,LENGTH
commercial-industrial,47,Inside Corner Trim - Retro-R Panel®,1,1,column_3,,,GIRTH
commercial-industrial,47,Inside Corner Trim - Retro-R Panel®,1,1,column_4,,,WEIGHT EACH
commercial-industrial,47,Inside Corner Trim - Retro-R Panel®,1,1,column_5,,,GALVALUME® PLUS
commercial-industrial,47,Inside Corner Trim - Retro-R Panel®,1,1,column_6,,,SIGNATURE® 200
commercial-industrial,47,Inside Corner Trim - Retro-R Panel®,1,1,column_7,,,SIGNATURE® 300
commercial-industrial,47,Inside Corner Trim - Retro-R Panel®,1,2,column_1,,,FL-878
commercial-industrial,47,Inside Corner Trim - Retro-R Panel®,1,2,column_2,,,"10'-2"""
commercial-industrial,47,Inside Corner Trim - Retro-R Panel®,1,2,column_3,,,"15%"""
commercial-industrial,47,Inside Corner Trim - Retro-R Panel®,1,2,column_4,,,10.22#
commercial-industrial,47,Inside Corner Trim - Retro-R Panel®,1,2,column_5,,,v
commercial-industrial,47,Inside Corner Trim - Retro-R Panel®,1,2,column_6,,,v
commercial-industrial,47,Inside Corner Trim - Retro-R Panel®,1,2,column_7,,,v
commercial-industrial,47,Inside Corner Trim - Retro-R Panel®,1,3,column_1,,,FL-879
commercial-industrial,47,Inside Corner Trim - Retro-R Panel®,1,3,column_2,,,"20'-2"""
commercial-industrial,47,Inside Corner Trim - Retro-R Panel®,1,3,column_3,,,"15%"""
commercial-industrial,47,Inside Corner Trim - Retro-R Panel®,1,3,column_4,,,20.27#
commercial-industrial,47,Inside Corner Trim - Retro-R Panel®,1,3,column_5,,,v
commercial-industrial,47,Inside Corner Trim - Retro-R Panel®,1,3,column_6,,,v
commercial-industrial,47,Inside Corner Trim - Retro-R Panel®,1,3,column_7,,,v
commercial-industrial,47,Inside Corner Trim - 7.2 Panel,2,0,part,PART #,DESCRIPTION,FL-520
commercial-industrial,47,Inside Corner Trim - 7.2 Panel,2,0,length,LENGTH,DESCRIPTION,"10'-2"""
commercial-industrial,47,Inside Corner Trim - 7.2 Panel,2,0,girth,GIRTH,DESCRIPTION,"1472"""
commercial-industrial,47,Inside Corner Trim - 7.2 Panel,2,0,weight_each,WEIGHT EACH,DESCRIPTION,9.560#
commercial-industrial,47,Inside Corner Trim - 7.2 Panel,2,0,galvalume_plus,GALVALUME® PLUS,PRICED PER EACH,✓
commercial-industrial,47,Inside Corner Trim - 7.2 Panel,2,0,signature_200,SIGNATURE® 200,PRICED PER EACH,✓
commercial-industrial,47,Inside Corner Trim - 7.2 Panel,2,0,signature_300,SIGNATURE® 300,PRICED PER EACH,✓
commercial-industrial,48,BT-20 Base Trim,0,0,part,PART #,DESCRIPTION,FL-73
commercial-industrial,48,BT-20 Base Trim,0,0,length,LENGTH,DESCRIPTION,"20'-0"""
commercial-industrial,48,BT-20 Base Trim,0,0,girth,GIRTH,DESCRIPTION,"778"""
commercial-industrial,48,BT-20 Base Trim,0,0,weight_each,WEIGHT EACH,DESCRIPTION,22.00#
commercial-industrial,48,BT-20 Base Trim,0,0,galvalume_plus,GALVALUME® PLUS,PRICED PER EACH,N/A
commercial-industrial,48,BT-20 Base Trim,0,0,signature_200,SIGNATURE® 200,PRICED PER EACH,✓
commercial-industrial,48,BT-20 Base Trim,0,0,signature_300,SIGNATURE® 300,PRICED PER EACH,N/A
commercial-industrial,48,Base Angle Corner,1,0,column_1,,,DESCRIPTION
commercial-industrial,48,Base Angle Corner,1,0,column_3,,,PRICED PER EACH
commercial-industrial,48,Base Angle Corner,1,1,column_1,,,PART #
commercial-industrial,48,Base Angle Corner,1,1,column_2,,,WEIGHT EACH
commercial-industrial,48,Base Angle Corner,1,1,column_3,,,GALVALUME® PLUS
commercial-industrial,48,Base Angle Corner,1,1,column_4,,,SIGNATURE® 200
commercial-industrial,48,Base Angle Corner,1,1,column_5,,,SIGNATURE® 300
commercial-industrial,48,Base Angle Corner,1,2,column_1,,,HW-1112
commercial-industrial,48,Base Angle Corner,1,2,column_2,,,21#
commercial-industrial,48,Base Angle Corner,1,2,column_3,,,N/A
commercial-industrial,48,Base Angle Corner,1,2,column_4,,,v
commercial-industrial,48,Base Angle Corner,1,2,column_5,,,N/A
commercial-industrial,48,Base Trim,2,0,part,PART #,DESCRIPTION,FL-72
commercial-industrial,48,Base Trim,2,0,length,LENGTH,DESCRIPTION,"10'-2"""
commercial-industrial,48,Base Trim,2,0,girth,GIRTH,DESCRIPTION,"6%"""
commercial-industrial,48,Base Trim,2,0,weight_each,WEIGHT EACH,DESCRIPTION,4.044
commercial-industrial,48,Base Trim,2,0,galvalume_plus,GALVALUME® PLUS,PRICED PER EACH,✓
commercial-industrial,48,Base Trim,2,0,signature_200,SIGNATURE® 200,PRICED PER EACH,✓
commercial-industrial,48,Base Trim,2,0,signature_300,SIGNATURE® 300,PRICED PER EACH,✓
commercial-industrial,48,Base Trim without Sheeting,3,0,part,PART #,DESCRIPTION,FL-530
commercial-industrial,48,Base Trim without Sheeting,3,0,length,LENGTH,DESCRIPTION,"10'-2"""
commercial-industrial,48,Base Trim without Sheeting,3,0,girth,GIRTH,DESCRIPTION,"634"""
commercial-industrial,48,Base Trim without Sheeting,3,0,weight_each,WEIGHT EACH,DESCRIPTION,4.45#
commercial-industrial,48,Base Trim without Sheeting,3,0,galvalume_plus,GALVALUME® PLUS,PRICED PER EACH,✓
commercial-industrial,48,Base Trim without Sheeting,3,0,signature_200,SIGNATURE® 200,PRICED PER EACH,✓
commercial-industrial,48,Base Trim without Sheeting,3,0,signature_300,SIGNATURE® 300,PRICED PER EACH,✓
commercial-industrial,49,PBR Sculptured Eave Gutter,0,0,part,PART #,DESCRIPTION,FL-18
commercial-industrial,49,PBR Sculptured Eave Gutter,0,0,dim_a,"DIM ""A""",DESCRIPTION,"6Y2"""
commercial-industrial,49,PBR Sculptured Eave Gutter,0,0,length,LENGTH,DESCRIPTION,"10'-2"""
commercial-industrial,49,PBR Sculptured Eave Gutter,0,0,girth,GIRTH,DESCRIPTION,"23"""
commercial-industrial,49,PBR Sculptured Eave Gutter,0,0,roof_slope,ROOF SLOPE,DESCRIPTION,Y2-4:12
commercial-industrial,49,PBR Sculptured Eave Gutter,0,0,weight_each,"WEIGHT
EACH",DESCRIPTION,15.17#
commercial-industrial,49,PBR Sculptured Eave Gutter,0,0,galvalume_plus,"GALVALUME®
PLUS",PRICED PER EACH,✓
commercial-industrial,49,PBR Sculptured Eave Gutter,0,0,signature_200,"SIGNATURE®
200",PRICED PER EACH,✓
commercial-industrial,49,PBR Sculptured Eave Gutter,0,0,signature_300,"SIGNATURE®
300",PRICED PER EACH,✓
commercial-industrial,49,PBR Sculptured Eave Gutter,0,1,part,PART #,DESCRIPTION,FL-18B
commercial-industrial,49,PBR Sculptured Eave Gutter,0,1,dim_a,"DIM ""A""",DESCRIPTION,"6Y2"""
commercial-industrial,49,PBR Sculptured Eave Gutter,0,1,length,LENGTH,DESCRIPTION,"20'-2"""
commercial-industrial,49,PBR Sculptured Eave Gutter,0,1,girth,GIRTH,DESCRIPTION,"23"""
commercial-industrial,49,PBR Sculptured Eave Gutter,0,1,roof_slope,ROOF SLOPE,DESCRIPTION,V2-4:12
commercial-industrial,49,PBR Sculptured Eave Gutter,0,1,weight_each,"WEIGHT
EACH",DESCRIPTION,35.40#
commercial-industrial,49,PBR Sculptured Eave Gutter,0,1,galvalume_plus,"GALVALUME®
PLUS",PRICED PER EACH,✓
commercial-industrial,49,PBR Sculptured Eave Gutter,0,1,signature_200,"SIGNATURE®
200",PRICED PER EACH,✓
commercial-industrial,49,PBR Sculptured Eave Gutter,0,1,signature_300,"SIGNATURE®
300",PRICED PER EACH,✓
commercial-industrial,49,PBR Sculptured Eave Gutter,0,2,part,PART #,DESCRIPTION,FL-18H
commercial-industrial,49,PBR Sculptured Eave Gutter,0,2,dim_a,"DIM ""A""",DESCRIPTION,"7"""
commercial-industrial,49,PBR Sculptured Eave Gutter,0,2,length,LENGTH,DESCRIPTION,"10'-2"""
commercial-industrial,49,PBR Sculptured Eave Gutter,0,2,girth,GIRTH,DESCRIPTION,"23%"""
commercial-industrial,49,PBR Sculptured Eave Gutter,0,2,roof_slope,ROOF SLOPE,DESCRIPTION,A4¥-6:12
commercial-industrial,49,PBR Sculptured Eave Gutter,0,2,weight_each,"WEIGHT
EACH",DESCRIPTION,17.88#
commercial-industrial,49,PBR Sculptured Eave Gutter,0,2,galvalume_plus,"GALVALUME®
PLUS",PRICED PER EACH,✓
commercial-industrial,49,PBR Sculptured Eave Gutter,0,2,signature_200,"SIGNATURE®
200",PRICED PER EACH,✓
commercial-industrial,49,PBR Sculptured Eave Gutter,0,2,signature_300,"SIGNATURE®
300",PRICED PER EACH,✓
commercial-industrial,49,PBR Sculptured Eave Gutter,0,3,part,PART #,DESCRIPTION,FL-18)
commercial-industrial,49,PBR Sculptured Eave Gutter,0,3,dim_a,"DIM ""A""",DESCRIPTION,"7"""
commercial-industrial,49,PBR Sculptured Eave Gutter,0,3,length,LENGTH,DESCRIPTION,"20'-2"""
commercial-industrial,49,PBR Sculptured Eave Gutter,0,3,girth,GIRTH,DESCRIPTION,"23%"""
commercial-industrial,49,PBR Sculptured Eave Gutter,0,3,roof_slope,ROOF SLOPE,DESCRIPTION,A¥-6:12
commercial-industrial,49,PBR Sculptured Eave Gutter,0,3,weight_each,"WEIGHT
EACH",DESCRIPTION,35.47#
commercial-industrial,49,PBR Sculptured Eave Gutter,0,3,galvalume_plus,"GALVALUME®
PLUS",PRICED PER EACH,✓
commercial-industrial,49,PBR Sculptured Eave Gutter,0,3,signature_200,"SIGNATURE®
200",PRICED PER EACH,✓
commercial-industrial,49,PBR Sculptured Eave Gutter,0,3,signature_300,"SIGNATURE®
300",PRICED PER EACH,✓
commercial-industrial,49,PBR Sculptured Hang-On Gutter,1,0,part,PART #,DESCRIPTION,FL-18C
commercial-industrial,49,PBR Sculptured Hang-On Gutter,1,0,dim_aa,"DIM aa""",DESCRIPTION,"6Y2"""
commercial-industrial,49,PBR Sculptured Hang-On Gutter,1,0,length,LENGTH,DESCRIPTION,"10'-2"""
commercial-industrial,49,PBR Sculptured Hang-On Gutter,1,0,girth,GIRTH,DESCRIPTION,"20%"""
commercial-industrial,49,PBR Sculptured Hang-On Gutter,1,0,roof_slope,ROOF SLOPE,DESCRIPTION,Va-4:12
commercial-industrial,49,PBR Sculptured Hang-On Gutter,1,0,weight_each,"WEIGHT
EACH",DESCRIPTION,14.50#
commercial-industrial,49,PBR Sculptured Hang-On Gutter,1,0,galvalume_plus,"GALVALUME®
PLUS",PRICED PER EACH,✓
commercial-industrial,49,PBR Sculptured Hang-On Gutter,1,0,signature_200,"SIGNATURE®
200",PRICED PER EACH,✓
commercial-industrial,49,PBR Sculptured Hang-On Gutter,1,0,signature_300,"SIGNATURE®
300",PRICED PER EACH,✓
commercial-industrial,49,PBR Sculptured Hang-On Gutter,1,1,part,PART #,DESCRIPTION,FL-18D
commercial-industrial,49,PBR Sculptured Hang-On Gutter,1,1,dim_aa,"DIM aa""",DESCRIPTION,"6%"""
commercial-industrial,49,PBR Sculptured Hang-On Gutter,1,1,length,LENGTH,DESCRIPTION,"20'-2"""
commercial-industrial,49,PBR Sculptured Hang-On Gutter,1,1,girth,GIRTH,DESCRIPTION,"20%"""
commercial-industrial,49,PBR Sculptured Hang-On Gutter,1,1,roof_slope,ROOF SLOPE,DESCRIPTION,Ya-4:12
commercial-industrial,49,PBR Sculptured Hang-On Gutter,1,1,weight_each,"WEIGHT
EACH",DESCRIPTION,29.00#
commercial-industrial,49,PBR Sculptured Hang-On Gutter,1,1,galvalume_plus,"GALVALUME®
PLUS",PRICED PER EACH,✓
commercial-industrial,49,PBR Sculptured Hang-On Gutter,1,1,signature_200,"SIGNATURE®
200",PRICED PER EACH,✓
commercial-industrial,49,PBR Sculptured Hang-On Gutter,1,1,signature_300,"SIGNATURE®
300",PRICED PER EACH,✓
commercial-industrial,49,PBR Sculptured Hang-On Gutter,1,2,part,PART #,DESCRIPTION,FL-18F
commercial-industrial,49,PBR Sculptured Hang-On Gutter,1,2,dim_aa,"DIM aa""",DESCRIPTION,"7"""
commercial-industrial,49,PBR Sculptured Hang-On Gutter,1,2,length,LENGTH,DESCRIPTION,"10'-2"""
commercial-industrial,49,PBR Sculptured Hang-On Gutter,1,2,girth,GIRTH,DESCRIPTION,"2034"""
commercial-industrial,49,PBR Sculptured Hang-On Gutter,1,2,roof_slope,ROOF SLOPE,DESCRIPTION,A4%-6:12
commercial-industrial,49,PBR Sculptured Hang-On Gutter,1,2,weight_each,"WEIGHT
EACH",DESCRIPTION,15.41#
commercial-industrial,49,PBR Sculptured Hang-On Gutter,1,2,galvalume_plus,"GALVALUME®
PLUS",PRICED PER EACH,✓
commercial-industrial,49,PBR Sculptured Hang-On Gutter,1,2,signature_200,"SIGNATURE®
200",PRICED PER EACH,✓
commercial-industrial,49,PBR Sculptured Hang-On Gutter,1,2,signature_300,"SIGNATURE®
300",PRICED PER EACH,✓
commercial-industrial,49,PBR Sculptured Hang-On Gutter,1,3,part,PART #,DESCRIPTION,FL-18G
commercial-industrial,49,PBR Sculptured Hang-On Gutter,1,3,dim_aa,"DIM aa""",DESCRIPTION,"7"""
commercial-industrial,49,PBR Sculptured Hang-On Gutter,1,3,length,LENGTH,DESCRIPTION,"20'-2"""
commercial-industrial,49,PBR Sculptured Hang-On Gutter,1,3,girth,GIRTH,DESCRIPTION,"2034"""
commercial-industrial,49,PBR Sculptured Hang-On Gutter,1,3,roof_slope,ROOF SLOPE,DESCRIPTION,4%-6:12
commercial-industrial,49,PBR Sculptured Hang-On Gutter,1,3,weight_each,"WEIGHT
EACH",DESCRIPTION,30.56#
commercial-industrial,49,PBR Sculptured Hang-On Gutter,1,3,galvalume_plus,"GALVALUME®
PLUS",PRICED PER EACH,✓
commercial-industrial,49,PBR Sculptured Hang-On Gutter,1,3,signature_200,"SIGNATURE®
200",PRICED PER EACH,✓
commercial-industrial,49,PBR Sculptured Hang-On Gutter,1,3,signature_300,"SIGNATURE®
300",PRICED PER EACH,✓
commercial-industrial,49,PBU Sculptured Eave Gutter,2,0,part,PART #,DESCRIPTION,FL-512
commercial-industrial,49,PBU Sculptured Eave Gutter,2,0,dim_a,"DIM ""A""",DESCRIPTION,"7"""
commercial-industrial,49,PBU Sculptured Eave Gutter,2,0,length,LENGTH,DESCRIPTION,"10'-2"""
commercial-industrial,49,PBU Sculptured Eave Gutter,2,0,girth,GIRTH,DESCRIPTION,"23%"""
commercial-industrial,49,PBU Sculptured Eave Gutter,2,0,roof_slope,ROOF SLOPE,DESCRIPTION,V2-4:12
commercial-industrial,49,PBU Sculptured Eave Gutter,2,0,weight_each,"WEIGHT
EACH",DESCRIPTION,15.49#
commercial-industrial,49,PBU Sculptured Eave Gutter,2,0,galvalume_plus,"GALVALUME®
PLUS",PRICED PER EACH,✓
commercial-industrial,49,PBU Sculptured Eave Gutter,2,0,signature_200,"SIGNATURE®
200",PRICED PER EACH,✓
commercial-industrial,49,PBU Sculptured Eave Gutter,2,0,signature_300,"SIGNATURE®
300",PRICED PER EACH,✓
commercial-industrial,49,PBU Sculptured Eave Gutter,2,1,part,PART #,DESCRIPTION,FL-512A
commercial-industrial,49,PBU Sculptured Eave Gutter,2,1,dim_a,"DIM ""A""",DESCRIPTION,"7"""
commercial-industrial,49,PBU Sculptured Eave Gutter,2,1,length,LENGTH,DESCRIPTION,"20'-2"""
commercial-industrial,49,PBU Sculptured Eave Gutter,2,1,girth,GIRTH,DESCRIPTION,"23%"""
commercial-industrial,49,PBU Sculptured Eave Gutter,2,1,roof_slope,ROOF SLOPE,DESCRIPTION,V2-4:12
commercial-industrial,49,PBU Sculptured Eave Gutter,2,1,weight_each,"WEIGHT
EACH",DESCRIPTION,35.40#
commercial-industrial,49,PBU Sculptured Eave Gutter,2,1,galvalume_plus,"GALVALUME®
PLUS",PRICED PER EACH,✓
commercial-industrial,49,PBU Sculptured Eave Gutter,2,1,signature_200,"SIGNATURE®
200",PRICED PER EACH,✓
commercial-industrial,49,PBU Sculptured Eave Gutter,2,1,signature_300,"SIGNATURE®
300",PRICED PER EACH,✓
commercial-industrial,49,PBU Sculptured Eave Gutter,2,2,part,PART #,DESCRIPTION,FL-512E
commercial-industrial,49,PBU Sculptured Eave Gutter,2,2,dim_a,"DIM ""A""",DESCRIPTION,"7Y¥2"""
commercial-industrial,49,PBU Sculptured Eave Gutter,2,2,length,LENGTH,DESCRIPTION,"10'-2"""
commercial-industrial,49,PBU Sculptured Eave Gutter,2,2,girth,GIRTH,DESCRIPTION,"24"""
commercial-industrial,49,PBU Sculptured Eave Gutter,2,2,roof_slope,ROOF SLOPE,DESCRIPTION,4%-6:12
commercial-industrial,49,PBU Sculptured Eave Gutter,2,2,weight_each,"WEIGHT
EACH",DESCRIPTION,18.26#
commercial-industrial,49,PBU Sculptured Eave Gutter,2,2,galvalume_plus,"GALVALUME®
PLUS",PRICED PER EACH,✓
commercial-industrial,49,PBU Sculptured Eave Gutter,2,2,signature_200,"SIGNATURE®
200",PRICED PER EACH,✓
commercial-industrial,49,PBU Sculptured Eave Gutter,2,2,signature_300,"SIGNATURE®
300",PRICED PER EACH,✓
commercial-industrial,49,PBU Sculptured Eave Gutter,2,3,part,PART #,DESCRIPTION,FL-512F
commercial-industrial,49,PBU Sculptured Eave Gutter,2,3,dim_a,"DIM ""A""",DESCRIPTION,"TY"""
commercial-industrial,49,PBU Sculptured Eave Gutter,2,3,length,LENGTH,DESCRIPTION,"20'-2"""
commercial-industrial,49,PBU Sculptured Eave Gutter,2,3,girth,GIRTH,DESCRIPTION,"24"""
commercial-industrial,49,PBU Sculptured Eave Gutter,2,3,roof_slope,ROOF SLOPE,DESCRIPTION,A¥e-6:12
commercial-industrial,49,PBU Sculptured Eave Gutter,2,3,weight_each,"WEIGHT
EACH",DESCRIPTION,36.23#
commercial-industrial,49,PBU Sculptured Eave Gutter,2,3,galvalume_plus,"GALVALUME®
PLUS",PRICED PER EACH,✓
commercial-industrial,49,PBU Sculptured Eave Gutter,2,3,signature_200,"SIGNATURE®
200",PRICED PER EACH,✓
commercial-industrial,49,PBU Sculptured Eave Gutter,2,3,signature_300,"SIGNATURE®
300",PRICED PER EACH,✓
commercial-industrial,50,PBU Sculptured Hang-On Gutter,0,0,part,PART #,DESCRIPTION,FL-512B
commercial-industrial,50,PBU Sculptured Hang-On Gutter,0,0,dim_a,"DIM ""A""",DESCRIPTION,"7"""
commercial-industrial,50,PBU Sculptured Hang-On Gutter,0,0,length,LENGTH,DESCRIPTION,"10'-2"""
commercial-industrial,50,PBU Sculptured Hang-On Gutter,0,0,girth,GIRTH,DESCRIPTION,"2034"""
commercial-industrial,50,PBU Sculptured Hang-On Gutter,0,0,roof_slope,ROOF SLOPE,DESCRIPTION,V2-4:12
commercial-industrial,50,PBU Sculptured Hang-On Gutter,0,0,weight_each,"WEIGHT
EACH",DESCRIPTION,13.68#
commercial-industrial,50,PBU Sculptured Hang-On Gutter,0,0,galvalume_plus,"GALVALUME®
PLUS",PRICED PER EACH,✓
commercial-industrial,50,PBU Sculptured Hang-On Gutter,0,0,signature_200,"SIGNATURE®
200",PRICED PER EACH,✓
commercial-industrial,50,PBU Sculptured Hang-On Gutter,0,0,signature_300,"SIGNATURE®
300",PRICED PER EACH,✓
commercial-industrial,50,PBU Sculptured Hang-On Gutter,0,1,part,PART #,DESCRIPTION,FL-512C
commercial-industrial,50,PBU Sculptured Hang-On Gutter,0,1,dim_a,"DIM ""A""",DESCRIPTION,"7"""
commercial-industrial,50,PBU Sculptured Hang-On Gutter,0,1,length,LENGTH,DESCRIPTION,"20'-2"""
commercial-industrial,50,PBU Sculptured Hang-On Gutter,0,1,girth,GIRTH,DESCRIPTION,"2034"""
commercial-industrial,50,PBU Sculptured Hang-On Gutter,0,1,roof_slope,ROOF SLOPE,DESCRIPTION,V2-4:12
commercial-industrial,50,PBU Sculptured Hang-On Gutter,0,1,weight_each,"WEIGHT
EACH",DESCRIPTION,29.50#
commercial-industrial,50,PBU Sculptured Hang-On Gutter,0,1,galvalume_plus,"GALVALUME®
PLUS",PRICED PER EACH,✓
commercial-industrial,50,PBU Sculptured Hang-On Gutter,0,1,signature_200,"SIGNATURE®
200",PRICED PER EACH,✓
commercial-industrial,50,PBU Sculptured Hang-On Gutter,0,1,signature_300,"SIGNATURE®
300",PRICED PER EACH,✓
commercial-industrial,50,PBU Sculptured Hang-On Gutter,0,2,part,PART #,DESCRIPTION,FL-512G
commercial-industrial,50,PBU Sculptured Hang-On Gutter,0,2,dim_a,"DIM ""A""",DESCRIPTION,"TY."""
commercial-industrial,50,PBU Sculptured Hang-On Gutter,0,2,length,LENGTH,DESCRIPTION,"10'-2"""
commercial-industrial,50,PBU Sculptured Hang-On Gutter,0,2,girth,GIRTH,DESCRIPTION,"21%"""
commercial-industrial,50,PBU Sculptured Hang-On Gutter,0,2,roof_slope,ROOF SLOPE,DESCRIPTION,4%-6:12
commercial-industrial,50,PBU Sculptured Hang-On Gutter,0,2,weight_each,"WEIGHT
EACH",DESCRIPTION,15.77#
commercial-industrial,50,PBU Sculptured Hang-On Gutter,0,2,galvalume_plus,"GALVALUME®
PLUS",PRICED PER EACH,✓
commercial-industrial,50,PBU Sculptured Hang-On Gutter,0,2,signature_200,"SIGNATURE®
200",PRICED PER EACH,✓
commercial-industrial,50,PBU Sculptured Hang-On Gutter,0,2,signature_300,"SIGNATURE®
300",PRICED PER EACH,✓
commercial-industrial,50,PBU Sculptured Hang-On Gutter,0,3,part,PART #,DESCRIPTION,FL-512H
commercial-industrial,50,PBU Sculptured Hang-On Gutter,0,3,dim_a,"DIM ""A""",DESCRIPTION,"7Y2"""
commercial-industrial,50,PBU Sculptured Hang-On Gutter,0,3,length,LENGTH,DESCRIPTION,"20'-2"""
commercial-industrial,50,PBU Sculptured Hang-On Gutter,0,3,girth,GIRTH,DESCRIPTION,"21%"""
commercial-industrial,50,PBU Sculptured Hang-On Gutter,0,3,roof_slope,ROOF SLOPE,DESCRIPTION,AYa-6:12
commercial-industrial,50,PBU Sculptured Hang-On Gutter,0,3,weight_each,"WEIGHT
EACH",DESCRIPTION,31.31#
commercial-industrial,50,PBU Sculptured Hang-On Gutter,0,3,galvalume_plus,"GALVALUME®
PLUS",PRICED PER EACH,✓
commercial-industrial,50,PBU Sculptured Hang-On Gutter,0,3,signature_200,"SIGNATURE®
200",PRICED PER EACH,✓
commercial-industrial,50,PBU Sculptured Hang-On Gutter,0,3,signature_300,"SIGNATURE®
300",PRICED PER EACH,✓
commercial-industrial,50,Sculptured Eave Gutter - 7.2 Panel,1,0,part,PART #,DESCRIPTION,FL-517
commercial-industrial,50,Sculptured Eave Gutter - 7.2 Panel,1,0,dim_aa,"DIM aa""",DESCRIPTION,"6%"""
commercial-industrial,50,Sculptured Eave Gutter - 7.2 Panel,1,0,length,LENGTH,DESCRIPTION,"10'-2"""
commercial-industrial,50,Sculptured Eave Gutter - 7.2 Panel,1,0,girth,GIRTH,DESCRIPTION,"23%"""
commercial-industrial,50,Sculptured Eave Gutter - 7.2 Panel,1,0,roof_slope,ROOF SLOPE,DESCRIPTION,Ya-4:12
commercial-industrial,50,Sculptured Eave Gutter - 7.2 Panel,1,0,weight_each,"WEIGHT
EACH",DESCRIPTION,15.334
commercial-industrial,50,Sculptured Eave Gutter - 7.2 Panel,1,0,galvalume_plus,"GALVALUME®
PLUS",PRICED PER EACH,✓
commercial-industrial,50,Sculptured Eave Gutter - 7.2 Panel,1,0,signature_200,"SIGNATURE®
200",PRICED PER EACH,✓
commercial-industrial,50,Sculptured Eave Gutter - 7.2 Panel,1,0,signature_300,"SIGNATURE®
300",PRICED PER EACH,✓
commercial-industrial,50,Sculptured Eave Gutter - 7.2 Panel,1,1,part,PART #,DESCRIPTION,FL-517A
commercial-industrial,50,Sculptured Eave Gutter - 7.2 Panel,1,1,dim_aa,"DIM aa""",DESCRIPTION,"6%"""
commercial-industrial,50,Sculptured Eave Gutter - 7.2 Panel,1,1,length,LENGTH,DESCRIPTION,"20'-2"""
commercial-industrial,50,Sculptured Eave Gutter - 7.2 Panel,1,1,girth,GIRTH,DESCRIPTION,"23%"""
commercial-industrial,50,Sculptured Eave Gutter - 7.2 Panel,1,1,roof_slope,ROOF SLOPE,DESCRIPTION,V2-4:12
commercial-industrial,50,Sculptured Eave Gutter - 7.2 Panel,1,1,weight_each,"WEIGHT
EACH",DESCRIPTION,30.41#
commercial-industrial,50,Sculptured Eave Gutter - 7.2 Panel,1,1,galvalume_plus,"GALVALUME®
PLUS",PRICED PER EACH,✓
commercial-industrial,50,Sculptured Eave Gutter - 7.2 Panel,1,1,signature_200,"SIGNATURE®
200",PRICED PER EACH,✓
commercial-industrial,50,Sculptured Eave Gutter - 7.2 Panel,1,1,signature_300,"SIGNATURE®
300",PRICED PER EACH,✓
commercial-industrial,50,Sculptured Eave Gutter - 7.2 Panel,1,2,part,PART #,DESCRIPTION,FL-517E
commercial-industrial,50,Sculptured Eave Gutter - 7.2 Panel,1,2,dim_aa,"DIM aa""",DESCRIPTION,"656"""
commercial-industrial,50,Sculptured Eave Gutter - 7.2 Panel,1,2,length,LENGTH,DESCRIPTION,"10'-2"""
commercial-industrial,50,Sculptured Eave Gutter - 7.2 Panel,1,2,girth,GIRTH,DESCRIPTION,"23%"""
commercial-industrial,50,Sculptured Eave Gutter - 7.2 Panel,1,2,roof_slope,ROOF SLOPE,DESCRIPTION,4%-6:12
commercial-industrial,50,Sculptured Eave Gutter - 7.2 Panel,1,2,weight_each,"WEIGHT
EACH",DESCRIPTION,15.58#
commercial-industrial,50,Sculptured Eave Gutter - 7.2 Panel,1,2,galvalume_plus,"GALVALUME®
PLUS",PRICED PER EACH,✓
commercial-industrial,50,Sculptured Eave Gutter - 7.2 Panel,1,2,signature_200,"SIGNATURE®
200",PRICED PER EACH,✓
commercial-industrial,50,Sculptured Eave Gutter - 7.2 Panel,1,2,signature_300,"SIGNATURE®
300",PRICED PER EACH,✓
commercial-industrial,50,Sculptured Eave Gutter - 7.2 Panel,1,3,part,PART #,DESCRIPTION,FL-517F
commercial-industrial,50,Sculptured Eave Gutter - 7.2 Panel,1,3,dim_aa,"DIM aa""",DESCRIPTION,"656"""
commercial-industrial,50,Sculptured Eave Gutter - 7.2 Panel,1,3,length,LENGTH,DESCRIPTION,"20'-2"""
commercial-industrial,50,Sculptured Eave Gutter - 7.2 Panel,1,3,girth,GIRTH,DESCRIPTION,"23%"""
commercial-industrial,50,Sculptured Eave Gutter - 7.2 Panel,1,3,roof_slope,ROOF SLOPE,DESCRIPTION,4%-6:12
commercial-industrial,50,Sculptured Eave Gutter - 7.2 Panel,1,3,weight_each,"WEIGHT
EACH",DESCRIPTION,30.90#
commercial-industrial,50,Sculptured Eave Gutter - 7.2 Panel,1,3,galvalume_plus,"GALVALUME®
PLUS",PRICED PER EACH,✓
commercial-industrial,50,Sculptured Eave Gutter - 7.2 Panel,1,3,signature_200,"SIGNATURE®
200",PRICED PER EACH,✓
commercial-industrial,50,Sculptured Eave Gutter - 7.2 Panel,1,3,signature_300,"SIGNATURE®
300",PRICED PER EACH,✓
commercial-industrial,50,Sculptured Hang-On Gutter - 7.2 Panel,2,0,part,PART #,DESCRIPTION,FL-517B
commercial-industrial,50,Sculptured Hang-On Gutter - 7.2 Panel,2,0,dim_a,"DIM ""A""",DESCRIPTION,"6%"""
commercial-industrial,50,Sculptured Hang-On Gutter - 7.2 Panel,2,0,length,LENGTH,DESCRIPTION,"10'-2"""
commercial-industrial,50,Sculptured Hang-On Gutter - 7.2 Panel,2,0,girth,GIRTH,DESCRIPTION,"20"""
commercial-industrial,50,Sculptured Hang-On Gutter - 7.2 Panel,2,0,roof_slope,ROOF SLOPE,DESCRIPTION,Ya-4:12
commercial-industrial,50,Sculptured Hang-On Gutter - 7.2 Panel,2,0,weight_each,"WEIGHT
EACH",DESCRIPTION,13.19#
commercial-industrial,50,Sculptured Hang-On Gutter - 7.2 Panel,2,0,galvalume_plus,"GALVALUME®
PLUS",PRICED PER EACH,✓
commercial-industrial,50,Sculptured Hang-On Gutter - 7.2 Panel,2,0,signature_200,"SIGNATURE®
200",PRICED PER EACH,✓
commercial-industrial,50,Sculptured Hang-On Gutter - 7.2 Panel,2,0,signature_300,"SIGNATURE®
300",PRICED PER EACH,✓
commercial-industrial,50,Sculptured Hang-On Gutter - 7.2 Panel,2,1,part,PART #,DESCRIPTION,FL-517C
commercial-industrial,50,Sculptured Hang-On Gutter - 7.2 Panel,2,1,dim_a,"DIM ""A""",DESCRIPTION,"6%"""
commercial-industrial,50,Sculptured Hang-On Gutter - 7.2 Panel,2,1,length,LENGTH,DESCRIPTION,"20'-2"""
commercial-industrial,50,Sculptured Hang-On Gutter - 7.2 Panel,2,1,girth,GIRTH,DESCRIPTION,"20"""
commercial-industrial,50,Sculptured Hang-On Gutter - 7.2 Panel,2,1,roof_slope,ROOF SLOPE,DESCRIPTION,¥2-4:12
commercial-industrial,50,Sculptured Hang-On Gutter - 7.2 Panel,2,1,weight_each,"WEIGHT
EACH",DESCRIPTION,26.1 6#
commercial-industrial,50,Sculptured Hang-On Gutter - 7.2 Panel,2,1,galvalume_plus,"GALVALUME®
PLUS",PRICED PER EACH,✓
commercial-industrial,50,Sculptured Hang-On Gutter - 7.2 Panel,2,1,signature_200,"SIGNATURE®
200",PRICED PER EACH,✓
commercial-industrial,50,Sculptured Hang-On Gutter - 7.2 Panel,2,1,signature_300,"SIGNATURE®
300",PRICED PER EACH,✓
commercial-industrial,50,Sculptured Hang-On Gutter - 7.2 Panel,2,2,part,PART #,DESCRIPTION,FL-517G
commercial-industrial,50,Sculptured Hang-On Gutter - 7.2 Panel,2,2,dim_a,"DIM ""A""",DESCRIPTION,"654"""
commercial-industrial,50,Sculptured Hang-On Gutter - 7.2 Panel,2,2,length,LENGTH,DESCRIPTION,"10'-2"""
commercial-industrial,50,Sculptured Hang-On Gutter - 7.2 Panel,2,2,girth,GIRTH,DESCRIPTION,"2038"""
commercial-industrial,50,Sculptured Hang-On Gutter - 7.2 Panel,2,2,roof_slope,ROOF SLOPE,DESCRIPTION,A4¥%-6:12
commercial-industrial,50,Sculptured Hang-On Gutter - 7.2 Panel,2,2,weight_each,"WEIGHT
EACH",DESCRIPTION,13.434
commercial-industrial,50,Sculptured Hang-On Gutter - 7.2 Panel,2,2,galvalume_plus,"GALVALUME®
PLUS",PRICED PER EACH,✓
commercial-industrial,50,Sculptured Hang-On Gutter - 7.2 Panel,2,2,signature_200,"SIGNATURE®
200",PRICED PER EACH,✓
commercial-industrial,50,Sculptured Hang-On Gutter - 7.2 Panel,2,2,signature_300,"SIGNATURE®
300",PRICED PER EACH,✓
commercial-industrial,50,Sculptured Hang-On Gutter - 7.2 Panel,2,3,part,PART #,DESCRIPTION,FL-517H
commercial-industrial,50,Sculptured Hang-On Gutter - 7.2 Panel,2,3,dim_a,"DIM ""A""",DESCRIPTION,"656"""
commercial-industrial,50,Sculptured Hang-On Gutter - 7.2 Panel,2,3,length,LENGTH,DESCRIPTION,"20'-2"""
commercial-industrial,50,Sculptured Hang-On Gutter - 7.2 Panel,2,3,girth,GIRTH,DESCRIPTION,"2038"""
commercial-industrial,50,Sculptured Hang-On Gutter - 7.2 Panel,2,3,roof_slope,ROOF SLOPE,DESCRIPTION,AY¥e-6:12
commercial-industrial,50,Sculptured Hang-On Gutter - 7.2 Panel,2,3,weight_each,"WEIGHT
EACH",DESCRIPTION,26.05#
commercial-industrial,50,Sculptured Hang-On Gutter - 7.2 Panel,2,3,galvalume_plus,"GALVALUME®
PLUS",PRICED PER EACH,✓
commercial-industrial,50,Sculptured Hang-On Gutter - 7.2 Panel,2,3,signature_200,"SIGNATURE®
200",PRICED PER EACH,✓
commercial-industrial,50,Sculptured Hang-On Gutter - 7.2 Panel,2,3,signature_300,"SIGNATURE®
300",PRICED PER EACH,✓
commercial-industrial,51,Gutter Ends,0,0,column_1,,,DESCRIPTION
commercial-industrial,51,Gutter Ends,0,0,column_3,,,PRICED PER EACH
commercial-industrial,51,Gutter Ends,0,1,column_1,,,PART #
commercial-industrial,51,Gutter Ends,0,1,column_2,,,WEIGHT EACH
commercial-industrial,51,Gutter Ends,0,1,column_3,,,GALVALUME® PLUS
commercial-industrial,51,Gutter Ends,0,1,column_4,,,SIGNATURE® 200
commercial-industrial,51,Gutter Ends,0,1,column_5,,,SIGNATURE® 300
commercial-industrial,51,Gutter Ends,0,2,column_1,,,FL-18A
commercial-industrial,51,Gutter Ends,0,2,column_2,,,32#
commercial-industrial,51,Gutter Ends,0,2,column_3,,,v
commercial-industrial,51,Gutter Ends,0,2,column_4,,,v
commercial-industrial,51,Gutter Ends,0,2,column_5,,,v
commercial-industrial,51,Box Hang-On Gutter,1,0,part,PART #,DESCRIPTION,FL-74
commercial-industrial,51,Box Hang-On Gutter,1,0,dim_on,"DIM on""",DESCRIPTION,"Ay"""
commercial-industrial,51,Box Hang-On Gutter,1,0,dim_b,"DIM ""B""",DESCRIPTION,"AV"""
commercial-industrial,51,Box Hang-On Gutter,1,0,length,LENGTH,DESCRIPTION,"10'-2"""
commercial-industrial,51,Box Hang-On Gutter,1,0,girth,GIRTH,DESCRIPTION,"17"""
commercial-industrial,51,Box Hang-On Gutter,1,0,roof_slope,"ROOF
SLOPE",DESCRIPTION,Y2-4:12
commercial-industrial,51,Box Hang-On Gutter,1,0,weight_each,"WEIGHT
EACH",DESCRIPTION,11.21#
commercial-industrial,51,Box Hang-On Gutter,1,0,galvalume_plus,"GALVALUME®
PLUS",PRICED PER EACH,✓
commercial-industrial,51,Box Hang-On Gutter,1,0,signature_200,"SIGNATURE®
200",PRICED PER EACH,✓
commercial-industrial,51,Box Hang-On Gutter,1,0,signature_300,"SIGNATURE®
300",PRICED PER EACH,✓
commercial-industrial,51,Box Hang-On Gutter,1,1,part,PART #,DESCRIPTION,FL-74A
commercial-industrial,51,Box Hang-On Gutter,1,1,dim_on,"DIM on""",DESCRIPTION,"Aya"""
commercial-industrial,51,Box Hang-On Gutter,1,1,dim_b,"DIM ""B""",DESCRIPTION,"4%"""
commercial-industrial,51,Box Hang-On Gutter,1,1,length,LENGTH,DESCRIPTION,"20'-2"""
commercial-industrial,51,Box Hang-On Gutter,1,1,girth,GIRTH,DESCRIPTION,"17"""
commercial-industrial,51,Box Hang-On Gutter,1,1,roof_slope,"ROOF
SLOPE",DESCRIPTION,Y2-4:12
commercial-industrial,51,Box Hang-On Gutter,1,1,weight_each,"WEIGHT
EACH",DESCRIPTION,22.234
commercial-industrial,51,Box Hang-On Gutter,1,1,galvalume_plus,"GALVALUME®
PLUS",PRICED PER EACH,✓
commercial-industrial,51,Box Hang-On Gutter,1,1,signature_200,"SIGNATURE®
200",PRICED PER EACH,✓
commercial-industrial,51,Box Hang-On Gutter,1,1,signature_300,"SIGNATURE®
300",PRICED PER EACH,✓
commercial-industrial,51,Box Hang-On Gutter,1,2,part,PART #,DESCRIPTION,FL-74L
commercial-industrial,51,Box Hang-On Gutter,1,2,dim_on,"DIM on""",DESCRIPTION,"434"""
commercial-industrial,51,Box Hang-On Gutter,1,2,dim_b,"DIM ""B""",DESCRIPTION,"AY,"""
commercial-industrial,51,Box Hang-On Gutter,1,2,length,LENGTH,DESCRIPTION,"10'-2"""
commercial-industrial,51,Box Hang-On Gutter,1,2,girth,GIRTH,DESCRIPTION,"17%"""
commercial-industrial,51,Box Hang-On Gutter,1,2,roof_slope,"ROOF
SLOPE",DESCRIPTION,4%6-6:12
commercial-industrial,51,Box Hang-On Gutter,1,2,weight_each,"WEIGHT
EACH",DESCRIPTION,11.37#
commercial-industrial,51,Box Hang-On Gutter,1,2,galvalume_plus,"GALVALUME®
PLUS",PRICED PER EACH,✓
commercial-industrial,51,Box Hang-On Gutter,1,2,signature_200,"SIGNATURE®
200",PRICED PER EACH,✓
commercial-industrial,51,Box Hang-On Gutter,1,2,signature_300,"SIGNATURE®
300",PRICED PER EACH,✓
commercial-industrial,51,Box Hang-On Gutter,1,3,part,PART #,DESCRIPTION,FL-74F
commercial-industrial,51,Box Hang-On Gutter,1,3,dim_on,"DIM on""",DESCRIPTION,"A434"""
commercial-industrial,51,Box Hang-On Gutter,1,3,dim_b,"DIM ""B""",DESCRIPTION,"AV,"""
commercial-industrial,51,Box Hang-On Gutter,1,3,length,LENGTH,DESCRIPTION,"20'-2"""
commercial-industrial,51,Box Hang-On Gutter,1,3,girth,GIRTH,DESCRIPTION,"17%"""
commercial-industrial,51,Box Hang-On Gutter,1,3,roof_slope,"ROOF
SLOPE",DESCRIPTION,4%6-6:12
commercial-industrial,51,Box Hang-On Gutter,1,3,weight_each,"WEIGHT
EACH",DESCRIPTION,22.56#
commercial-industrial,51,Box Hang-On Gutter,1,3,galvalume_plus,"GALVALUME®
PLUS",PRICED PER EACH,✓
commercial-industrial,51,Box Hang-On Gutter,1,3,signature_200,"SIGNATURE®
200",PRICED PER EACH,✓
commercial-industrial,51,Box Hang-On Gutter,1,3,signature_300,"SIGNATURE®
300",PRICED PER EACH,✓
commercial-industrial,51,Box Hang-On Gutter,2,0,column_1,,,"AY,"""
commercial-industrial,51,Box Hang-On Gutter,2,0,column_2,,,"4x2"""
commercial-industrial,51,Box Hang-On Gutter,2,0,column_3,,,"1 Q'-2"""
commercial-industrial,51,Box Hang-On Gutter,2,0,column_4,,,"17"""
commercial-industrial,51,Box Hang-On Gutter,2,0,column_5,,,Y2-4:12
commercial-industrial,51,Box Hang-On Gutter,2,0,column_6,,,11.21#
commercial-industrial,51,Box Hang-On Gutter,2,0,column_7,,,v
commercial-industrial,51,Box Hang-On Gutter,2,0,column_8,,,v
commercial-industrial,51,Box Hang-On Gutter,2,0,column_9,,,v
commercial-industrial,51,Box Hang-On Gutter,2,1,column_1,,,"AM"""
commercial-industrial,51,Box Hang-On Gutter,2,1,column_2,,,"AY2"""
commercial-industrial,51,Box Hang-On Gutter,2,1,column_3,,,"20'-2"""
commercial-industrial,51,Box Hang-On Gutter,2,1,column_4,,,"17"""
commercial-industrial,51,Box Hang-On Gutter,2,1,column_5,,,Y2-4:12
commercial-industrial,51,Box Hang-On Gutter,2,1,column_6,,,22.234
commercial-industrial,51,Box Hang-On Gutter,2,1,column_7,,,v
commercial-industrial,51,Box Hang-On Gutter,2,1,column_8,,,v
commercial-industrial,51,Box Hang-On Gutter,2,1,column_9,,,v
commercial-industrial,51,Box Hang-On Gutter,2,2,column_1,,,"454"""
commercial-industrial,51,Box Hang-On Gutter,2,2,column_2,,,"Ay."""
commercial-industrial,51,Box Hang-On Gutter,2,2,column_3,,,"10'-2"""
commercial-industrial,51,Box Hang-On Gutter,2,2,column_4,,,"17%"""
commercial-industrial,51,Box Hang-On Gutter,2,2,column_5,,,AV%6-6:12
commercial-industrial,51,Box Hang-On Gutter,2,2,column_6,,,11.46#
commercial-industrial,51,Box Hang-On Gutter,2,2,column_7,,,v
commercial-industrial,51,Box Hang-On Gutter,2,2,column_8,,,v
commercial-industrial,51,Box Hang-On Gutter,2,2,column_9,,,v
commercial-industrial,51,Box Hang-On Gutter,2,3,column_1,,,"454"""
commercial-industrial,51,Box Hang-On Gutter,2,3,column_2,,,"4y2"""
commercial-industrial,51,Box Hang-On Gutter,2,3,column_3,,,"20'-2"""
commercial-industrial,51,Box Hang-On Gutter,2,3,column_4,,,"17%"""
commercial-industrial,51,Box Hang-On Gutter,2,3,column_5,,,4%6-6:12
commercial-industrial,51,Box Hang-On Gutter,2,3,column_6,,,22.724
commercial-industrial,51,Box Hang-On Gutter,2,3,column_7,,,v
commercial-industrial,51,Box Hang-On Gutter,2,3,column_8,,,v
commercial-industrial,51,Box Hang-On Gutter,2,3,column_9,,,v
commercial-industrial,51,Box Hang-On Gutter,3,0,column_1,,,"4"""
commercial-industrial,51,Box Hang-On Gutter,3,0,column_2,,,"Ay."""
commercial-industrial,51,Box Hang-On Gutter,3,0,column_3,,,"10'-2"""
commercial-industrial,51,Box Hang-On Gutter,3,0,column_4,,,"16 34"""
commercial-industrial,51,Box Hang-On Gutter,3,0,column_5,,,Y2-4:12
commercial-industrial,51,Box Hang-On Gutter,3,0,column_6,,,11.04#
commercial-industrial,51,Box Hang-On Gutter,3,0,column_7,,,v
commercial-industrial,51,Box Hang-On Gutter,3,0,column_8,,,v
commercial-industrial,51,Box Hang-On Gutter,3,0,column_9,,,v
commercial-industrial,51,Box Hang-On Gutter,3,1,column_1,,,"4"""
commercial-industrial,51,Box Hang-On Gutter,3,1,column_2,,,"4x2"""
commercial-industrial,51,Box Hang-On Gutter,3,1,column_3,,,"20'-2"""
commercial-industrial,51,Box Hang-On Gutter,3,1,column_4,,,"16 34"""
commercial-industrial,51,Box Hang-On Gutter,3,1,column_5,,,Y2-4:12
commercial-industrial,51,Box Hang-On Gutter,3,1,column_6,,,21.91#
commercial-industrial,51,Box Hang-On Gutter,3,1,column_7,,,v
commercial-industrial,51,Box Hang-On Gutter,3,1,column_8,,,v
commercial-industrial,51,Box Hang-On Gutter,3,1,column_9,,,v
commercial-industrial,51,Box Hang-On Gutter,3,2,column_1,,,"AVA"""
commercial-industrial,51,Box Hang-On Gutter,3,2,column_2,,,"4x2"""
commercial-industrial,51,Box Hang-On Gutter,3,2,column_3,,,"10'-2"""
commercial-industrial,51,Box Hang-On Gutter,3,2,column_4,,,"17"""
commercial-industrial,51,Box Hang-On Gutter,3,2,column_5,,,AN%6-6:12
commercial-industrial,51,Box Hang-On Gutter,3,2,column_6,,,11.21#
commercial-industrial,51,Box Hang-On Gutter,3,2,column_7,,,v
commercial-industrial,51,Box Hang-On Gutter,3,2,column_8,,,v
commercial-industrial,51,Box Hang-On Gutter,3,2,column_9,,,v
commercial-industrial,51,Box Hang-On Gutter,3,3,column_1,,,"AVA"""
commercial-industrial,51,Box Hang-On Gutter,3,3,column_2,,,"Ay."""
commercial-industrial,51,Box Hang-On Gutter,3,3,column_3,,,"20'-2"""
commercial-industrial,51,Box Hang-On Gutter,3,3,column_4,,,"17"""
commercial-industrial,51,Box Hang-On Gutter,3,3,column_5,,,AV%6-6:12
commercial-industrial,51,Box Hang-On Gutter,3,3,column_6,,,22.234
commercial-industrial,51,Box Hang-On Gutter,3,3,column_7,,,v
commercial-industrial,51,Box Hang-On Gutter,3,3,column_8,,,v
commercial-industrial,51,Box Hang-On Gutter,3,3,column_9,,,v
commercial-industrial,52,Box Eave Gutter,0,0,part,PART #,DESCRIPTION,FL-14
commercial-industrial,52,Box Eave Gutter,0,0,dim_ya,DIM ya,DESCRIPTION,"Ay,"""
commercial-industrial,52,Box Eave Gutter,0,0,dim_b,"DIM ""B""",DESCRIPTION,"AVA"""
commercial-industrial,52,Box Eave Gutter,0,0,length,LENGTH,DESCRIPTION,"10'-2"""
commercial-industrial,52,Box Eave Gutter,0,0,girth,GIRTH,DESCRIPTION,"20 %"""
commercial-industrial,52,Box Eave Gutter,0,0,roof_slope,"ROOF
SLOPE",DESCRIPTION,V2-4:12
commercial-industrial,52,Box Eave Gutter,0,0,weight_each,"WEIGHT
EACH",DESCRIPTION,13.35#
commercial-industrial,52,Box Eave Gutter,0,0,galvalume_plus,"GALVALUME®
PLUS",PRICED PER EACH,✓
commercial-industrial,52,Box Eave Gutter,0,0,signature_200,"SIGNATURE®
200",PRICED PER EACH,✓
commercial-industrial,52,Box Eave Gutter,0,0,signature_300,"SIGNATURE®
300",PRICED PER EACH,✓
commercial-industrial,52,Box Eave Gutter,0,1,part,PART #,DESCRIPTION,FL-14B
commercial-industrial,52,Box Eave Gutter,0,1,dim_ya,DIM ya,DESCRIPTION,"AY."""
commercial-industrial,52,Box Eave Gutter,0,1,dim_b,"DIM ""B""",DESCRIPTION,"AY,"""
commercial-industrial,52,Box Eave Gutter,0,1,length,LENGTH,DESCRIPTION,"20'-2"""
commercial-industrial,52,Box Eave Gutter,0,1,girth,GIRTH,DESCRIPTION,"20 %"""
commercial-industrial,52,Box Eave Gutter,0,1,roof_slope,"ROOF
SLOPE",DESCRIPTION,V2-4:12
commercial-industrial,52,Box Eave Gutter,0,1,weight_each,"WEIGHT
EACH",DESCRIPTION,26.484
commercial-industrial,52,Box Eave Gutter,0,1,galvalume_plus,"GALVALUME®
PLUS",PRICED PER EACH,✓
commercial-industrial,52,Box Eave Gutter,0,1,signature_200,"SIGNATURE®
200",PRICED PER EACH,✓
commercial-industrial,52,Box Eave Gutter,0,1,signature_300,"SIGNATURE®
300",PRICED PER EACH,✓
commercial-industrial,52,Box Eave Gutter,0,2,part,PART #,DESCRIPTION,FL-14F
commercial-industrial,52,Box Eave Gutter,0,2,dim_ya,DIM ya,DESCRIPTION,"434"""
commercial-industrial,52,Box Eave Gutter,0,2,dim_b,"DIM ""B""",DESCRIPTION,"AVA"""
commercial-industrial,52,Box Eave Gutter,0,2,length,LENGTH,DESCRIPTION,"10'-2"""
commercial-industrial,52,Box Eave Gutter,0,2,girth,GIRTH,DESCRIPTION,"20 Y2"""
commercial-industrial,52,Box Eave Gutter,0,2,roof_slope,"ROOF
SLOPE",DESCRIPTION,AVM%6-6:12
commercial-industrial,52,Box Eave Gutter,0,2,weight_each,"WEIGHT
EACH",DESCRIPTION,13.52#
commercial-industrial,52,Box Eave Gutter,0,2,galvalume_plus,"GALVALUME®
PLUS",PRICED PER EACH,✓
commercial-industrial,52,Box Eave Gutter,0,2,signature_200,"SIGNATURE®
200",PRICED PER EACH,✓
commercial-industrial,52,Box Eave Gutter,0,2,signature_300,"SIGNATURE®
300",PRICED PER EACH,✓
commercial-industrial,52,Box Eave Gutter,0,3,part,PART #,DESCRIPTION,FL-14G
commercial-industrial,52,Box Eave Gutter,0,3,dim_ya,DIM ya,DESCRIPTION,"A434"""
commercial-industrial,52,Box Eave Gutter,0,3,dim_b,"DIM ""B""",DESCRIPTION,"AYA"""
commercial-industrial,52,Box Eave Gutter,0,3,length,LENGTH,DESCRIPTION,"20'-2"""
commercial-industrial,52,Box Eave Gutter,0,3,girth,GIRTH,DESCRIPTION,"20 Y2"""
commercial-industrial,52,Box Eave Gutter,0,3,roof_slope,"ROOF
SLOPE",DESCRIPTION,4V6-6:12
commercial-industrial,52,Box Eave Gutter,0,3,weight_each,"WEIGHT
EACH",DESCRIPTION,26.81#
commercial-industrial,52,Box Eave Gutter,0,3,galvalume_plus,"GALVALUME®
PLUS",PRICED PER EACH,✓
commercial-industrial,52,Box Eave Gutter,0,3,signature_200,"SIGNATURE®
200",PRICED PER EACH,✓
commercial-industrial,52,Box Eave Gutter,0,3,signature_300,"SIGNATURE®
300",PRICED PER EACH,✓
commercial-industrial,52,Box Eave Gutter,1,0,column_1,,,"AVA"""
commercial-industrial,52,Box Eave Gutter,1,0,column_2,,,"Ay"""
commercial-industrial,52,Box Eave Gutter,1,0,column_3,,,"10'-2"""
commercial-industrial,52,Box Eave Gutter,1,0,column_4,,,"20 %"""
commercial-industrial,52,Box Eave Gutter,1,0,column_5,,,¥2-4:12
commercial-industrial,52,Box Eave Gutter,1,0,column_6,,,13.35#
commercial-industrial,52,Box Eave Gutter,1,0,column_7,,,v
commercial-industrial,52,Box Eave Gutter,1,0,column_8,,,v
commercial-industrial,52,Box Eave Gutter,1,0,column_9,,,v
commercial-industrial,52,Box Eave Gutter,1,1,column_1,,,"AM"""
commercial-industrial,52,Box Eave Gutter,1,1,column_2,,,"Ay,"""
commercial-industrial,52,Box Eave Gutter,1,1,column_3,,,"20'-2"""
commercial-industrial,52,Box Eave Gutter,1,1,column_4,,,"20 4"""
commercial-industrial,52,Box Eave Gutter,1,1,column_5,,,Y2-4:12
commercial-industrial,52,Box Eave Gutter,1,1,column_6,,,260.48#
commercial-industrial,52,Box Eave Gutter,1,1,column_7,,,v
commercial-industrial,52,Box Eave Gutter,1,1,column_8,,,v
commercial-industrial,52,Box Eave Gutter,1,1,column_9,,,v
commercial-industrial,52,Box Eave Gutter,1,2,column_1,,,"45"""
commercial-industrial,52,Box Eave Gutter,1,2,column_2,,,"AY2"""
commercial-industrial,52,Box Eave Gutter,1,2,column_3,,,"10'-2"""
commercial-industrial,52,Box Eave Gutter,1,2,column_4,,,"20 %"""
commercial-industrial,52,Box Eave Gutter,1,2,column_5,,,AV6-6:12
commercial-industrial,52,Box Eave Gutter,1,2,column_6,,,13.600#
commercial-industrial,52,Box Eave Gutter,1,2,column_7,,,v
commercial-industrial,52,Box Eave Gutter,1,2,column_8,,,v
commercial-industrial,52,Box Eave Gutter,1,2,column_9,,,v
commercial-industrial,52,Box Eave Gutter,1,3,column_1,,,"A56"""
commercial-industrial,52,Box Eave Gutter,1,3,column_2,,,"Ay,"""
commercial-industrial,52,Box Eave Gutter,1,3,column_3,,,"20'-2"""
commercial-industrial,52,Box Eave Gutter,1,3,column_4,,,"20 %"""
commercial-industrial,52,Box Eave Gutter,1,3,column_5,,,AV%6-6:12
commercial-industrial,52,Box Eave Gutter,1,3,column_6,,,26.98#
commercial-industrial,52,Box Eave Gutter,1,3,column_7,,,v
commercial-industrial,52,Box Eave Gutter,1,3,column_8,,,v
commercial-industrial,52,Box Eave Gutter,1,3,column_9,,,v
commercial-industrial,52,Box Eave Gutter,2,0,column_1,,,"4"""
commercial-industrial,52,Box Eave Gutter,2,0,column_2,,,"AY2"""
commercial-industrial,52,Box Eave Gutter,2,0,column_3,,,"10'-2"""
commercial-industrial,52,Box Eave Gutter,2,0,column_4,,,"20"""
commercial-industrial,52,Box Eave Gutter,2,0,column_5,,,V2-4:12
commercial-industrial,52,Box Eave Gutter,2,0,column_6,,,13.19#
commercial-industrial,52,Box Eave Gutter,2,0,column_7,,,v
commercial-industrial,52,Box Eave Gutter,2,0,column_8,,,v
commercial-industrial,52,Box Eave Gutter,2,0,column_9,,,v
commercial-industrial,52,Box Eave Gutter,2,1,column_1,,,"4"""
commercial-industrial,52,Box Eave Gutter,2,1,column_2,,,"Ay"""
commercial-industrial,52,Box Eave Gutter,2,1,column_3,,,"20'-2"""
commercial-industrial,52,Box Eave Gutter,2,1,column_4,,,"20"""
commercial-industrial,52,Box Eave Gutter,2,1,column_5,,,Y2-4:12
commercial-industrial,52,Box Eave Gutter,2,1,column_6,,,26.16#
commercial-industrial,52,Box Eave Gutter,2,1,column_7,,,v
commercial-industrial,52,Box Eave Gutter,2,1,column_8,,,v
commercial-industrial,52,Box Eave Gutter,2,1,column_9,,,v
commercial-industrial,52,Box Eave Gutter,2,2,column_1,,,"AM,"""
commercial-industrial,52,Box Eave Gutter,2,2,column_2,,,"Ay"""
commercial-industrial,52,Box Eave Gutter,2,2,column_3,,,"10'-2"""
commercial-industrial,52,Box Eave Gutter,2,2,column_4,,,"20 4"""
commercial-industrial,52,Box Eave Gutter,2,2,column_5,,,AV%6-6:12
commercial-industrial,52,Box Eave Gutter,2,2,column_6,,,13.35#
commercial-industrial,52,Box Eave Gutter,2,2,column_7,,,v
commercial-industrial,52,Box Eave Gutter,2,2,column_8,,,v
commercial-industrial,52,Box Eave Gutter,2,2,column_9,,,v
commercial-industrial,52,Box Eave Gutter,2,3,column_1,,,"4%"""
commercial-industrial,52,Box Eave Gutter,2,3,column_2,,,"Aya"""
commercial-industrial,52,Box Eave Gutter,2,3,column_3,,,"20'-2"""
commercial-industrial,52,Box Eave Gutter,2,3,column_4,,,"20 4"""
commercial-industrial,52,Box Eave Gutter,2,3,column_5,,,4M%6-6:12
commercial-industrial,52,Box Eave Gutter,2,3,column_6,,,26.48#
commercial-industrial,52,Box Eave Gutter,2,3,column_7,,,v
commercial-industrial,52,Box Eave Gutter,2,3,column_8,,,v
commercial-industrial,52,Box Eave Gutter,2,3,column_9,,,v
commercial-industrial,52,Residential Gutter,3,0,part,PART #,DESCRIPTION,FL-1000
commercial-industrial,52,Residential Gutter,3,0,girth,GIRTH,DESCRIPTION,"12%6"""
commercial-industrial,52,Residential Gutter,3,0,gauge,GAUGE,DESCRIPTION,29
commercial-industrial,52,Residential Gutter,3,0,weight_each,WEIGHT EACH,DESCRIPTION,6.41#
commercial-industrial,52,Residential Gutter,3,0,galvalume_plus,GALVALUME® PLUS,PRICED PER EACH,✓
commercial-industrial,52,Residential Gutter,3,0,signature_200,SIGNATURE® 200,PRICED PER EACH,✓
commercial-industrial,52,Residential Gutter,3,0,signature_300,SIGNATURE® 300,PRICED PER EACH,N/A
commercial-industrial,52,Residential Gutter,3,1,part,PART #,DESCRIPTION,FL-1000
commercial-industrial,52,Residential Gutter,3,1,girth,GIRTH,DESCRIPTION,"12%6"""
commercial-industrial,52,Residential Gutter,3,1,gauge,GAUGE,DESCRIPTION,26
commercial-industrial,52,Residential Gutter,3,1,weight_each,WEIGHT EACH,DESCRIPTION,8.284
commercial-industrial,52,Residential Gutter,3,1,galvalume_plus,GALVALUME® PLUS,PRICED PER EACH,✓
commercial-industrial,52,Residential Gutter,3,1,signature_200,SIGNATURE® 200,PRICED PER EACH,✓
commercial-industrial,52,Residential Gutter,3,1,signature_300,SIGNATURE® 300,PRICED PER EACH,✓
commercial-industrial,52,Residential Gutter,3,2,part,PART #,DESCRIPTION,FL-1000
commercial-industrial,52,Residential Gutter,3,2,girth,GIRTH,DESCRIPTION,"12%6"""
commercial-industrial,52,Residential Gutter,3,2,gauge,GAUGE,DESCRIPTION,24
commercial-industrial,52,Residential Gutter,3,2,weight_each,WEIGHT EACH,DESCRIPTION,10.39#
commercial-industrial,52,Residential Gutter,3,2,galvalume_plus,GALVALUME® PLUS,PRICED PER EACH,✓
commercial-industrial,52,Residential Gutter,3,2,signature_200,SIGNATURE® 200,PRICED PER EACH,✓
commercial-industrial,52,Residential Gutter,3,2,signature_300,SIGNATURE® 300,PRICED PER EACH,✓
commercial-industrial,53,Gutter Ends,0,0,part,PART #,DESCRIPTION,FL-14A
commercial-industrial,53,Gutter Ends,0,0,gauge,GAUGE,DESCRIPTION,26
commercial-industrial,53,Gutter Ends,0,0,weight_each,WEIGHT EACH,DESCRIPTION,20#
commercial-industrial,53,Gutter Ends,0,0,galvalume_plus,GALVALUME® PLUS,PRICED PER EACH,✓
commercial-industrial,53,Gutter Ends,0,0,signature_200,SIGNATURE® 200,PRICED PER EACH,✓
commercial-industrial,53,Gutter Ends,0,0,signature_300,SIGNATURE® 300,PRICED PER EACH,✓
commercial-industrial,53,Gutter Ends,0,1,part,PART #,DESCRIPTION,FL-1001
commercial-industrial,53,Gutter Ends,0,1,gauge,GAUGE,DESCRIPTION,29
commercial-industrial,53,Gutter Ends,0,1,weight_each,WEIGHT EACH,DESCRIPTION,O7#
commercial-industrial,53,Gutter Ends,0,1,galvalume_plus,GALVALUME® PLUS,PRICED PER EACH,✓
commercial-industrial,53,Gutter Ends,0,1,signature_200,SIGNATURE® 200,PRICED PER EACH,✓
commercial-industrial,53,Gutter Ends,0,1,signature_300,SIGNATURE® 300,PRICED PER EACH,N/A
commercial-industrial,53,Gutter Ends,0,2,part,PART #,DESCRIPTION,FL-1001
commercial-industrial,53,Gutter Ends,0,2,gauge,GAUGE,DESCRIPTION,26
commercial-industrial,53,Gutter Ends,0,2,weight_each,WEIGHT EACH,DESCRIPTION,O9#
commercial-industrial,53,Gutter Ends,0,2,galvalume_plus,GALVALUME® PLUS,PRICED PER EACH,✓
commercial-industrial,53,Gutter Ends,0,2,signature_200,SIGNATURE® 200,PRICED PER EACH,✓
commercial-industrial,53,Gutter Ends,0,2,signature_300,SIGNATURE® 300,PRICED PER EACH,✓
commercial-industrial,53,Gutter Ends,0,3,part,PART #,DESCRIPTION,FL-1001
commercial-industrial,53,Gutter Ends,0,3,gauge,GAUGE,DESCRIPTION,24
commercial-industrial,53,Gutter Ends,0,3,weight_each,WEIGHT EACH,DESCRIPTION,12#
commercial-industrial,53,Gutter Ends,0,3,galvalume_plus,GALVALUME® PLUS,PRICED PER EACH,✓
commercial-industrial,53,Gutter Ends,0,3,signature_200,SIGNATURE® 200,PRICED PER EACH,✓
commercial-industrial,53,Gutter Ends,0,3,signature_300,SIGNATURE® 300,PRICED PER EACH,✓
commercial-industrial,53,Gutter Strap,1,0,part,PART #,DESCRIPTION,FL-893
commercial-industrial,53,Gutter Strap,1,0,length,LENGTH,DESCRIPTION,"1'-0"""
commercial-industrial,53,Gutter Strap,1,0,girth,GIRTH,DESCRIPTION,"3"""
commercial-industrial,53,Gutter Strap,1,0,gauge,GAUGE,DESCRIPTION,26
commercial-industrial,53,Gutter Strap,1,0,weight_each,WEIGHT EACH,DESCRIPTION,234
commercial-industrial,53,Gutter Strap,1,0,galvalume_plus,GALVALUME® PLUS,PRICED PER EACH,N/A
commercial-industrial,53,Gutter Strap,1,0,signature_200,SIGNATURE® 200,PRICED PER EACH,✓
commercial-industrial,53,Gutter Strap,1,0,signature_300,SIGNATURE® 300,PRICED PER EACH,N/A
commercial-industrial,53,Gutter Strap,1,1,part,PART #,DESCRIPTION,FL-893
commercial-industrial,53,Gutter Strap,1,1,length,LENGTH,DESCRIPTION,"1 ""_g"""
commercial-industrial,53,Gutter Strap,1,1,girth,GIRTH,DESCRIPTION,"3"""
commercial-industrial,53,Gutter Strap,1,1,gauge,GAUGE,DESCRIPTION,24
commercial-industrial,53,Gutter Strap,1,1,weight_each,WEIGHT EACH,DESCRIPTION,234
commercial-industrial,53,Gutter Strap,1,1,galvalume_plus,GALVALUME® PLUS,PRICED PER EACH,✓
commercial-industrial,53,Gutter Strap,1,1,signature_200,SIGNATURE® 200,PRICED PER EACH,✓
commercial-industrial,53,Gutter Strap,1,1,signature_300,SIGNATURE® 300,PRICED PER EACH,✓
commercial-industrial,53,PBU Residential Rake,2,0,part,PART #,DESCRIPTION,FL-1002
commercial-industrial,53,PBU Residential Rake,2,0,dim_a,"DIM ""A""",DESCRIPTION,"3H%6"""
commercial-industrial,53,PBU Residential Rake,2,0,roof_slope,ROOF SLOPE,DESCRIPTION,3-4:12
commercial-industrial,53,PBU Residential Rake,2,0,girth,GIRTH,DESCRIPTION,"81/6"""
commercial-industrial,53,PBU Residential Rake,2,0,gauge,GAUGE,DESCRIPTION,29
commercial-industrial,53,PBU Residential Rake,2,0,weight_each,"WEIGHT
EACH",DESCRIPTION,4.434
commercial-industrial,53,PBU Residential Rake,2,0,galvalume_plus,"GALVALUME®
PLUS",PRICED PER EACH,✓
commercial-industrial,53,PBU Residential Rake,2,0,signature_200,SIGNATURE® 200,PRICED PER EACH,✓
commercial-industrial,53,PBU Residential Rake,2,0,signature_300,SIGNATURE® 300,PRICED PER EACH,N/A
commercial-industrial,53,PBU Residential Rake,2,1,part,PART #,DESCRIPTION,FL-1002
commercial-industrial,53,PBU Residential Rake,2,1,dim_a,"DIM ""A""",DESCRIPTION,"3H%e6"""
commercial-industrial,53,PBU Residential Rake,2,1,roof_slope,ROOF SLOPE,DESCRIPTION,3-4:12
commercial-industrial,53,PBU Residential Rake,2,1,girth,GIRTH,DESCRIPTION,"816"""
commercial-industrial,53,PBU Residential Rake,2,1,gauge,GAUGE,DESCRIPTION,26
commercial-industrial,53,PBU Residential Rake,2,1,weight_each,"WEIGHT
EACH",DESCRIPTION,5.734
commercial-industrial,53,PBU Residential Rake,2,1,galvalume_plus,"GALVALUME®
PLUS",PRICED PER EACH,✓
commercial-industrial,53,PBU Residential Rake,2,1,signature_200,SIGNATURE® 200,PRICED PER EACH,✓
commercial-industrial,53,PBU Residential Rake,2,1,signature_300,SIGNATURE® 300,PRICED PER EACH,✓
commercial-industrial,53,PBU Residential Rake,2,2,part,PART #,DESCRIPTION,FL-1003
commercial-industrial,53,PBU Residential Rake,2,2,dim_a,"DIM ""A""",DESCRIPTION,"3Ve"""
commercial-industrial,53,PBU Residential Rake,2,2,roof_slope,ROOF SLOPE,DESCRIPTION,5-6:12
commercial-industrial,53,PBU Residential Rake,2,2,girth,GIRTH,DESCRIPTION,"8h%e"""
commercial-industrial,53,PBU Residential Rake,2,2,gauge,GAUGE,DESCRIPTION,29
commercial-industrial,53,PBU Residential Rake,2,2,weight_each,"WEIGHT
EACH",DESCRIPTION,4.37#
commercial-industrial,53,PBU Residential Rake,2,2,galvalume_plus,"GALVALUME®
PLUS",PRICED PER EACH,✓
commercial-industrial,53,PBU Residential Rake,2,2,signature_200,SIGNATURE® 200,PRICED PER EACH,✓
commercial-industrial,53,PBU Residential Rake,2,2,signature_300,SIGNATURE® 300,PRICED PER EACH,N/A
commercial-industrial,53,PBU Residential Rake,2,3,part,PART #,DESCRIPTION,FL-1003
commercial-industrial,53,PBU Residential Rake,2,3,dim_a,"DIM ""A""",DESCRIPTION,"3Ve"""
commercial-industrial,53,PBU Residential Rake,2,3,roof_slope,ROOF SLOPE,DESCRIPTION,5-6:12
commercial-industrial,53,PBU Residential Rake,2,3,girth,GIRTH,DESCRIPTION,"8%6"""
commercial-industrial,53,PBU Residential Rake,2,3,gauge,GAUGE,DESCRIPTION,26
commercial-industrial,53,PBU Residential Rake,2,3,weight_each,"WEIGHT
EACH",DESCRIPTION,5.65#
commercial-industrial,53,PBU Residential Rake,2,3,galvalume_plus,"GALVALUME®
PLUS",PRICED PER EACH,✓
commercial-industrial,53,PBU Residential Rake,2,3,signature_200,SIGNATURE® 200,PRICED PER EACH,✓
commercial-industrial,53,PBU Residential Rake,2,3,signature_300,SIGNATURE® 300,PRICED PER EACH,✓
commercial-industrial,53,PBU Residential Rake,2,4,part,PART #,DESCRIPTION,FL-1004
commercial-industrial,53,PBU Residential Rake,2,4,dim_a,"DIM ""A""",DESCRIPTION,"21/6"""
commercial-industrial,53,PBU Residential Rake,2,4,roof_slope,ROOF SLOPE,DESCRIPTION,7:12
commercial-industrial,53,PBU Residential Rake,2,4,girth,GIRTH,DESCRIPTION,"87/6"""
commercial-industrial,53,PBU Residential Rake,2,4,gauge,GAUGE,DESCRIPTION,29
commercial-industrial,53,PBU Residential Rake,2,4,weight_each,"WEIGHT
EACH",DESCRIPTION,4.30#
commercial-industrial,53,PBU Residential Rake,2,4,galvalume_plus,"GALVALUME®
PLUS",PRICED PER EACH,✓
commercial-industrial,53,PBU Residential Rake,2,4,signature_200,SIGNATURE® 200,PRICED PER EACH,✓
commercial-industrial,53,PBU Residential Rake,2,4,signature_300,SIGNATURE® 300,PRICED PER EACH,N/A
commercial-industrial,53,PBU Residential Rake,2,5,part,PART #,DESCRIPTION,FL-1004
commercial-industrial,53,PBU Residential Rake,2,5,dim_a,"DIM ""A""",DESCRIPTION,"21546"""
commercial-industrial,53,PBU Residential Rake,2,5,roof_slope,ROOF SLOPE,DESCRIPTION,7:12
commercial-industrial,53,PBU Residential Rake,2,5,girth,GIRTH,DESCRIPTION,"87/6"""
commercial-industrial,53,PBU Residential Rake,2,5,gauge,GAUGE,DESCRIPTION,26
commercial-industrial,53,PBU Residential Rake,2,5,weight_each,"WEIGHT
EACH",DESCRIPTION,5.560#
commercial-industrial,53,PBU Residential Rake,2,5,galvalume_plus,"GALVALUME®
PLUS",PRICED PER EACH,✓
commercial-industrial,53,PBU Residential Rake,2,5,signature_200,SIGNATURE® 200,PRICED PER EACH,✓
commercial-industrial,53,PBU Residential Rake,2,5,signature_300,SIGNATURE® 300,PRICED PER EACH,✓
commercial-industrial,53,PBU Residential Rake,2,6,part,PART #,DESCRIPTION,FL-1005
commercial-industrial,53,PBU Residential Rake,2,6,dim_a,"DIM ""A""",DESCRIPTION,"21/6"""
commercial-industrial,53,PBU Residential Rake,2,6,roof_slope,ROOF SLOPE,DESCRIPTION,8-9:12
commercial-industrial,53,PBU Residential Rake,2,6,girth,GIRTH,DESCRIPTION,"8%e6"""
commercial-industrial,53,PBU Residential Rake,2,6,gauge,GAUGE,DESCRIPTION,29
commercial-industrial,53,PBU Residential Rake,2,6,weight_each,"WEIGHT
EACH",DESCRIPTION,4.244
commercial-industrial,53,PBU Residential Rake,2,6,galvalume_plus,"GALVALUME®
PLUS",PRICED PER EACH,✓
commercial-industrial,53,PBU Residential Rake,2,6,signature_200,SIGNATURE® 200,PRICED PER EACH,✓
commercial-industrial,53,PBU Residential Rake,2,6,signature_300,SIGNATURE® 300,PRICED PER EACH,N/A
commercial-industrial,53,PBU Residential Rake,2,7,part,PART #,DESCRIPTION,FL-1005
commercial-industrial,53,PBU Residential Rake,2,7,dim_a,"DIM ""A""",DESCRIPTION,"21/6"""
commercial-industrial,53,PBU Residential Rake,2,7,roof_slope,ROOF SLOPE,DESCRIPTION,8-9:12
commercial-industrial,53,PBU Residential Rake,2,7,girth,GIRTH,DESCRIPTION,"8%eo"""
commercial-industrial,53,PBU Residential Rake,2,7,gauge,GAUGE,DESCRIPTION,26
commercial-industrial,53,PBU Residential Rake,2,7,weight_each,"WEIGHT
EACH",DESCRIPTION,5.48#
commercial-industrial,53,PBU Residential Rake,2,7,galvalume_plus,"GALVALUME®
PLUS",PRICED PER EACH,✓
commercial-industrial,53,PBU Residential Rake,2,7,signature_200,SIGNATURE® 200,PRICED PER EACH,✓
commercial-industrial,53,PBU Residential Rake,2,7,signature_300,SIGNATURE® 300,PRICED PER EACH,✓
commercial-industrial,53,PBU Residential Rake,2,8,part,PART #,DESCRIPTION,FL-1006
commercial-industrial,53,PBU Residential Rake,2,8,dim_a,"DIM ""A""",DESCRIPTION,"21%6"""
commercial-industrial,53,PBU Residential Rake,2,8,roof_slope,ROOF SLOPE,DESCRIPTION,10:12
commercial-industrial,53,PBU Residential Rake,2,8,girth,GIRTH,DESCRIPTION,"8%6"""
commercial-industrial,53,PBU Residential Rake,2,8,gauge,GAUGE,DESCRIPTION,29
commercial-industrial,53,PBU Residential Rake,2,8,weight_each,"WEIGHT
EACH",DESCRIPTION,4.18#
commercial-industrial,53,PBU Residential Rake,2,8,galvalume_plus,"GALVALUME®
PLUS",PRICED PER EACH,✓
commercial-industrial,53,PBU Residential Rake,2,8,signature_200,SIGNATURE® 200,PRICED PER EACH,✓
commercial-industrial,53,PBU Residential Rake,2,8,signature_300,SIGNATURE® 300,PRICED PER EACH,N/A
commercial-industrial,53,PBU Residential Rake,2,9,part,PART #,DESCRIPTION,FL-1006
commercial-industrial,53,PBU Residential Rake,2,9,dim_a,"DIM ""A""",DESCRIPTION,"21%6"""
commercial-industrial,53,PBU Residential Rake,2,9,roof_slope,ROOF SLOPE,DESCRIPTION,10:12
commercial-industrial,53,PBU Residential Rake,2,9,girth,GIRTH,DESCRIPTION,"8 He"""
commercial-industrial,53,PBU Residential Rake,2,9,gauge,GAUGE,DESCRIPTION,26
commercial-industrial,53,PBU Residential Rake,2,9,weight_each,"WEIGHT
EACH",DESCRIPTION,5.404
commercial-industrial,53,PBU Residential Rake,2,9,galvalume_plus,"GALVALUME®
PLUS",PRICED PER EACH,✓
commercial-industrial,53,PBU Residential Rake,2,9,signature_200,SIGNATURE® 200,PRICED PER EACH,✓
commercial-industrial,53,PBU Residential Rake,2,9,signature_300,SIGNATURE® 300,PRICED PER EACH,✓
commercial-industrial,54,PBR Residential Rake,0,0,part,PART #,DESCRIPTION,FL-1010
commercial-industrial,54,PBR Residential Rake,0,0,dim_a,"DIM ""A""",DESCRIPTION,"3™%M%e"""
commercial-industrial,54,PBR Residential Rake,0,0,roof_slope,ROOF SLOPE,DESCRIPTION,3-4:12
commercial-industrial,54,PBR Residential Rake,0,0,girth,GIRTH,DESCRIPTION,"10™%/6"""
commercial-industrial,54,PBR Residential Rake,0,0,gauge,GAUGE,DESCRIPTION,29
commercial-industrial,54,PBR Residential Rake,0,0,weight_each,"WEIGHT
EACH",DESCRIPTION,5.51#
commercial-industrial,54,PBR Residential Rake,0,0,galvalume_plus,"GALVALUME®
PLUS",PRICED PER EACH,✓
commercial-industrial,54,PBR Residential Rake,0,0,signature_200,SIGNATURE® 200,PRICED PER EACH,✓
commercial-industrial,54,PBR Residential Rake,0,0,signature_300,SIGNATURE® 300,PRICED PER EACH,N/A
commercial-industrial,54,PBR Residential Rake,0,1,part,PART #,DESCRIPTION,FL-1010
commercial-industrial,54,PBR Residential Rake,0,1,dim_a,"DIM ""A""",DESCRIPTION,"3146"""
commercial-industrial,54,PBR Residential Rake,0,1,roof_slope,ROOF SLOPE,DESCRIPTION,3-4:12
commercial-industrial,54,PBR Residential Rake,0,1,girth,GIRTH,DESCRIPTION,"1016"""
commercial-industrial,54,PBR Residential Rake,0,1,gauge,GAUGE,DESCRIPTION,26
commercial-industrial,54,PBR Residential Rake,0,1,weight_each,"WEIGHT
EACH",DESCRIPTION,7.134
commercial-industrial,54,PBR Residential Rake,0,1,galvalume_plus,"GALVALUME®
PLUS",PRICED PER EACH,✓
commercial-industrial,54,PBR Residential Rake,0,1,signature_200,SIGNATURE® 200,PRICED PER EACH,✓
commercial-industrial,54,PBR Residential Rake,0,1,signature_300,SIGNATURE® 300,PRICED PER EACH,✓
commercial-industrial,54,PBR Residential Rake,0,2,part,PART #,DESCRIPTION,FL-1011
commercial-industrial,54,PBR Residential Rake,0,2,dim_a,"DIM ""A""",DESCRIPTION,"3%e6"""
commercial-industrial,54,PBR Residential Rake,0,2,roof_slope,ROOF SLOPE,DESCRIPTION,5-6:12
commercial-industrial,54,PBR Residential Rake,0,2,girth,GIRTH,DESCRIPTION,"101M"""
commercial-industrial,54,PBR Residential Rake,0,2,gauge,GAUGE,DESCRIPTION,29
commercial-industrial,54,PBR Residential Rake,0,2,weight_each,"WEIGHT
EACH",DESCRIPTION,5.45#
commercial-industrial,54,PBR Residential Rake,0,2,galvalume_plus,"GALVALUME®
PLUS",PRICED PER EACH,✓
commercial-industrial,54,PBR Residential Rake,0,2,signature_200,SIGNATURE® 200,PRICED PER EACH,✓
commercial-industrial,54,PBR Residential Rake,0,2,signature_300,SIGNATURE® 300,PRICED PER EACH,N/A
commercial-industrial,54,PBR Residential Rake,0,3,part,PART #,DESCRIPTION,FL-1011
commercial-industrial,54,PBR Residential Rake,0,3,dim_a,"DIM ""A""",DESCRIPTION,"3%"""
commercial-industrial,54,PBR Residential Rake,0,3,roof_slope,ROOF SLOPE,DESCRIPTION,5-6:12
commercial-industrial,54,PBR Residential Rake,0,3,girth,GIRTH,DESCRIPTION,"10%"""
commercial-industrial,54,PBR Residential Rake,0,3,gauge,GAUGE,DESCRIPTION,26
commercial-industrial,54,PBR Residential Rake,0,3,weight_each,"WEIGHT
EACH",DESCRIPTION,705#
commercial-industrial,54,PBR Residential Rake,0,3,galvalume_plus,"GALVALUME®
PLUS",PRICED PER EACH,✓
commercial-industrial,54,PBR Residential Rake,0,3,signature_200,SIGNATURE® 200,PRICED PER EACH,✓
commercial-industrial,54,PBR Residential Rake,0,3,signature_300,SIGNATURE® 300,PRICED PER EACH,✓
commercial-industrial,54,PBR Residential Rake,0,4,part,PART #,DESCRIPTION,FL-1012
commercial-industrial,54,PBR Residential Rake,0,4,dim_a,"DIM ""A""",DESCRIPTION,"3%6"""
commercial-industrial,54,PBR Residential Rake,0,4,roof_slope,ROOF SLOPE,DESCRIPTION,7:12
commercial-industrial,54,PBR Residential Rake,0,4,girth,GIRTH,DESCRIPTION,"10%6"""
commercial-industrial,54,PBR Residential Rake,0,4,gauge,GAUGE,DESCRIPTION,29
commercial-industrial,54,PBR Residential Rake,0,4,weight_each,"WEIGHT
EACH",DESCRIPTION,5.39#
commercial-industrial,54,PBR Residential Rake,0,4,galvalume_plus,"GALVALUME®
PLUS",PRICED PER EACH,✓
commercial-industrial,54,PBR Residential Rake,0,4,signature_200,SIGNATURE® 200,PRICED PER EACH,✓
commercial-industrial,54,PBR Residential Rake,0,4,signature_300,SIGNATURE® 300,PRICED PER EACH,N/A
commercial-industrial,54,PBR Residential Rake,0,5,part,PART #,DESCRIPTION,FL-1012
commercial-industrial,54,PBR Residential Rake,0,5,dim_a,"DIM ""A""",DESCRIPTION,"3%6"""
commercial-industrial,54,PBR Residential Rake,0,5,roof_slope,ROOF SLOPE,DESCRIPTION,7:12
commercial-industrial,54,PBR Residential Rake,0,5,girth,GIRTH,DESCRIPTION,"10%6"""
commercial-industrial,54,PBR Residential Rake,0,5,gauge,GAUGE,DESCRIPTION,26
commercial-industrial,54,PBR Residential Rake,0,5,weight_each,"WEIGHT
EACH",DESCRIPTION,6.96#
commercial-industrial,54,PBR Residential Rake,0,5,galvalume_plus,"GALVALUME®
PLUS",PRICED PER EACH,✓
commercial-industrial,54,PBR Residential Rake,0,5,signature_200,SIGNATURE® 200,PRICED PER EACH,✓
commercial-industrial,54,PBR Residential Rake,0,5,signature_300,SIGNATURE® 300,PRICED PER EACH,✓
commercial-industrial,54,PBR Residential Rake,0,6,part,PART #,DESCRIPTION,FL-1013
commercial-industrial,54,PBR Residential Rake,0,6,dim_a,"DIM ""A""",DESCRIPTION,"3%"""
commercial-industrial,54,PBR Residential Rake,0,6,roof_slope,ROOF SLOPE,DESCRIPTION,8-9:12
commercial-industrial,54,PBR Residential Rake,0,6,girth,GIRTH,DESCRIPTION,"10%6"""
commercial-industrial,54,PBR Residential Rake,0,6,gauge,GAUGE,DESCRIPTION,29
commercial-industrial,54,PBR Residential Rake,0,6,weight_each,"WEIGHT
EACH",DESCRIPTION,5.32#
commercial-industrial,54,PBR Residential Rake,0,6,galvalume_plus,"GALVALUME®
PLUS",PRICED PER EACH,✓
commercial-industrial,54,PBR Residential Rake,0,6,signature_200,SIGNATURE® 200,PRICED PER EACH,✓
commercial-industrial,54,PBR Residential Rake,0,6,signature_300,SIGNATURE® 300,PRICED PER EACH,N/A
commercial-industrial,54,PBR Residential Rake,0,7,part,PART #,DESCRIPTION,FL-1013
commercial-industrial,54,PBR Residential Rake,0,7,dim_a,"DIM ""A""",DESCRIPTION,"3%6"""
commercial-industrial,54,PBR Residential Rake,0,7,roof_slope,ROOF SLOPE,DESCRIPTION,8-9:12
commercial-industrial,54,PBR Residential Rake,0,7,girth,GIRTH,DESCRIPTION,"10%6"""
commercial-industrial,54,PBR Residential Rake,0,7,gauge,GAUGE,DESCRIPTION,26
commercial-industrial,54,PBR Residential Rake,0,7,weight_each,"WEIGHT
EACH",DESCRIPTION,6.88#
commercial-industrial,54,PBR Residential Rake,0,7,galvalume_plus,"GALVALUME®
PLUS",PRICED PER EACH,✓
commercial-industrial,54,PBR Residential Rake,0,7,signature_200,SIGNATURE® 200,PRICED PER EACH,✓
commercial-industrial,54,PBR Residential Rake,0,7,signature_300,SIGNATURE® 300,PRICED PER EACH,✓
commercial-industrial,54,Sculptured Rake - PBR Panel,1,0,part,PART #,DESCRIPTION,FL-16
commercial-industrial,54,Sculptured Rake - PBR Panel,1,0,description,DESCRIPTION,DESCRIPTION,Rake Trim
commercial-industrial,54,Sculptured Rake - PBR Panel,1,0,length,LENGTH,DESCRIPTION,"10'-2"""
commercial-industrial,54,Sculptured Rake - PBR Panel,1,0,girth,GIRTH,DESCRIPTION,"20%"""
commercial-industrial,54,Sculptured Rake - PBR Panel,1,0,weight_each,WEIGHT EACH,DESCRIPTION,14.50#
commercial-industrial,54,Sculptured Rake - PBR Panel,1,0,galvalume_plus,GALVALUME® PLUS,PRICED PER EACH,✓
commercial-industrial,54,Sculptured Rake - PBR Panel,1,0,signature_200,SIGNATURE® 200,PRICED PER EACH,✓
commercial-industrial,54,Sculptured Rake - PBR Panel,1,0,signature_300,SIGNATURE® 300,PRICED PER EACH,✓
commercial-industrial,54,Sculptured Rake - PBR Panel,1,1,part,PART #,DESCRIPTION,FL-16D
commercial-industrial,54,Sculptured Rake - PBR Panel,1,1,description,DESCRIPTION,DESCRIPTION,Rake Trim
commercial-industrial,54,Sculptured Rake - PBR Panel,1,1,length,LENGTH,DESCRIPTION,"20'-2"""
commercial-industrial,54,Sculptured Rake - PBR Panel,1,1,girth,GIRTH,DESCRIPTION,"20%"""
commercial-industrial,54,Sculptured Rake - PBR Panel,1,1,weight_each,WEIGHT EACH,DESCRIPTION,29.00#
commercial-industrial,54,Sculptured Rake - PBR Panel,1,1,galvalume_plus,GALVALUME® PLUS,PRICED PER EACH,✓
commercial-industrial,54,Sculptured Rake - PBR Panel,1,1,signature_200,SIGNATURE® 200,PRICED PER EACH,✓
commercial-industrial,54,Sculptured Rake - PBR Panel,1,1,signature_300,SIGNATURE® 300,PRICED PER EACH,✓
commercial-industrial,54,Sculptured Rake - PBR Panel,1,2,part,PART #,DESCRIPTION,FL-16A
commercial-industrial,54,Sculptured Rake - PBR Panel,1,2,description,DESCRIPTION,DESCRIPTION,Rake Ends
commercial-industrial,54,Sculptured Rake - PBR Panel,1,2,length,LENGTH,DESCRIPTION,N/A
commercial-industrial,54,Sculptured Rake - PBR Panel,1,2,girth,GIRTH,DESCRIPTION,N/A
commercial-industrial,54,Sculptured Rake - PBR Panel,1,2,weight_each,WEIGHT EACH,DESCRIPTION,194
commercial-industrial,54,Sculptured Rake - PBR Panel,1,2,galvalume_plus,GALVALUME® PLUS,PRICED PER EACH,✓
commercial-industrial,54,Sculptured Rake - PBR Panel,1,2,signature_200,SIGNATURE® 200,PRICED PER EACH,✓
commercial-industrial,54,Sculptured Rake - PBR Panel,1,2,signature_300,SIGNATURE® 300,PRICED PER EACH,✓
commercial-industrial,54,Sculptured Rake - PBR Panel,1,3,part,PART #,DESCRIPTION,FL-16B
commercial-industrial,54,Sculptured Rake - PBR Panel,1,3,description,DESCRIPTION,DESCRIPTION,Peak Box
commercial-industrial,54,Sculptured Rake - PBR Panel,1,3,length,LENGTH,DESCRIPTION,N/A
commercial-industrial,54,Sculptured Rake - PBR Panel,1,3,girth,GIRTH,DESCRIPTION,N/A
commercial-industrial,54,Sculptured Rake - PBR Panel,1,3,weight_each,WEIGHT EACH,DESCRIPTION,2.67#
commercial-industrial,54,Sculptured Rake - PBR Panel,1,3,galvalume_plus,GALVALUME® PLUS,PRICED PER EACH,✓
commercial-industrial,54,Sculptured Rake - PBR Panel,1,3,signature_200,SIGNATURE® 200,PRICED PER EACH,✓
commercial-industrial,54,Sculptured Rake - PBR Panel,1,3,signature_300,SIGNATURE® 300,PRICED PER EACH,✓
commercial-industrial,55,Sculptured Rake - PBU Panel,0,0,part,PART #,DESCRIPTION,FL-15
commercial-industrial,55,Sculptured Rake - PBU Panel,0,0,description,DESCRIPTION,DESCRIPTION,Rake Trim
commercial-industrial,55,Sculptured Rake - PBU Panel,0,0,length,LENGTH,DESCRIPTION,"10'-2"""
commercial-industrial,55,Sculptured Rake - PBU Panel,0,0,girth,GIRTH,DESCRIPTION,"20%"""
commercial-industrial,55,Sculptured Rake - PBU Panel,0,0,weight_each,WEIGHT EACH,DESCRIPTION,14.50#
commercial-industrial,55,Sculptured Rake - PBU Panel,0,0,galvalume_plus,GALVALUME® PLUS,PRICED PER EACH,✓
commercial-industrial,55,Sculptured Rake - PBU Panel,0,0,signature_200,SIGNATURE® 200,PRICED PER EACH,✓
commercial-industrial,55,Sculptured Rake - PBU Panel,0,0,signature_300,SIGNATURE® 300,PRICED PER EACH,✓
commercial-industrial,55,Sculptured Rake - PBU Panel,0,1,part,PART #,DESCRIPTION,FL-15D
commercial-industrial,55,Sculptured Rake - PBU Panel,0,1,description,DESCRIPTION,DESCRIPTION,Rake Trim
commercial-industrial,55,Sculptured Rake - PBU Panel,0,1,length,LENGTH,DESCRIPTION,"20'-2"""
commercial-industrial,55,Sculptured Rake - PBU Panel,0,1,girth,GIRTH,DESCRIPTION,"20%"""
commercial-industrial,55,Sculptured Rake - PBU Panel,0,1,weight_each,WEIGHT EACH,DESCRIPTION,29.00#
commercial-industrial,55,Sculptured Rake - PBU Panel,0,1,galvalume_plus,GALVALUME® PLUS,PRICED PER EACH,✓
commercial-industrial,55,Sculptured Rake - PBU Panel,0,1,signature_200,SIGNATURE® 200,PRICED PER EACH,✓
commercial-industrial,55,Sculptured Rake - PBU Panel,0,1,signature_300,SIGNATURE® 300,PRICED PER EACH,✓
commercial-industrial,55,Sculptured Rake - PBU Panel,0,2,part,PART #,DESCRIPTION,FL-15A
commercial-industrial,55,Sculptured Rake - PBU Panel,0,2,description,DESCRIPTION,DESCRIPTION,Rake Ends
commercial-industrial,55,Sculptured Rake - PBU Panel,0,2,length,LENGTH,DESCRIPTION,N/A
commercial-industrial,55,Sculptured Rake - PBU Panel,0,2,girth,GIRTH,DESCRIPTION,N/A
commercial-industrial,55,Sculptured Rake - PBU Panel,0,2,weight_each,WEIGHT EACH,DESCRIPTION,19#
commercial-industrial,55,Sculptured Rake - PBU Panel,0,2,galvalume_plus,GALVALUME® PLUS,PRICED PER EACH,✓
commercial-industrial,55,Sculptured Rake - PBU Panel,0,2,signature_200,SIGNATURE® 200,PRICED PER EACH,✓
commercial-industrial,55,Sculptured Rake - PBU Panel,0,2,signature_300,SIGNATURE® 300,PRICED PER EACH,✓
commercial-industrial,55,Sculptured Rake - PBU Panel,0,3,part,PART #,DESCRIPTION,FL-15C
commercial-industrial,55,Sculptured Rake - PBU Panel,0,3,description,DESCRIPTION,DESCRIPTION,Peak Box
commercial-industrial,55,Sculptured Rake - PBU Panel,0,3,length,LENGTH,DESCRIPTION,N/A
commercial-industrial,55,Sculptured Rake - PBU Panel,0,3,girth,GIRTH,DESCRIPTION,N/A
commercial-industrial,55,Sculptured Rake - PBU Panel,0,3,weight_each,WEIGHT EACH,DESCRIPTION,2.67#
commercial-industrial,55,Sculptured Rake - PBU Panel,0,3,galvalume_plus,GALVALUME® PLUS,PRICED PER EACH,✓
commercial-industrial,55,Sculptured Rake - PBU Panel,0,3,signature_200,SIGNATURE® 200,PRICED PER EACH,✓
commercial-industrial,55,Sculptured Rake - PBU Panel,0,3,signature_300,SIGNATURE® 300,PRICED PER EACH,✓
commercial-industrial,55,Sculptured Rake - 7.2 Panel,1,0,part,PART #,DESCRIPTION,FL-510
commercial-industrial,55,Sculptured Rake - 7.2 Panel,1,0,description,DESCRIPTION,DESCRIPTION,Rake Trim
commercial-industrial,55,Sculptured Rake - 7.2 Panel,1,0,length,LENGTH,DESCRIPTION,"10'-2"""
commercial-industrial,55,Sculptured Rake - 7.2 Panel,1,0,girth,GIRTH,DESCRIPTION,"20%"""
commercial-industrial,55,Sculptured Rake - 7.2 Panel,1,0,weight_each,WEIGHT EACH,DESCRIPTION,13.35#
commercial-industrial,55,Sculptured Rake - 7.2 Panel,1,0,galvalume_plus,GALVALUME® PLUS,PRICED PER EACH,✓
commercial-industrial,55,Sculptured Rake - 7.2 Panel,1,0,signature_200,SIGNATURE® 200,PRICED PER EACH,✓
commercial-industrial,55,Sculptured Rake - 7.2 Panel,1,0,signature_300,SIGNATURE® 300,PRICED PER EACH,✓
commercial-industrial,55,Sculptured Rake - 7.2 Panel,1,1,part,PART #,DESCRIPTION,FL-510A
commercial-industrial,55,Sculptured Rake - 7.2 Panel,1,1,description,DESCRIPTION,DESCRIPTION,Rake Trim
commercial-industrial,55,Sculptured Rake - 7.2 Panel,1,1,length,LENGTH,DESCRIPTION,"20'-2"""
commercial-industrial,55,Sculptured Rake - 7.2 Panel,1,1,girth,GIRTH,DESCRIPTION,"20%"""
commercial-industrial,55,Sculptured Rake - 7.2 Panel,1,1,weight_each,WEIGHT EACH,DESCRIPTION,26.484
commercial-industrial,55,Sculptured Rake - 7.2 Panel,1,1,galvalume_plus,GALVALUME® PLUS,PRICED PER EACH,✓
commercial-industrial,55,Sculptured Rake - 7.2 Panel,1,1,signature_200,SIGNATURE® 200,PRICED PER EACH,✓
commercial-industrial,55,Sculptured Rake - 7.2 Panel,1,1,signature_300,SIGNATURE® 300,PRICED PER EACH,✓
commercial-industrial,55,Sculptured Rake - 7.2 Panel,1,2,part,PART #,DESCRIPTION,FL-510B
commercial-industrial,55,Sculptured Rake - 7.2 Panel,1,2,description,DESCRIPTION,DESCRIPTION,Rake Ends
commercial-industrial,55,Sculptured Rake - 7.2 Panel,1,2,length,LENGTH,DESCRIPTION,N/A
commercial-industrial,55,Sculptured Rake - 7.2 Panel,1,2,girth,GIRTH,DESCRIPTION,N/A
commercial-industrial,55,Sculptured Rake - 7.2 Panel,1,2,weight_each,WEIGHT EACH,DESCRIPTION,19#
commercial-industrial,55,Sculptured Rake - 7.2 Panel,1,2,galvalume_plus,GALVALUME® PLUS,PRICED PER EACH,✓
commercial-industrial,55,Sculptured Rake - 7.2 Panel,1,2,signature_200,SIGNATURE® 200,PRICED PER EACH,✓
commercial-industrial,55,Sculptured Rake - 7.2 Panel,1,2,signature_300,SIGNATURE® 300,PRICED PER EACH,✓
commercial-industrial,55,Sculptured Rake - 7.2 Panel,1,3,part,PART #,DESCRIPTION,FL-510C
commercial-industrial,55,Sculptured Rake - 7.2 Panel,1,3,description,DESCRIPTION,DESCRIPTION,Peak Box
commercial-industrial,55,Sculptured Rake - 7.2 Panel,1,3,length,LENGTH,DESCRIPTION,N/A
commercial-industrial,55,Sculptured Rake - 7.2 Panel,1,3,girth,GIRTH,DESCRIPTION,N/A
commercial-industrial,55,Sculptured Rake - 7.2 Panel,1,3,weight_each,WEIGHT EACH,DESCRIPTION,2.01#
commercial-industrial,55,Sculptured Rake - 7.2 Panel,1,3,galvalume_plus,GALVALUME® PLUS,PRICED PER EACH,✓
commercial-industrial,55,Sculptured Rake - 7.2 Panel,1,3,signature_200,SIGNATURE® 200,PRICED PER EACH,✓
commercial-industrial,55,Sculptured Rake - 7.2 Panel,1,3,signature_300,SIGNATURE® 300,PRICED PER EACH,✓
commercial-industrial,55,Box Rake - PBR Panel,2,0,part,PART #,DESCRIPTION,FL-13
commercial-industrial,55,Box Rake - PBR Panel,2,0,description,DESCRIPTION,DESCRIPTION,Rake Trim
commercial-industrial,55,Box Rake - PBR Panel,2,0,length,LENGTH,DESCRIPTION,"10'-2"""
commercial-industrial,55,Box Rake - PBR Panel,2,0,girth,GIRTH,DESCRIPTION,"20%"""
commercial-industrial,55,Box Rake - PBR Panel,2,0,weight_each,WEIGHT EACH,DESCRIPTION,13.354
commercial-industrial,55,Box Rake - PBR Panel,2,0,galvalume_plus,GALVALUME® PLUS,PRICED PER EACH,✓
commercial-industrial,55,Box Rake - PBR Panel,2,0,signature_200,SIGNATURE® 200,PRICED PER EACH,✓
commercial-industrial,55,Box Rake - PBR Panel,2,0,signature_300,SIGNATURE® 300,PRICED PER EACH,✓
commercial-industrial,55,Box Rake - PBR Panel,2,1,part,PART #,DESCRIPTION,FL-13D
commercial-industrial,55,Box Rake - PBR Panel,2,1,description,DESCRIPTION,DESCRIPTION,Rake Trim
commercial-industrial,55,Box Rake - PBR Panel,2,1,length,LENGTH,DESCRIPTION,"20'-2"""
commercial-industrial,55,Box Rake - PBR Panel,2,1,girth,GIRTH,DESCRIPTION,"20%"""
commercial-industrial,55,Box Rake - PBR Panel,2,1,weight_each,WEIGHT EACH,DESCRIPTION,26.484
commercial-industrial,55,Box Rake - PBR Panel,2,1,galvalume_plus,GALVALUME® PLUS,PRICED PER EACH,✓
commercial-industrial,55,Box Rake - PBR Panel,2,1,signature_200,SIGNATURE® 200,PRICED PER EACH,✓
commercial-industrial,55,Box Rake - PBR Panel,2,1,signature_300,SIGNATURE® 300,PRICED PER EACH,✓
commercial-industrial,55,Box Rake - PBR Panel,2,2,part,PART #,DESCRIPTION,FL-13A
commercial-industrial,55,Box Rake - PBR Panel,2,2,description,DESCRIPTION,DESCRIPTION,Rake Ends
commercial-industrial,55,Box Rake - PBR Panel,2,2,length,LENGTH,DESCRIPTION,N/A
commercial-industrial,55,Box Rake - PBR Panel,2,2,girth,GIRTH,DESCRIPTION,N/A
commercial-industrial,55,Box Rake - PBR Panel,2,2,weight_each,WEIGHT EACH,DESCRIPTION,13#
commercial-industrial,55,Box Rake - PBR Panel,2,2,galvalume_plus,GALVALUME® PLUS,PRICED PER EACH,✓
commercial-industrial,55,Box Rake - PBR Panel,2,2,signature_200,SIGNATURE® 200,PRICED PER EACH,✓
commercial-industrial,55,Box Rake - PBR Panel,2,2,signature_300,SIGNATURE® 300,PRICED PER EACH,✓
commercial-industrial,55,Box Rake - PBR Panel,2,3,part,PART #,DESCRIPTION,FL-13C
commercial-industrial,55,Box Rake - PBR Panel,2,3,description,DESCRIPTION,DESCRIPTION,Peak Box
commercial-industrial,55,Box Rake - PBR Panel,2,3,length,LENGTH,DESCRIPTION,N/A
commercial-industrial,55,Box Rake - PBR Panel,2,3,girth,GIRTH,DESCRIPTION,N/A
commercial-industrial,55,Box Rake - PBR Panel,2,3,weight_each,WEIGHT EACH,DESCRIPTION,2.344
commercial-industrial,55,Box Rake - PBR Panel,2,3,galvalume_plus,GALVALUME® PLUS,PRICED PER EACH,✓
commercial-industrial,55,Box Rake - PBR Panel,2,3,signature_200,SIGNATURE® 200,PRICED PER EACH,✓
commercial-industrial,55,Box Rake - PBR Panel,2,3,signature_300,SIGNATURE® 300,PRICED PER EACH,✓
commercial-industrial,56,Box Rake - PBU Panel,0,0,part,PART #,DESCRIPTION,FL-12
commercial-industrial,56,Box Rake - PBU Panel,0,0,description,DESCRIPTION,DESCRIPTION,Rake Trim
commercial-industrial,56,Box Rake - PBU Panel,0,0,length,LENGTH,DESCRIPTION,"10'-2"""
commercial-industrial,56,Box Rake - PBU Panel,0,0,girth,GIRTH,DESCRIPTION,"20%"""
commercial-industrial,56,Box Rake - PBU Panel,0,0,weight_each,WEIGHT EACH,DESCRIPTION,13.25#
commercial-industrial,56,Box Rake - PBU Panel,0,0,galvalume_plus,GALVALUME® PLUS,PRICED PER EACH,✓
commercial-industrial,56,Box Rake - PBU Panel,0,0,signature_200,SIGNATURE® 200,PRICED PER EACH,✓
commercial-industrial,56,Box Rake - PBU Panel,0,0,signature_300,SIGNATURE® 300,PRICED PER EACH,✓
commercial-industrial,56,Box Rake - PBU Panel,0,1,part,PART #,DESCRIPTION,FL-12D
commercial-industrial,56,Box Rake - PBU Panel,0,1,description,DESCRIPTION,DESCRIPTION,Rake Trim
commercial-industrial,56,Box Rake - PBU Panel,0,1,length,LENGTH,DESCRIPTION,"20'-2"""
commercial-industrial,56,Box Rake - PBU Panel,0,1,girth,GIRTH,DESCRIPTION,"20%"""
commercial-industrial,56,Box Rake - PBU Panel,0,1,weight_each,WEIGHT EACH,DESCRIPTION,26.50#
commercial-industrial,56,Box Rake - PBU Panel,0,1,galvalume_plus,GALVALUME® PLUS,PRICED PER EACH,✓
commercial-industrial,56,Box Rake - PBU Panel,0,1,signature_200,SIGNATURE® 200,PRICED PER EACH,✓
commercial-industrial,56,Box Rake - PBU Panel,0,1,signature_300,SIGNATURE® 300,PRICED PER EACH,✓
commercial-industrial,56,Box Rake - PBU Panel,0,2,part,PART #,DESCRIPTION,FL-12A
commercial-industrial,56,Box Rake - PBU Panel,0,2,description,DESCRIPTION,DESCRIPTION,Rake Ends
commercial-industrial,56,Box Rake - PBU Panel,0,2,length,LENGTH,DESCRIPTION,N/A
commercial-industrial,56,Box Rake - PBU Panel,0,2,girth,GIRTH,DESCRIPTION,N/A
commercial-industrial,56,Box Rake - PBU Panel,0,2,weight_each,WEIGHT EACH,DESCRIPTION,13#
commercial-industrial,56,Box Rake - PBU Panel,0,2,galvalume_plus,GALVALUME® PLUS,PRICED PER EACH,✓
commercial-industrial,56,Box Rake - PBU Panel,0,2,signature_200,SIGNATURE® 200,PRICED PER EACH,✓
commercial-industrial,56,Box Rake - PBU Panel,0,2,signature_300,SIGNATURE® 300,PRICED PER EACH,✓
commercial-industrial,56,Box Rake - PBU Panel,0,3,part,PART #,DESCRIPTION,FL-12C
commercial-industrial,56,Box Rake - PBU Panel,0,3,description,DESCRIPTION,DESCRIPTION,Peak Box
commercial-industrial,56,Box Rake - PBU Panel,0,3,length,LENGTH,DESCRIPTION,N/A
commercial-industrial,56,Box Rake - PBU Panel,0,3,girth,GIRTH,DESCRIPTION,N/A
commercial-industrial,56,Box Rake - PBU Panel,0,3,weight_each,WEIGHT EACH,DESCRIPTION,2.344
commercial-industrial,56,Box Rake - PBU Panel,0,3,galvalume_plus,GALVALUME® PLUS,PRICED PER EACH,✓
commercial-industrial,56,Box Rake - PBU Panel,0,3,signature_200,SIGNATURE® 200,PRICED PER EACH,✓
commercial-industrial,56,Box Rake - PBU Panel,0,3,signature_300,SIGNATURE® 300,PRICED PER EACH,✓
commercial-industrial,56,Box Rake - 7.2 Panel,1,0,part,PART #,DESCRIPTION,FL-501
commercial-industrial,56,Box Rake - 7.2 Panel,1,0,description,DESCRIPTION,DESCRIPTION,Rake Trim
commercial-industrial,56,Box Rake - 7.2 Panel,1,0,length,LENGTH,DESCRIPTION,"10'-2"""
commercial-industrial,56,Box Rake - 7.2 Panel,1,0,girth,GIRTH,DESCRIPTION,"20"""
commercial-industrial,56,Box Rake - 7.2 Panel,1,0,weight_each,WEIGHT EACH,DESCRIPTION,13.19#
commercial-industrial,56,Box Rake - 7.2 Panel,1,0,galvalume_plus,GALVALUME® PLUS,PRICED PER EACH,✓
commercial-industrial,56,Box Rake - 7.2 Panel,1,0,signature_200,SIGNATURE® 200,PRICED PER EACH,✓
commercial-industrial,56,Box Rake - 7.2 Panel,1,0,signature_300,SIGNATURE® 300,PRICED PER EACH,✓
commercial-industrial,56,Box Rake - 7.2 Panel,1,1,part,PART #,DESCRIPTION,FL-501A
commercial-industrial,56,Box Rake - 7.2 Panel,1,1,description,DESCRIPTION,DESCRIPTION,Rake Trim
commercial-industrial,56,Box Rake - 7.2 Panel,1,1,length,LENGTH,DESCRIPTION,"20'-2"""
commercial-industrial,56,Box Rake - 7.2 Panel,1,1,girth,GIRTH,DESCRIPTION,"20"""
commercial-industrial,56,Box Rake - 7.2 Panel,1,1,weight_each,WEIGHT EACH,DESCRIPTION,25.55#
commercial-industrial,56,Box Rake - 7.2 Panel,1,1,galvalume_plus,GALVALUME® PLUS,PRICED PER EACH,✓
commercial-industrial,56,Box Rake - 7.2 Panel,1,1,signature_200,SIGNATURE® 200,PRICED PER EACH,✓
commercial-industrial,56,Box Rake - 7.2 Panel,1,1,signature_300,SIGNATURE® 300,PRICED PER EACH,✓
commercial-industrial,56,Box Rake - 7.2 Panel,1,2,part,PART #,DESCRIPTION,FL-501B
commercial-industrial,56,Box Rake - 7.2 Panel,1,2,description,DESCRIPTION,DESCRIPTION,Rake Ends
commercial-industrial,56,Box Rake - 7.2 Panel,1,2,length,LENGTH,DESCRIPTION,N/A
commercial-industrial,56,Box Rake - 7.2 Panel,1,2,girth,GIRTH,DESCRIPTION,N/A
commercial-industrial,56,Box Rake - 7.2 Panel,1,2,weight_each,WEIGHT EACH,DESCRIPTION,13#
commercial-industrial,56,Box Rake - 7.2 Panel,1,2,galvalume_plus,GALVALUME® PLUS,PRICED PER EACH,✓
commercial-industrial,56,Box Rake - 7.2 Panel,1,2,signature_200,SIGNATURE® 200,PRICED PER EACH,✓
commercial-industrial,56,Box Rake - 7.2 Panel,1,2,signature_300,SIGNATURE® 300,PRICED PER EACH,✓
commercial-industrial,56,Box Rake - 7.2 Panel,1,3,part,PART #,DESCRIPTION,FL-501D
commercial-industrial,56,Box Rake - 7.2 Panel,1,3,description,DESCRIPTION,DESCRIPTION,Peak Box
commercial-industrial,56,Box Rake - 7.2 Panel,1,3,length,LENGTH,DESCRIPTION,N/A
commercial-industrial,56,Box Rake - 7.2 Panel,1,3,girth,GIRTH,DESCRIPTION,N/A
commercial-industrial,56,Box Rake - 7.2 Panel,1,3,weight_each,WEIGHT EACH,DESCRIPTION,2.344
commercial-industrial,56,Box Rake - 7.2 Panel,1,3,galvalume_plus,GALVALUME® PLUS,PRICED PER EACH,✓
commercial-industrial,56,Box Rake - 7.2 Panel,1,3,signature_200,SIGNATURE® 200,PRICED PER EACH,✓
commercial-industrial,56,Box Rake - 7.2 Panel,1,3,signature_300,SIGNATURE® 300,PRICED PER EACH,✓
commercial-industrial,56,Sculptured High Side Eave,2,0,part,PART #,DESCRIPTION,FL-17
commercial-industrial,56,Sculptured High Side Eave,2,0,length,LENGTH,DESCRIPTION,"10'-2"""
commercial-industrial,56,Sculptured High Side Eave,2,0,girth,GIRTH,DESCRIPTION,"2034"""
commercial-industrial,56,Sculptured High Side Eave,2,0,weight_each,WEIGHT EACH,DESCRIPTION,13.68#
commercial-industrial,56,Sculptured High Side Eave,2,0,galvalume_plus,GALVALUME® PLUS,PRICED PER EACH,✓
commercial-industrial,56,Sculptured High Side Eave,2,0,signature_200,SIGNATURE® 200,PRICED PER EACH,✓
commercial-industrial,56,Sculptured High Side Eave,2,0,signature_300,SIGNATURE® 300,PRICED PER EACH,✓
commercial-industrial,56,Sculptured High Side Eave,2,1,part,PART #,DESCRIPTION,FL-17A
commercial-industrial,56,Sculptured High Side Eave,2,1,length,LENGTH,DESCRIPTION,"20'-2"""
commercial-industrial,56,Sculptured High Side Eave,2,1,girth,GIRTH,DESCRIPTION,"2034"""
commercial-industrial,56,Sculptured High Side Eave,2,1,weight_each,WEIGHT EACH,DESCRIPTION,27.144
commercial-industrial,56,Sculptured High Side Eave,2,1,galvalume_plus,GALVALUME® PLUS,PRICED PER EACH,✓
commercial-industrial,56,Sculptured High Side Eave,2,1,signature_200,SIGNATURE® 200,PRICED PER EACH,✓
commercial-industrial,56,Sculptured High Side Eave,2,1,signature_300,SIGNATURE® 300,PRICED PER EACH,✓
commercial-industrial,57,Eave Trim,0,0,part,PART #,DESCRIPTION,FL-19
commercial-industrial,57,Eave Trim,0,0,length,LENGTH,DESCRIPTION,"10'-2"""
commercial-industrial,57,Eave Trim,0,0,girth,GIRTH,DESCRIPTION,"954"""
commercial-industrial,57,Eave Trim,0,0,weight_each,WEIGHT EACH,DESCRIPTION,6.35#
commercial-industrial,57,Eave Trim,0,0,galvalume_plus,GALVALUME® PLUS,PRICED PER EACH,✓
commercial-industrial,57,Eave Trim,0,0,signature_200,SIGNATURE® 200,PRICED PER EACH,✓
commercial-industrial,57,Eave Trim,0,0,signature_300,SIGNATURE® 300,PRICED PER EACH,✓
commercial-industrial,57,Eave Trim,0,1,part,PART #,DESCRIPTION,FL-19A
commercial-industrial,57,Eave Trim,0,1,length,LENGTH,DESCRIPTION,"20'-2"""
commercial-industrial,57,Eave Trim,0,1,girth,GIRTH,DESCRIPTION,"Q 54"""
commercial-industrial,57,Eave Trim,0,1,weight_each,WEIGHT EACH,DESCRIPTION,12.594
commercial-industrial,57,Eave Trim,0,1,galvalume_plus,GALVALUME® PLUS,PRICED PER EACH,✓
commercial-industrial,57,Eave Trim,0,1,signature_200,SIGNATURE® 200,PRICED PER EACH,✓
commercial-industrial,57,Eave Trim,0,1,signature_300,SIGNATURE® 300,PRICED PER EACH,✓
commercial-industrial,57,Roll Form Downspout - Straight,1,0,part,PART #,DESCRIPTION,F-320
commercial-industrial,57,Roll Form Downspout - Straight,1,0,length,LENGTH,DESCRIPTION,"1 Q'-6"""
commercial-industrial,57,Roll Form Downspout - Straight,1,0,girth,GIRTH,DESCRIPTION,"17%6"""
commercial-industrial,57,Roll Form Downspout - Straight,1,0,weight_each,WEIGHT EACH,DESCRIPTION,11.96#
commercial-industrial,57,Roll Form Downspout - Straight,1,0,galvalume_plus,GALVALUME® PLUS,PRICED PER EACH,✓
commercial-industrial,57,Roll Form Downspout - Straight,1,0,signature_200,SIGNATURE® 200,PRICED PER EACH,✓
commercial-industrial,57,Roll Form Downspout - Straight,1,0,signature_300,SIGNATURE® 300,PRICED PER EACH,✓
commercial-industrial,57,Roll Form Downspout - Straight,1,1,part,PART #,DESCRIPTION,F-313
commercial-industrial,57,Roll Form Downspout - Straight,1,1,length,LENGTH,DESCRIPTION,"14'-6"""
commercial-industrial,57,Roll Form Downspout - Straight,1,1,girth,GIRTH,DESCRIPTION,"17%6"""
commercial-industrial,57,Roll Form Downspout - Straight,1,1,weight_each,WEIGHT EACH,DESCRIPTION,16.52#
commercial-industrial,57,Roll Form Downspout - Straight,1,1,galvalume_plus,GALVALUME® PLUS,PRICED PER EACH,✓
commercial-industrial,57,Roll Form Downspout - Straight,1,1,signature_200,SIGNATURE® 200,PRICED PER EACH,✓
commercial-industrial,57,Roll Form Downspout - Straight,1,1,signature_300,SIGNATURE® 300,PRICED PER EACH,✓
commercial-industrial,57,Roll Form 72° Kickout,2,0,part,PART #,DESCRIPTION,F-321
commercial-industrial,57,Roll Form 72° Kickout,2,0,72_kickout,72° KICKOUT,DESCRIPTION,Center
commercial-industrial,57,Roll Form 72° Kickout,2,0,length,LENGTH,DESCRIPTION,"11-4"""
commercial-industrial,57,Roll Form 72° Kickout,2,0,girth,GIRTH,DESCRIPTION,"17%6"""
commercial-industrial,57,Roll Form 72° Kickout,2,0,weight_each,WEIGHT EACH,DESCRIPTION,1.99#
commercial-industrial,57,Roll Form 72° Kickout,2,0,galvalume_plus,GALVALUME® PLUS,PRICED PER EACH,✓
commercial-industrial,57,Roll Form 72° Kickout,2,0,signature_200,SIGNATURE® 200,PRICED PER EACH,✓
commercial-industrial,57,Roll Form 72° Kickout,2,0,signature_300,SIGNATURE® 300,PRICED PER EACH,✓
commercial-industrial,58,Roll Form 45° Offset,0,0,part,PART #,DESCRIPTION,F-322
commercial-industrial,58,Roll Form 45° Offset,0,0,length,LENGTH,DESCRIPTION,"41"""
commercial-industrial,58,Roll Form 45° Offset,0,0,girth,GIRTH,DESCRIPTION,"17%6"""
commercial-industrial,58,Roll Form 45° Offset,0,0,weight_each,WEIGHT EACH,DESCRIPTION,1.144
commercial-industrial,58,Roll Form 45° Offset,0,0,galvalume_plus,GALVALUME® PLUS,PRICED PER EACH,✓
commercial-industrial,58,Roll Form 45° Offset,0,0,signature_200,SIGNATURE® 200,PRICED PER EACH,✓
commercial-industrial,58,Roll Form 45° Offset,0,0,signature_300,SIGNATURE® 300,PRICED PER EACH,✓
commercial-industrial,58,Roll Form 5° Offset,1,0,part,PART #,DESCRIPTION,F-323
commercial-industrial,58,Roll Form 5° Offset,1,0,length,LENGTH,DESCRIPTION,"1'-7%2"""
commercial-industrial,58,Roll Form 5° Offset,1,0,girth,GIRTH,DESCRIPTION,"17%6"""
commercial-industrial,58,Roll Form 5° Offset,1,0,weight_each,WEIGHT EACH,DESCRIPTION,2.37#
commercial-industrial,58,Roll Form 5° Offset,1,0,galvalume_plus,GALVALUME® PLUS,PRICED PER EACH,✓
commercial-industrial,58,Roll Form 5° Offset,1,0,signature_200,SIGNATURE® 200,PRICED PER EACH,✓
commercial-industrial,58,Roll Form 5° Offset,1,0,signature_300,SIGNATURE® 300,PRICED PER EACH,✓
commercial-industrial,60,Downspout - Straight,0,0,part,PART #,DESCRIPTION,FL-31
commercial-industrial,60,Downspout - Straight,0,0,length,LENGTH,DESCRIPTION,"10'-2"""
commercial-industrial,60,Downspout - Straight,0,0,girth,GIRTH,DESCRIPTION,"167%"""
commercial-industrial,60,Downspout - Straight,0,0,weight_each,WEIGHT EACH,DESCRIPTION,11.12#
commercial-industrial,60,Downspout - Straight,0,0,galvalume_plus,GALVALUME® PLUS,PRICED PER EACH,✓
commercial-industrial,60,Downspout - Straight,0,0,signature_200,SIGNATURE® 200,PRICED PER EACH,✓
commercial-industrial,60,Downspout - Straight,0,0,signature_300,SIGNATURE® 300,PRICED PER EACH,✓
commercial-industrial,60,Downspout - Straight,0,1,part,PART #,DESCRIPTION,FL-31C
commercial-industrial,60,Downspout - Straight,0,1,length,LENGTH,DESCRIPTION,"12'-Q"""
commercial-industrial,60,Downspout - Straight,0,1,girth,GIRTH,DESCRIPTION,"167%"""
commercial-industrial,60,Downspout - Straight,0,1,weight_each,WEIGHT EACH,DESCRIPTION,13.13#
commercial-industrial,60,Downspout - Straight,0,1,galvalume_plus,GALVALUME® PLUS,PRICED PER EACH,✓
commercial-industrial,60,Downspout - Straight,0,1,signature_200,SIGNATURE® 200,PRICED PER EACH,✓
commercial-industrial,60,Downspout - Straight,0,1,signature_300,SIGNATURE® 300,PRICED PER EACH,✓
commercial-industrial,60,Downspout - Straight,0,2,part,PART #,DESCRIPTION,FL-31B
commercial-industrial,60,Downspout - Straight,0,2,length,LENGTH,DESCRIPTION,"14'-0"""
commercial-industrial,60,Downspout - Straight,0,2,girth,GIRTH,DESCRIPTION,"167%"""
commercial-industrial,60,Downspout - Straight,0,2,weight_each,WEIGHT EACH,DESCRIPTION,15.32#
commercial-industrial,60,Downspout - Straight,0,2,galvalume_plus,GALVALUME® PLUS,PRICED PER EACH,✓
commercial-industrial,60,Downspout - Straight,0,2,signature_200,SIGNATURE® 200,PRICED PER EACH,✓
commercial-industrial,60,Downspout - Straight,0,2,signature_300,SIGNATURE® 300,PRICED PER EACH,✓
commercial-industrial,60,Downspout - Straight,0,3,part,PART #,DESCRIPTION,FL-31}
commercial-industrial,60,Downspout - Straight,0,3,length,LENGTH,DESCRIPTION,"16'-0"""
commercial-industrial,60,Downspout - Straight,0,3,girth,GIRTH,DESCRIPTION,"16%"""
commercial-industrial,60,Downspout - Straight,0,3,weight_each,WEIGHT EACH,DESCRIPTION,17.51#
commercial-industrial,60,Downspout - Straight,0,3,galvalume_plus,GALVALUME® PLUS,PRICED PER EACH,✓
commercial-industrial,60,Downspout - Straight,0,3,signature_200,SIGNATURE® 200,PRICED PER EACH,✓
commercial-industrial,60,Downspout - Straight,0,3,signature_300,SIGNATURE® 300,PRICED PER EACH,✓
commercial-industrial,60,Downspout - Straight,0,4,part,PART #,DESCRIPTION,FL-31H
commercial-industrial,60,Downspout - Straight,0,4,length,LENGTH,DESCRIPTION,"20'-2"""
commercial-industrial,60,Downspout - Straight,0,4,girth,GIRTH,DESCRIPTION,"16 7%"""
commercial-industrial,60,Downspout - Straight,0,4,weight_each,WEIGHT EACH,DESCRIPTION,22.07#
commercial-industrial,60,Downspout - Straight,0,4,galvalume_plus,GALVALUME® PLUS,PRICED PER EACH,✓
commercial-industrial,60,Downspout - Straight,0,4,signature_200,SIGNATURE® 200,PRICED PER EACH,✓
commercial-industrial,60,Downspout - Straight,0,4,signature_300,SIGNATURE® 300,PRICED PER EACH,✓
commercial-industrial,60,Downspout with 45° Elbow,1,0,part,PART #,DESCRIPTION,FL-31A
commercial-industrial,60,Downspout with 45° Elbow,1,0,length,LENGTH,DESCRIPTION,"10'-2"""
commercial-industrial,60,Downspout with 45° Elbow,1,0,girth,GIRTH,DESCRIPTION,"16%"""
commercial-industrial,60,Downspout with 45° Elbow,1,0,weight_each,WEIGHT EACH,DESCRIPTION,11.124
commercial-industrial,60,Downspout with 45° Elbow,1,0,galvalume_plus,GALVALUME® PLUS,PRICED PER EACH,✓
commercial-industrial,60,Downspout with 45° Elbow,1,0,signature_200,SIGNATURE® 200,PRICED PER EACH,✓
commercial-industrial,60,Downspout with 45° Elbow,1,0,signature_300,SIGNATURE® 300,PRICED PER EACH,✓
commercial-industrial,60,Downspout with 45° Elbow,1,1,part,PART #,DESCRIPTION,FL-31D
commercial-industrial,60,Downspout with 45° Elbow,1,1,length,LENGTH,DESCRIPTION,"12'-Q"""
commercial-industrial,60,Downspout with 45° Elbow,1,1,girth,GIRTH,DESCRIPTION,"167%"""
commercial-industrial,60,Downspout with 45° Elbow,1,1,weight_each,WEIGHT EACH,DESCRIPTION,13.13#
commercial-industrial,60,Downspout with 45° Elbow,1,1,galvalume_plus,GALVALUME® PLUS,PRICED PER EACH,✓
commercial-industrial,60,Downspout with 45° Elbow,1,1,signature_200,SIGNATURE® 200,PRICED PER EACH,✓
commercial-industrial,60,Downspout with 45° Elbow,1,1,signature_300,SIGNATURE® 300,PRICED PER EACH,✓
commercial-industrial,60,Downspout with 45° Elbow,1,2,part,PART #,DESCRIPTION,FL-31E
commercial-industrial,60,Downspout with 45° Elbow,1,2,length,LENGTH,DESCRIPTION,"1 4'-0"""
commercial-industrial,60,Downspout with 45° Elbow,1,2,girth,GIRTH,DESCRIPTION,"16%"""
commercial-industrial,60,Downspout with 45° Elbow,1,2,weight_each,WEIGHT EACH,DESCRIPTION,15.32#
commercial-industrial,60,Downspout with 45° Elbow,1,2,galvalume_plus,GALVALUME® PLUS,PRICED PER EACH,✓
commercial-industrial,60,Downspout with 45° Elbow,1,2,signature_200,SIGNATURE® 200,PRICED PER EACH,✓
commercial-industrial,60,Downspout with 45° Elbow,1,2,signature_300,SIGNATURE® 300,PRICED PER EACH,✓
commercial-industrial,60,Downspout with 45° Elbow,1,3,part,PART #,DESCRIPTION,FL-31|
commercial-industrial,60,Downspout with 45° Elbow,1,3,length,LENGTH,DESCRIPTION,"16'-0"""
commercial-industrial,60,Downspout with 45° Elbow,1,3,girth,GIRTH,DESCRIPTION,"16%"""
commercial-industrial,60,Downspout with 45° Elbow,1,3,weight_each,WEIGHT EACH,DESCRIPTION,17.51#
commercial-industrial,60,Downspout with 45° Elbow,1,3,galvalume_plus,GALVALUME® PLUS,PRICED PER EACH,✓
commercial-industrial,60,Downspout with 45° Elbow,1,3,signature_200,SIGNATURE® 200,PRICED PER EACH,✓
commercial-industrial,60,Downspout with 45° Elbow,1,3,signature_300,SIGNATURE® 300,PRICED PER EACH,✓
commercial-industrial,60,Downspout with 45° Elbow,1,4,part,PART #,DESCRIPTION,FL-31G
commercial-industrial,60,Downspout with 45° Elbow,1,4,length,LENGTH,DESCRIPTION,"20'-2"""
commercial-industrial,60,Downspout with 45° Elbow,1,4,girth,GIRTH,DESCRIPTION,"16%"""
commercial-industrial,60,Downspout with 45° Elbow,1,4,weight_each,WEIGHT EACH,DESCRIPTION,22.07#
commercial-industrial,60,Downspout with 45° Elbow,1,4,galvalume_plus,GALVALUME® PLUS,PRICED PER EACH,✓
commercial-industrial,60,Downspout with 45° Elbow,1,4,signature_200,SIGNATURE® 200,PRICED PER EACH,✓
commercial-industrial,60,Downspout with 45° Elbow,1,4,signature_300,SIGNATURE® 300,PRICED PER EACH,✓
commercial-industrial,60,Downspout Elbow,2,0,part,PART #,DESCRIPTION,FL-32
commercial-industrial,60,Downspout Elbow,2,0,elbow_angle,"ELBOW
ANGLE",DESCRIPTION,45°
commercial-industrial,60,Downspout Elbow,2,0,length,LENGTH,DESCRIPTION,"7"""
commercial-industrial,60,Downspout Elbow,2,0,girth,GIRTH,DESCRIPTION,"16%"""
commercial-industrial,60,Downspout Elbow,2,0,gauge,GAUGE,DESCRIPTION,26
commercial-industrial,60,Downspout Elbow,2,0,weight_each,"WEIGHT
EACH",DESCRIPTION,1.324
commercial-industrial,60,Downspout Elbow,2,0,galvalume_plus,"GALVALUME®
PLUS",PRICED PER EACH,✓
commercial-industrial,60,Downspout Elbow,2,0,signature_200,"SIGNATURE®
200",PRICED PER EACH,✓
commercial-industrial,60,Downspout Elbow,2,0,signature_300,"SIGNATURE®
300",PRICED PER EACH,✓
commercial-industrial,60,Downspout Elbow,2,1,part,PART #,DESCRIPTION,FL-33
commercial-industrial,60,Downspout Elbow,2,1,elbow_angle,"ELBOW
ANGLE",DESCRIPTION,90°
commercial-industrial,60,Downspout Elbow,2,1,length,LENGTH,DESCRIPTION,"7"""
commercial-industrial,60,Downspout Elbow,2,1,girth,GIRTH,DESCRIPTION,"16%"""
commercial-industrial,60,Downspout Elbow,2,1,gauge,GAUGE,DESCRIPTION,26
commercial-industrial,60,Downspout Elbow,2,1,weight_each,"WEIGHT
EACH",DESCRIPTION,1.28#
commercial-industrial,60,Downspout Elbow,2,1,galvalume_plus,"GALVALUME®
PLUS",PRICED PER EACH,✓
commercial-industrial,60,Downspout Elbow,2,1,signature_200,"SIGNATURE®
200",PRICED PER EACH,✓
commercial-industrial,60,Downspout Elbow,2,1,signature_300,"SIGNATURE®
300",PRICED PER EACH,✓
commercial-industrial,61,Downspout Offset,0,0,part,PART #,DESCRIPTION,FL-35
commercial-industrial,61,Downspout Offset,0,0,length,LENGTH,DESCRIPTION,"1'-2 72"""
commercial-industrial,61,Downspout Offset,0,0,girth,GIRTH,DESCRIPTION,"167%"""
commercial-industrial,61,Downspout Offset,0,0,weight_each,WEIGHT EACH,DESCRIPTION,1.32#
commercial-industrial,61,Downspout Offset,0,0,galvalume_plus,GALVALUME® PLUS,PRICED PER EACH,✓
commercial-industrial,61,Downspout Offset,0,0,signature_200,SIGNATURE® 200,PRICED PER EACH,✓
commercial-industrial,61,Downspout Offset,0,0,signature_300,SIGNATURE® 300,PRICED PER EACH,✓
commercial-industrial,61,Offset Downspout,1,0,part,PART #,DESCRIPTION,FL-788
commercial-industrial,61,Offset Downspout,1,0,dim_a,"DIM ""A""",DESCRIPTION,"6"" . S'-o"""
commercial-industrial,61,Offset Downspout,1,0,girth,GIRTH,DESCRIPTION,"16%"""
commercial-industrial,61,Offset Downspout,1,0,weight_per_lf,WEIGHT PER LF,DESCRIPTION,2#
commercial-industrial,61,Offset Downspout,1,0,galvalume_plus,GALVALUME® PLUS,PRICED PER EACH,✓
commercial-industrial,61,Offset Downspout,1,0,signature_200,SIGNATURE® 200,PRICED PER EACH,✓
commercial-industrial,61,Offset Downspout,1,0,signature_300,SIGNATURE® 300,PRICED PER EACH,✓
commercial-industrial,61,Offset Downspout,1,1,part,PART #,DESCRIPTION,FL-789
commercial-industrial,61,Offset Downspout,1,1,dim_a,"DIM ""A""",DESCRIPTION,"5'4 ne 1 O'-0"""
commercial-industrial,61,Offset Downspout,1,1,girth,GIRTH,DESCRIPTION,"16%"""
commercial-industrial,61,Offset Downspout,1,1,weight_per_lf,WEIGHT PER LF,DESCRIPTION,52H
commercial-industrial,61,Offset Downspout,1,1,galvalume_plus,GALVALUME® PLUS,PRICED PER EACH,✓
commercial-industrial,61,Offset Downspout,1,1,signature_200,SIGNATURE® 200,PRICED PER EACH,✓
commercial-industrial,61,Offset Downspout,1,1,signature_300,SIGNATURE® 300,PRICED PER EACH,✓
commercial-industrial,61,Pig Spout Elbow,2,0,part,PART #,DESCRIPTION,FL-786
commercial-industrial,61,Pig Spout Elbow,2,0,length,LENGTH,DESCRIPTION,gn
commercial-industrial,61,Pig Spout Elbow,2,0,girth,GIRTH,DESCRIPTION,"16%"""
commercial-industrial,61,Pig Spout Elbow,2,0,weight_each,WEIGHT EACH,DESCRIPTION,1.27#
commercial-industrial,61,Pig Spout Elbow,2,0,galvalume_plus,GALVALUME® PLUS,PRICED PER EACH,✓
commercial-industrial,61,Pig Spout Elbow,2,0,signature_200,SIGNATURE® 200,PRICED PER EACH,✓
commercial-industrial,61,Pig Spout Elbow,2,0,signature_300,SIGNATURE® 300,PRICED PER EACH,✓
commercial-industrial,62,Scupper,0,0,part,PART #,DESCRIPTION,FL-40
commercial-industrial,62,Scupper,0,0,length,LENGTH,DESCRIPTION,"4"""
commercial-industrial,62,Scupper,0,0,girth,GIRTH,DESCRIPTION,Qn
commercial-industrial,62,Scupper,0,0,weight_each,WEIGHT EACH,DESCRIPTION,17#
commercial-industrial,62,Scupper,0,0,galvalume_plus,GALVALUME® PLUS,PRICED PER EACH,✓
commercial-industrial,62,Scupper,0,0,signature_200,SIGNATURE® 200,PRICED PER EACH,✓
commercial-industrial,62,Scupper,0,0,signature_300,SIGNATURE® 300,PRICED PER EACH,✓
commercial-industrial,62,Downspout Strap,1,0,part,PART #,DESCRIPTION,FL-797
commercial-industrial,62,Downspout Strap,1,0,gauge,GAUGE,DESCRIPTION,26
commercial-industrial,62,Downspout Strap,1,0,length,LENGTH,DESCRIPTION,"4q"""
commercial-industrial,62,Downspout Strap,1,0,girth,GIRTH,DESCRIPTION,"10"""
commercial-industrial,62,Downspout Strap,1,0,weight_each,WEIGHT EACH,DESCRIPTION,O5#
commercial-industrial,62,Downspout Strap,1,0,galvalume_plus,GALVALUME® PLUS,PRICED PER EACH,✓
commercial-industrial,62,Downspout Strap,1,0,signature_200,SIGNATURE® 200,PRICED PER EACH,✓
commercial-industrial,62,Downspout Strap,1,0,signature_300,SIGNATURE® 300,PRICED PER EACH,N/A
commercial-industrial,62,Downspout Strap,1,1,part,PART #,DESCRIPTION,FL-797
commercial-industrial,62,Downspout Strap,1,1,gauge,GAUGE,DESCRIPTION,24
commercial-industrial,62,Downspout Strap,1,1,length,LENGTH,DESCRIPTION,"4"""
commercial-industrial,62,Downspout Strap,1,1,girth,GIRTH,DESCRIPTION,"10"""
commercial-industrial,62,Downspout Strap,1,1,weight_each,WEIGHT EACH,DESCRIPTION,O7#
commercial-industrial,62,Downspout Strap,1,1,galvalume_plus,GALVALUME® PLUS,PRICED PER EACH,✓
commercial-industrial,62,Downspout Strap,1,1,signature_200,SIGNATURE® 200,PRICED PER EACH,✓
commercial-industrial,62,Downspout Strap,1,1,signature_300,SIGNATURE® 300,PRICED PER EACH,✓
commercial-industrial,62,Jamb Trim - PBR and Retro-R® Panels,2,0,part,PART #,DESCRIPTION,FL-22
commercial-industrial,62,Jamb Trim - PBR and Retro-R® Panels,2,0,length,LENGTH,DESCRIPTION,"71.3"""
commercial-industrial,62,Jamb Trim - PBR and Retro-R® Panels,2,0,girth,GIRTH,DESCRIPTION,"5"""
commercial-industrial,62,Jamb Trim - PBR and Retro-R® Panels,2,0,weight_each,WEIGHT EACH,DESCRIPTION,2.35#
commercial-industrial,62,Jamb Trim - PBR and Retro-R® Panels,2,0,galvalume_plus,GALVALUME® PLUS,PRICED PER EACH,✓
commercial-industrial,62,Jamb Trim - PBR and Retro-R® Panels,2,0,signature_200,SIGNATURE® 200,PRICED PER EACH,✓
commercial-industrial,62,Jamb Trim - PBR and Retro-R® Panels,2,0,signature_300,SIGNATURE® 300,PRICED PER EACH,✓
commercial-industrial,62,Jamb Trim - PBR and Retro-R® Panels,2,1,part,PART #,DESCRIPTION,FL-23
commercial-industrial,62,Jamb Trim - PBR and Retro-R® Panels,2,1,length,LENGTH,DESCRIPTION,"10'-2"""
commercial-industrial,62,Jamb Trim - PBR and Retro-R® Panels,2,1,girth,GIRTH,DESCRIPTION,"5"""
commercial-industrial,62,Jamb Trim - PBR and Retro-R® Panels,2,1,weight_each,WEIGHT EACH,DESCRIPTION,3.30#
commercial-industrial,62,Jamb Trim - PBR and Retro-R® Panels,2,1,galvalume_plus,GALVALUME® PLUS,PRICED PER EACH,✓
commercial-industrial,62,Jamb Trim - PBR and Retro-R® Panels,2,1,signature_200,SIGNATURE® 200,PRICED PER EACH,✓
commercial-industrial,62,Jamb Trim - PBR and Retro-R® Panels,2,1,signature_300,SIGNATURE® 300,PRICED PER EACH,✓
commercial-industrial,62,Jamb Trim - PBR and Retro-R® Panels,2,2,part,PART #,DESCRIPTION,FL-23B
commercial-industrial,62,Jamb Trim - PBR and Retro-R® Panels,2,2,length,LENGTH,DESCRIPTION,"42'-2"""
commercial-industrial,62,Jamb Trim - PBR and Retro-R® Panels,2,2,girth,GIRTH,DESCRIPTION,"5"""
commercial-industrial,62,Jamb Trim - PBR and Retro-R® Panels,2,2,weight_each,WEIGHT EACH,DESCRIPTION,3.95#
commercial-industrial,62,Jamb Trim - PBR and Retro-R® Panels,2,2,galvalume_plus,GALVALUME® PLUS,PRICED PER EACH,✓
commercial-industrial,62,Jamb Trim - PBR and Retro-R® Panels,2,2,signature_200,SIGNATURE® 200,PRICED PER EACH,✓
commercial-industrial,62,Jamb Trim - PBR and Retro-R® Panels,2,2,signature_300,SIGNATURE® 300,PRICED PER EACH,✓
commercial-industrial,62,Jamb Trim - PBR and Retro-R® Panels,2,3,part,PART #,DESCRIPTION,FL-23C
commercial-industrial,62,Jamb Trim - PBR and Retro-R® Panels,2,3,length,LENGTH,DESCRIPTION,"1 4'-2"""
commercial-industrial,62,Jamb Trim - PBR and Retro-R® Panels,2,3,girth,GIRTH,DESCRIPTION,"5"""
commercial-industrial,62,Jamb Trim - PBR and Retro-R® Panels,2,3,weight_each,WEIGHT EACH,DESCRIPTION,4.594
commercial-industrial,62,Jamb Trim - PBR and Retro-R® Panels,2,3,galvalume_plus,GALVALUME® PLUS,PRICED PER EACH,✓
commercial-industrial,62,Jamb Trim - PBR and Retro-R® Panels,2,3,signature_200,SIGNATURE® 200,PRICED PER EACH,✓
commercial-industrial,62,Jamb Trim - PBR and Retro-R® Panels,2,3,signature_300,SIGNATURE® 300,PRICED PER EACH,✓
commercial-industrial,63,Jamb Trim - PBU Panel,0,0,part,PART #,DESCRIPTION,FL-20
commercial-industrial,63,Jamb Trim - PBU Panel,0,0,length,LENGTH,DESCRIPTION,"71.3"""
commercial-industrial,63,Jamb Trim - PBU Panel,0,0,girth,GIRTH,DESCRIPTION,"434"""
commercial-industrial,63,Jamb Trim - PBU Panel,0,0,weight_each,WEIGHT EACH,DESCRIPTION,2.354
commercial-industrial,63,Jamb Trim - PBU Panel,0,0,galvalume_plus,GALVALUME® PLUS,PRICED PER EACH,✓
commercial-industrial,63,Jamb Trim - PBU Panel,0,0,signature_200,SIGNATURE® 200,PRICED PER EACH,✓
commercial-industrial,63,Jamb Trim - PBU Panel,0,0,signature_300,SIGNATURE® 300,PRICED PER EACH,✓
commercial-industrial,63,Jamb Trim - PBU Panel,0,1,part,PART #,DESCRIPTION,FL-21
commercial-industrial,63,Jamb Trim - PBU Panel,0,1,length,LENGTH,DESCRIPTION,"10'-2"""
commercial-industrial,63,Jamb Trim - PBU Panel,0,1,girth,GIRTH,DESCRIPTION,"434"""
commercial-industrial,63,Jamb Trim - PBU Panel,0,1,weight_each,WEIGHT EACH,DESCRIPTION,3.30#
commercial-industrial,63,Jamb Trim - PBU Panel,0,1,galvalume_plus,GALVALUME® PLUS,PRICED PER EACH,✓
commercial-industrial,63,Jamb Trim - PBU Panel,0,1,signature_200,SIGNATURE® 200,PRICED PER EACH,✓
commercial-industrial,63,Jamb Trim - PBU Panel,0,1,signature_300,SIGNATURE® 300,PRICED PER EACH,✓
commercial-industrial,63,Jamb Trim - PBU Panel,0,2,part,PART #,DESCRIPTION,FL-21B
commercial-industrial,63,Jamb Trim - PBU Panel,0,2,length,LENGTH,DESCRIPTION,"1 2'-2"""
commercial-industrial,63,Jamb Trim - PBU Panel,0,2,girth,GIRTH,DESCRIPTION,"434"""
commercial-industrial,63,Jamb Trim - PBU Panel,0,2,weight_each,WEIGHT EACH,DESCRIPTION,3.75#
commercial-industrial,63,Jamb Trim - PBU Panel,0,2,galvalume_plus,GALVALUME® PLUS,PRICED PER EACH,✓
commercial-industrial,63,Jamb Trim - PBU Panel,0,2,signature_200,SIGNATURE® 200,PRICED PER EACH,✓
commercial-industrial,63,Jamb Trim - PBU Panel,0,2,signature_300,SIGNATURE® 300,PRICED PER EACH,✓
commercial-industrial,63,Jamb Trim - PBU Panel,0,3,part,PART #,DESCRIPTION,FL-21C
commercial-industrial,63,Jamb Trim - PBU Panel,0,3,length,LENGTH,DESCRIPTION,"14'-0"""
commercial-industrial,63,Jamb Trim - PBU Panel,0,3,girth,GIRTH,DESCRIPTION,"434"""
commercial-industrial,63,Jamb Trim - PBU Panel,0,3,weight_each,WEIGHT EACH,DESCRIPTION,4.59#
commercial-industrial,63,Jamb Trim - PBU Panel,0,3,galvalume_plus,GALVALUME® PLUS,PRICED PER EACH,✓
commercial-industrial,63,Jamb Trim - PBU Panel,0,3,signature_200,SIGNATURE® 200,PRICED PER EACH,✓
commercial-industrial,63,Jamb Trim - PBU Panel,0,3,signature_300,SIGNATURE® 300,PRICED PER EACH,✓
commercial-industrial,63,Jamb Trim - 7.2 Panel,1,0,part,PART #,DESCRIPTION,FL-516
commercial-industrial,63,Jamb Trim - 7.2 Panel,1,0,length,LENGTH,DESCRIPTION,"71.3"""
commercial-industrial,63,Jamb Trim - 7.2 Panel,1,0,girth,GIRTH,DESCRIPTION,"5 V5"""
commercial-industrial,63,Jamb Trim - 7.2 Panel,1,0,weight_each,WEIGHT EACH,DESCRIPTION,2.594
commercial-industrial,63,Jamb Trim - 7.2 Panel,1,0,galvalume_plus,GALVALUME® PLUS,PRICED PER EACH,✓
commercial-industrial,63,Jamb Trim - 7.2 Panel,1,0,signature_200,SIGNATURE® 200,PRICED PER EACH,✓
commercial-industrial,63,Jamb Trim - 7.2 Panel,1,0,signature_300,SIGNATURE® 300,PRICED PER EACH,✓
commercial-industrial,63,Jamb Trim - 7.2 Panel,1,1,part,PART #,DESCRIPTION,FL-516A
commercial-industrial,63,Jamb Trim - 7.2 Panel,1,1,length,LENGTH,DESCRIPTION,"10'-2"""
commercial-industrial,63,Jamb Trim - 7.2 Panel,1,1,girth,GIRTH,DESCRIPTION,"5 V5"""
commercial-industrial,63,Jamb Trim - 7.2 Panel,1,1,weight_each,WEIGHT EACH,DESCRIPTION,3.63#
commercial-industrial,63,Jamb Trim - 7.2 Panel,1,1,galvalume_plus,GALVALUME® PLUS,PRICED PER EACH,✓
commercial-industrial,63,Jamb Trim - 7.2 Panel,1,1,signature_200,SIGNATURE® 200,PRICED PER EACH,✓
commercial-industrial,63,Jamb Trim - 7.2 Panel,1,1,signature_300,SIGNATURE® 300,PRICED PER EACH,✓
commercial-industrial,63,Jamb Trim - 7.2 Panel,1,2,part,PART #,DESCRIPTION,FL-516B
commercial-industrial,63,Jamb Trim - 7.2 Panel,1,2,length,LENGTH,DESCRIPTION,"1 4'-2"""
commercial-industrial,63,Jamb Trim - 7.2 Panel,1,2,girth,GIRTH,DESCRIPTION,"5y2"""
commercial-industrial,63,Jamb Trim - 7.2 Panel,1,2,weight_each,WEIGHT EACH,DESCRIPTION,5.05#
commercial-industrial,63,Jamb Trim - 7.2 Panel,1,2,galvalume_plus,GALVALUME® PLUS,PRICED PER EACH,✓
commercial-industrial,63,Jamb Trim - 7.2 Panel,1,2,signature_200,SIGNATURE® 200,PRICED PER EACH,✓
commercial-industrial,63,Jamb Trim - 7.2 Panel,1,2,signature_300,SIGNATURE® 300,PRICED PER EACH,✓
commercial-industrial,63,Jamb Trim - AVP Panel,2,0,part,PART #,DESCRIPTION,FL-47
commercial-industrial,63,Jamb Trim - AVP Panel,2,0,length,LENGTH,DESCRIPTION,"7'-3"""
commercial-industrial,63,Jamb Trim - AVP Panel,2,0,girth,GIRTH,DESCRIPTION,"7"""
commercial-industrial,63,Jamb Trim - AVP Panel,2,0,weight_each,WEIGHT EACH,DESCRIPTION,3.40#
commercial-industrial,63,Jamb Trim - AVP Panel,2,0,galvalume_plus,GALVALUME® PLUS,PRICED PER EACH,✓
commercial-industrial,63,Jamb Trim - AVP Panel,2,0,signature_200,SIGNATURE® 200,PRICED PER EACH,✓
commercial-industrial,63,Jamb Trim - AVP Panel,2,0,signature_300,SIGNATURE® 300,PRICED PER EACH,✓
commercial-industrial,63,Jamb Trim - AVP Panel,2,1,part,PART #,DESCRIPTION,FL-48
commercial-industrial,63,Jamb Trim - AVP Panel,2,1,length,LENGTH,DESCRIPTION,"10'-2"""
commercial-industrial,63,Jamb Trim - AVP Panel,2,1,girth,GIRTH,DESCRIPTION,"7"""
commercial-industrial,63,Jamb Trim - AVP Panel,2,1,weight_each,WEIGHT EACH,DESCRIPTION,4.70#
commercial-industrial,63,Jamb Trim - AVP Panel,2,1,galvalume_plus,GALVALUME® PLUS,PRICED PER EACH,✓
commercial-industrial,63,Jamb Trim - AVP Panel,2,1,signature_200,SIGNATURE® 200,PRICED PER EACH,✓
commercial-industrial,63,Jamb Trim - AVP Panel,2,1,signature_300,SIGNATURE® 300,PRICED PER EACH,✓
commercial-industrial,63,Jamb Trim - AVP Panel,2,2,part,PART #,DESCRIPTION,FL-48B
commercial-industrial,63,Jamb Trim - AVP Panel,2,2,length,LENGTH,DESCRIPTION,"1 ?'-2"""
commercial-industrial,63,Jamb Trim - AVP Panel,2,2,girth,GIRTH,DESCRIPTION,"7"""
commercial-industrial,63,Jamb Trim - AVP Panel,2,2,weight_each,WEIGHT EACH,DESCRIPTION,5.80#
commercial-industrial,63,Jamb Trim - AVP Panel,2,2,galvalume_plus,GALVALUME® PLUS,PRICED PER EACH,✓
commercial-industrial,63,Jamb Trim - AVP Panel,2,2,signature_200,SIGNATURE® 200,PRICED PER EACH,✓
commercial-industrial,63,Jamb Trim - AVP Panel,2,2,signature_300,SIGNATURE® 300,PRICED PER EACH,✓
commercial-industrial,63,Jamb Trim - AVP Panel,2,3,part,PART #,DESCRIPTION,FL-48C
commercial-industrial,63,Jamb Trim - AVP Panel,2,3,length,LENGTH,DESCRIPTION,"4 4'-2"""
commercial-industrial,63,Jamb Trim - AVP Panel,2,3,girth,GIRTH,DESCRIPTION,"7"""
commercial-industrial,63,Jamb Trim - AVP Panel,2,3,weight_each,WEIGHT EACH,DESCRIPTION,6.70#
commercial-industrial,63,Jamb Trim - AVP Panel,2,3,galvalume_plus,GALVALUME® PLUS,PRICED PER EACH,✓
commercial-industrial,63,Jamb Trim - AVP Panel,2,3,signature_200,SIGNATURE® 200,PRICED PER EACH,✓
commercial-industrial,63,Jamb Trim - AVP Panel,2,3,signature_300,SIGNATURE® 300,PRICED PER EACH,✓
commercial-industrial,64,Drip Trim - PBR and Retro-R® Panels,0,0,part,PART #,DESCRIPTION,FL-870
commercial-industrial,64,Drip Trim - PBR and Retro-R® Panels,0,0,length,LENGTH,DESCRIPTION,"10'-2"""
commercial-industrial,64,Drip Trim - PBR and Retro-R® Panels,0,0,girth,GIRTH,DESCRIPTION,"754"""
commercial-industrial,64,Drip Trim - PBR and Retro-R® Panels,0,0,weight_each,WEIGHT EACH,DESCRIPTION,5.03#
commercial-industrial,64,Drip Trim - PBR and Retro-R® Panels,0,0,galvalume_plus,GALVALUME® PLUS,PRICED PER EACH,✓
commercial-industrial,64,Drip Trim - PBR and Retro-R® Panels,0,0,signature_200,SIGNATURE® 200,PRICED PER EACH,✓
commercial-industrial,64,Drip Trim - PBR and Retro-R® Panels,0,0,signature_300,SIGNATURE® 300,PRICED PER EACH,✓
commercial-industrial,64,Drip Trim - PBR and Retro-R® Panels,0,1,part,PART #,DESCRIPTION,FL-871
commercial-industrial,64,Drip Trim - PBR and Retro-R® Panels,0,1,length,LENGTH,DESCRIPTION,"20'-2"""
commercial-industrial,64,Drip Trim - PBR and Retro-R® Panels,0,1,girth,GIRTH,DESCRIPTION,"758"""
commercial-industrial,64,Drip Trim - PBR and Retro-R® Panels,0,1,weight_each,WEIGHT EACH,DESCRIPTION,10.68#
commercial-industrial,64,Drip Trim - PBR and Retro-R® Panels,0,1,galvalume_plus,GALVALUME® PLUS,PRICED PER EACH,✓
commercial-industrial,64,Drip Trim - PBR and Retro-R® Panels,0,1,signature_200,SIGNATURE® 200,PRICED PER EACH,✓
commercial-industrial,64,Drip Trim - PBR and Retro-R® Panels,0,1,signature_300,SIGNATURE® 300,PRICED PER EACH,✓
commercial-industrial,64,"Head Trim - PBR, AVP and Retro-R® Panels",1,0,part,PART #,DESCRIPTION,FL-24
commercial-industrial,64,"Head Trim - PBR, AVP and Retro-R® Panels",1,0,length,LENGTH,DESCRIPTION,"3'-6"""
commercial-industrial,64,"Head Trim - PBR, AVP and Retro-R® Panels",1,0,girth,GIRTH,DESCRIPTION,"556"""
commercial-industrial,64,"Head Trim - PBR, AVP and Retro-R® Panels",1,0,weight_each,WEIGHT EACH,DESCRIPTION,1.28#
commercial-industrial,64,"Head Trim - PBR, AVP and Retro-R® Panels",1,0,galvalume_plus,GALVALUME® PLUS,PRICED PER EACH,✓
commercial-industrial,64,"Head Trim - PBR, AVP and Retro-R® Panels",1,0,signature_200,SIGNATURE® 200,PRICED PER EACH,✓
commercial-industrial,64,"Head Trim - PBR, AVP and Retro-R® Panels",1,0,signature_300,SIGNATURE® 300,PRICED PER EACH,✓
commercial-industrial,64,"Head Trim - PBR, AVP and Retro-R® Panels",1,1,part,PART #,DESCRIPTION,FL-25
commercial-industrial,64,"Head Trim - PBR, AVP and Retro-R® Panels",1,1,length,LENGTH,DESCRIPTION,"T7'-4 """
commercial-industrial,64,"Head Trim - PBR, AVP and Retro-R® Panels",1,1,girth,GIRTH,DESCRIPTION,"554"""
commercial-industrial,64,"Head Trim - PBR, AVP and Retro-R® Panels",1,1,weight_each,WEIGHT EACH,DESCRIPTION,2.584
commercial-industrial,64,"Head Trim - PBR, AVP and Retro-R® Panels",1,1,galvalume_plus,GALVALUME® PLUS,PRICED PER EACH,✓
commercial-industrial,64,"Head Trim - PBR, AVP and Retro-R® Panels",1,1,signature_200,SIGNATURE® 200,PRICED PER EACH,✓
commercial-industrial,64,"Head Trim - PBR, AVP and Retro-R® Panels",1,1,signature_300,SIGNATURE® 300,PRICED PER EACH,✓
commercial-industrial,64,"Head Trim - PBR, AVP and Retro-R® Panels",1,2,part,PART #,DESCRIPTION,FL-26
commercial-industrial,64,"Head Trim - PBR, AVP and Retro-R® Panels",1,2,length,LENGTH,DESCRIPTION,"10'-4"""
commercial-industrial,64,"Head Trim - PBR, AVP and Retro-R® Panels",1,2,girth,GIRTH,DESCRIPTION,"554"""
commercial-industrial,64,"Head Trim - PBR, AVP and Retro-R® Panels",1,2,weight_each,WEIGHT EACH,DESCRIPTION,3.80#
commercial-industrial,64,"Head Trim - PBR, AVP and Retro-R® Panels",1,2,galvalume_plus,GALVALUME® PLUS,PRICED PER EACH,✓
commercial-industrial,64,"Head Trim - PBR, AVP and Retro-R® Panels",1,2,signature_200,SIGNATURE® 200,PRICED PER EACH,✓
commercial-industrial,64,"Head Trim - PBR, AVP and Retro-R® Panels",1,2,signature_300,SIGNATURE® 300,PRICED PER EACH,✓
commercial-industrial,64,"Head Trim - PBR, AVP and Retro-R® Panels",1,3,part,PART #,DESCRIPTION,FL-26B
commercial-industrial,64,"Head Trim - PBR, AVP and Retro-R® Panels",1,3,length,LENGTH,DESCRIPTION,"q42!-4"""
commercial-industrial,64,"Head Trim - PBR, AVP and Retro-R® Panels",1,3,girth,GIRTH,DESCRIPTION,"554"""
commercial-industrial,64,"Head Trim - PBR, AVP and Retro-R® Panels",1,3,weight_each,WEIGHT EACH,DESCRIPTION,4.65#
commercial-industrial,64,"Head Trim - PBR, AVP and Retro-R® Panels",1,3,galvalume_plus,GALVALUME® PLUS,PRICED PER EACH,✓
commercial-industrial,64,"Head Trim - PBR, AVP and Retro-R® Panels",1,3,signature_200,SIGNATURE® 200,PRICED PER EACH,✓
commercial-industrial,64,"Head Trim - PBR, AVP and Retro-R® Panels",1,3,signature_300,SIGNATURE® 300,PRICED PER EACH,✓
commercial-industrial,64,"Head Trim - PBR, AVP and Retro-R® Panels",1,4,part,PART #,DESCRIPTION,FL-26C
commercial-industrial,64,"Head Trim - PBR, AVP and Retro-R® Panels",1,4,length,LENGTH,DESCRIPTION,"14'-4"""
commercial-industrial,64,"Head Trim - PBR, AVP and Retro-R® Panels",1,4,girth,GIRTH,DESCRIPTION,"554"""
commercial-industrial,64,"Head Trim - PBR, AVP and Retro-R® Panels",1,4,weight_each,WEIGHT EACH,DESCRIPTION,5.41#
commercial-industrial,64,"Head Trim - PBR, AVP and Retro-R® Panels",1,4,galvalume_plus,GALVALUME® PLUS,PRICED PER EACH,✓
commercial-industrial,64,"Head Trim - PBR, AVP and Retro-R® Panels",1,4,signature_200,SIGNATURE® 200,PRICED PER EACH,✓
commercial-industrial,64,"Head Trim - PBR, AVP and Retro-R® Panels",1,4,signature_300,SIGNATURE® 300,PRICED PER EACH,✓
commercial-industrial,64,Head Trim - PBU Panel,2,0,part,PART #,DESCRIPTION,FL-514
commercial-industrial,64,Head Trim - PBU Panel,2,0,length,LENGTH,DESCRIPTION,"31-6"""
commercial-industrial,64,Head Trim - PBU Panel,2,0,girth,GIRTH,DESCRIPTION,"5"""
commercial-industrial,64,Head Trim - PBU Panel,2,0,weight_each,WEIGHT EACH,DESCRIPTION,1.20#
commercial-industrial,64,Head Trim - PBU Panel,2,0,galvalume_plus,GALVALUME® PLUS,PRICED PER EACH,✓
commercial-industrial,64,Head Trim - PBU Panel,2,0,signature_200,SIGNATURE® 200,PRICED PER EACH,✓
commercial-industrial,64,Head Trim - PBU Panel,2,0,signature_300,SIGNATURE® 300,PRICED PER EACH,✓
commercial-industrial,64,Head Trim - PBU Panel,2,1,part,PART #,DESCRIPTION,FL-514A
commercial-industrial,64,Head Trim - PBU Panel,2,1,length,LENGTH,DESCRIPTION,"10'-4"""
commercial-industrial,64,Head Trim - PBU Panel,2,1,girth,GIRTH,DESCRIPTION,"5"""
commercial-industrial,64,Head Trim - PBU Panel,2,1,weight_each,WEIGHT EACH,DESCRIPTION,3.634
commercial-industrial,64,Head Trim - PBU Panel,2,1,galvalume_plus,GALVALUME® PLUS,PRICED PER EACH,✓
commercial-industrial,64,Head Trim - PBU Panel,2,1,signature_200,SIGNATURE® 200,PRICED PER EACH,✓
commercial-industrial,64,Head Trim - PBU Panel,2,1,signature_300,SIGNATURE® 300,PRICED PER EACH,✓
commercial-industrial,64,Head Trim - PBU Panel,2,2,part,PART #,DESCRIPTION,FL-514B
commercial-industrial,64,Head Trim - PBU Panel,2,2,length,LENGTH,DESCRIPTION,"1 4'-4"""
commercial-industrial,64,Head Trim - PBU Panel,2,2,girth,GIRTH,DESCRIPTION,"5"""
commercial-industrial,64,Head Trim - PBU Panel,2,2,weight_each,WEIGHT EACH,DESCRIPTION,5.17#
commercial-industrial,64,Head Trim - PBU Panel,2,2,galvalume_plus,GALVALUME® PLUS,PRICED PER EACH,✓
commercial-industrial,64,Head Trim - PBU Panel,2,2,signature_200,SIGNATURE® 200,PRICED PER EACH,✓
commercial-industrial,64,Head Trim - PBU Panel,2,2,signature_300,SIGNATURE® 300,PRICED PER EACH,✓
commercial-industrial,65,Head Trim - 7.2 Panel,0,0,part,PART #,DESCRIPTION,FL-515
commercial-industrial,65,Head Trim - 7.2 Panel,0,0,length,LENGTH,DESCRIPTION,"3'-6"""
commercial-industrial,65,Head Trim - 7.2 Panel,0,0,girth,GIRTH,DESCRIPTION,"6"""
commercial-industrial,65,Head Trim - 7.2 Panel,0,0,weight_each,WEIGHT EACH,DESCRIPTION,1.334
commercial-industrial,65,Head Trim - 7.2 Panel,0,0,galvalume_plus,GALVALUME® PLUS,PRICED PER EACH,✓
commercial-industrial,65,Head Trim - 7.2 Panel,0,0,signature_200,SIGNATURE® 200,PRICED PER EACH,✓
commercial-industrial,65,Head Trim - 7.2 Panel,0,0,signature_300,SIGNATURE® 300,PRICED PER EACH,✓
commercial-industrial,65,Head Trim - 7.2 Panel,0,1,part,PART #,DESCRIPTION,FL-515A
commercial-industrial,65,Head Trim - 7.2 Panel,0,1,length,LENGTH,DESCRIPTION,"10'-4"""
commercial-industrial,65,Head Trim - 7.2 Panel,0,1,girth,GIRTH,DESCRIPTION,"6"""
commercial-industrial,65,Head Trim - 7.2 Panel,0,1,weight_each,WEIGHT EACH,DESCRIPTION,4.02#
commercial-industrial,65,Head Trim - 7.2 Panel,0,1,galvalume_plus,GALVALUME® PLUS,PRICED PER EACH,✓
commercial-industrial,65,Head Trim - 7.2 Panel,0,1,signature_200,SIGNATURE® 200,PRICED PER EACH,✓
commercial-industrial,65,Head Trim - 7.2 Panel,0,1,signature_300,SIGNATURE® 300,PRICED PER EACH,✓
commercial-industrial,65,Head Trim - 7.2 Panel,0,2,part,PART #,DESCRIPTION,FL-515B
commercial-industrial,65,Head Trim - 7.2 Panel,0,2,length,LENGTH,DESCRIPTION,"4 4'-4"""
commercial-industrial,65,Head Trim - 7.2 Panel,0,2,girth,GIRTH,DESCRIPTION,"6"""
commercial-industrial,65,Head Trim - 7.2 Panel,0,2,weight_each,WEIGHT EACH,DESCRIPTION,5.77#
commercial-industrial,65,Head Trim - 7.2 Panel,0,2,galvalume_plus,GALVALUME® PLUS,PRICED PER EACH,✓
commercial-industrial,65,Head Trim - 7.2 Panel,0,2,signature_200,SIGNATURE® 200,PRICED PER EACH,✓
commercial-industrial,65,Head Trim - 7.2 Panel,0,2,signature_300,SIGNATURE® 300,PRICED PER EACH,✓
commercial-industrial,65,"Head Trim - PBR, AVP and Retro-R® Panels",1,0,part,PART #,DESCRIPTION,FL-850
commercial-industrial,65,"Head Trim - PBR, AVP and Retro-R® Panels",1,0,length,LENGTH,DESCRIPTION,"31-6"""
commercial-industrial,65,"Head Trim - PBR, AVP and Retro-R® Panels",1,0,girth,GIRTH,DESCRIPTION,636
commercial-industrial,65,"Head Trim - PBR, AVP and Retro-R® Panels",1,0,weight_each,WEIGHT EACH,DESCRIPTION,1.45#
commercial-industrial,65,"Head Trim - PBR, AVP and Retro-R® Panels",1,0,galvalume_plus,GALVALUME® PLUS,PRICED PER EACH,✓
commercial-industrial,65,"Head Trim - PBR, AVP and Retro-R® Panels",1,0,signature_200,SIGNATURE® 200,PRICED PER EACH,✓
commercial-industrial,65,"Head Trim - PBR, AVP and Retro-R® Panels",1,0,signature_300,SIGNATURE® 300,PRICED PER EACH,✓
commercial-industrial,65,"Head Trim - PBR, AVP and Retro-R® Panels",1,1,part,PART #,DESCRIPTION,FL-851
commercial-industrial,65,"Head Trim - PBR, AVP and Retro-R® Panels",1,1,length,LENGTH,DESCRIPTION,"T'-4 """
commercial-industrial,65,"Head Trim - PBR, AVP and Retro-R® Panels",1,1,girth,GIRTH,DESCRIPTION,"634"""
commercial-industrial,65,"Head Trim - PBR, AVP and Retro-R® Panels",1,1,weight_each,WEIGHT EACH,DESCRIPTION,2.934
commercial-industrial,65,"Head Trim - PBR, AVP and Retro-R® Panels",1,1,galvalume_plus,GALVALUME® PLUS,PRICED PER EACH,✓
commercial-industrial,65,"Head Trim - PBR, AVP and Retro-R® Panels",1,1,signature_200,SIGNATURE® 200,PRICED PER EACH,✓
commercial-industrial,65,"Head Trim - PBR, AVP and Retro-R® Panels",1,1,signature_300,SIGNATURE® 300,PRICED PER EACH,✓
commercial-industrial,65,"Head Trim - PBR, AVP and Retro-R® Panels",1,2,part,PART #,DESCRIPTION,FL-852
commercial-industrial,65,"Head Trim - PBR, AVP and Retro-R® Panels",1,2,length,LENGTH,DESCRIPTION,"10Q'-4"""
commercial-industrial,65,"Head Trim - PBR, AVP and Retro-R® Panels",1,2,girth,GIRTH,DESCRIPTION,634
commercial-industrial,65,"Head Trim - PBR, AVP and Retro-R® Panels",1,2,weight_each,WEIGHT EACH,DESCRIPTION,4.27#
commercial-industrial,65,"Head Trim - PBR, AVP and Retro-R® Panels",1,2,galvalume_plus,GALVALUME® PLUS,PRICED PER EACH,✓
commercial-industrial,65,"Head Trim - PBR, AVP and Retro-R® Panels",1,2,signature_200,SIGNATURE® 200,PRICED PER EACH,✓
commercial-industrial,65,"Head Trim - PBR, AVP and Retro-R® Panels",1,2,signature_300,SIGNATURE® 300,PRICED PER EACH,✓
commercial-industrial,65,"Head Trim - PBR, AVP and Retro-R® Panels",1,3,part,PART #,DESCRIPTION,FL-853
commercial-industrial,65,"Head Trim - PBR, AVP and Retro-R® Panels",1,3,length,LENGTH,DESCRIPTION,"q42'-4"""
commercial-industrial,65,"Head Trim - PBR, AVP and Retro-R® Panels",1,3,girth,GIRTH,DESCRIPTION,"634"""
commercial-industrial,65,"Head Trim - PBR, AVP and Retro-R® Panels",1,3,weight_each,WEIGHT EACH,DESCRIPTION,5.10#
commercial-industrial,65,"Head Trim - PBR, AVP and Retro-R® Panels",1,3,galvalume_plus,GALVALUME® PLUS,PRICED PER EACH,✓
commercial-industrial,65,"Head Trim - PBR, AVP and Retro-R® Panels",1,3,signature_200,SIGNATURE® 200,PRICED PER EACH,✓
commercial-industrial,65,"Head Trim - PBR, AVP and Retro-R® Panels",1,3,signature_300,SIGNATURE® 300,PRICED PER EACH,✓
commercial-industrial,65,"Head Trim - PBR, AVP and Retro-R® Panels",1,4,part,PART #,DESCRIPTION,FL-854
commercial-industrial,65,"Head Trim - PBR, AVP and Retro-R® Panels",1,4,length,LENGTH,DESCRIPTION,"14'-4"""
commercial-industrial,65,"Head Trim - PBR, AVP and Retro-R® Panels",1,4,girth,GIRTH,DESCRIPTION,"634"""
commercial-industrial,65,"Head Trim - PBR, AVP and Retro-R® Panels",1,4,weight_each,WEIGHT EACH,DESCRIPTION,5.934
commercial-industrial,65,"Head Trim - PBR, AVP and Retro-R® Panels",1,4,galvalume_plus,GALVALUME® PLUS,PRICED PER EACH,✓
commercial-industrial,65,"Head Trim - PBR, AVP and Retro-R® Panels",1,4,signature_200,SIGNATURE® 200,PRICED PER EACH,✓
commercial-industrial,65,"Head Trim - PBR, AVP and Retro-R® Panels",1,4,signature_300,SIGNATURE® 300,PRICED PER EACH,✓
commercial-industrial,65,Panel Starter - AVP Panel,2,0,part,PART #,DESCRIPTION,FL-46
commercial-industrial,65,Panel Starter - AVP Panel,2,0,length,LENGTH,DESCRIPTION,"10'-2"""
commercial-industrial,65,Panel Starter - AVP Panel,2,0,girth,GIRTH,DESCRIPTION,"8%eo"""
commercial-industrial,65,Panel Starter - AVP Panel,2,0,weight_each,WEIGHT EACH,DESCRIPTION,5.48#
commercial-industrial,65,Panel Starter - AVP Panel,2,0,galvalume_plus,GALVALUME® PLUS,PRICED PER EACH,✓
commercial-industrial,65,Panel Starter - AVP Panel,2,0,signature_200,SIGNATURE® 200,PRICED PER EACH,✓
commercial-industrial,65,Panel Starter - AVP Panel,2,0,signature_300,SIGNATURE® 300,PRICED PER EACH,✓
commercial-industrial,65,Panel Starter - AVP Panel,2,1,part,PART #,DESCRIPTION,FL-46A
commercial-industrial,65,Panel Starter - AVP Panel,2,1,length,LENGTH,DESCRIPTION,"12'-O"""
commercial-industrial,65,Panel Starter - AVP Panel,2,1,girth,GIRTH,DESCRIPTION,"8%e6"""
commercial-industrial,65,Panel Starter - AVP Panel,2,1,weight_each,WEIGHT EACH,DESCRIPTION,6.47#
commercial-industrial,65,Panel Starter - AVP Panel,2,1,galvalume_plus,GALVALUME® PLUS,PRICED PER EACH,✓
commercial-industrial,65,Panel Starter - AVP Panel,2,1,signature_200,SIGNATURE® 200,PRICED PER EACH,✓
commercial-industrial,65,Panel Starter - AVP Panel,2,1,signature_300,SIGNATURE® 300,PRICED PER EACH,✓
commercial-industrial,65,Panel Starter - AVP Panel,2,2,part,PART #,DESCRIPTION,FL-46B
commercial-industrial,65,Panel Starter - AVP Panel,2,2,length,LENGTH,DESCRIPTION,"1 4'-0"""
commercial-industrial,65,Panel Starter - AVP Panel,2,2,girth,GIRTH,DESCRIPTION,"8%"""
commercial-industrial,65,Panel Starter - AVP Panel,2,2,weight_each,WEIGHT EACH,DESCRIPTION,75#
commercial-industrial,65,Panel Starter - AVP Panel,2,2,galvalume_plus,GALVALUME® PLUS,PRICED PER EACH,✓
commercial-industrial,65,Panel Starter - AVP Panel,2,2,signature_200,SIGNATURE® 200,PRICED PER EACH,✓
commercial-industrial,65,Panel Starter - AVP Panel,2,2,signature_300,SIGNATURE® 300,PRICED PER EACH,✓
commercial-industrial,65,Panel Starter - AVP Panel,2,3,part,PART #,DESCRIPTION,FL-46C
commercial-industrial,65,Panel Starter - AVP Panel,2,3,length,LENGTH,DESCRIPTION,"16'-0"""
commercial-industrial,65,Panel Starter - AVP Panel,2,3,girth,GIRTH,DESCRIPTION,"8%eo"""
commercial-industrial,65,Panel Starter - AVP Panel,2,3,weight_each,WEIGHT EACH,DESCRIPTION,8.634
commercial-industrial,65,Panel Starter - AVP Panel,2,3,galvalume_plus,GALVALUME® PLUS,PRICED PER EACH,✓
commercial-industrial,65,Panel Starter - AVP Panel,2,3,signature_200,SIGNATURE® 200,PRICED PER EACH,✓
commercial-industrial,65,Panel Starter - AVP Panel,2,3,signature_300,SIGNATURE® 300,PRICED PER EACH,✓
commercial-industrial,65,Panel Starter - AVP Panel,2,4,part,PART #,DESCRIPTION,FL-46D
commercial-industrial,65,Panel Starter - AVP Panel,2,4,length,LENGTH,DESCRIPTION,"20'-2"""
commercial-industrial,65,Panel Starter - AVP Panel,2,4,girth,GIRTH,DESCRIPTION,"8%e"""
commercial-industrial,65,Panel Starter - AVP Panel,2,4,weight_each,WEIGHT EACH,DESCRIPTION,10.87#
commercial-industrial,65,Panel Starter - AVP Panel,2,4,galvalume_plus,GALVALUME® PLUS,PRICED PER EACH,✓
commercial-industrial,65,Panel Starter - AVP Panel,2,4,signature_200,SIGNATURE® 200,PRICED PER EACH,✓
commercial-industrial,65,Panel Starter - AVP Panel,2,4,signature_300,SIGNATURE® 300,PRICED PER EACH,✓
commercial-industrial,66,Parapet High Eave Trim,0,0,part,PART #,DESCRIPTION,FL-195
commercial-industrial,66,Parapet High Eave Trim,0,0,length,LENGTH,DESCRIPTION,"10'-2"""
commercial-industrial,66,Parapet High Eave Trim,0,0,girth,GIRTH,DESCRIPTION,"14"""
commercial-industrial,66,Parapet High Eave Trim,0,0,weight_each,WEIGHT EACH,DESCRIPTION,9.80#
commercial-industrial,66,Parapet High Eave Trim,0,0,galvalume_plus,GALVALUME® PLUS,PRICED PER EACH,✓
commercial-industrial,66,Parapet High Eave Trim,0,0,signature_200,SIGNATURE® 200,PRICED PER EACH,✓
commercial-industrial,66,Parapet High Eave Trim,0,0,signature_300,SIGNATURE® 300,PRICED PER EACH,✓
commercial-industrial,66,Parapet High Eave Trim,1,0,part,PART #,DESCRIPTION,FL-874
commercial-industrial,66,Parapet High Eave Trim,1,0,length,LENGTH,DESCRIPTION,"10'-2"""
commercial-industrial,66,Parapet High Eave Trim,1,0,girth,GIRTH,DESCRIPTION,"12"""
commercial-industrial,66,Parapet High Eave Trim,1,0,weight_each,WEIGHT EACH,DESCRIPTION,7.914
commercial-industrial,66,Parapet High Eave Trim,1,0,galvalume_plus,GALVALUME® PLUS,PRICED PER EACH,✓
commercial-industrial,66,Parapet High Eave Trim,1,0,signature_200,SIGNATURE® 200,PRICED PER EACH,✓
commercial-industrial,66,Parapet High Eave Trim,1,0,signature_300,SIGNATURE® 300,PRICED PER EACH,✓
commercial-industrial,66,Parapet High Eave Trim,1,1,part,PART #,DESCRIPTION,FL-875
commercial-industrial,66,Parapet High Eave Trim,1,1,length,LENGTH,DESCRIPTION,"20'-2"""
commercial-industrial,66,Parapet High Eave Trim,1,1,girth,GIRTH,DESCRIPTION,"12"""
commercial-industrial,66,Parapet High Eave Trim,1,1,weight_each,WEIGHT EACH,DESCRIPTION,15.09#
commercial-industrial,66,Parapet High Eave Trim,1,1,galvalume_plus,GALVALUME® PLUS,PRICED PER EACH,✓
commercial-industrial,66,Parapet High Eave Trim,1,1,signature_200,SIGNATURE® 200,PRICED PER EACH,✓
commercial-industrial,66,Parapet High Eave Trim,1,1,signature_300,SIGNATURE® 300,PRICED PER EACH,✓
commercial-industrial,66,Parapet Rake - PBR Panel,2,0,part,PART #,DESCRIPTION,FL-952
commercial-industrial,66,Parapet Rake - PBR Panel,2,0,length,LENGTH,DESCRIPTION,"10'-2"""
commercial-industrial,66,Parapet Rake - PBR Panel,2,0,girth,GIRTH,DESCRIPTION,"14"""
commercial-industrial,66,Parapet Rake - PBR Panel,2,0,weight_each,WEIGHT EACH,DESCRIPTION,9.234
commercial-industrial,66,Parapet Rake - PBR Panel,2,0,galvalume_plus,GALVALUME® PLUS,PRICED PER EACH,✓
commercial-industrial,66,Parapet Rake - PBR Panel,2,0,signature_200,SIGNATURE® 200,PRICED PER EACH,✓
commercial-industrial,66,Parapet Rake - PBR Panel,2,0,signature_300,SIGNATURE® 300,PRICED PER EACH,✓
commercial-industrial,66,Parapet Rake - PBR Panel,2,1,part,PART #,DESCRIPTION,FL-953
commercial-industrial,66,Parapet Rake - PBR Panel,2,1,length,LENGTH,DESCRIPTION,"20'-2"""
commercial-industrial,66,Parapet Rake - PBR Panel,2,1,girth,GIRTH,DESCRIPTION,"14"""
commercial-industrial,66,Parapet Rake - PBR Panel,2,1,weight_each,WEIGHT EACH,DESCRIPTION,19.60#
commercial-industrial,66,Parapet Rake - PBR Panel,2,1,galvalume_plus,GALVALUME® PLUS,PRICED PER EACH,✓
commercial-industrial,66,Parapet Rake - PBR Panel,2,1,signature_200,SIGNATURE® 200,PRICED PER EACH,✓
commercial-industrial,66,Parapet Rake - PBR Panel,2,1,signature_300,SIGNATURE® 300,PRICED PER EACH,✓
commercial-industrial,67,Parapet Rake - PBU Panel,0,0,part,PART #,DESCRIPTION,FL-954
commercial-industrial,67,Parapet Rake - PBU Panel,0,0,length,LENGTH,DESCRIPTION,"10'-2"""
commercial-industrial,67,Parapet Rake - PBU Panel,0,0,girth,GIRTH,DESCRIPTION,"14"""
commercial-industrial,67,Parapet Rake - PBU Panel,0,0,weight_each,WEIGHT EACH,DESCRIPTION,9.80#
commercial-industrial,67,Parapet Rake - PBU Panel,0,0,galvalume_plus,GALVALUME® PLUS,PRICED PER EACH,✓
commercial-industrial,67,Parapet Rake - PBU Panel,0,0,signature_200,SIGNATURE® 200,PRICED PER EACH,✓
commercial-industrial,67,Parapet Rake - PBU Panel,0,0,signature_300,SIGNATURE® 300,PRICED PER EACH,✓
commercial-industrial,67,Parapet Rake - PBU Panel,0,1,part,PART #,DESCRIPTION,FL-855
commercial-industrial,67,Parapet Rake - PBU Panel,0,1,length,LENGTH,DESCRIPTION,"20'-2"""
commercial-industrial,67,Parapet Rake - PBU Panel,0,1,girth,GIRTH,DESCRIPTION,"14"""
commercial-industrial,67,Parapet Rake - PBU Panel,0,1,weight_each,WEIGHT EACH,DESCRIPTION,19.60#
commercial-industrial,67,Parapet Rake - PBU Panel,0,1,galvalume_plus,GALVALUME® PLUS,PRICED PER EACH,✓
commercial-industrial,67,Parapet Rake - PBU Panel,0,1,signature_200,SIGNATURE® 200,PRICED PER EACH,✓
commercial-industrial,67,Parapet Rake - PBU Panel,0,1,signature_300,SIGNATURE® 300,PRICED PER EACH,✓
commercial-industrial,67,Parapet Rake - 7.2 Panel,1,0,part,PART #,DESCRIPTION,FL-525
commercial-industrial,67,Parapet Rake - 7.2 Panel,1,0,length,LENGTH,DESCRIPTION,"1 Q'-2"""
commercial-industrial,67,Parapet Rake - 7.2 Panel,1,0,girth,GIRTH,DESCRIPTION,"14"""
commercial-industrial,67,Parapet Rake - 7.2 Panel,1,0,weight_each,WEIGHT EACH,DESCRIPTION,9.234
commercial-industrial,67,Parapet Rake - 7.2 Panel,1,0,galvalume_plus,GALVALUME® PLUS,PRICED PER EACH,✓
commercial-industrial,67,Parapet Rake - 7.2 Panel,1,0,signature_200,SIGNATURE® 200,PRICED PER EACH,✓
commercial-industrial,67,Parapet Rake - 7.2 Panel,1,0,signature_300,SIGNATURE® 300,PRICED PER EACH,✓
commercial-industrial,67,2 x 2 Outside Angle,2,0,part,PART #,DESCRIPTION,FL-27
commercial-industrial,67,2 x 2 Outside Angle,2,0,length,LENGTH,DESCRIPTION,"10'-2"""
commercial-industrial,67,2 x 2 Outside Angle,2,0,girth,GIRTH,DESCRIPTION,"5"""
commercial-industrial,67,2 x 2 Outside Angle,2,0,weight_each,WEIGHT EACH,DESCRIPTION,3.30#
commercial-industrial,67,2 x 2 Outside Angle,2,0,galvalume_plus,GALVALUME® PLUS,PRICED PER EACH,✓
commercial-industrial,67,2 x 2 Outside Angle,2,0,signature_200,SIGNATURE® 200,PRICED PER EACH,✓
commercial-industrial,67,2 x 2 Outside Angle,2,0,signature_300,SIGNATURE® 300,PRICED PER EACH,✓
commercial-industrial,68,2 x 2 Inside Angle,0,0,part,PART #,DESCRIPTION,FL-28
commercial-industrial,68,2 x 2 Inside Angle,0,0,length,LENGTH,DESCRIPTION,"10'-2"""
commercial-industrial,68,2 x 2 Inside Angle,0,0,girth,GIRTH,DESCRIPTION,"5"""
commercial-industrial,68,2 x 2 Inside Angle,0,0,weight_each,WEIGHT EACH,DESCRIPTION,3.30#
commercial-industrial,68,2 x 2 Inside Angle,0,0,galvalume_plus,GALVALUME® PLUS,PRICED PER EACH,✓
commercial-industrial,68,2 x 2 Inside Angle,0,0,signature_200,SIGNATURE® 200,PRICED PER EACH,✓
commercial-industrial,68,2 x 2 Inside Angle,0,0,signature_300,SIGNATURE® 300,PRICED PER EACH,✓
commercial-industrial,68,3 x 3 Outside Angle,1,0,part,PART #,DESCRIPTION,FL-29
commercial-industrial,68,3 x 3 Outside Angle,1,0,length,LENGTH,DESCRIPTION,"10'-2"""
commercial-industrial,68,3 x 3 Outside Angle,1,0,girth,GIRTH,DESCRIPTION,"7"""
commercial-industrial,68,3 x 3 Outside Angle,1,0,weight_each,WEIGHT EACH,DESCRIPTION,4.70#
commercial-industrial,68,3 x 3 Outside Angle,1,0,galvalume_plus,GALVALUME® PLUS,PRICED PER EACH,✓
commercial-industrial,68,3 x 3 Outside Angle,1,0,signature_200,SIGNATURE® 200,PRICED PER EACH,✓
commercial-industrial,68,3 x 3 Outside Angle,1,0,signature_300,SIGNATURE® 300,PRICED PER EACH,✓
commercial-industrial,68,3 x3 Inside Angle,2,0,part,PART #,DESCRIPTION,FL-30
commercial-industrial,68,3 x3 Inside Angle,2,0,length,LENGTH,DESCRIPTION,"10'-2"""
commercial-industrial,68,3 x3 Inside Angle,2,0,girth,GIRTH,DESCRIPTION,"7"""
commercial-industrial,68,3 x3 Inside Angle,2,0,weight_each,WEIGHT EACH,DESCRIPTION,4.70#
commercial-industrial,68,3 x3 Inside Angle,2,0,galvalume_plus,GALVALUME® PLUS,PRICED PER EACH,✓
commercial-industrial,68,3 x3 Inside Angle,2,0,signature_200,SIGNATURE® 200,PRICED PER EACH,✓
commercial-industrial,68,3 x3 Inside Angle,2,0,signature_300,SIGNATURE® 300,PRICED PER EACH,✓
commercial-industrial,69,Flat Ridge Cap,0,0,part,PART #,DESCRIPTION,FL-38
commercial-industrial,69,Flat Ridge Cap,0,0,length,LENGTH,DESCRIPTION,"10'-2"""
commercial-industrial,69,Flat Ridge Cap,0,0,girth,GIRTH,DESCRIPTION,"24"""
commercial-industrial,69,Flat Ridge Cap,0,0,weight_each,WEIGHT EACH,DESCRIPTION,15.82#
commercial-industrial,69,Flat Ridge Cap,0,0,galvalume_plus,GALVALUME® PLUS,PRICED PER EACH,✓
commercial-industrial,69,Flat Ridge Cap,0,0,signature_200,SIGNATURE® 200,PRICED PER EACH,✓
commercial-industrial,69,Flat Ridge Cap,0,0,signature_300,SIGNATURE® 300,PRICED PER EACH,✓
commercial-industrial,69,Flat Ridge Cap,0,1,part,PART #,DESCRIPTION,FL-38A
commercial-industrial,69,Flat Ridge Cap,0,1,length,LENGTH,DESCRIPTION,"20'-2"""
commercial-industrial,69,Flat Ridge Cap,0,1,girth,GIRTH,DESCRIPTION,"24"""
commercial-industrial,69,Flat Ridge Cap,0,1,weight_each,WEIGHT EACH,DESCRIPTION,31.39#
commercial-industrial,69,Flat Ridge Cap,0,1,galvalume_plus,GALVALUME® PLUS,PRICED PER EACH,✓
commercial-industrial,69,Flat Ridge Cap,0,1,signature_200,SIGNATURE® 200,PRICED PER EACH,✓
commercial-industrial,69,Flat Ridge Cap,0,1,signature_300,SIGNATURE® 300,PRICED PER EACH,✓
commercial-industrial,69,Masonry Flash,1,0,part,PART #,DESCRIPTION,FL-846
commercial-industrial,69,Masonry Flash,1,0,length,LENGTH,DESCRIPTION,"1 Q'-2"""
commercial-industrial,69,Masonry Flash,1,0,girth,GIRTH,DESCRIPTION,"11"""
commercial-industrial,69,Masonry Flash,1,0,weight_each,WEIGHT EACH,DESCRIPTION,7. 10#
commercial-industrial,69,Masonry Flash,1,0,galvalume_plus,GALVALUME® PLUS,PRICED PER EACH,✓
commercial-industrial,69,Masonry Flash,1,0,signature_200,SIGNATURE® 200,PRICED PER EACH,✓
commercial-industrial,69,Masonry Flash,1,0,signature_300,SIGNATURE® 300,PRICED PER EACH,✓
commercial-industrial,69,Masonry Flash,1,1,part,PART #,DESCRIPTION,FL-847
commercial-industrial,69,Masonry Flash,1,1,length,LENGTH,DESCRIPTION,"20'-2"""
commercial-industrial,69,Masonry Flash,1,1,girth,GIRTH,DESCRIPTION,"11"""
commercial-industrial,69,Masonry Flash,1,1,weight_each,WEIGHT EACH,DESCRIPTION,15.40#
commercial-industrial,69,Masonry Flash,1,1,galvalume_plus,GALVALUME® PLUS,PRICED PER EACH,✓
commercial-industrial,69,Masonry Flash,1,1,signature_200,SIGNATURE® 200,PRICED PER EACH,✓
commercial-industrial,69,Masonry Flash,1,1,signature_300,SIGNATURE® 300,PRICED PER EACH,✓
commercial-industrial,69,Window Sill Trim - Fixed Glass,2,0,part,PART #,DESCRIPTION,FL-848
commercial-industrial,69,Window Sill Trim - Fixed Glass,2,0,length,LENGTH,DESCRIPTION,"10'-2"""
commercial-industrial,69,Window Sill Trim - Fixed Glass,2,0,girth,GIRTH,DESCRIPTION,"6"""
commercial-industrial,69,Window Sill Trim - Fixed Glass,2,0,weight_each,WEIGHT EACH,DESCRIPTION,3.96#
commercial-industrial,69,Window Sill Trim - Fixed Glass,2,0,galvalume_plus,GALVALUME® PLUS,PRICED PER EACH,✓
commercial-industrial,69,Window Sill Trim - Fixed Glass,2,0,signature_200,SIGNATURE® 200,PRICED PER EACH,✓
commercial-industrial,69,Window Sill Trim - Fixed Glass,2,0,signature_300,SIGNATURE® 300,PRICED PER EACH,✓
commercial-industrial,70,Jamb or Head Cap,0,0,part,PART #,DESCRIPTION,FL-37
commercial-industrial,70,Jamb or Head Cap,0,0,length,LENGTH,DESCRIPTION,"10'-2"""
commercial-industrial,70,Jamb or Head Cap,0,0,girth,GIRTH,DESCRIPTION,"13%"""
commercial-industrial,70,Jamb or Head Cap,0,0,weight_each,WEIGHT EACH,DESCRIPTION,8.65#
commercial-industrial,70,Jamb or Head Cap,0,0,galvalume_plus,GALVALUME® PLUS,PRICED PER EACH,✓
commercial-industrial,70,Jamb or Head Cap,0,0,signature_200,SIGNATURE® 200,PRICED PER EACH,✓
commercial-industrial,70,Jamb or Head Cap,0,0,signature_300,SIGNATURE® 300,PRICED PER EACH,✓
commercial-industrial,70,Sliding Door Hood,1,0,part,PART #,DESCRIPTION,FL-45
commercial-industrial,70,Sliding Door Hood,1,0,length,LENGTH,DESCRIPTION,"10'-2"""
commercial-industrial,70,Sliding Door Hood,1,0,girth,GIRTH,DESCRIPTION,"1672"""
commercial-industrial,70,Sliding Door Hood,1,0,weight_each,WEIGHT EACH,DESCRIPTION,10.88#
commercial-industrial,70,Sliding Door Hood,1,0,galvalume_plus,GALVALUME® PLUS,PRICED PER EACH,✓
commercial-industrial,70,Sliding Door Hood,1,0,signature_200,SIGNATURE® 200,PRICED PER EACH,✓
commercial-industrial,70,Sliding Door Hood,1,0,signature_300,SIGNATURE® 300,PRICED PER EACH,✓
commercial-industrial,70,Sliding Door Hood,1,1,part,PART #,DESCRIPTION,FL-45B
commercial-industrial,70,Sliding Door Hood,1,1,length,LENGTH,DESCRIPTION,"q42'-2"""
commercial-industrial,70,Sliding Door Hood,1,1,girth,GIRTH,DESCRIPTION,"1672"""
commercial-industrial,70,Sliding Door Hood,1,1,weight_each,WEIGHT EACH,DESCRIPTION,13.02#
commercial-industrial,70,Sliding Door Hood,1,1,galvalume_plus,GALVALUME® PLUS,PRICED PER EACH,✓
commercial-industrial,70,Sliding Door Hood,1,1,signature_200,SIGNATURE® 200,PRICED PER EACH,✓
commercial-industrial,70,Sliding Door Hood,1,1,signature_300,SIGNATURE® 300,PRICED PER EACH,✓
commercial-industrial,70,Sliding Door Hood,1,2,part,PART #,DESCRIPTION,FL-45C
commercial-industrial,70,Sliding Door Hood,1,2,length,LENGTH,DESCRIPTION,"q4'-2"""
commercial-industrial,70,Sliding Door Hood,1,2,girth,GIRTH,DESCRIPTION,162
commercial-industrial,70,Sliding Door Hood,1,2,weight_each,WEIGHT EACH,DESCRIPTION,15.16#
commercial-industrial,70,Sliding Door Hood,1,2,galvalume_plus,GALVALUME® PLUS,PRICED PER EACH,✓
commercial-industrial,70,Sliding Door Hood,1,2,signature_200,SIGNATURE® 200,PRICED PER EACH,✓
commercial-industrial,70,Sliding Door Hood,1,2,signature_300,SIGNATURE® 300,PRICED PER EACH,✓
commercial-industrial,70,Sliding Door Hood,2,0,part,PART #,DESCRIPTION,FL-451
commercial-industrial,70,Sliding Door Hood,2,0,length,LENGTH,DESCRIPTION,"10'-2"""
commercial-industrial,70,Sliding Door Hood,2,0,girth,GIRTH,DESCRIPTION,"19%"""
commercial-industrial,70,Sliding Door Hood,2,0,weight_each,WEIGHT EACH,DESCRIPTION,13.43#
commercial-industrial,70,Sliding Door Hood,2,0,galvalume_plus,GALVALUME® PLUS,PRICED PER EACH,✓
commercial-industrial,70,Sliding Door Hood,2,0,signature_200,SIGNATURE® 200,PRICED PER EACH,✓
commercial-industrial,70,Sliding Door Hood,2,0,signature_300,SIGNATURE® 300,PRICED PER EACH,✓
commercial-industrial,71,Standard Valley,0,0,part,PART #,DESCRIPTION,FL-556
commercial-industrial,71,Standard Valley,0,0,length,LENGTH,DESCRIPTION,"10'-2"""
commercial-industrial,71,Standard Valley,0,0,girth,GIRTH,DESCRIPTION,"26"""
commercial-industrial,71,Standard Valley,0,0,weight_each,WEIGHT EACH,DESCRIPTION,17.80#
commercial-industrial,71,Standard Valley,0,0,galvalume_plus,GALVALUME® PLUS,PRICED PER EACH,✓
commercial-industrial,71,Standard Valley,0,0,signature_200,SIGNATURE® 200,PRICED PER EACH,✓
commercial-industrial,71,Standard Valley,0,0,signature_300,SIGNATURE® 300,PRICED PER EACH,✓
commercial-industrial,71,Standard Valley,0,1,part,PART #,DESCRIPTION,FL-557
commercial-industrial,71,Standard Valley,0,1,length,LENGTH,DESCRIPTION,"20'-2"""
commercial-industrial,71,Standard Valley,0,1,girth,GIRTH,DESCRIPTION,"26"""
commercial-industrial,71,Standard Valley,0,1,weight_each,WEIGHT EACH,DESCRIPTION,25.70#
commercial-industrial,71,Standard Valley,0,1,galvalume_plus,GALVALUME® PLUS,PRICED PER EACH,✓
commercial-industrial,71,Standard Valley,0,1,signature_200,SIGNATURE® 200,PRICED PER EACH,✓
commercial-industrial,71,Standard Valley,0,1,signature_300,SIGNATURE® 300,PRICED PER EACH,✓
commercial-industrial,71,Extended Valley,1,0,part,PART #,DESCRIPTION,FL-558
commercial-industrial,71,Extended Valley,1,0,length,LENGTH,DESCRIPTION,"1 Q'-2"""
commercial-industrial,71,Extended Valley,1,0,girth,GIRTH,DESCRIPTION,"41%"""
commercial-industrial,71,Extended Valley,1,0,weight_each,WEIGHT EACH,DESCRIPTION,27.85#
commercial-industrial,71,Extended Valley,1,0,galvalume_plus,GALVALUME® PLUS,PRICED PER EACH,✓
commercial-industrial,71,Extended Valley,1,0,signature_200,SIGNATURE® 200,PRICED PER EACH,✓
commercial-industrial,71,Extended Valley,1,0,signature_300,SIGNATURE® 300,PRICED PER EACH,✓
commercial-industrial,71,Extended Valley,1,1,part,PART #,DESCRIPTION,FL-559
commercial-industrial,71,Extended Valley,1,1,length,LENGTH,DESCRIPTION,"14'-0"""
commercial-industrial,71,Extended Valley,1,1,girth,GIRTH,DESCRIPTION,"41 %2"""
commercial-industrial,71,Extended Valley,1,1,weight_each,WEIGHT EACH,DESCRIPTION,37.68#
commercial-industrial,71,Extended Valley,1,1,galvalume_plus,GALVALUME® PLUS,PRICED PER EACH,✓
commercial-industrial,71,Extended Valley,1,1,signature_200,SIGNATURE® 200,PRICED PER EACH,✓
commercial-industrial,71,Extended Valley,1,1,signature_300,SIGNATURE® 300,PRICED PER EACH,✓
commercial-industrial,71,Gutter Strap - Retro-R® / 7.2 Panels,2,0,part,PART #,DESCRIPTION,FL-895
commercial-industrial,71,Gutter Strap - Retro-R® / 7.2 Panels,2,0,length,LENGTH,DESCRIPTION,"1 _o"""
commercial-industrial,71,Gutter Strap - Retro-R® / 7.2 Panels,2,0,girth,GIRTH,DESCRIPTION,"3%"""
commercial-industrial,71,Gutter Strap - Retro-R® / 7.2 Panels,2,0,weight_each,WEIGHT EACH,DESCRIPTION,25H
commercial-industrial,71,Gutter Strap - Retro-R® / 7.2 Panels,2,0,galvalume_plus,GALVALUME® PLUS,PRICED PER EACH,✓
commercial-industrial,71,Gutter Strap - Retro-R® / 7.2 Panels,2,0,signature_200,SIGNATURE® 200,PRICED PER EACH,✓
commercial-industrial,71,Gutter Strap - Retro-R® / 7.2 Panels,2,0,signature_300,SIGNATURE® 300,PRICED PER EACH,✓
commercial-industrial,72,,0,0,column_1,,,DESCRIPTION
commercial-industrial,72,,0,0,column_2,,,PRICED PER EACH
commercial-industrial,72,,0,1,column_1,,,GAUGE
commercial-industrial,72,,0,1,column_2,,,GALVALUME® PLUS
commercial-industrial,72,,0,1,column_3,,,SIGNATURE® 200
commercial-industrial,72,,0,1,column_4,,,SIGNATURE® 300
commercial-industrial,72,,0,2,column_1,,,26
commercial-industrial,72,,0,2,column_2,,,v
commercial-industrial,72,,0,2,column_3,,,v
commercial-industrial,72,,0,2,column_4,,,Please Inquire
commercial-industrial,72,,0,3,column_1,,,24
commercial-industrial,72,,0,3,column_2,,,v
commercial-industrial,72,,0,3,column_3,,,v
commercial-industrial,72,,0,3,column_4,,,v
fasteners,3,Drill Bit,0,0,part,PART #,DESCRIPTION,HW-601
fasteners,3,Drill Bit,0,0,wire_guage,"WIRE
GUAGE",DESCRIPTION,#30
fasteners,3,Drill Bit,0,0,decimal_size,"DECIMAL
SIZE",DESCRIPTION,"1285"""
fasteners,3,Drill Bit,0,0,use,USE,DESCRIPTION,For Pop Rivets
fasteners,3,Drill Bit,0,0,carton_qty,"CARTON
QTy",DESCRIPTION,10/pkg
fasteners,3,Drill Bit,0,0,weight_per_each,"WEIGHT
PER EACH",DESCRIPTION,10#
fasteners,3,Drill Bit,0,0,price,PRICE,,✓
fasteners,3,Drill Bit,0,1,part,PART #,DESCRIPTION,HW-603
fasteners,3,Drill Bit,0,1,wire_guage,"WIRE
GUAGE",DESCRIPTION,#8
fasteners,3,Drill Bit,0,1,decimal_size,"DECIMAL
SIZE",DESCRIPTION,"1990"""
fasteners,3,Drill Bit,0,1,use,USE,DESCRIPTION,"For #14 or %4"" diameter Fastener in 16 to 12 gauge steel"
fasteners,3,Drill Bit,0,1,carton_qty,"CARTON
QTy",DESCRIPTION,10/pke
fasteners,3,Drill Bit,0,1,weight_per_each,"WEIGHT
PER EACH",DESCRIPTION,10#
fasteners,3,Drill Bit,0,1,price,PRICE,,✓
fasteners,3,Drill Bit,0,2,part,PART #,DESCRIPTION,HW-611
fasteners,3,Drill Bit,0,2,wire_guage,"WIRE
GUAGE",DESCRIPTION,#1
fasteners,3,Drill Bit,0,2,decimal_size,"DECIMAL
SIZE",DESCRIPTION,"2280"""
fasteners,3,Drill Bit,0,2,use,USE,DESCRIPTION,"For #14 or %"" diameter Fastener in 7/;¢"" to 3%"" thick steel"
fasteners,3,Drill Bit,0,2,carton_qty,"CARTON
QTy",DESCRIPTION,10/pkg
fasteners,3,Drill Bit,0,2,weight_per_each,"WEIGHT
PER EACH",DESCRIPTION,10#
fasteners,3,Drill Bit,0,2,price,PRICE,,✓
fasteners,3,Magnetic Sockets,1,0,column_1,,,DESCRIPTION
fasteners,3,Magnetic Sockets,1,0,column_4,,,PRICED PER EACH
fasteners,3,Magnetic Sockets,1,1,column_1,,,PART #
fasteners,3,Magnetic Sockets,1,1,column_2,,,SIZE
fasteners,3,Magnetic Sockets,1,1,column_3,,,WEIGHT PER EACH
fasteners,3,Magnetic Sockets,1,1,column_4,,,PRICE
fasteners,3,Magnetic Sockets,1,2,column_1,,,HW-604
fasteners,3,Magnetic Sockets,1,2,column_2,,,"38"" Hex Drive"
fasteners,3,Magnetic Sockets,1,2,column_3,,,10#
fasteners,3,Magnetic Sockets,1,2,column_4,,,v
fasteners,3,Magnetic Sockets,1,3,column_1,,,HW-605
fasteners,3,Magnetic Sockets,1,3,column_2,,,"5/16"" Hex Drive"
fasteners,3,Magnetic Sockets,1,3,column_3,,,10#
fasteners,3,Magnetic Sockets,1,3,column_4,,,v
fasteners,3,Magnetic Sockets,1,4,column_1,,,HW-606
fasteners,3,Magnetic Sockets,1,4,column_2,,,"Y%"" Hex Drive"
fasteners,3,Magnetic Sockets,1,4,column_3,,,10#
fasteners,3,Magnetic Sockets,1,4,column_4,,,v
fasteners,3,Magnetic Sockets,1,5,column_1,,,HW-612
fasteners,3,Magnetic Sockets,1,5,column_2,,,"38"" Hex Drive - For Long Life Fasteners"
fasteners,3,Magnetic Sockets,1,5,column_3,,,10#
fasteners,3,Magnetic Sockets,1,5,column_4,,,v
fasteners,3,Magnetic Sockets,1,6,column_1,,,HW-613
fasteners,3,Magnetic Sockets,1,6,column_2,,,"5/16"" Hex Drive - For Long Life Fasteners"
fasteners,3,Magnetic Sockets,1,6,column_3,,,10#
fasteners,3,Magnetic Sockets,1,6,column_4,,,v
fasteners,3,Magnetic Sockets,1,7,column_1,,,HW-590
fasteners,3,Magnetic Sockets,1,7,column_2,,,"6"" Long - %"" Hex Drive"
fasteners,3,Magnetic Sockets,1,7,column_3,,,12#
fasteners,3,Magnetic Sockets,1,7,column_4,,,v
fasteners,3,Magnetic Sockets,1,8,column_1,,,HW-591
fasteners,3,Magnetic Sockets,1,8,column_2,,,"6"" Long - 5/16"" Hex Drive"
fasteners,3,Magnetic Sockets,1,8,column_3,,,11#
fasteners,3,Magnetic Sockets,1,8,column_4,,,v
fasteners,3,Magnetic Sockets,1,9,column_1,,,HW-592
fasteners,3,Magnetic Sockets,1,9,column_2,,,"6"" Long - %4"" Hex Drive"
fasteners,3,Magnetic Sockets,1,9,column_3,,,104
fasteners,3,Magnetic Sockets,1,9,column_4,,,v
fasteners,3,Magnetic Sockets,1,10,column_1,,,HW-615
fasteners,3,Magnetic Sockets,1,10,column_2,,,#2 Philips Insert with Magentic Holder
fasteners,3,Magnetic Sockets,1,10,column_3,,,10#
fasteners,3,Magnetic Sockets,1,10,column_4,,,v
fasteners,3,Magnetic Sockets,1,11,column_1,,,HW-616
fasteners,3,Magnetic Sockets,1,11,column_2,,,#2 Quadrex Drive
fasteners,3,Magnetic Sockets,1,11,column_3,,,10#
fasteners,3,Magnetic Sockets,1,11,column_4,,,v
fasteners,4,Impact Socket,0,0,column_1,,,DESCRIPTION
fasteners,4,Impact Socket,0,0,column_4,,,PRICED PER EACH
fasteners,4,Impact Socket,0,1,column_1,,,PART #
fasteners,4,Impact Socket,0,1,column_2,,,SIZE
fasteners,4,Impact Socket,0,1,column_3,,,WEIGHT PER EACH
fasteners,4,Impact Socket,0,1,column_4,,,PRICE
fasteners,4,Impact Socket,0,2,column_1,,,HW-607
fasteners,4,Impact Socket,0,2,column_2,,,"¥6"" (Driller)"
fasteners,4,Impact Socket,0,2,column_3,,,.10#
fasteners,4,Impact Socket,0,2,column_4,,,v
fasteners,4,Impact Socket,0,3,column_1,,,HW-608
fasteners,4,Impact Socket,0,3,column_2,,,"34"" (Driller or Tapper)"
fasteners,4,Impact Socket,0,3,column_3,,,10#
fasteners,4,Impact Socket,0,3,column_4,,,v
fasteners,4,Screw Gun,1,0,column_1,,,DESCRIPTION
fasteners,4,Screw Gun,1,0,column_4,,,PRICED PER EACH
fasteners,4,Screw Gun,1,1,column_1,,,PART #
fasteners,4,Screw Gun,1,1,column_2,,,DESCRIPTION
fasteners,4,Screw Gun,1,1,column_3,,,WEIGHT PER EACH
fasteners,4,Screw Gun,1,1,column_4,,,PRICE
fasteners,4,Screw Gun,1,2,column_1,,,HW-609
fasteners,4,Screw Gun,1,2,column_2,,,AC Screw Gun
fasteners,4,Screw Gun,1,2,column_3,,,20.00#
fasteners,4,Screw Gun,1,2,column_4,,,v
fasteners,4,Pop Rivet Gun,2,0,column_1,,,DESCRIPTION
fasteners,4,Pop Rivet Gun,2,0,column_4,,,PRICED PER EACH
fasteners,4,Pop Rivet Gun,2,1,column_1,,,PART #
fasteners,4,Pop Rivet Gun,2,1,column_2,,,DESCRIPTION
fasteners,4,Pop Rivet Gun,2,1,column_3,,,WEIGHT PER EACH
fasteners,4,Pop Rivet Gun,2,1,column_4,,,PRICE
fasteners,4,Pop Rivet Gun,2,2,column_1,,,HW-610
fasteners,4,Pop Rivet Gun,2,2,column_2,,,Hand Pop Rivet Gun
fasteners,4,Pop Rivet Gun,2,2,column_3,,,5.00#
fasteners,4,Pop Rivet Gun,2,2,column_4,,,v
fasteners,5,Fastener #17C,0,0,part,PART #,DESCRIPTION,#17C
fasteners,5,Fastener #17C,0,0,head_size,HEAD SIZE,DESCRIPTION,"5/16"""
fasteners,5,Fastener #17C,0,0,type,TYPE,DESCRIPTION,Driller
fasteners,5,Fastener #17C,0,0,weight_per_1000,WEIGHT PER 1000,DESCRIPTION,11.90#
fasteners,5,Fastener #17C,0,0,plated,PLATED,PRICED PER THOUSAND,✓
fasteners,5,Fastener #17C,0,0,painted,PAINTED,PRICED PER THOUSAND,vi
fasteners,5,Fastener #17,1,0,part,PART #,DESCRIPTION,#17
fasteners,5,Fastener #17,1,0,head_size,HEAD SIZE,DESCRIPTION,"5/16"""
fasteners,5,Fastener #17,1,0,type,TYPE,DESCRIPTION,Driller
fasteners,5,Fastener #17,1,0,weight_per_1000,WEIGHT PER 1000,DESCRIPTION,13.00#
fasteners,5,Fastener #17,1,0,plated,PLATED,PRICED PER THOUSAND,✓
fasteners,5,Fastener #17,1,0,painted,PAINTED,PRICED PER THOUSAND,vt
fasteners,5,Fastener #17A,2,0,part,PART #,DESCRIPTION,#17A
fasteners,5,Fastener #17A,2,0,head_size,HEAD SIZE,DESCRIPTION,"5/16"""
fasteners,5,Fastener #17A,2,0,type,TYPE,DESCRIPTION,Driller
fasteners,5,Fastener #17A,2,0,weight_per_1000,WEIGHT PER 1000,DESCRIPTION,15.50#
fasteners,5,Fastener #17A,2,0,plated,PLATED,PRICED PER THOUSAND,✓
fasteners,5,Fastener #17A,2,0,painted,PAINTED,PRICED PER THOUSAND,vt
fasteners,5,Fastener #17B,3,0,part,PART #,DESCRIPTION,#17B
fasteners,5,Fastener #17B,3,0,head_size,HEAD SIZE,DESCRIPTION,"5/16"""
fasteners,5,Fastener #17B,3,0,type,TYPE,DESCRIPTION,Driller
fasteners,5,Fastener #17B,3,0,weight_per_1000,WEIGHT PER 1000,DESCRIPTION,17.00#
fasteners,5,Fastener #17B,3,0,plated,PLATED,PRICED PER THOUSAND,✓
fasteners,5,Fastener #17B,3,0,painted,PAINTED,PRICED PER THOUSAND,vi
fasteners,6,Fastener #28,0,0,part,PART #,DESCRIPTION,#28
fasteners,6,Fastener #28,0,0,head_size,HEAD SIZE,DESCRIPTION,"5/16"""
fasteners,6,Fastener #28,0,0,type,TYPE,DESCRIPTION,Driller
fasteners,6,Fastener #28,0,0,weight_per_1000,WEIGHT PER 1000,DESCRIPTION,23.00#
fasteners,6,Fastener #28,0,0,plated,PLATED,PRICED PER THOUSAND,✓
fasteners,6,Fastener #28,0,0,painted,PAINTED,PRICED PER THOUSAND,v t
fasteners,6,Fastener #27,1,0,part,PART #,DESCRIPTION,#27
fasteners,6,Fastener #27,1,0,head_size,HEAD SIZE,DESCRIPTION,"Shie"""
fasteners,6,Fastener #27,1,0,type,TYPE,DESCRIPTION,Long Life Driller
fasteners,6,Fastener #27,1,0,weight_per_1000,WEIGHT PER 1000,DESCRIPTION,23.80#
fasteners,6,Fastener #27,1,0,plated,PLATED,PRICED PER THOUSAND,✓
fasteners,6,Fastener #27,1,0,painted,PAINTED,PRICED PER THOUSAND,vt
fasteners,6,Fastener #3,2,0,part,PART #,DESCRIPTION,#3
fasteners,6,Fastener #3,2,0,head_size,HEAD SIZE,DESCRIPTION,"S/i6"""
fasteners,6,Fastener #3,2,0,type,TYPE,DESCRIPTION,Long Life Driller
fasteners,6,Fastener #3,2,0,weight_per_1000,WEIGHT PER 1000,DESCRIPTION,21.50#
fasteners,6,Fastener #3,2,0,plated,PLATED,PRICED PER THOUSAND,✓
fasteners,6,Fastener #3,2,0,painted,PAINTED,PRICED PER THOUSAND,vt
fasteners,6,Fastener #3A,3,0,part,PART #,DESCRIPTION,#3A
fasteners,6,Fastener #3A,3,0,head_size,HEAD SIZE,DESCRIPTION,"S16"""
fasteners,6,Fastener #3A,3,0,type,TYPE,DESCRIPTION,Long Life Driller
fasteners,6,Fastener #3A,3,0,weight_per_1000,WEIGHT PER 1000,DESCRIPTION,25.80#
fasteners,6,Fastener #3A,3,0,plated,PLATED,PRICED PER THOUSAND,✓
fasteners,6,Fastener #3A,3,0,painted,PAINTED,PRICED PER THOUSAND,vt
fasteners,7,Fastener #58,0,0,part,PART #,DESCRIPTION,#58
fasteners,7,Fastener #58,0,0,head_size,HEAD SIZE,DESCRIPTION,"5/16"""
fasteners,7,Fastener #58,0,0,type,TYPE,DESCRIPTION,Long Life Driller
fasteners,7,Fastener #58,0,0,weight_per_1000,WEIGHT PER 1000,DESCRIPTION,29.70#
fasteners,7,Fastener #58,0,0,plated,PLATED,PRICED PER THOUSAND,✓
fasteners,7,Fastener #58,0,0,painted,PAINTED,PRICED PER THOUSAND,v t
fasteners,7,Fastener #63B,1,0,part,PART #,DESCRIPTION,#63B
fasteners,7,Fastener #63B,1,0,head_size,HEAD SIZE,DESCRIPTION,"3/16"""
fasteners,7,Fastener #63B,1,0,type,TYPE,DESCRIPTION,Driller
fasteners,7,Fastener #63B,1,0,material,MATERIAL,DESCRIPTION,410 Stainless
fasteners,7,Fastener #63B,1,0,weight_per_1000,WEIGHT PER 1000,DESCRIPTION,11.10#
fasteners,7,Fastener #63B,1,0,plated,PLATED,PRICED PER THOUSAND,✓
fasteners,7,Fastener #63B,1,0,painted,PAINTED,PRICED PER THOUSAND,vt
fasteners,7,Fastener #63,2,0,part,PART #,DESCRIPTION,#63
fasteners,7,Fastener #63,2,0,head_size,HEAD SIZE,DESCRIPTION,"5/16"""
fasteners,7,Fastener #63,2,0,type,TYPE,DESCRIPTION,Driller
fasteners,7,Fastener #63,2,0,material,MATERIAL,DESCRIPTION,410 Stainless
fasteners,7,Fastener #63,2,0,weight_per_1000,WEIGHT PER 1000,DESCRIPTION,12.00#
fasteners,7,Fastener #63,2,0,plated,PLATED,PRICED PER THOUSAND,✓
fasteners,7,Fastener #63,2,0,painted,PAINTED,PRICED PER THOUSAND,vt
fasteners,7,Fastener #63A,3,0,part,PART #,DESCRIPTION,#63A
fasteners,7,Fastener #63A,3,0,head_size,HEAD SIZE,DESCRIPTION,"S16"""
fasteners,7,Fastener #63A,3,0,type,TYPE,DESCRIPTION,Driller
fasteners,7,Fastener #63A,3,0,material,MATERIAL,DESCRIPTION,410 Stainless
fasteners,7,Fastener #63A,3,0,weight_per_1000,WEIGHT PER 1000,DESCRIPTION,15.90#
fasteners,7,Fastener #63A,3,0,plated,PLATED,PRICED PER THOUSAND,✓
fasteners,7,Fastener #63A,3,0,painted,PAINTED,PRICED PER THOUSAND,vt
fasteners,8,Fastener #29,0,0,part,PART #,DESCRIPTION,#29
fasteners,8,Fastener #29,0,0,head_size,HEAD SIZE,DESCRIPTION,"5/16"""
fasteners,8,Fastener #29,0,0,type,TYPE,DESCRIPTION,Driller
fasteners,8,Fastener #29,0,0,weight_per_1000,WEIGHT PER 1000,DESCRIPTION,13.00#
fasteners,8,Fastener #29,0,0,plated,PLATED,PRICED PER THOUSAND,✓
fasteners,8,Fastener #29,0,0,painted,PAINTED,PRICED PER THOUSAND,v t
fasteners,8,Fastener #1A,1,0,part,PART #,DESCRIPTION,#IA
fasteners,8,Fastener #1A,1,0,head_size,HEAD SIZE,DESCRIPTION,"3/16"""
fasteners,8,Fastener #1A,1,0,type,TYPE,DESCRIPTION,Driller
fasteners,8,Fastener #1A,1,0,weight_per_1000,WEIGHT PER 1000,DESCRIPTION,13.00#
fasteners,8,Fastener #1A,1,0,plated,PLATED,PRICED PER THOUSAND,✓
fasteners,8,Fastener #1A,1,0,painted,PAINTED,PRICED PER THOUSAND,vt
fasteners,8,Fastener #61,2,0,part,PART #,DESCRIPTION,#61
fasteners,8,Fastener #61,2,0,head_size,HEAD SIZE,DESCRIPTION,"5/16"""
fasteners,8,Fastener #61,2,0,type,TYPE,DESCRIPTION,Driller
fasteners,8,Fastener #61,2,0,weight_per_1000,WEIGHT PER 1000,DESCRIPTION,11.80#
fasteners,8,Fastener #61,2,0,plated,PLATED,PRICED PER THOUSAND,✓
fasteners,8,Fastener #61,2,0,painted,PAINTED,PRICED PER THOUSAND,vt
fasteners,8,Fastener #60,3,0,part,PART #,DESCRIPTION,#60
fasteners,8,Fastener #60,3,0,head_size,HEAD SIZE,DESCRIPTION,"S16"""
fasteners,8,Fastener #60,3,0,type,TYPE,DESCRIPTION,Driller
fasteners,8,Fastener #60,3,0,weight_per_1000,WEIGHT PER 1000,DESCRIPTION,13.00#
fasteners,8,Fastener #60,3,0,plated,PLATED,PRICED PER THOUSAND,✓
fasteners,8,Fastener #60,3,0,painted,PAINTED,PRICED PER THOUSAND,vt
fasteners,9,Fastener #6,0,0,part,PART #,DESCRIPTION,#6
fasteners,9,Fastener #6,0,0,head_size,HEAD SIZE,DESCRIPTION,"5/16"""
fasteners,9,Fastener #6,0,0,type,TYPE,DESCRIPTION,Driller
fasteners,9,Fastener #6,0,0,weight_per_1000,WEIGHT PER 1000,DESCRIPTION,16.50#
fasteners,9,Fastener #6,0,0,plated,PLATED,PRICED PER THOUSAND,✓
fasteners,9,Fastener #6,0,0,painted,PAINTED,PRICED PER THOUSAND,v t
fasteners,9,Fastener #67,1,0,part,PART #,DESCRIPTION,#67
fasteners,9,Fastener #67,1,0,head_size,HEAD SIZE,DESCRIPTION,"3/16"""
fasteners,9,Fastener #67,1,0,type,TYPE,DESCRIPTION,Driller
fasteners,9,Fastener #67,1,0,weight_per_1000,WEIGHT PER 1000,DESCRIPTION,16.00#
fasteners,9,Fastener #67,1,0,plated,PLATED,PRICED PER THOUSAND,✓
fasteners,9,Fastener #67,1,0,painted,PAINTED,PRICED PER THOUSAND,vt
fasteners,9,Fastener #69,2,0,part,PART #,DESCRIPTION,#69
fasteners,9,Fastener #69,2,0,head_size,HEAD SIZE,DESCRIPTION,"5/16"""
fasteners,9,Fastener #69,2,0,type,TYPE,DESCRIPTION,Driller
fasteners,9,Fastener #69,2,0,weight_per_1000,WEIGHT PER 1000,DESCRIPTION,16.80#
fasteners,9,Fastener #69,2,0,plated,PLATED,PRICED PER THOUSAND,✓
fasteners,9,Fastener #69,2,0,painted,PAINTED,PRICED PER THOUSAND,vt
fasteners,9,Fastener #78,3,0,part,PART #,DESCRIPTION,#78
fasteners,9,Fastener #78,3,0,head_size,HEAD SIZE,DESCRIPTION,"S16"""
fasteners,9,Fastener #78,3,0,type,TYPE,DESCRIPTION,Long Life Driller
fasteners,9,Fastener #78,3,0,weight_per_1000,WEIGHT PER 1000,DESCRIPTION,24.30#
fasteners,9,Fastener #78,3,0,plated,PLATED,PRICED PER THOUSAND,✓
fasteners,9,Fastener #78,3,0,painted,PAINTED,PRICED PER THOUSAND,vt
fasteners,10,Fastener #6A,0,0,part,PART #,DESCRIPTION,#06A
fasteners,10,Fastener #6A,0,0,head_size,HEAD SIZE,DESCRIPTION,"5/16"""
fasteners,10,Fastener #6A,0,0,type,TYPE,DESCRIPTION,Driller
fasteners,10,Fastener #6A,0,0,weight_per_1000,WEIGHT PER 1000,DESCRIPTION,30.00#
fasteners,10,Fastener #6A,0,0,plated,PLATED,PRICED PER THOUSAND,✓
fasteners,10,Fastener #6A,0,0,painted,PAINTED,PRICED PER THOUSAND,v t
fasteners,10,Fastener #55,1,0,part,PART #,DESCRIPTION,#55
fasteners,10,Fastener #55,1,0,head_size,HEAD SIZE,DESCRIPTION,"3/16"""
fasteners,10,Fastener #55,1,0,type,TYPE,DESCRIPTION,Driller
fasteners,10,Fastener #55,1,0,weight_per_1000,WEIGHT PER 1000,DESCRIPTION,13.00#
fasteners,10,Fastener #55,1,0,plated,PLATED,PRICED PER THOUSAND,✓
fasteners,10,Fastener #55,1,0,painted,PAINTED,PRICED PER THOUSAND,vt
fasteners,10,Fastener #70,2,0,part,PART #,DESCRIPTION,#70
fasteners,10,Fastener #70,2,0,head_size,HEAD SIZE,DESCRIPTION,"5/16"""
fasteners,10,Fastener #70,2,0,type,TYPE,DESCRIPTION,Driller
fasteners,10,Fastener #70,2,0,weight_per_1000,WEIGHT PER 1000,DESCRIPTION,15.00#
fasteners,10,Fastener #70,2,0,plated,PLATED,PRICED PER EACH,✓
fasteners,10,Fastener #70,2,0,painted,PAINTED,PRICED PER EACH,vt
fasteners,10,Fastener #1C,3,0,part,PART #,DESCRIPTION,#1C
fasteners,10,Fastener #1C,3,0,head_size,HEAD SIZE,DESCRIPTION,"S16"""
fasteners,10,Fastener #1C,3,0,type,TYPE,DESCRIPTION,Driller
fasteners,10,Fastener #1C,3,0,weight_per_1000,WEIGHT PER 1000,DESCRIPTION,14.40#
fasteners,10,Fastener #1C,3,0,plated,PLATED,PRICED PER THOUSAND,✓
fasteners,10,Fastener #1C,3,0,painted,PAINTED,PRICED PER THOUSAND,vt
fasteners,11,Fastener #1,0,0,part,PART #,DESCRIPTION,#1
fasteners,11,Fastener #1,0,0,head_size,HEAD SIZE,DESCRIPTION,"5/16"""
fasteners,11,Fastener #1,0,0,type,TYPE,DESCRIPTION,Driller
fasteners,11,Fastener #1,0,0,weight_per_1000,WEIGHT PER 1000,DESCRIPTION,14.70#
fasteners,11,Fastener #1,0,0,plated,PLATED,PRICED PER THOUSAND,✓
fasteners,11,Fastener #1,0,0,painted,PAINTED,PRICED PER THOUSAND,v t
fasteners,11,Fastener #1D,1,0,part,PART #,DESCRIPTION,#1D
fasteners,11,Fastener #1D,1,0,head_size,HEAD SIZE,DESCRIPTION,"3/16"""
fasteners,11,Fastener #1D,1,0,type,TYPE,DESCRIPTION,Driller
fasteners,11,Fastener #1D,1,0,weight_per_1000,WEIGHT PER 1000,DESCRIPTION,17.60#
fasteners,11,Fastener #1D,1,0,plated,PLATED,PRICED PER THOUSAND,✓
fasteners,11,Fastener #1D,1,0,painted,PAINTED,PRICED PER THOUSAND,vt
fasteners,11,Fastener #1F,2,0,part,PART #,DESCRIPTION,#1F
fasteners,11,Fastener #1F,2,0,head_size,HEAD SIZE,DESCRIPTION,"5/16"""
fasteners,11,Fastener #1F,2,0,type,TYPE,DESCRIPTION,Driller
fasteners,11,Fastener #1F,2,0,weight_per_1000,WEIGHT PER 1000,DESCRIPTION,23.00#
fasteners,11,Fastener #1F,2,0,plated,PLATED,PRICED PER THOUSAND,✓
fasteners,11,Fastener #1F,2,0,painted,PAINTED,PRICED PER THOUSAND,vt
fasteners,11,Fastener #1E,3,0,part,PART #,DESCRIPTION,#1E
fasteners,11,Fastener #1E,3,0,head_size,HEAD SIZE,DESCRIPTION,"S16"""
fasteners,11,Fastener #1E,3,0,type,TYPE,DESCRIPTION,Long Life Driller
fasteners,11,Fastener #1E,3,0,weight_per_1000,WEIGHT PER 1000,DESCRIPTION,19.20#
fasteners,11,Fastener #1E,3,0,plated,PLATED,PRICED PER THOUSAND,✓
fasteners,11,Fastener #1E,3,0,painted,PAINTED,PRICED PER THOUSAND,vt
fasteners,12,Fastener #1B,0,0,part,PART #,DESCRIPTION,#1B
fasteners,12,Fastener #1B,0,0,head_size,HEAD SIZE,DESCRIPTION,"5/16"""
fasteners,12,Fastener #1B,0,0,type,TYPE,DESCRIPTION,Driller
fasteners,12,Fastener #1B,0,0,weight_per_1000,WEIGHT PER 1000,DESCRIPTION,17.00#
fasteners,12,Fastener #1B,0,0,plated,PLATED,PRICED PER THOUSAND,✓
fasteners,12,Fastener #1B,0,0,painted,PAINTED,PRICED PER THOUSAND,v t
fasteners,12,Fastener #142,1,0,part,PART #,DESCRIPTION,#142
fasteners,12,Fastener #142,1,0,head_size,HEAD SIZE,DESCRIPTION,"3/16"""
fasteners,12,Fastener #142,1,0,type,TYPE,DESCRIPTION,Driller
fasteners,12,Fastener #142,1,0,weight_per_1000,WEIGHT PER 1000,DESCRIPTION,19.10
fasteners,12,Fastener #142,1,0,plated,PLATED,PRICED PER THOUSAND,✓
fasteners,12,Fastener #142,1,0,painted,PAINTED,PRICED PER THOUSAND,vt
fasteners,12,Fastener #1616,2,0,part,PART #,DESCRIPTION,#1616
fasteners,12,Fastener #1616,2,0,head_size,HEAD SIZE,DESCRIPTION,"2/16"""
fasteners,12,Fastener #1616,2,0,type,TYPE,DESCRIPTION,Driller
fasteners,12,Fastener #1616,2,0,weight_per_1000,WEIGHT PER 1000,DESCRIPTION,O2#
fasteners,12,Fastener #1616,2,0,plated,PLATED,PRICED PER EACH,✓
fasteners,12,Fastener #1616,2,0,painted,PAINTED,PRICED PER EACH,N/A
fasteners,12,Fastener #5,3,0,part,PART #,DESCRIPTION,#5
fasteners,12,Fastener #5,3,0,head_size,HEAD SIZE,DESCRIPTION,"S/ie"""
fasteners,12,Fastener #5,3,0,type,TYPE,DESCRIPTION,Shoulder
fasteners,12,Fastener #5,3,0,weight_per_1000,WEIGHT PER 1000,DESCRIPTION,8.80#
fasteners,12,Fastener #5,3,0,plated,PLATED,PRICED PER THOUSAND,✓
fasteners,12,Fastener #5,3,0,painted,PAINTED,PRICED PER THOUSAND,N/A
fasteners,13,Fastener #43L,0,0,part,PART #,DESCRIPTION,#43L
fasteners,13,Fastener #43L,0,0,head_size,HEAD SIZE,DESCRIPTION,"5/16"""
fasteners,13,Fastener #43L,0,0,type,TYPE,DESCRIPTION,Long Life Driller
fasteners,13,Fastener #43L,0,0,weight_per_1000,WEIGHT PER 1000,DESCRIPTION,61.00#
fasteners,13,Fastener #43L,0,0,plated,PLATED,PRICED PER THOUSAND,✓
fasteners,13,Fastener #43L,0,0,painted,PAINTED,PRICED PER THOUSAND,vt
fasteners,13,Fastener #44L,1,0,part,PART #,DESCRIPTION,#44L
fasteners,13,Fastener #44L,1,0,head_size,HEAD SIZE,DESCRIPTION,"5/16"""
fasteners,13,Fastener #44L,1,0,type,TYPE,DESCRIPTION,Long Life Lap
fasteners,13,Fastener #44L,1,0,weight_per_1000,WEIGHT PER 1000,DESCRIPTION,20.20#
fasteners,13,Fastener #44L,1,0,plated,PLATED,PRICED PER THOUSAND,✓
fasteners,13,Fastener #44L,1,0,painted,PAINTED,PRICED PER THOUSAND,vt
fasteners,13,Fastener #4A,2,0,part,PART #,DESCRIPTION,#4A
fasteners,13,Fastener #4A,2,0,head_size,HEAD SIZE,DESCRIPTION,"5/16"""
fasteners,13,Fastener #4A,2,0,type,TYPE,DESCRIPTION,Lap
fasteners,13,Fastener #4A,2,0,weight_per_1000,WEIGHT PER 1000,DESCRIPTION,16.00#
fasteners,13,Fastener #4A,2,0,plated,PLATED,PRICED PER THOUSAND,✓
fasteners,13,Fastener #4A,2,0,painted,PAINTED,PRICED PER THOUSAND,vt
fasteners,13,Fastener #4,3,0,part,PART #,DESCRIPTION,#4
fasteners,13,Fastener #4,3,0,head_size,HEAD SIZE,DESCRIPTION,"S16"""
fasteners,13,Fastener #4,3,0,type,TYPE,DESCRIPTION,Long Life Lap
fasteners,13,Fastener #4,3,0,weight_per_1000,WEIGHT PER 1000,DESCRIPTION,21.70#
fasteners,13,Fastener #4,3,0,plated,PLATED,PRICED PER THOUSAND,✓
fasteners,13,Fastener #4,3,0,painted,PAINTED,PRICED PER THOUSAND,vt
fasteners,14,Fastener #64,0,0,part,PART #,DESCRIPTION,#64
fasteners,14,Fastener #64,0,0,head_size,HEAD SIZE,DESCRIPTION,"5/16"""
fasteners,14,Fastener #64,0,0,type,TYPE,DESCRIPTION,Driller
fasteners,14,Fastener #64,0,0,material,MATERIAL,DESCRIPTION,410 Stainless
fasteners,14,Fastener #64,0,0,weight_per_1000,WEIGHT PER 1000,DESCRIPTION,12.10#
fasteners,14,Fastener #64,0,0,plated,PLATED,PRICED PER THOUSAND,✓
fasteners,14,Fastener #64,0,0,painted,PAINTED,PRICED PER THOUSAND,v tf
fasteners,14,Fastener #38,1,0,part,PART #,DESCRIPTION,#38
fasteners,14,Fastener #38,1,0,head_size,HEAD SIZE,DESCRIPTION,"3/16"""
fasteners,14,Fastener #38,1,0,type,TYPE,DESCRIPTION,Lap
fasteners,14,Fastener #38,1,0,weight_per_1000,WEIGHT PER 1000,DESCRIPTION,16.00#
fasteners,14,Fastener #38,1,0,plated,PLATED,PRICED PER THOUSAND,✓
fasteners,14,Fastener #38,1,0,painted,PAINTED,PRICED PER THOUSAND,vt
fasteners,14,Fastener #32,2,0,part,PART #,DESCRIPTION,#32
fasteners,14,Fastener #32,2,0,head_size,HEAD SIZE,DESCRIPTION,"5/16"""
fasteners,14,Fastener #32,2,0,type,TYPE,DESCRIPTION,Long Life AB
fasteners,14,Fastener #32,2,0,weight_per_1000,WEIGHT PER 1000,DESCRIPTION,28.20#
fasteners,14,Fastener #32,2,0,plated,PLATED,PRICED PER THOUSAND,✓
fasteners,14,Fastener #32,2,0,painted,PAINTED,PRICED PER THOUSAND,vt
fasteners,14,Fastener #18D,3,0,part,PART #,DESCRIPTION,#18D
fasteners,14,Fastener #18D,3,0,head_size,HEAD SIZE,DESCRIPTION,"S16"""
fasteners,14,Fastener #18D,3,0,type,TYPE,DESCRIPTION,AB
fasteners,14,Fastener #18D,3,0,material,MATERIAL,DESCRIPTION,304 Stainless
fasteners,14,Fastener #18D,3,0,weight_per_1000,WEIGHT PER 1000,DESCRIPTION,16.50#
fasteners,14,Fastener #18D,3,0,plated,PLATED,PRICED PER THOUSAND,✓
fasteners,14,Fastener #18D,3,0,painted,PAINTED,PRICED PER THOUSAND,vt
fasteners,15,Fastener #19A,0,0,part,PART #,DESCRIPTION,#19A
fasteners,15,Fastener #19A,0,0,head_size,HEAD SIZE,DESCRIPTION,"3p"""
fasteners,15,Fastener #19A,0,0,type,TYPE,DESCRIPTION,AB
fasteners,15,Fastener #19A,0,0,weight_per_1000,WEIGHT PER 1000,DESCRIPTION,16.40#
fasteners,15,Fastener #19A,0,0,plated,PLATED,PRICED PER THOUSAND,✓
fasteners,15,Fastener #19A,0,0,painted,PAINTED,PRICED PER THOUSAND,v t
fasteners,15,Fastener #2A,1,0,part,PART #,DESCRIPTION,#2A
fasteners,15,Fastener #2A,1,0,head_size,HEAD SIZE,DESCRIPTION,"3/16"""
fasteners,15,Fastener #2A,1,0,type,TYPE,DESCRIPTION,Long Life AB
fasteners,15,Fastener #2A,1,0,weight_per_1000,WEIGHT PER 1000,DESCRIPTION,24.10#
fasteners,15,Fastener #2A,1,0,plated,PLATED,PRICED PER THOUSAND,✓
fasteners,15,Fastener #2A,1,0,painted,PAINTED,PRICED PER THOUSAND,vt
fasteners,15,Fastener #2B,2,0,part,PART #,DESCRIPTION,#2B
fasteners,15,Fastener #2B,2,0,head_size,HEAD SIZE,DESCRIPTION,"5/16"""
fasteners,15,Fastener #2B,2,0,type,TYPE,DESCRIPTION,Long Life AB
fasteners,15,Fastener #2B,2,0,weight_per_1000,WEIGHT PER 1000,DESCRIPTION,O2#
fasteners,15,Fastener #2B,2,0,plated,PLATED,PRICED PER EACH,✓
fasteners,15,Fastener #2B,2,0,painted,PAINTED,PRICED PER EACH,✓
fasteners,15,Fastener #203,3,0,part,PART #,DESCRIPTION,#203
fasteners,15,Fastener #203,3,0,head_size,HEAD SIZE,DESCRIPTION,"34"""
fasteners,15,Fastener #203,3,0,type,TYPE,DESCRIPTION,Driller
fasteners,15,Fastener #203,3,0,material,MATERIAL,DESCRIPTION,304 Stainless
fasteners,15,Fastener #203,3,0,weight_per_1000,WEIGHT PER 1000,DESCRIPTION,19.30#
fasteners,15,Fastener #203,3,0,plated,PLATED,PRICED PER THOUSAND,✓
fasteners,15,Fastener #203,3,0,painted,PAINTED,PRICED PER THOUSAND,vt
fasteners,16,Fastener #10,0,0,part,PART #,DESCRIPTION,#10
fasteners,16,Fastener #10,0,0,head_size,HEAD SIZE,DESCRIPTION,"3/gl"""
fasteners,16,Fastener #10,0,0,type,TYPE,DESCRIPTION,B
fasteners,16,Fastener #10,0,0,weight_per_1000,WEIGHT PER 1000,DESCRIPTION,17.70#
fasteners,16,Fastener #10,0,0,plated,PLATED,PRICED PER THOUSAND,✓
fasteners,16,Fastener #10,0,0,painted,PAINTED,PRICED PER THOUSAND,v t
fasteners,16,Fastener #46,1,0,part,PART #,DESCRIPTION,#46
fasteners,16,Fastener #46,1,0,head_size,HEAD SIZE,DESCRIPTION,"3/16"""
fasteners,16,Fastener #46,1,0,type,TYPE,DESCRIPTION,Long Life B
fasteners,16,Fastener #46,1,0,weight_per_1000,WEIGHT PER 1000,DESCRIPTION,24.00#
fasteners,16,Fastener #46,1,0,plated,PLATED,PRICED PER THOUSAND,✓
fasteners,16,Fastener #46,1,0,painted,PAINTED,PRICED PER THOUSAND,vt
fasteners,16,Fastener #18,2,0,part,PART #,DESCRIPTION,#18
fasteners,16,Fastener #18,2,0,head_size,HEAD SIZE,DESCRIPTION,"5/16"""
fasteners,16,Fastener #18,2,0,type,TYPE,DESCRIPTION,A
fasteners,16,Fastener #18,2,0,weight_per_1000,WEIGHT PER 1000,DESCRIPTION,16.50#
fasteners,16,Fastener #18,2,0,plated,PLATED,PRICED PER THOUSAND,✓
fasteners,16,Fastener #18,2,0,painted,PAINTED,PRICED PER THOUSAND,vt
fasteners,16,Fastener #18B,3,0,part,PART #,DESCRIPTION,#18B
fasteners,16,Fastener #18B,3,0,head_size,HEAD SIZE,DESCRIPTION,"34"""
fasteners,16,Fastener #18B,3,0,type,TYPE,DESCRIPTION,A
fasteners,16,Fastener #18B,3,0,weight_per_1000,WEIGHT PER 1000,DESCRIPTION,21.00#
fasteners,16,Fastener #18B,3,0,plated,PLATED,PRICED PER THOUSAND,✓
fasteners,16,Fastener #18B,3,0,painted,PAINTED,PRICED PER THOUSAND,vt
fasteners,17,Fastener #18C,0,0,part,PART #,DESCRIPTION,#18C
fasteners,17,Fastener #18C,0,0,head_size,HEAD SIZE,DESCRIPTION,"3p"""
fasteners,17,Fastener #18C,0,0,type,TYPE,DESCRIPTION,A
fasteners,17,Fastener #18C,0,0,weight_per_1000,WEIGHT PER 1000,DESCRIPTION,26.30#
fasteners,17,Fastener #18C,0,0,plated,PLATED,PRICED PER THOUSAND,✓
fasteners,17,Fastener #18C,0,0,painted,PAINTED,PRICED PER THOUSAND,v t
fasteners,17,Fastener #34,1,0,part,PART #,DESCRIPTION,#34
fasteners,17,Fastener #34,1,0,head_size,HEAD SIZE,DESCRIPTION,"36"""
fasteners,17,Fastener #34,1,0,type,TYPE,DESCRIPTION,A
fasteners,17,Fastener #34,1,0,weight_per_1000,WEIGHT PER 1000,DESCRIPTION,29.90#
fasteners,17,Fastener #34,1,0,plated,PLATED,PRICED PER THOUSAND,✓
fasteners,17,Fastener #34,1,0,painted,PAINTED,PRICED PER THOUSAND,vt
fasteners,17,Fastener #8A,2,0,part,PART #,DESCRIPTION,#8A
fasteners,17,Fastener #8A,2,0,head_size,HEAD SIZE,DESCRIPTION,"YA"""
fasteners,17,Fastener #8A,2,0,type,TYPE,DESCRIPTION,Wood Fastener
fasteners,17,Fastener #8A,2,0,weight_per_1000,WEIGHT PER 1000,DESCRIPTION,8./0#
fasteners,17,Fastener #8A,2,0,plated,PLATED,PRICED PER THOUSAND,✓
fasteners,17,Fastener #8A,2,0,painted,PAINTED,PRICED PER THOUSAND,vt
fasteners,17,Fastener #8,3,0,part,PART #,DESCRIPTION,#8
fasteners,17,Fastener #8,3,0,head_size,HEAD SIZE,DESCRIPTION,"Vy"""
fasteners,17,Fastener #8,3,0,type,TYPE,DESCRIPTION,Wood Fastener
fasteners,17,Fastener #8,3,0,weight_per_1000,WEIGHT PER 1000,DESCRIPTION,10.80#
fasteners,17,Fastener #8,3,0,plated,PLATED,PRICED PER THOUSAND,✓
fasteners,17,Fastener #8,3,0,painted,PAINTED,PRICED PER THOUSAND,vt
fasteners,18,Fastener #8B,0,0,part,PART #,DESCRIPTION,#8B
fasteners,18,Fastener #8B,0,0,head_size,HEAD SIZE,DESCRIPTION,"Vy"""
fasteners,18,Fastener #8B,0,0,type,TYPE,DESCRIPTION,Wood Fastener
fasteners,18,Fastener #8B,0,0,weight_per_1000,WEIGHT PER 1000,DESCRIPTION,13.10#
fasteners,18,Fastener #8B,0,0,plated,PLATED,PRICED PER THOUSAND,✓
fasteners,18,Fastener #8B,0,0,painted,PAINTED,PRICED PER THOUSAND,v t
fasteners,18,Fastener #8C,1,0,part,PART #,DESCRIPTION,#8C
fasteners,18,Fastener #8C,1,0,head_size,HEAD SIZE,DESCRIPTION,"YY,"""
fasteners,18,Fastener #8C,1,0,type,TYPE,DESCRIPTION,Wood Fastener
fasteners,18,Fastener #8C,1,0,weight_per_1000,WEIGHT PER 1000,DESCRIPTION,15.40#
fasteners,18,Fastener #8C,1,0,plated,PLATED,PRICED PER THOUSAND,✓
fasteners,18,Fastener #8C,1,0,painted,PAINTED,PRICED PER THOUSAND,vt
fasteners,18,Fastener #9D,2,0,part,PART #,DESCRIPTION,#9D
fasteners,18,Fastener #9D,2,0,head_size,HEAD SIZE,DESCRIPTION,"YA"""
fasteners,18,Fastener #9D,2,0,type,TYPE,DESCRIPTION,Wood Fastener
fasteners,18,Fastener #9D,2,0,weight_per_1000,WEIGHT PER 1000,DESCRIPTION,17.60#
fasteners,18,Fastener #9D,2,0,plated,PLATED,PRICED PER THOUSAND,✓
fasteners,18,Fastener #9D,2,0,painted,PAINTED,PRICED PER THOUSAND,vt
fasteners,18,Fastener #9A,3,0,part,PART #,DESCRIPTION,#9A
fasteners,18,Fastener #9A,3,0,head_size,HEAD SIZE,DESCRIPTION,"S16"""
fasteners,18,Fastener #9A,3,0,type,TYPE,DESCRIPTION,Long Life Wood Fastener
fasteners,18,Fastener #9A,3,0,weight_per_1000,WEIGHT PER 1000,DESCRIPTION,14.20#
fasteners,18,Fastener #9A,3,0,plated,PLATED,PRICED PER THOUSAND,✓
fasteners,18,Fastener #9A,3,0,painted,PAINTED,PRICED PER THOUSAND,vt
fasteners,19,Fastener #9,0,0,part,PART #,DESCRIPTION,#9
fasteners,19,Fastener #9,0,0,head_size,HEAD SIZE,DESCRIPTION,"5/16"""
fasteners,19,Fastener #9,0,0,type,TYPE,DESCRIPTION,Long Life Wood Fastener
fasteners,19,Fastener #9,0,0,weight_per_1000,WEIGHT PER 1000,DESCRIPTION,18.30#
fasteners,19,Fastener #9,0,0,plated,PLATED,PRICED PER THOUSAND,✓
fasteners,19,Fastener #9,0,0,painted,PAINTED,PRICED PER THOUSAND,vi
fasteners,19,Fastener #9B,1,0,part,PART #,DESCRIPTION,#9B
fasteners,19,Fastener #9B,1,0,head_size,HEAD SIZE,DESCRIPTION,"3/16"""
fasteners,19,Fastener #9B,1,0,type,TYPE,DESCRIPTION,Long Life Wood Fastener
fasteners,19,Fastener #9B,1,0,weight_per_1000,WEIGHT PER 1000,DESCRIPTION,17.50#
fasteners,19,Fastener #9B,1,0,plated,PLATED,PRICED PER THOUSAND,✓
fasteners,19,Fastener #9B,1,0,painted,PAINTED,PRICED PER THOUSAND,vt
fasteners,19,Fastener #9C,2,0,part,PART #,DESCRIPTION,#9C
fasteners,19,Fastener #9C,2,0,head_size,HEAD SIZE,DESCRIPTION,"5/16"""
fasteners,19,Fastener #9C,2,0,type,TYPE,DESCRIPTION,Long Life Wood Fastener
fasteners,19,Fastener #9C,2,0,weight_per_1000,WEIGHT PER 1000,DESCRIPTION,20.00#
fasteners,19,Fastener #9C,2,0,plated,PLATED,PRICED PER THOUSAND,✓
fasteners,19,Fastener #9C,2,0,painted,PAINTED,PRICED PER THOUSAND,vt
fasteners,19,Fastener #108,3,0,part,PART #,DESCRIPTION,#108
fasteners,19,Fastener #108,3,0,head_size,HEAD SIZE,DESCRIPTION,"Vy"""
fasteners,19,Fastener #108,3,0,type,TYPE,DESCRIPTION,Wood
fasteners,19,Fastener #108,3,0,material,MATERIAL,DESCRIPTION,410 Stainless
fasteners,19,Fastener #108,3,0,weight_per_1000,WEIGHT PER 1000,DESCRIPTION,9.30#
fasteners,19,Fastener #108,3,0,plated,PLATED,PRICED PER THOUSAND,✓
fasteners,19,Fastener #108,3,0,painted,PAINTED,PRICED PER THOUSAND,vt
fasteners,20,Fastener #205,0,0,part,PART #,DESCRIPTION,#205
fasteners,20,Fastener #205,0,0,head_size,HEAD SIZE,DESCRIPTION,"Vy"""
fasteners,20,Fastener #205,0,0,type,TYPE,DESCRIPTION,Wood
fasteners,20,Fastener #205,0,0,material,MATERIAL,DESCRIPTION,410 Stainless
fasteners,20,Fastener #205,0,0,weight_per_1000,WEIGHT PER 1000,DESCRIPTION,9.50#
fasteners,20,Fastener #205,0,0,plated,PLATED,PRICED PER THOUSAND,✓
fasteners,20,Fastener #205,0,0,painted,PAINTED,PRICED PER THOUSAND,v tf
fasteners,20,Fastener #45,1,0,part,PART #,DESCRIPTION,#45
fasteners,20,Fastener #45,1,0,head_size,HEAD SIZE,DESCRIPTION,"36"""
fasteners,20,Fastener #45,1,0,type,TYPE,DESCRIPTION,Long Life with Masonary Tapping Threds
fasteners,20,Fastener #45,1,0,weight_per_1000,WEIGHT PER 1000,DESCRIPTION,25.00#
fasteners,20,Fastener #45,1,0,plated,PLATED,PRICED PER THOUSAND,✓
fasteners,20,Fastener #45,1,0,painted,PAINTED,PRICED PER THOUSAND,vt
fasteners,20,Fastener #16,2,0,part,PART #,DESCRIPTION,#16
fasteners,20,Fastener #16,2,0,head_size,HEAD SIZE,DESCRIPTION,#2 Quadrex Drive
fasteners,20,Fastener #16,2,0,type,TYPE,DESCRIPTION,Driller
fasteners,20,Fastener #16,2,0,weight_per_1000,WEIGHT PER 1000,DESCRIPTION,12.00#
fasteners,20,Fastener #16,2,0,plated,PLATED,PRICED PER THOUSAND,✓
fasteners,20,Fastener #16,2,0,painted,PAINTED,PRICED PER THOUSAND,N/A
fasteners,20,Fastener #12,3,0,part,PART #,DESCRIPTION,#12
fasteners,20,Fastener #12,3,0,head_size,HEAD SIZE,DESCRIPTION,#2 Phillips
fasteners,20,Fastener #12,3,0,type,TYPE,DESCRIPTION,Driller
fasteners,20,Fastener #12,3,0,weight_per_1000,WEIGHT PER 1000,DESCRIPTION,7 OO#
fasteners,20,Fastener #12,3,0,plated,PLATED,PRICED PER THOUSAND,✓
fasteners,20,Fastener #12,3,0,painted,PAINTED,PRICED PER THOUSAND,N/A
fasteners,21,Fastener #12A,0,0,part,PART #,DESCRIPTION,#12A
fasteners,21,Fastener #12A,0,0,head_size,HEAD SIZE,DESCRIPTION,#2 Quadrex Drive
fasteners,21,Fastener #12A,0,0,type,TYPE,DESCRIPTION,Driller
fasteners,21,Fastener #12A,0,0,weight_per_1000,WEIGHT PER 1000,DESCRIPTION,7 OO#
fasteners,21,Fastener #12A,0,0,plated,PLATED,PRICED PER THOUSAND,✓
fasteners,21,Fastener #12A,0,0,painted,PAINTED,PRICED PER THOUSAND,N/A
fasteners,21,Fastener #13,1,0,part,PART #,DESCRIPTION,#13
fasteners,21,Fastener #13,1,0,head_size,HEAD SIZE,DESCRIPTION,#2 Phillips
fasteners,21,Fastener #13,1,0,type,TYPE,DESCRIPTION,A
fasteners,21,Fastener #13,1,0,weight_per_1000,WEIGHT PER 1000,DESCRIPTION,7.10#
fasteners,21,Fastener #13,1,0,plated,PLATED,PRICED PER THOUSAND,✓
fasteners,21,Fastener #13,1,0,painted,PAINTED,PRICED PER THOUSAND,N/A
fasteners,21,Fastener #13A,2,0,part,PART #,DESCRIPTION,#13A
fasteners,21,Fastener #13A,2,0,head_size,HEAD SIZE,DESCRIPTION,#2 Quadrex Drive
fasteners,21,Fastener #13A,2,0,type,TYPE,DESCRIPTION,A
fasteners,21,Fastener #13A,2,0,weight_per_1000,WEIGHT PER 1000,DESCRIPTION,6.30#
fasteners,21,Fastener #13A,2,0,plated,PLATED,PRICED PER THOUSAND,✓
fasteners,21,Fastener #13A,2,0,painted,PAINTED,PRICED PER THOUSAND,N/A
fasteners,21,Fastener #35,3,0,column_1,,,DESCRIPTION
fasteners,21,Fastener #35,3,0,column_4,,,PRICED PER THOUSAND
fasteners,21,Fastener #35,3,1,column_1,,,PART #
fasteners,21,Fastener #35,3,1,column_2,,,TYPE
fasteners,21,Fastener #35,3,1,column_3,,,WEIGHT PER 1000
fasteners,21,Fastener #35,3,1,column_4,,,PLATED
fasteners,21,Fastener #35,3,1,column_5,,,PAINTED
fasteners,21,Fastener #35,3,2,column_1,,,#35
fasteners,21,Fastener #35,3,2,column_2,,,Washer
fasteners,21,Fastener #35,3,2,column_3,,,20.00#
fasteners,21,Fastener #35,3,2,column_4,,,v
fasteners,21,Fastener #35,3,2,column_5,,,v ft
fasteners,22,Fastener #14,0,0,part,PART #,DESCRIPTION,#14
fasteners,22,Fastener #14,0,0,material,MATERIAL,DESCRIPTION,Stainless Steel
fasteners,22,Fastener #14,0,0,weight_per_1000,WEIGHT PER 1000,DESCRIPTION,2.90#
fasteners,22,Fastener #14,0,0,plated,PLATED,PRICED PER THOUSAND,✓
fasteners,22,Fastener #14,0,0,painted_standard_color,"PAINTED
STANDARD COLOR",PRICED PER THOUSAND,vt
fasteners,22,Fastener #14,0,0,painted_special_color,"PAINTED
SPECIAL COLOR",PRICED PER THOUSAND,vt
fasteners,22,Fastener #14A,1,0,column_1,,,DESCRIPTION
fasteners,22,Fastener #14A,1,0,column_4,,,PRICED PER THOUSAND
fasteners,22,Fastener #14A,1,1,column_1,,,PART #
fasteners,22,Fastener #14A,1,1,column_2,,,MATERIAL
fasteners,22,Fastener #14A,1,1,column_3,,,WEIGHT PER 1000
fasteners,22,Fastener #14A,1,1,column_4,,,PLATED
fasteners,22,Fastener #14A,1,1,column_5,,,PAINTED
fasteners,22,Fastener #14A,1,2,column_1,,,#14A
fasteners,22,Fastener #14A,1,2,column_2,,,Stainless Steel
fasteners,22,Fastener #14A,1,2,column_3,,,3.00#
fasteners,22,Fastener #14A,1,2,column_4,,,v
fasteners,22,Fastener #14A,1,2,column_5,,,vt
fasteners,22,Fastener #209,2,0,part,PART #,DESCRIPTION,#209
fasteners,22,Fastener #209,2,0,head_size,HEAD SIZE,DESCRIPTION,#3 Phillips
fasteners,22,Fastener #209,2,0,type,TYPE,DESCRIPTION,Driller
fasteners,22,Fastener #209,2,0,weight_per_1000,WEIGHT PER 1000,DESCRIPTION,28.00#
fasteners,22,Fastener #209,2,0,plated,PLATED,PRICED PER THOUSAND,✓
fasteners,22,Fastener #209,2,0,painted,PAINTED,PRICED PER THOUSAND,N/A
fasteners,22,Fastener #210,3,0,part,PART #,DESCRIPTION,#210
fasteners,22,Fastener #210,3,0,head_size,HEAD SIZE,DESCRIPTION,#3 Phillips
fasteners,22,Fastener #210,3,0,type,TYPE,DESCRIPTION,Driller
fasteners,22,Fastener #210,3,0,weight_per_1000,WEIGHT PER 1000,DESCRIPTION,24.00#
fasteners,22,Fastener #210,3,0,plated,PLATED,PRICED PER THOUSAND,✓
fasteners,22,Fastener #210,3,0,painted,PAINTED,PRICED PER THOUSAND,N/A
fasteners,23,Fastener #211,0,0,part,PART #,DESCRIPTION,#211
fasteners,23,Fastener #211,0,0,head_size,HEAD SIZE,DESCRIPTION,#3 Phillips
fasteners,23,Fastener #211,0,0,type,TYPE,DESCRIPTION,Driller
fasteners,23,Fastener #211,0,0,weight_per_1000,WEIGHT PER 1000,DESCRIPTION,30.00#
fasteners,23,Fastener #211,0,0,plated,PLATED,PRICED PER THOUSAND,✓
fasteners,23,Fastener #211,0,0,painted,PAINTED,PRICED PER THOUSAND,N/A
fasteners,23,Fastener #15D,1,0,part,PART #,DESCRIPTION,#15D
fasteners,23,Fastener #15D,1,0,head_size,HEAD SIZE,DESCRIPTION,#3 Phillips
fasteners,23,Fastener #15D,1,0,type,TYPE,DESCRIPTION,Driller
fasteners,23,Fastener #15D,1,0,weight_per_1000,WEIGHT PER 1000,DESCRIPTION,43.00#
fasteners,23,Fastener #15D,1,0,plated,PLATED,PRICED PER THOUSAND,✓
fasteners,23,Fastener #15D,1,0,painted,PAINTED,PRICED PER THOUSAND,N/A
fasteners,23,Fastener #25,2,0,part,PART #,DESCRIPTION,#25
fasteners,23,Fastener #25,2,0,head_size,HEAD SIZE,DESCRIPTION,"""h6e"""
fasteners,23,Fastener #25,2,0,type,TYPE,DESCRIPTION,Stitch
fasteners,23,Fastener #25,2,0,weight_per_1000,WEIGHT PER 1000,DESCRIPTION,7 OO#
fasteners,23,Fastener #25,2,0,plated,PLATED,PRICED PER THOUSAND,✓
fasteners,23,Fastener #25,2,0,painted,PAINTED,PRICED PER THOUSAND,vt
fasteners,23,Fastener #24,3,0,part,PART #,DESCRIPTION,#24
fasteners,23,Fastener #24,3,0,head_size,HEAD SIZE,DESCRIPTION,"YW"""
fasteners,23,Fastener #24,3,0,type,TYPE,DESCRIPTION,Driller
fasteners,23,Fastener #24,3,0,weight_per_1000,WEIGHT PER 1000,DESCRIPTION,4.00#
fasteners,23,Fastener #24,3,0,plated,PLATED,PRICED PER THOUSAND,✓
fasteners,23,Fastener #24,3,0,painted,PAINTED,PRICED PER THOUSAND,vt
fasteners,24,Fastener #21,0,0,part,PART #,DESCRIPTION,#21
fasteners,24,Fastener #21,0,0,head_size,HEAD SIZE,DESCRIPTION,#2 Phillips
fasteners,24,Fastener #21,0,0,type,TYPE,DESCRIPTION,Driller
fasteners,24,Fastener #21,0,0,weight_per_1000,WEIGHT PER 1000,DESCRIPTION,13.20#
fasteners,24,Fastener #21,0,0,plated,PLATED,PRICED PER THOUSAND,✓
fasteners,24,Fastener #21,0,0,painted,PAINTED,PRICED PER THOUSAND,N/A
fasteners,24,Fastener #11,1,0,column_1,,,DESCRIPTION
fasteners,24,Fastener #11,1,0,column_4,,,PRICED PER THOUSAND
fasteners,24,Fastener #11,1,1,column_1,,,PART #
fasteners,24,Fastener #11,1,1,column_2,,,TYPE
fasteners,24,Fastener #11,1,1,column_3,,,WEIGHT PER 1000
fasteners,24,Fastener #11,1,1,column_4,,,PLATED
fasteners,24,Fastener #11,1,1,column_5,,,PAINTED
fasteners,24,Fastener #11,1,2,column_1,,,#11
fasteners,24,Fastener #11,1,2,column_2,,,Nail Drive
fasteners,24,Fastener #11,1,2,column_3,,,25.00#
fasteners,24,Fastener #11,1,2,column_4,,,v
fasteners,24,Fastener #11,1,2,column_5,,,N/A
fasteners,24,Fastener #23,2,0,column_1,,,DESCRIPTION
fasteners,24,Fastener #23,2,0,column_4,,,PRICED PER THOUSAND
fasteners,24,Fastener #23,2,1,column_1,,,PART #
fasteners,24,Fastener #23,2,1,column_2,,,HEAD SIZE
fasteners,24,Fastener #23,2,1,column_3,,,WEIGHT PER 1000
fasteners,24,Fastener #23,2,1,column_4,,,PLATED
fasteners,24,Fastener #23,2,1,column_5,,,PAINTED
fasteners,24,Fastener #23,2,2,column_1,,,#23
fasteners,24,Fastener #23,2,2,column_2,,,"5/16"""
fasteners,24,Fastener #23,2,2,column_3,,,22.50#
fasteners,24,Fastener #23,2,2,column_4,,,v
fasteners,24,Fastener #23,2,2,column_5,,,N/A
residential,4,5V Crimp,0,0,gauge,GAUGE,DESCRIPTION,29
residential,4,5V Crimp,0,0,panel_coverage,PANEL COVERAGE,DESCRIPTION,"24"""
residential,4,5V Crimp,0,0,yield_psi,YIELD (PSI),DESCRIPTION,"80,000"
residential,4,5V Crimp,0,0,weight_per_sq,WEIGHT PER SQ.,DESCRIPTION,71#
residential,4,5V Crimp,0,0,finish,FINISH*,DESCRIPTION,Galvalume' Plus &
residential,4,5V Crimp,0,0,price,PRICE,,✓
residential,4,5V Crimp,0,1,gauge,GAUGE,DESCRIPTION,26
residential,4,5V Crimp,0,1,panel_coverage,PANEL COVERAGE,DESCRIPTION,"24"""
residential,4,5V Crimp,0,1,yield_psi,YIELD (PSI),DESCRIPTION,"80,000"
residential,4,5V Crimp,0,1,weight_per_sq,WEIGHT PER SQ.,DESCRIPTION,82#
residential,4,5V Crimp,0,1,finish,FINISH*,DESCRIPTION,Galvalume' Plus &
residential,4,5V Crimp,0,1,price,PRICE,,✓
residential,4,5V Crimp,0,2,gauge,GAUGE,DESCRIPTION,26
residential,4,5V Crimp,0,2,panel_coverage,PANEL COVERAGE,DESCRIPTION,"24"""
residential,4,5V Crimp,0,2,yield_psi,YIELD (PSI),DESCRIPTION,"80,000"
residential,4,5V Crimp,0,2,weight_per_sq,WEIGHT PER SQ.,DESCRIPTION,82#
residential,4,5V Crimp,0,2,finish,FINISH*,DESCRIPTION,"Signature"" 200"
residential,4,5V Crimp,0,2,price,PRICE,,Please Inquire
residential,6,Slimline',0,0,gauge,GAUGE,DESCRIPTION,29
residential,6,Slimline',0,0,panel_coverage,PANEL COVERAGE,DESCRIPTION,"16"""
residential,6,Slimline',0,0,yield_psi,YIELD (PSI),DESCRIPTION,"50,000"
residential,6,Slimline',0,0,weight_per_sq,WEIGHT PER SQ.,DESCRIPTION,7O#
residential,6,Slimline',0,0,finish,FINISH*,DESCRIPTION,Galvalume' Plus &
residential,6,Slimline',0,0,price,PRICE,,✓
residential,6,Slimline',0,1,gauge,GAUGE,DESCRIPTION,29
residential,6,Slimline',0,1,panel_coverage,PANEL COVERAGE,DESCRIPTION,"16"""
residential,6,Slimline',0,1,yield_psi,YIELD (PSI),DESCRIPTION,"50,000"
residential,6,Slimline',0,1,weight_per_sq,WEIGHT PER SQ.,DESCRIPTION,7O#
residential,6,Slimline',0,1,finish,FINISH*,DESCRIPTION,Signature°® 200
residential,6,Slimline',0,1,price,PRICE,,✓
residential,6,Slimline',0,2,gauge,GAUGE,DESCRIPTION,26
residential,6,Slimline',0,2,panel_coverage,PANEL COVERAGE,DESCRIPTION,"16"""
residential,6,Slimline',0,2,yield_psi,YIELD (PSI),DESCRIPTION,"50,000"
residential,6,Slimline',0,2,weight_per_sq,WEIGHT PER SQ.,DESCRIPTION,99#
residential,6,Slimline',0,2,finish,FINISH*,DESCRIPTION,Galvalume' Plus &
residential,6,Slimline',0,2,price,PRICE,,✓
residential,6,Slimline',0,3,gauge,GAUGE,DESCRIPTION,26
residential,6,Slimline',0,3,panel_coverage,PANEL COVERAGE,DESCRIPTION,"16"""
residential,6,Slimline',0,3,yield_psi,YIELD (PSI),DESCRIPTION,"50,000"
residential,6,Slimline',0,3,weight_per_sq,WEIGHT PER SQ.,DESCRIPTION,99#
residential,6,Slimline',0,3,finish,FINISH*,DESCRIPTION,Signature' 200
residential,6,Slimline',0,3,price,PRICE,,✓
residential,7,Flat Sheet Selection Chart,0,0,column_1,,,Width
residential,7,Flat Sheet Selection Chart,0,0,column_2,,,"40 -7/8"""
residential,7,Flat Sheet Selection Chart,0,0,column_3,,,"42-3/4"""
residential,7,Flat Sheet Selection Chart,0,0,column_4,,,"48 - 3/8"""
residential,7,Flat Sheet Selection Chart,0,1,column_1,,,Gauge
residential,7,Flat Sheet Selection Chart,0,1,column_2,,,29 GA
residential,7,Flat Sheet Selection Chart,0,1,column_3,,,26 GA
residential,7,Flat Sheet Selection Chart,0,1,column_4,,,24 GA
residential,7,Flat Sheet Selection Chart,0,2,column_1,,,Weight per LF
residential,7,Flat Sheet Selection Chart,0,2,column_2,,,2.00#
residential,7,Flat Sheet Selection Chart,0,2,column_3,,,3.324
residential,7,Flat Sheet Selection Chart,0,2,column_4,,,3.75#
residential,7,Flat Sheet Selection Chart,0,3,column_1,,,Signature® 200 (Polyester)
residential,7,Flat Sheet Selection Chart,1,0,column_1,,,Polar White
residential,7,Flat Sheet Selection Chart,1,1,column_1,,,Signature® 200
residential,7,Flat Sheet Selection Chart,2,0,column_1,,,Wine Red
residential,7,Flat Sheet Selection Chart,2,0,column_3,,,7
residential,7,Flat Sheet Selection Chart,2,0,column_4,,,>
residential,7,Flat Sheet Selection Chart,2,1,column_1,,,Signature® 300
residential,7,Flat Sheet Selection Chart,3,0,column_1,,,Tundra
residential,7,Flat Sheet Selection Chart,3,0,column_2,,,a
residential,7,Flat Sheet Selection Chart,3,0,column_3,,,0)
residential,7,Flat Sheet Selection Chart,3,1,column_1,,,Signature® 300 Metallic
residential,7,Flat Sheet Selection Chart,4,0,column_1,,,Copper Metallic
residential,7,Flat Sheet Selection Chart,4,0,column_2,,,=a
residential,7,Flat Sheet Selection Chart,4,0,column_3,,,0)
residential,7,Flat Sheet Selection Chart,4,1,column_1,,,Unpainted
residential,8,V-Groove Soffit,0,0,part,PART #,DESCRIPTION,LG-140
residential,8,V-Groove Soffit,0,0,material,MATERIAL,DESCRIPTION,29 Gauge Steel
residential,8,V-Groove Soffit,0,0,length,LENGTH,DESCRIPTION,"12'-6"""
residential,8,V-Groove Soffit,0,0,girth,GIRTH,DESCRIPTION,"13%"""
residential,8,V-Groove Soffit,0,0,weight_each,WEIGHT EACH,DESCRIPTION,8.854
residential,8,V-Groove Soffit,0,0,galvalume_plus,GALVALUME® PLUS,PRICED PER EACH,N/A
residential,8,V-Groove Soffit,0,0,signature_200,SIGNATURE® 200,PRICED PER EACH,vt
residential,8,Vented V-Groove Soffit,1,0,part,PART #,DESCRIPTION,LG-142
residential,8,Vented V-Groove Soffit,1,0,material,MATERIAL,DESCRIPTION,29 Gauge Steel
residential,8,Vented V-Groove Soffit,1,0,length,LENGTH,DESCRIPTION,"12'-6"""
residential,8,Vented V-Groove Soffit,1,0,girth,GIRTH,DESCRIPTION,"13%"""
residential,8,Vented V-Groove Soffit,1,0,weight_each,WEIGHT EACH,DESCRIPTION,8.834
residential,8,Vented V-Groove Soffit,1,0,galvalume_plus,GALVALUME® PLUS,PRICED PER EACH,N/A
residential,8,Vented V-Groove Soffit,1,0,signature_200,SIGNATURE® 200,PRICED PER EACH,vt
residential,8,Ridge Cap - 5V Crimp,2,0,part,PART #,DESCRIPTION,HW-1110
residential,8,Ridge Cap - 5V Crimp,2,0,roof_slope,ROOF SLOPE,DESCRIPTION,3:12 - 9:12
residential,8,Ridge Cap - 5V Crimp,2,0,length,LENGTH,DESCRIPTION,"1-2"""
residential,8,Ridge Cap - 5V Crimp,2,0,gauge,GAUGE,DESCRIPTION,29
residential,8,Ridge Cap - 5V Crimp,2,0,weight_each,WEIGHT EACH,DESCRIPTION,1.80#
residential,8,Ridge Cap - 5V Crimp,2,0,galvalume_plus,GALVALUME' PLUS,PRICED PER EACH,✓
residential,8,Ridge Cap - 5V Crimp,2,0,signature_200,SIGNATURE' 200,PRICED PER EACH,N/A
residential,8,Ridge Cap - 5V Crimp,2,1,part,PART #,DESCRIPTION,HW-1110
residential,8,Ridge Cap - 5V Crimp,2,1,roof_slope,ROOF SLOPE,DESCRIPTION,3:12 - 9:12
residential,8,Ridge Cap - 5V Crimp,2,1,length,LENGTH,DESCRIPTION,"y-2"""
residential,8,Ridge Cap - 5V Crimp,2,1,gauge,GAUGE,DESCRIPTION,26
residential,8,Ridge Cap - 5V Crimp,2,1,weight_each,WEIGHT EACH,DESCRIPTION,215#
residential,8,Ridge Cap - 5V Crimp,2,1,galvalume_plus,GALVALUME' PLUS,PRICED PER EACH,✓
residential,8,Ridge Cap - 5V Crimp,2,1,signature_200,SIGNATURE' 200,PRICED PER EACH,vt
residential,9,Rubber Roof Jack,0,0,part,PART #,DESCRIPTION,HW-1000
residential,9,Rubber Roof Jack,0,0,temperature_range,"TEMPERATURE
RANGE",DESCRIPTION,-65°F to +212°F
residential,9,Rubber Roof Jack,0,0,pipe_size,PIPE SIZE,DESCRIPTION,"Yall = Ws"""
residential,9,Rubber Roof Jack,0,0,base_dim,BASE DIM.,DESCRIPTION,4
residential,9,Rubber Roof Jack,0,0,weight_each,WEIGHT EACH,DESCRIPTION,A7#
residential,9,Rubber Roof Jack,0,0,price,PRICE,,✓
residential,9,Rubber Roof Jack,0,1,part,PART #,DESCRIPTION,HW-1001
residential,9,Rubber Roof Jack,0,1,temperature_range,"TEMPERATURE
RANGE",DESCRIPTION,-65°F to +212°F
residential,9,Rubber Roof Jack,0,1,pipe_size,PIPE SIZE,DESCRIPTION,Wal - 4
residential,9,Rubber Roof Jack,0,1,base_dim,BASE DIM.,DESCRIPTION,"8"""
residential,9,Rubber Roof Jack,0,1,weight_each,WEIGHT EACH,DESCRIPTION,SOF
residential,9,Rubber Roof Jack,0,1,price,PRICE,,✓
residential,9,Rubber Roof Jack,0,2,part,PART #,DESCRIPTION,HW-1002
residential,9,Rubber Roof Jack,0,2,temperature_range,"TEMPERATURE
RANGE",DESCRIPTION,-65°F to +212°F
residential,9,Rubber Roof Jack,0,2,pipe_size,PIPE SIZE,DESCRIPTION,"AY"" _ 6"""
residential,9,Rubber Roof Jack,0,2,base_dim,BASE DIM.,DESCRIPTION,11
residential,9,Rubber Roof Jack,0,2,weight_each,WEIGHT EACH,DESCRIPTION,.95#
residential,9,Rubber Roof Jack,0,2,price,PRICE,,✓
residential,9,Rubber Roof Jack,0,3,part,PART #,DESCRIPTION,HW-1003
residential,9,Rubber Roof Jack,0,3,temperature_range,"TEMPERATURE
RANGE",DESCRIPTION,-65°F to +212°F
residential,9,Rubber Roof Jack,0,3,pipe_size,PIPE SIZE,DESCRIPTION,"6"" _ 11"""
residential,9,Rubber Roof Jack,0,3,base_dim,BASE DIM.,DESCRIPTION,"14"""
residential,9,Rubber Roof Jack,0,3,weight_each,WEIGHT EACH,DESCRIPTION,1.55#
residential,9,Rubber Roof Jack,0,3,price,PRICE,,✓
residential,9,Rubber Roof Jack,0,4,part,PART #,DESCRIPTION,HW-1004
residential,9,Rubber Roof Jack,0,4,temperature_range,"TEMPERATURE
RANGE",DESCRIPTION,-65°F to +212°F
residential,9,Rubber Roof Jack,0,4,pipe_size,PIPE SIZE,DESCRIPTION,"7"" _ 13"""
residential,9,Rubber Roof Jack,0,4,base_dim,BASE DIM.,DESCRIPTION,"7"""
residential,9,Rubber Roof Jack,0,4,weight_each,WEIGHT EACH,DESCRIPTION,2.56#
residential,9,Rubber Roof Jack,0,4,price,PRICE,,✓
residential,9,Rubber Roof Jack,1,0,column_2,,,HIGH TEMPERATURI
residential,9,Rubber Roof Jack,1,0,column_3,,,7
residential,9,Rubber Roof Jack,1,1,column_1,,,-100°F to +437°F
residential,9,Rubber Roof Jack,1,1,column_2,,,"YW,"" _ A"""
residential,9,Rubber Roof Jack,1,1,column_3,,,8
residential,9,Rubber Roof Jack,1,1,column_4,,,SO#
residential,9,Rubber Roof Jack,1,1,column_5,,,v
residential,9,Rubber Roof Jack,1,2,column_1,,,"""100°F to +437°F"
residential,9,Rubber Roof Jack,1,2,column_2,,,"Avy! - 7"""
residential,9,Rubber Roof Jack,1,2,column_3,,,"1"""
residential,9,Rubber Roof Jack,1,2,column_4,,,I5#
residential,9,Rubber Roof Jack,1,2,column_5,,,v
residential,9,Rubber Roof Jack,1,3,column_1,,,"""100°F to +437°F"
residential,9,Rubber Roof Jack,1,3,column_2,,,"7"" _ 13"""
residential,9,Rubber Roof Jack,1,3,column_3,,,"7"""
residential,9,Rubber Roof Jack,1,3,column_4,,,2.56#
residential,9,Rubber Roof Jack,1,3,column_5,,,v
residential,9,Rubber Roof Jack,1,4,column_1,,,-1O00°F to +437°F
residential,9,Rubber Roof Jack,1,4,column_2,,,"10"" _ 18"""
residential,9,Rubber Roof Jack,1,4,column_3,,,"25"""
residential,9,Rubber Roof Jack,1,4,column_4,,,3.860#
residential,9,Rubber Roof Jack,1,4,column_5,,,v
residential,9,Retrofit Rubber Roof Jack,2,0,part,PART #,DESCRIPTION,HW-1005
residential,9,Retrofit Rubber Roof Jack,2,0,temperature_range,"TEMPERATURE
RANGE",DESCRIPTION,-65°F to +212°F
residential,9,Retrofit Rubber Roof Jack,2,0,pipe_size,PIPE SIZE,DESCRIPTION,"Va"" . 4"""
residential,9,Retrofit Rubber Roof Jack,2,0,base_dim,BASE DIM.,DESCRIPTION,"83/16"""
residential,9,Retrofit Rubber Roof Jack,2,0,weight_each,WEIGHT EACH,DESCRIPTION,4#
residential,9,Retrofit Rubber Roof Jack,2,0,price,PRICE,,✓
residential,9,Retrofit Rubber Roof Jack,2,1,part,PART #,DESCRIPTION,HW-1006
residential,9,Retrofit Rubber Roof Jack,2,1,temperature_range,"TEMPERATURE
RANGE",DESCRIPTION,-65°F to +212°F
residential,9,Retrofit Rubber Roof Jack,2,1,pipe_size,PIPE SIZE,DESCRIPTION,"4A"" _ oy,"""
residential,9,Retrofit Rubber Roof Jack,2,1,base_dim,BASE DIM.,DESCRIPTION,"14%"""
residential,9,Retrofit Rubber Roof Jack,2,1,weight_each,WEIGHT EACH,DESCRIPTION,2.20#
residential,9,Retrofit Rubber Roof Jack,2,1,price,PRICE,,✓
residential,9,Retrofit Rubber Roof Jack,2,2,part,PART #,DESCRIPTION,HW-1007
residential,9,Retrofit Rubber Roof Jack,2,2,temperature_range,"TEMPERATURE
RANGE",DESCRIPTION,-65°F to +212°F
residential,9,Retrofit Rubber Roof Jack,2,2,pipe_size,PIPE SIZE,DESCRIPTION,"9%"" - 16%"""
residential,9,Retrofit Rubber Roof Jack,2,2,base_dim,BASE DIM.,DESCRIPTION,"21"""
residential,9,Retrofit Rubber Roof Jack,2,2,weight_each,WEIGHT EACH,DESCRIPTION,3.78#
residential,9,Retrofit Rubber Roof Jack,2,2,price,PRICE,,✓
residential,9,Retrofit Rubber Roof Jack,3,0,column_2,,,HIGH TEMPERATURI
residential,9,Retrofit Rubber Roof Jack,3,0,column_3,,,7
residential,9,Retrofit Rubber Roof Jack,3,1,column_1,,,-100°F to +437°F
residential,9,Retrofit Rubber Roof Jack,3,1,column_2,,,"Yo"" _ 4"""
residential,9,Retrofit Rubber Roof Jack,3,1,column_3,,,"88/16"""
residential,9,Retrofit Rubber Roof Jack,3,1,column_4,,,74H
residential,9,Retrofit Rubber Roof Jack,3,1,column_5,,,v
residential,9,Retrofit Rubber Roof Jack,3,2,column_1,,,-100°F to +437°F
residential,9,Retrofit Rubber Roof Jack,3,2,column_2,,,"4"" - gyyl"
residential,9,Retrofit Rubber Roof Jack,3,2,column_3,,,"14%"""
residential,9,Retrofit Rubber Roof Jack,3,2,column_4,,,2.20#
residential,9,Retrofit Rubber Roof Jack,3,2,column_5,,,v
residential,9,Retrofit Rubber Roof Jack,3,3,column_1,,,"""100°F to +437°F"
residential,9,Retrofit Rubber Roof Jack,3,3,column_2,,,"9%"" - 16%"""
residential,9,Retrofit Rubber Roof Jack,3,3,column_3,,,"212"""
residential,9,Retrofit Rubber Roof Jack,3,3,column_4,,,3./8#
residential,9,Retrofit Rubber Roof Jack,3,3,column_5,,,v
residential,10,Touch-Up Paint,0,0,part,PART #,DESCRIPTION,HW-304
residential,10,Touch-Up Paint,0,0,finish,FINISH,DESCRIPTION,Signature® 200
residential,10,Touch-Up Paint,0,0,size,SIZE,DESCRIPTION,2 ounce
residential,10,Touch-Up Paint,0,0,color,COLOR,DESCRIPTION,See Color Chart
residential,10,Touch-Up Paint,0,0,weight_each,WEIGHT EACH,DESCRIPTION,SO#
residential,10,Touch-Up Paint,0,0,price,PRICE,,✓
residential,10,Reflective Insulation,1,0,part,PART #,DESCRIPTION,HW-3925
residential,10,Reflective Insulation,1,0,type,TYPE,DESCRIPTION,SolarGuard
residential,10,Reflective Insulation,1,0,width,WIDTH,DESCRIPTION,"4A'-Q"""
residential,10,Reflective Insulation,1,0,length,LENGTH,DESCRIPTION,"]125'-O"""
residential,10,Reflective Insulation,1,0,roll_weight,ROLL WEIGHT,DESCRIPTION,31.00#
residential,10,Reflective Insulation,1,0,price,PRICE,,✓
residential,10,Reflective Insulation,1,1,part,PART #,DESCRIPTION,HW-3926
residential,10,Reflective Insulation,1,1,type,TYPE,DESCRIPTION,SolarGuard
residential,10,Reflective Insulation,1,1,width,WIDTH,DESCRIPTION,"6'-O"""
residential,10,Reflective Insulation,1,1,length,LENGTH,DESCRIPTION,"125'-0"""
residential,10,Reflective Insulation,1,1,roll_weight,ROLL WEIGHT,DESCRIPTION,46.50#
residential,10,Reflective Insulation,1,1,price,PRICE,,✓
residential,10,Scrimless Aluminum Tape,2,0,column_1,,,DESCRIPTION
residential,10,Scrimless Aluminum Tape,2,0,column_5,,,PRICED PER EACH
residential,10,Scrimless Aluminum Tape,2,1,column_1,,,PART #
residential,10,Scrimless Aluminum Tape,2,1,column_2,,,WIDTH
residential,10,Scrimless Aluminum Tape,2,1,column_3,,,LENGTH
residential,10,Scrimless Aluminum Tape,2,1,column_4,,,ROLL WEIGHT
residential,10,Scrimless Aluminum Tape,2,1,column_5,,,PRICE
residential,10,Scrimless Aluminum Tape,2,2,column_1,,,HW-514
residential,10,Scrimless Aluminum Tape,2,2,column_2,,,"3"""
residential,10,Scrimless Aluminum Tape,2,2,column_3,,,"150'-O"""
residential,10,Scrimless Aluminum Tape,2,2,column_4,,,1.50#
residential,10,Scrimless Aluminum Tape,2,2,column_5,,,v
residential,10,Slimline' Rib Cover,3,0,part,PART #,DESCRIPTION,CF-119
residential,10,Slimline' Rib Cover,3,0,length,LENGTH,DESCRIPTION,"Ave"""
residential,10,Slimline' Rib Cover,3,0,gauge,GAUGE,DESCRIPTION,29
residential,10,Slimline' Rib Cover,3,0,weight_each,WEIGHT EACH,DESCRIPTION,J2#
residential,10,Slimline' Rib Cover,3,0,galvalume_plus,GALVALUME® PLUS,PRICED PER EACH,✓
residential,10,Slimline' Rib Cover,3,0,signature_200,SIGNATURE® 200,PRICED PER EACH,vt
residential,10,Slimline' Rib Cover,3,1,part,PART #,DESCRIPTION,CF-119
residential,10,Slimline' Rib Cover,3,1,length,LENGTH,DESCRIPTION,"AV"""
residential,10,Slimline' Rib Cover,3,1,gauge,GAUGE,DESCRIPTION,26
residential,10,Slimline' Rib Cover,3,1,weight_each,WEIGHT EACH,DESCRIPTION,J4#
residential,10,Slimline' Rib Cover,3,1,galvalume_plus,GALVALUME® PLUS,PRICED PER EACH,✓
residential,10,Slimline' Rib Cover,3,1,signature_200,SIGNATURE® 200,PRICED PER EACH,vt
residential,11,Closure Strip - 5V Crimp,0,0,part,PART #,DESCRIPTION,HW-450
residential,11,Closure Strip - 5V Crimp,0,0,type,TYPE,DESCRIPTION,Inside
residential,11,Closure Strip - 5V Crimp,0,0,adhesive,ADHESIVE,DESCRIPTION,No
residential,11,Closure Strip - 5V Crimp,0,0,size,SIZE,DESCRIPTION,"1"" x 24"""
residential,11,Closure Strip - 5V Crimp,0,0,weight_each,WEIGHT EACH,DESCRIPTION,O4#
residential,11,Closure Strip - 5V Crimp,0,0,price,PRICE,,✓
residential,11,Closure Strip - 5V Crimp,0,1,part,PART #,DESCRIPTION,HW-452
residential,11,Closure Strip - 5V Crimp,0,1,type,TYPE,DESCRIPTION,Outside
residential,11,Closure Strip - 5V Crimp,0,1,adhesive,ADHESIVE,DESCRIPTION,Yes
residential,11,Closure Strip - 5V Crimp,0,1,size,SIZE,DESCRIPTION,"""x 24"""
residential,11,Closure Strip - 5V Crimp,0,1,weight_each,WEIGHT EACH,DESCRIPTION,OS#
residential,11,Closure Strip - 5V Crimp,0,1,price,PRICE,,✓
residential,11,Tube Sealant,1,0,part,PART #,DESCRIPTION,HW-548
residential,11,Tube Sealant,1,0,type,TYPE,DESCRIPTION,Acrylic
residential,11,Tube Sealant,1,0,color,COLOR,DESCRIPTION,White
residential,11,Tube Sealant,1,0,tube_size,TUBE SIZE,DESCRIPTION,Tl ounce
residential,11,Tube Sealant,1,0,tube_weight,TUBE WEIGHT,DESCRIPTION,SSH
residential,11,Tube Sealant,1,0,price,PRICE,,✓
residential,11,Tube Sealant,1,1,part,PART #,DESCRIPTION,HW-550
residential,11,Tube Sealant,1,1,type,TYPE,DESCRIPTION,Acrylic
residential,11,Tube Sealant,1,1,color,COLOR,DESCRIPTION,Gray
residential,11,Tube Sealant,1,1,tube_size,TUBE SIZE,DESCRIPTION,Tl ounce
residential,11,Tube Sealant,1,1,tube_weight,TUBE WEIGHT,DESCRIPTION,5H
residential,11,Tube Sealant,1,1,price,PRICE,,✓
residential,11,Tube Sealant,1,2,part,PART #,DESCRIPTION,HW-540
residential,11,Tube Sealant,1,2,type,TYPE,DESCRIPTION,Urethane
residential,11,Tube Sealant,1,2,color,COLOR,DESCRIPTION,White
residential,11,Tube Sealant,1,2,tube_size,TUBE SIZE,DESCRIPTION,Tl ounce
residential,11,Tube Sealant,1,2,tube_weight,TUBE WEIGHT,DESCRIPTION,85H
residential,11,Tube Sealant,1,2,price,PRICE,,✓
residential,11,Tube Sealant,1,3,part,PART #,DESCRIPTION,HW-541
residential,11,Tube Sealant,1,3,type,TYPE,DESCRIPTION,Urethane
residential,11,Tube Sealant,1,3,color,COLOR,DESCRIPTION,Gray
residential,11,Tube Sealant,1,3,tube_size,TUBE SIZE,DESCRIPTION,Tl ounce
residential,11,Tube Sealant,1,3,tube_weight,TUBE WEIGHT,DESCRIPTION,85St
residential,11,Tube Sealant,1,3,price,PRICE,,✓
residential,11,Tube Sealant,1,4,part,PART #,DESCRIPTION,HW-542
residential,11,Tube Sealant,1,4,type,TYPE,DESCRIPTION,Urethane
residential,11,Tube Sealant,1,4,color,COLOR,DESCRIPTION,Bronze
residential,11,Tube Sealant,1,4,tube_size,TUBE SIZE,DESCRIPTION,Tl ounce
residential,11,Tube Sealant,1,4,tube_weight,TUBE WEIGHT,DESCRIPTION,S85
residential,11,Tube Sealant,1,4,price,PRICE,,✓
residential,11,Tube Sealant,1,5,part,PART #,DESCRIPTION,HW-544
residential,11,Tube Sealant,1,5,type,TYPE,DESCRIPTION,Urethane
residential,11,Tube Sealant,1,5,color,COLOR,DESCRIPTION,Almond
residential,11,Tube Sealant,1,5,tube_size,TUBE SIZE,DESCRIPTION,Tl ounce
residential,11,Tube Sealant,1,5,tube_weight,TUBE WEIGHT,DESCRIPTION,SBSH
residential,11,Tube Sealant,1,5,price,PRICE,,✓
residential,11,Tube Sealant,1,6,part,PART #,DESCRIPTION,HW-549
residential,11,Tube Sealant,1,6,type,TYPE,DESCRIPTION,Non-Skinning Butyl
residential,11,Tube Sealant,1,6,color,COLOR,DESCRIPTION,White
residential,11,Tube Sealant,1,6,tube_size,TUBE SIZE,DESCRIPTION,10 ounce
residential,11,Tube Sealant,1,6,tube_weight,TUBE WEIGHT,DESCRIPTION,1.00#
residential,11,Tube Sealant,1,6,price,PRICE,,✓
residential,12,Ridge/Hip Flash,0,0,part,PART #,DESCRIPTION,AG-202
residential,12,Ridge/Hip Flash,0,0,length,LENGTH,DESCRIPTION,"10'-6"""
residential,12,Ridge/Hip Flash,0,0,girth,GIRTH,DESCRIPTION,"13"""
residential,12,Ridge/Hip Flash,0,0,gauge,GAUGE,DESCRIPTION,29
residential,12,Ridge/Hip Flash,0,0,weight_each,WEIGHT EACH,DESCRIPTION,6.44#
residential,12,Ridge/Hip Flash,0,0,galvalume_plus,GALVALUME® PLUS,PRICED PER EACH,✓
residential,12,Ridge/Hip Flash,0,0,signature_200,SIGNATURE® 200,PRICED PER EACH,✓
residential,12,Ridge/Hip Flash,0,1,part,PART #,DESCRIPTION,AG-202
residential,12,Ridge/Hip Flash,0,1,length,LENGTH,DESCRIPTION,"10'-2"""
residential,12,Ridge/Hip Flash,0,1,girth,GIRTH,DESCRIPTION,"13"""
residential,12,Ridge/Hip Flash,0,1,gauge,GAUGE,DESCRIPTION,26
residential,12,Ridge/Hip Flash,0,1,weight_each,WEIGHT EACH,DESCRIPTION,8.37#
residential,12,Ridge/Hip Flash,0,1,galvalume_plus,GALVALUME® PLUS,PRICED PER EACH,✓
residential,12,Ridge/Hip Flash,0,1,signature_200,SIGNATURE® 200,PRICED PER EACH,✓
residential,12,Ridge/Hip Flash,0,2,part,PART #,DESCRIPTION,AG-203
residential,12,Ridge/Hip Flash,0,2,length,LENGTH,DESCRIPTION,"20'-2"""
residential,12,Ridge/Hip Flash,0,2,girth,GIRTH,DESCRIPTION,"13"""
residential,12,Ridge/Hip Flash,0,2,gauge,GAUGE,DESCRIPTION,29
residential,12,Ridge/Hip Flash,0,2,weight_each,WEIGHT EACH,DESCRIPTION,12.88#
residential,12,Ridge/Hip Flash,0,2,galvalume_plus,GALVALUME® PLUS,PRICED PER EACH,✓
residential,12,Ridge/Hip Flash,0,2,signature_200,SIGNATURE® 200,PRICED PER EACH,✓
residential,12,Ridge/Hip Flash,0,3,part,PART #,DESCRIPTION,AG-203
residential,12,Ridge/Hip Flash,0,3,length,LENGTH,DESCRIPTION,"20'-2"""
residential,12,Ridge/Hip Flash,0,3,girth,GIRTH,DESCRIPTION,"13"""
residential,12,Ridge/Hip Flash,0,3,gauge,GAUGE,DESCRIPTION,26
residential,12,Ridge/Hip Flash,0,3,weight_each,WEIGHT EACH,DESCRIPTION,16.744
residential,12,Ridge/Hip Flash,0,3,galvalume_plus,GALVALUME® PLUS,PRICED PER EACH,✓
residential,12,Ridge/Hip Flash,0,3,signature_200,SIGNATURE® 200,PRICED PER EACH,✓
residential,12,Vented Ridge Flash,1,0,part,PART #,DESCRIPTION,AG-207
residential,12,Vented Ridge Flash,1,0,length,LENGTH,DESCRIPTION,"10'-6"""
residential,12,Vented Ridge Flash,1,0,girth,GIRTH,DESCRIPTION,"212"""
residential,12,Vented Ridge Flash,1,0,gauge,GAUGE,DESCRIPTION,29
residential,12,Vented Ridge Flash,1,0,weight_each,WEIGHT EACH,DESCRIPTION,10.62#
residential,12,Vented Ridge Flash,1,0,galvalume_plus,GALVALUME*® PLUS,PRICED PER EACH,✓
residential,12,Vented Ridge Flash,1,0,signature_200,SIGNATURE® 200,PRICED PER EACH,✓
residential,12,Vented Ridge Flash,1,1,part,PART #,DESCRIPTION,AG-207
residential,12,Vented Ridge Flash,1,1,length,LENGTH,DESCRIPTION,"10'-2"""
residential,12,Vented Ridge Flash,1,1,girth,GIRTH,DESCRIPTION,21
residential,12,Vented Ridge Flash,1,1,gauge,GAUGE,DESCRIPTION,26
residential,12,Vented Ridge Flash,1,1,weight_each,WEIGHT EACH,DESCRIPTION,13.84#
residential,12,Vented Ridge Flash,1,1,galvalume_plus,GALVALUME*® PLUS,PRICED PER EACH,✓
residential,12,Vented Ridge Flash,1,1,signature_200,SIGNATURE® 200,PRICED PER EACH,✓
residential,12,Vented Ridge Flash,1,2,part,PART #,DESCRIPTION,AG-208
residential,12,Vented Ridge Flash,1,2,length,LENGTH,DESCRIPTION,"20'-2"""
residential,12,Vented Ridge Flash,1,2,girth,GIRTH,DESCRIPTION,"212"""
residential,12,Vented Ridge Flash,1,2,gauge,GAUGE,DESCRIPTION,29
residential,12,Vented Ridge Flash,1,2,weight_each,WEIGHT EACH,DESCRIPTION,21.244
residential,12,Vented Ridge Flash,1,2,galvalume_plus,GALVALUME*® PLUS,PRICED PER EACH,✓
residential,12,Vented Ridge Flash,1,2,signature_200,SIGNATURE® 200,PRICED PER EACH,✓
residential,12,Vented Ridge Flash,1,3,part,PART #,DESCRIPTION,AG-208
residential,12,Vented Ridge Flash,1,3,length,LENGTH,DESCRIPTION,"20'-2"""
residential,12,Vented Ridge Flash,1,3,girth,GIRTH,DESCRIPTION,"212"""
residential,12,Vented Ridge Flash,1,3,gauge,GAUGE,DESCRIPTION,26
residential,12,Vented Ridge Flash,1,3,weight_each,WEIGHT EACH,DESCRIPTION,27.68#
residential,12,Vented Ridge Flash,1,3,galvalume_plus,GALVALUME*® PLUS,PRICED PER EACH,✓
residential,12,Vented Ridge Flash,1,3,signature_200,SIGNATURE® 200,PRICED PER EACH,✓
residential,13,Peak Cap,0,0,part,PART #,DESCRIPTION,AG-233
residential,13,Peak Cap,0,0,length,LENGTH,DESCRIPTION,"10'-6"""
residential,13,Peak Cap,0,0,girth,GIRTH,DESCRIPTION,"TY"""
residential,13,Peak Cap,0,0,gauge,GAUGE,DESCRIPTION,29
residential,13,Peak Cap,0,0,weight_each,WEIGHT EACH,DESCRIPTION,5.76#
residential,13,Peak Cap,0,0,galvalume_plus,GALVALUME® PLUS,PRICED PER EACH,✓
residential,13,Peak Cap,0,0,signature_200,SIGNATURE® 200,PRICED PER EACH,✓
residential,13,Peak Cap,0,1,part,PART #,DESCRIPTION,AG-233
residential,13,Peak Cap,0,1,length,LENGTH,DESCRIPTION,"10'-2"""
residential,13,Peak Cap,0,1,girth,GIRTH,DESCRIPTION,"nye"""
residential,13,Peak Cap,0,1,gauge,GAUGE,DESCRIPTION,26
residential,13,Peak Cap,0,1,weight_each,WEIGHT EACH,DESCRIPTION,748#
residential,13,Peak Cap,0,1,galvalume_plus,GALVALUME® PLUS,PRICED PER EACH,✓
residential,13,Peak Cap,0,1,signature_200,SIGNATURE® 200,PRICED PER EACH,✓
residential,13,Peak Cap,0,2,part,PART #,DESCRIPTION,AG-234
residential,13,Peak Cap,0,2,length,LENGTH,DESCRIPTION,"20'-2"""
residential,13,Peak Cap,0,2,girth,GIRTH,DESCRIPTION,"1%"""
residential,13,Peak Cap,0,2,gauge,GAUGE,DESCRIPTION,29
residential,13,Peak Cap,0,2,weight_each,WEIGHT EACH,DESCRIPTION,11.524
residential,13,Peak Cap,0,2,galvalume_plus,GALVALUME® PLUS,PRICED PER EACH,✓
residential,13,Peak Cap,0,2,signature_200,SIGNATURE® 200,PRICED PER EACH,✓
residential,13,Peak Cap,0,3,part,PART #,DESCRIPTION,AG-234
residential,13,Peak Cap,0,3,length,LENGTH,DESCRIPTION,"20'-2"""
residential,13,Peak Cap,0,3,girth,GIRTH,DESCRIPTION,"1%"""
residential,13,Peak Cap,0,3,gauge,GAUGE,DESCRIPTION,26
residential,13,Peak Cap,0,3,weight_each,WEIGHT EACH,DESCRIPTION,14.96#
residential,13,Peak Cap,0,3,galvalume_plus,GALVALUME® PLUS,PRICED PER EACH,✓
residential,13,Peak Cap,0,3,signature_200,SIGNATURE® 200,PRICED PER EACH,✓
residential,13,Standard Valley,1,0,part,PART #,DESCRIPTION,AG-237
residential,13,Standard Valley,1,0,dim_a,"DIM ""A""",DESCRIPTION,"Oy,"""
residential,13,Standard Valley,1,0,length,LENGTH,DESCRIPTION,"10'-6"""
residential,13,Standard Valley,1,0,girth,GIRTH,DESCRIPTION,"2072"""
residential,13,Standard Valley,1,0,gauge,GAUGE,DESCRIPTION,29
residential,13,Standard Valley,1,0,weight_each,"WEIGHT
EACH",DESCRIPTION,10.88#
residential,13,Standard Valley,1,0,galvalume_plus,GALVALUME® PLUS,PRICED PER EACH,✓
residential,13,Standard Valley,1,0,signature_200,SIGNATURE® 200,PRICED PER EACH,✓
residential,13,Standard Valley,1,1,part,PART #,DESCRIPTION,AG-237
residential,13,Standard Valley,1,1,dim_a,"DIM ""A""",DESCRIPTION,"OM qq"""
residential,13,Standard Valley,1,1,length,LENGTH,DESCRIPTION,"10'-2"""
residential,13,Standard Valley,1,1,girth,GIRTH,DESCRIPTION,"21%"""
residential,13,Standard Valley,1,1,gauge,GAUGE,DESCRIPTION,26
residential,13,Standard Valley,1,1,weight_each,"WEIGHT
EACH",DESCRIPTION,14.16#
residential,13,Standard Valley,1,1,galvalume_plus,GALVALUME® PLUS,PRICED PER EACH,✓
residential,13,Standard Valley,1,1,signature_200,SIGNATURE® 200,PRICED PER EACH,✓
residential,13,Standard Valley,1,2,part,PART #,DESCRIPTION,AG-238
residential,13,Standard Valley,1,2,dim_a,"DIM ""A""",DESCRIPTION,"oy,"""
residential,13,Standard Valley,1,2,length,LENGTH,DESCRIPTION,"20'-2"""
residential,13,Standard Valley,1,2,girth,GIRTH,DESCRIPTION,"2072"""
residential,13,Standard Valley,1,2,gauge,GAUGE,DESCRIPTION,29
residential,13,Standard Valley,1,2,weight_each,"WEIGHT
EACH",DESCRIPTION,21.76#
residential,13,Standard Valley,1,2,galvalume_plus,GALVALUME® PLUS,PRICED PER EACH,✓
residential,13,Standard Valley,1,2,signature_200,SIGNATURE® 200,PRICED PER EACH,✓
residential,13,Standard Valley,1,3,part,PART #,DESCRIPTION,AG-238
residential,13,Standard Valley,1,3,dim_a,"DIM ""A""",DESCRIPTION,"OMe"""
residential,13,Standard Valley,1,3,length,LENGTH,DESCRIPTION,"20'-2"""
residential,13,Standard Valley,1,3,girth,GIRTH,DESCRIPTION,"21%"""
residential,13,Standard Valley,1,3,gauge,GAUGE,DESCRIPTION,26
residential,13,Standard Valley,1,3,weight_each,"WEIGHT
EACH",DESCRIPTION,28.3524
residential,13,Standard Valley,1,3,galvalume_plus,GALVALUME® PLUS,PRICED PER EACH,✓
residential,13,Standard Valley,1,3,signature_200,SIGNATURE® 200,PRICED PER EACH,✓
residential,13,Extended Valley,2,0,part,PART #,DESCRIPTION,AG-239
residential,13,Extended Valley,2,0,dim_a,"DIM ""A""",DESCRIPTION,"197/16"""
residential,13,Extended Valley,2,0,length,LENGTH,DESCRIPTION,"10'-6"""
residential,13,Extended Valley,2,0,girth,GIRTH,DESCRIPTION,"407%"""
residential,13,Extended Valley,2,0,gauge,GAUGE,DESCRIPTION,29
residential,13,Extended Valley,2,0,weight_each,"WEIGHT
EACH",DESCRIPTION,21.73#
residential,13,Extended Valley,2,0,galvalume_plus,GALVALUME® PLUS,PRICED PER EACH,✓
residential,13,Extended Valley,2,0,signature_200,SIGNATURE® 200,PRICED PER EACH,✓
residential,13,Extended Valley,2,1,part,PART #,DESCRIPTION,AG-239
residential,13,Extended Valley,2,1,dim_a,"DIM ""A""",DESCRIPTION,"20%"""
residential,13,Extended Valley,2,1,length,LENGTH,DESCRIPTION,"10'-2"""
residential,13,Extended Valley,2,1,girth,GIRTH,DESCRIPTION,"4254"""
residential,13,Extended Valley,2,1,gauge,GAUGE,DESCRIPTION,26
residential,13,Extended Valley,2,1,weight_each,"WEIGHT
EACH",DESCRIPTION,28.29#
residential,13,Extended Valley,2,1,galvalume_plus,GALVALUME® PLUS,PRICED PER EACH,✓
residential,13,Extended Valley,2,1,signature_200,SIGNATURE® 200,PRICED PER EACH,✓
residential,13,Extended Valley,2,2,part,PART #,DESCRIPTION,AG-240
residential,13,Extended Valley,2,2,dim_a,"DIM ""A""",DESCRIPTION,"197/16"""
residential,13,Extended Valley,2,2,length,LENGTH,DESCRIPTION,"14'-O"""
residential,13,Extended Valley,2,2,girth,GIRTH,DESCRIPTION,"407s"""
residential,13,Extended Valley,2,2,gauge,GAUGE,DESCRIPTION,29
residential,13,Extended Valley,2,2,weight_each,"WEIGHT
EACH",DESCRIPTION,28.1#
residential,13,Extended Valley,2,2,galvalume_plus,GALVALUME® PLUS,PRICED PER EACH,✓
residential,13,Extended Valley,2,2,signature_200,SIGNATURE® 200,PRICED PER EACH,✓
residential,13,Extended Valley,2,3,part,PART #,DESCRIPTION,AG-240
residential,13,Extended Valley,2,3,dim_a,"DIM ""A""",DESCRIPTION,"20%"""
residential,13,Extended Valley,2,3,length,LENGTH,DESCRIPTION,"14'-O"""
residential,13,Extended Valley,2,3,girth,GIRTH,DESCRIPTION,"42%"""
residential,13,Extended Valley,2,3,gauge,GAUGE,DESCRIPTION,26
residential,13,Extended Valley,2,3,weight_each,"WEIGHT
EACH",DESCRIPTION,38.82#
residential,13,Extended Valley,2,3,galvalume_plus,GALVALUME® PLUS,PRICED PER EACH,✓
residential,13,Extended Valley,2,3,signature_200,SIGNATURE® 200,PRICED PER EACH,✓
residential,14,Box Gutter,0,0,part,PART #,DESCRIPTION,AG-242
residential,14,Box Gutter,0,0,length,LENGTH,DESCRIPTION,"10'-6"""
residential,14,Box Gutter,0,0,girth,GIRTH,DESCRIPTION,"17%"""
residential,14,Box Gutter,0,0,gauge,GAUGE,DESCRIPTION,29
residential,14,Box Gutter,0,0,weight_each,WEIGHT EACH,DESCRIPTION,8.224
residential,14,Box Gutter,0,0,galvalume_plus,GALVALUME® PLUS,PRICED PER EACH,✓
residential,14,Box Gutter,0,0,signature_200,SIGNATURE® 200,PRICED PER EACH,✓
residential,14,Box Gutter,0,1,part,PART #,DESCRIPTION,AG-242
residential,14,Box Gutter,0,1,length,LENGTH,DESCRIPTION,"10'-2"""
residential,14,Box Gutter,0,1,girth,GIRTH,DESCRIPTION,"17%"""
residential,14,Box Gutter,0,1,gauge,GAUGE,DESCRIPTION,26
residential,14,Box Gutter,0,1,weight_each,WEIGHT EACH,DESCRIPTION,10.71#
residential,14,Box Gutter,0,1,galvalume_plus,GALVALUME® PLUS,PRICED PER EACH,✓
residential,14,Box Gutter,0,1,signature_200,SIGNATURE® 200,PRICED PER EACH,✓
residential,14,Box Gutter,0,2,part,PART #,DESCRIPTION,AG-243
residential,14,Box Gutter,0,2,length,LENGTH,DESCRIPTION,"20'-2"""
residential,14,Box Gutter,0,2,girth,GIRTH,DESCRIPTION,"17%"""
residential,14,Box Gutter,0,2,gauge,GAUGE,DESCRIPTION,29
residential,14,Box Gutter,0,2,weight_each,WEIGHT EACH,DESCRIPTION,16.44#
residential,14,Box Gutter,0,2,galvalume_plus,GALVALUME® PLUS,PRICED PER EACH,✓
residential,14,Box Gutter,0,2,signature_200,SIGNATURE® 200,PRICED PER EACH,✓
residential,14,Box Gutter,0,3,part,PART #,DESCRIPTION,AG-243
residential,14,Box Gutter,0,3,length,LENGTH,DESCRIPTION,"20'-2"""
residential,14,Box Gutter,0,3,girth,GIRTH,DESCRIPTION,"17%"""
residential,14,Box Gutter,0,3,gauge,GAUGE,DESCRIPTION,26
residential,14,Box Gutter,0,3,weight_each,WEIGHT EACH,DESCRIPTION,21.424
residential,14,Box Gutter,0,3,galvalume_plus,GALVALUME® PLUS,PRICED PER EACH,✓
residential,14,Box Gutter,0,3,signature_200,SIGNATURE® 200,PRICED PER EACH,✓
residential,14,5K Gutter,1,0,part,PART #,DESCRIPTION,LG-161
residential,14,5K Gutter,1,0,length,LENGTH,DESCRIPTION,"16'-O"""
residential,14,5K Gutter,1,0,girth,GIRTH,DESCRIPTION,"12%"""
residential,14,5K Gutter,1,0,gauge,GAUGE,DESCRIPTION,29
residential,14,5K Gutter,1,0,weight_each,WEIGHT EACH,DESCRIPTION,9.86#
residential,14,5K Gutter,1,0,galvalume_plus,GALVALUME® PLUS,PRICED PER EACH,N/A
residential,14,5K Gutter,1,0,signature_200,SIGNATURE® 200,PRICED PER EACH,✓
residential,14,Residential Gutter,2,0,part,PART #,DESCRIPTION,FL-1000
residential,14,Residential Gutter,2,0,length,LENGTH,DESCRIPTION,"10'-2"""
residential,14,Residential Gutter,2,0,girth,GIRTH,DESCRIPTION,"128/16"""
residential,14,Residential Gutter,2,0,gauge,GAUGE,DESCRIPTION,29
residential,14,Residential Gutter,2,0,weight_each,WEIGHT EACH,DESCRIPTION,6.41#
residential,14,Residential Gutter,2,0,galvalume_plus,GALVALUME® PLUS,PRICED PER EACH,✓
residential,14,Residential Gutter,2,0,signature_200,SIGNATURE® 200,PRICED PER EACH,✓
residential,15,Gutter Ends,0,0,part,PART #,DESCRIPTION,AG-245
residential,15,Gutter Ends,0,0,type,TYPE,DESCRIPTION,Box
residential,15,Gutter Ends,0,0,gauge,GAUGE,DESCRIPTION,29
residential,15,Gutter Ends,0,0,weight_each,WEIGHT EACH,DESCRIPTION,IS#
residential,15,Gutter Ends,0,0,galvalume_plus,GALVALUME® PLUS,PRICED PER EACH,✓
residential,15,Gutter Ends,0,0,signature_200,SIGNATURE® 200,PRICED PER EACH,✓
residential,15,Gutter Ends,0,1,part,PART #,DESCRIPTION,AG-245
residential,15,Gutter Ends,0,1,type,TYPE,DESCRIPTION,Box
residential,15,Gutter Ends,0,1,gauge,GAUGE,DESCRIPTION,26
residential,15,Gutter Ends,0,1,weight_each,WEIGHT EACH,DESCRIPTION,J9#
residential,15,Gutter Ends,0,1,galvalume_plus,GALVALUME® PLUS,PRICED PER EACH,✓
residential,15,Gutter Ends,0,1,signature_200,SIGNATURE® 200,PRICED PER EACH,✓
residential,15,Gutter Ends,0,2,part,PART #,DESCRIPTION,FL-1001
residential,15,Gutter Ends,0,2,type,TYPE,DESCRIPTION,Box
residential,15,Gutter Ends,0,2,gauge,GAUGE,DESCRIPTION,29
residential,15,Gutter Ends,0,2,weight_each,WEIGHT EACH,DESCRIPTION,O8#
residential,15,Gutter Ends,0,2,galvalume_plus,GALVALUME® PLUS,PRICED PER EACH,✓
residential,15,Gutter Ends,0,2,signature_200,SIGNATURE® 200,PRICED PER EACH,✓
residential,15,Gutter Ends,0,3,part,PART #,DESCRIPTION,FL-1001
residential,15,Gutter Ends,0,3,type,TYPE,DESCRIPTION,Box
residential,15,Gutter Ends,0,3,gauge,GAUGE,DESCRIPTION,26
residential,15,Gutter Ends,0,3,weight_each,WEIGHT EACH,DESCRIPTION,JO#
residential,15,Gutter Ends,0,3,galvalume_plus,GALVALUME® PLUS,PRICED PER EACH,✓
residential,15,Gutter Ends,0,3,signature_200,SIGNATURE® 200,PRICED PER EACH,✓
residential,15,Gutter Ends,0,4,part,PART #,DESCRIPTION,LG-167A
residential,15,Gutter Ends,0,4,type,TYPE,DESCRIPTION,5K (Left)
residential,15,Gutter Ends,0,4,gauge,GAUGE,DESCRIPTION,29
residential,15,Gutter Ends,0,4,weight_each,WEIGHT EACH,DESCRIPTION,JO#
residential,15,Gutter Ends,0,4,galvalume_plus,GALVALUME® PLUS,PRICED PER EACH,N/A
residential,15,Gutter Ends,0,4,signature_200,SIGNATURE® 200,PRICED PER EACH,✓
residential,15,Gutter Ends,0,5,part,PART #,DESCRIPTION,LG-167B
residential,15,Gutter Ends,0,5,type,TYPE,DESCRIPTION,5K (Right)
residential,15,Gutter Ends,0,5,gauge,GAUGE,DESCRIPTION,29
residential,15,Gutter Ends,0,5,weight_each,WEIGHT EACH,DESCRIPTION,JO#
residential,15,Gutter Ends,0,5,galvalume_plus,GALVALUME® PLUS,PRICED PER EACH,N/A
residential,15,Gutter Ends,0,5,signature_200,SIGNATURE® 200,PRICED PER EACH,✓
residential,15,Gutter Strap,1,0,part,PART #,DESCRIPTION,AG-244
residential,15,Gutter Strap,1,0,length,LENGTH,DESCRIPTION,"g"""
residential,15,Gutter Strap,1,0,girth,GIRTH,DESCRIPTION,"2"""
residential,15,Gutter Strap,1,0,gauge,GAUGE,DESCRIPTION,29
residential,15,Gutter Strap,1,0,weight_each,WEIGHT EACH,DESCRIPTION,O8#
residential,15,Gutter Strap,1,0,galvalume_plus,GALVALUME® PLUS,PRICED PER EACH,✓
residential,15,Gutter Strap,1,0,signature_200,SIGNATURE® 200,PRICED PER EACH,✓
residential,15,Gutter Strap,1,1,part,PART #,DESCRIPTION,AG-244
residential,15,Gutter Strap,1,1,length,LENGTH,DESCRIPTION,"g"""
residential,15,Gutter Strap,1,1,girth,GIRTH,DESCRIPTION,Qn
residential,15,Gutter Strap,1,1,gauge,GAUGE,DESCRIPTION,26
residential,15,Gutter Strap,1,1,weight_each,WEIGHT EACH,DESCRIPTION,O9#
residential,15,Gutter Strap,1,1,galvalume_plus,GALVALUME® PLUS,PRICED PER EACH,✓
residential,15,Gutter Strap,1,1,signature_200,SIGNATURE® 200,PRICED PER EACH,✓
residential,15,Gutter Apron,2,0,part,PART #,DESCRIPTION,LG-149
residential,15,Gutter Apron,2,0,length,LENGTH,DESCRIPTION,"10'-6"""
residential,15,Gutter Apron,2,0,girth,GIRTH,DESCRIPTION,"5"""
residential,15,Gutter Apron,2,0,gauge,GAUGE,DESCRIPTION,29
residential,15,Gutter Apron,2,0,weight_each,WEIGHT EACH,DESCRIPTION,2.754
residential,15,Gutter Apron,2,0,galvalume_plus,GALVALUME® PLUS,PRICED PER EACH,✓
residential,15,Gutter Apron,2,0,signature_200,SIGNATURE® 200,PRICED PER EACH,✓
residential,15,Gutter Apron,2,1,part,PART #,DESCRIPTION,LG-149
residential,15,Gutter Apron,2,1,length,LENGTH,DESCRIPTION,"10'-6"""
residential,15,Gutter Apron,2,1,girth,GIRTH,DESCRIPTION,"5"""
residential,15,Gutter Apron,2,1,gauge,GAUGE,DESCRIPTION,26
residential,15,Gutter Apron,2,1,weight_each,WEIGHT EACH,DESCRIPTION,3.40#
residential,15,Gutter Apron,2,1,galvalume_plus,GALVALUME® PLUS,PRICED PER EACH,✓
residential,15,Gutter Apron,2,1,signature_200,SIGNATURE® 200,PRICED PER EACH,✓
residential,16,"3"" Oval Outlet",0,0,column_1,,,DESCRIPTION
residential,16,"3"" Oval Outlet",0,0,column_3,,,PRICED PER EACH
residential,16,"3"" Oval Outlet",0,1,column_1,,,PART #
residential,16,"3"" Oval Outlet",0,1,column_2,,,WEIGHT EACH
residential,16,"3"" Oval Outlet",0,1,column_3,,,GALVANIZED
residential,16,"3"" Oval Outlet",0,2,column_1,,,HW-1328
residential,16,"3"" Oval Outlet",0,2,column_2,,,244
residential,16,"3"" Oval Outlet",0,2,column_3,,,v
residential,16,Box Downspout - Straight,1,0,part,PART #,DESCRIPTION,FL-31
residential,16,Box Downspout - Straight,1,0,length,LENGTH,DESCRIPTION,"10'-2"""
residential,16,Box Downspout - Straight,1,0,girth,GIRTH,DESCRIPTION,"167%"""
residential,16,Box Downspout - Straight,1,0,gauge,GAUGE,DESCRIPTION,26
residential,16,Box Downspout - Straight,1,0,weight_each,WEIGHT EACH,DESCRIPTION,Nl2#
residential,16,Box Downspout - Straight,1,0,galvalume_plus,GALVALUME® PLUS,PRICED PER EACH,✓
residential,16,Box Downspout - Straight,1,0,signature_200,SIGNATURE® 200,PRICED PER EACH,✓
residential,16,Box Downspout - Straight,1,1,part,PART #,DESCRIPTION,FL-31B
residential,16,Box Downspout - Straight,1,1,length,LENGTH,DESCRIPTION,"14'-0"""
residential,16,Box Downspout - Straight,1,1,girth,GIRTH,DESCRIPTION,"1678"""
residential,16,Box Downspout - Straight,1,1,gauge,GAUGE,DESCRIPTION,26
residential,16,Box Downspout - Straight,1,1,weight_each,WEIGHT EACH,DESCRIPTION,15.324
residential,16,Box Downspout - Straight,1,1,galvalume_plus,GALVALUME® PLUS,PRICED PER EACH,✓
residential,16,Box Downspout - Straight,1,1,signature_200,SIGNATURE® 200,PRICED PER EACH,✓
residential,16,Box Downspout With 45° Elbow,2,0,part,PART #,DESCRIPTION,FL-31IA
residential,16,Box Downspout With 45° Elbow,2,0,length,LENGTH,DESCRIPTION,"10'-2"""
residential,16,Box Downspout With 45° Elbow,2,0,girth,GIRTH,DESCRIPTION,"167%"""
residential,16,Box Downspout With 45° Elbow,2,0,gauge,GAUGE,DESCRIPTION,26
residential,16,Box Downspout With 45° Elbow,2,0,weight_each,WEIGHT EACH,DESCRIPTION,T12#
residential,16,Box Downspout With 45° Elbow,2,0,galvalume_plus,GALVALUME*® PLUS,PRICED PER EACH,✓
residential,16,Box Downspout With 45° Elbow,2,0,signature_200,SIGNATURE® 200,PRICED PER EACH,✓
residential,16,Box Downspout With 45° Elbow,2,1,part,PART #,DESCRIPTION,FL-31E
residential,16,Box Downspout With 45° Elbow,2,1,length,LENGTH,DESCRIPTION,"14'-O"""
residential,16,Box Downspout With 45° Elbow,2,1,girth,GIRTH,DESCRIPTION,"167%"""
residential,16,Box Downspout With 45° Elbow,2,1,gauge,GAUGE,DESCRIPTION,26
residential,16,Box Downspout With 45° Elbow,2,1,weight_each,WEIGHT EACH,DESCRIPTION,15.32#
residential,16,Box Downspout With 45° Elbow,2,1,galvalume_plus,GALVALUME*® PLUS,PRICED PER EACH,✓
residential,16,Box Downspout With 45° Elbow,2,1,signature_200,SIGNATURE® 200,PRICED PER EACH,✓
residential,17,Box Downspout Elbow,0,0,part,PART #,DESCRIPTION,FL-32
residential,17,Box Downspout Elbow,0,0,elbow_angle,ELBOW ANGLE,DESCRIPTION,45°
residential,17,Box Downspout Elbow,0,0,length,LENGTH,DESCRIPTION,"7"""
residential,17,Box Downspout Elbow,0,0,girth,GIRTH,DESCRIPTION,"1678"""
residential,17,Box Downspout Elbow,0,0,girth_2,GIRTH,DESCRIPTION,26
residential,17,Box Downspout Elbow,0,0,gauge,GAUGE,DESCRIPTION,1.324
residential,17,Box Downspout Elbow,0,0,galvalume_plus,GALVALUME® PLUS,PRICED PER EACH,✓
residential,17,Box Downspout Elbow,0,0,signature_200,SIGNATURE® 200,PRICED PER EACH,✓
residential,17,Box Downspout Elbow,0,1,part,PART #,DESCRIPTION,FL-33
residential,17,Box Downspout Elbow,0,1,elbow_angle,ELBOW ANGLE,DESCRIPTION,90°
residential,17,Box Downspout Elbow,0,1,length,LENGTH,DESCRIPTION,"7"""
residential,17,Box Downspout Elbow,0,1,girth,GIRTH,DESCRIPTION,"1678"""
residential,17,Box Downspout Elbow,0,1,girth_2,GIRTH,DESCRIPTION,26
residential,17,Box Downspout Elbow,0,1,gauge,GAUGE,DESCRIPTION,1.28#
residential,17,Box Downspout Elbow,0,1,galvalume_plus,GALVALUME® PLUS,PRICED PER EACH,✓
residential,17,Box Downspout Elbow,0,1,signature_200,SIGNATURE® 200,PRICED PER EACH,✓
residential,17,Eave Trim,1,0,part,PART #,DESCRIPTION,AG-246
residential,17,Eave Trim,1,0,length,LENGTH,DESCRIPTION,"10'-6"""
residential,17,Eave Trim,1,0,girth,GIRTH,DESCRIPTION,"7 Ve"""
residential,17,Eave Trim,1,0,gauge,GAUGE,DESCRIPTION,29
residential,17,Eave Trim,1,0,weight_each,WEIGHT EACH,DESCRIPTION,3.48#
residential,17,Eave Trim,1,0,galvalume_plus,GALVALUME® PLUS,PRICED PER EACH,✓
residential,17,Eave Trim,1,0,signature_200,SIGNATURE® 200,PRICED PER EACH,✓
residential,17,Eave Trim,1,1,part,PART #,DESCRIPTION,AG-246
residential,17,Eave Trim,1,1,length,LENGTH,DESCRIPTION,"10'-2"""
residential,17,Eave Trim,1,1,girth,GIRTH,DESCRIPTION,"7 Xe"""
residential,17,Eave Trim,1,1,gauge,GAUGE,DESCRIPTION,26
residential,17,Eave Trim,1,1,weight_each,WEIGHT EACH,DESCRIPTION,4.51#
residential,17,Eave Trim,1,1,galvalume_plus,GALVALUME® PLUS,PRICED PER EACH,✓
residential,17,Eave Trim,1,1,signature_200,SIGNATURE® 200,PRICED PER EACH,✓
residential,17,Eave Trim,1,2,part,PART #,DESCRIPTION,AG-247
residential,17,Eave Trim,1,2,length,LENGTH,DESCRIPTION,"20'-2"""
residential,17,Eave Trim,1,2,girth,GIRTH,DESCRIPTION,"79"""
residential,17,Eave Trim,1,2,gauge,GAUGE,DESCRIPTION,29
residential,17,Eave Trim,1,2,weight_each,WEIGHT EACH,DESCRIPTION,6.96#
residential,17,Eave Trim,1,2,galvalume_plus,GALVALUME® PLUS,PRICED PER EACH,✓
residential,17,Eave Trim,1,2,signature_200,SIGNATURE® 200,PRICED PER EACH,✓
residential,17,Eave Trim,1,3,part,PART #,DESCRIPTION,AG-247
residential,17,Eave Trim,1,3,length,LENGTH,DESCRIPTION,"20'-2"""
residential,17,Eave Trim,1,3,girth,GIRTH,DESCRIPTION,"7%"""
residential,17,Eave Trim,1,3,gauge,GAUGE,DESCRIPTION,26
residential,17,Eave Trim,1,3,weight_each,WEIGHT EACH,DESCRIPTION,9.02#
residential,17,Eave Trim,1,3,galvalume_plus,GALVALUME® PLUS,PRICED PER EACH,✓
residential,17,Eave Trim,1,3,signature_200,SIGNATURE® 200,PRICED PER EACH,✓
residential,17,Fascia Angle,2,0,part,PART #,DESCRIPTION,AG-252
residential,17,Fascia Angle,2,0,length,LENGTH,DESCRIPTION,"10'-6"""
residential,17,Fascia Angle,2,0,girth,GIRTH,DESCRIPTION,"8"""
residential,17,Fascia Angle,2,0,gauge,GAUGE,DESCRIPTION,29
residential,17,Fascia Angle,2,0,weight_each,WEIGHT EACH,DESCRIPTION,3.98#
residential,17,Fascia Angle,2,0,galvalume_plus,GALVALUME® PLUS,PRICED PER EACH,✓
residential,17,Fascia Angle,2,0,signature_200,SIGNATURE® 200,PRICED PER EACH,✓
residential,17,Fascia Angle,2,1,part,PART #,DESCRIPTION,AG-252
residential,17,Fascia Angle,2,1,length,LENGTH,DESCRIPTION,"10'-2"""
residential,17,Fascia Angle,2,1,girth,GIRTH,DESCRIPTION,"8"""
residential,17,Fascia Angle,2,1,gauge,GAUGE,DESCRIPTION,26
residential,17,Fascia Angle,2,1,weight_each,WEIGHT EACH,DESCRIPTION,5.16#
residential,17,Fascia Angle,2,1,galvalume_plus,GALVALUME® PLUS,PRICED PER EACH,✓
residential,17,Fascia Angle,2,1,signature_200,SIGNATURE® 200,PRICED PER EACH,✓
residential,17,Fascia Angle,2,2,part,PART #,DESCRIPTION,AG-253
residential,17,Fascia Angle,2,2,length,LENGTH,DESCRIPTION,"20'-2"""
residential,17,Fascia Angle,2,2,girth,GIRTH,DESCRIPTION,"8"""
residential,17,Fascia Angle,2,2,gauge,GAUGE,DESCRIPTION,29
residential,17,Fascia Angle,2,2,weight_each,WEIGHT EACH,DESCRIPTION,7.960#
residential,17,Fascia Angle,2,2,galvalume_plus,GALVALUME® PLUS,PRICED PER EACH,✓
residential,17,Fascia Angle,2,2,signature_200,SIGNATURE® 200,PRICED PER EACH,✓
residential,17,Fascia Angle,2,3,part,PART #,DESCRIPTION,AG-253
residential,17,Fascia Angle,2,3,length,LENGTH,DESCRIPTION,"20'-2"""
residential,17,Fascia Angle,2,3,girth,GIRTH,DESCRIPTION,"8"""
residential,17,Fascia Angle,2,3,gauge,GAUGE,DESCRIPTION,26
residential,17,Fascia Angle,2,3,weight_each,WEIGHT EACH,DESCRIPTION,10.324
residential,17,Fascia Angle,2,3,galvalume_plus,GALVALUME® PLUS,PRICED PER EACH,✓
residential,17,Fascia Angle,2,3,signature_200,SIGNATURE® 200,PRICED PER EACH,✓
residential,18,Soffit Angle,0,0,part,PART #,DESCRIPTION,AG-258
residential,18,Soffit Angle,0,0,length,LENGTH,DESCRIPTION,"10'-6"""
residential,18,Soffit Angle,0,0,girth,GIRTH,DESCRIPTION,"QVs"""
residential,18,Soffit Angle,0,0,gauge,GAUGE,DESCRIPTION,29
residential,18,Soffit Angle,0,0,weight_each,WEIGHT EACH,DESCRIPTION,1.244
residential,18,Soffit Angle,0,0,galvalume_plus,GALVALUME® PLUS,PRICED PER EACH,✓
residential,18,Soffit Angle,0,0,signature_200,SIGNATURE® 200,PRICED PER EACH,✓
residential,18,Soffit Angle,0,1,part,PART #,DESCRIPTION,AG-258
residential,18,Soffit Angle,0,1,length,LENGTH,DESCRIPTION,"10'-2"""
residential,18,Soffit Angle,0,1,girth,GIRTH,DESCRIPTION,"QV"""
residential,18,Soffit Angle,0,1,gauge,GAUGE,DESCRIPTION,26
residential,18,Soffit Angle,0,1,weight_each,WEIGHT EACH,DESCRIPTION,1.62#
residential,18,Soffit Angle,0,1,galvalume_plus,GALVALUME® PLUS,PRICED PER EACH,✓
residential,18,Soffit Angle,0,1,signature_200,SIGNATURE® 200,PRICED PER EACH,✓
residential,18,Sidewall Flashing,1,0,part,PART #,DESCRIPTION,LG-109
residential,18,Sidewall Flashing,1,0,length,LENGTH,DESCRIPTION,"10'-6"""
residential,18,Sidewall Flashing,1,0,girth,GIRTH,DESCRIPTION,"gy,"""
residential,18,Sidewall Flashing,1,0,gauge,GAUGE,DESCRIPTION,29
residential,18,Sidewall Flashing,1,0,weight_each,WEIGHT EACH,DESCRIPTION,4.50#
residential,18,Sidewall Flashing,1,0,galvalume_plus,GALVALUME® PLUS,PRICED PER EACH,✓
residential,18,Sidewall Flashing,1,0,signature_200,SIGNATURE® 200,PRICED PER EACH,✓
residential,18,Sidewall Flashing,1,1,part,PART #,DESCRIPTION,LG-109
residential,18,Sidewall Flashing,1,1,length,LENGTH,DESCRIPTION,"10'-6"""
residential,18,Sidewall Flashing,1,1,girth,GIRTH,DESCRIPTION,"By,"""
residential,18,Sidewall Flashing,1,1,gauge,GAUGE,DESCRIPTION,26
residential,18,Sidewall Flashing,1,1,weight_each,WEIGHT EACH,DESCRIPTION,5.62#
residential,18,Sidewall Flashing,1,1,galvalume_plus,GALVALUME® PLUS,PRICED PER EACH,✓
residential,18,Sidewall Flashing,1,1,signature_200,SIGNATURE® 200,PRICED PER EACH,✓
residential,18,Endwall Flashing,2,0,part,PART #,DESCRIPTION,LG-107
residential,18,Endwall Flashing,2,0,length,LENGTH,DESCRIPTION,"10'-6"""
residential,18,Endwall Flashing,2,0,girth,GIRTH,DESCRIPTION,"934"""
residential,18,Endwall Flashing,2,0,gauge,GAUGE,DESCRIPTION,29
residential,18,Endwall Flashing,2,0,weight_each,WEIGHT EACH,DESCRIPTION,5.524
residential,18,Endwall Flashing,2,0,galvalume_plus,GALVALUME® PLUS,PRICED PER EACH,✓
residential,18,Endwall Flashing,2,0,signature_200,SIGNATURE® 200,PRICED PER EACH,✓
residential,19,Concealed Rake,0,0,part,PART #,DESCRIPTION,CF-301
residential,19,Concealed Rake,0,0,dim_a,"DIM ""A""",DESCRIPTION,"3"""
residential,19,Concealed Rake,0,0,length,LENGTH,DESCRIPTION,"10'-6"""
residential,19,Concealed Rake,0,0,girth,GIRTH,DESCRIPTION,"Ry,"""
residential,19,Concealed Rake,0,0,gauge,GAUGE,DESCRIPTION,29
residential,19,Concealed Rake,0,0,weight_each,WEIGHT EACH,DESCRIPTION,4.444
residential,19,Concealed Rake,0,0,galvalume_plus,GALVALUME® PLUS,PRICED PER EACH,✓
residential,19,Concealed Rake,0,0,signature_200,SIGNATURE® 200,PRICED PER EACH,✓
residential,19,Concealed Rake,0,1,part,PART #,DESCRIPTION,CF-3O01A
residential,19,Concealed Rake,0,1,dim_a,"DIM ""A""",DESCRIPTION,"6"""
residential,19,Concealed Rake,0,1,length,LENGTH,DESCRIPTION,"10'-6"""
residential,19,Concealed Rake,0,1,girth,GIRTH,DESCRIPTION,"Wy"""
residential,19,Concealed Rake,0,1,gauge,GAUGE,DESCRIPTION,29
residential,19,Concealed Rake,0,1,weight_each,WEIGHT EACH,DESCRIPTION,6.07#
residential,19,Concealed Rake,0,1,galvalume_plus,GALVALUME® PLUS,PRICED PER EACH,✓
residential,19,Concealed Rake,0,1,signature_200,SIGNATURE® 200,PRICED PER EACH,✓
residential,19,5V Crimp Rake Trim,1,0,part,PART #,DESCRIPTION,FL-1020
residential,19,5V Crimp Rake Trim,1,0,dim_a,"DIM ""A""",DESCRIPTION,"28 /ig"""
residential,19,5V Crimp Rake Trim,1,0,roof_slope,ROOF SLOPE,DESCRIPTION,3-4:12
residential,19,5V Crimp Rake Trim,1,0,length,LENGTH,DESCRIPTION,"10'-2"""
residential,19,5V Crimp Rake Trim,1,0,girth,GIRTH,DESCRIPTION,"87/16"""
residential,19,5V Crimp Rake Trim,1,0,gauge,GAUGE,DESCRIPTION,29
residential,19,5V Crimp Rake Trim,1,0,weight_each,"WEIGHT
EACH",DESCRIPTION,4.31#
residential,19,5V Crimp Rake Trim,1,0,galvalume_plus,GALVALUME® PLUS,PRICED PER EACH,✓
residential,19,5V Crimp Rake Trim,1,0,signature_200,SIGNATURE? 200,PRICED PER EACH,✓
residential,19,5V Crimp Rake Trim,1,1,part,PART #,DESCRIPTION,FL-1020
residential,19,5V Crimp Rake Trim,1,1,dim_a,"DIM ""A""",DESCRIPTION,"28 /ig"""
residential,19,5V Crimp Rake Trim,1,1,roof_slope,ROOF SLOPE,DESCRIPTION,$-4:12
residential,19,5V Crimp Rake Trim,1,1,length,LENGTH,DESCRIPTION,"10'-2"""
residential,19,5V Crimp Rake Trim,1,1,girth,GIRTH,DESCRIPTION,"87/16"""
residential,19,5V Crimp Rake Trim,1,1,gauge,GAUGE,DESCRIPTION,26
residential,19,5V Crimp Rake Trim,1,1,weight_each,"WEIGHT
EACH",DESCRIPTION,5.57#
residential,19,5V Crimp Rake Trim,1,1,galvalume_plus,GALVALUME® PLUS,PRICED PER EACH,✓
residential,19,5V Crimp Rake Trim,1,1,signature_200,SIGNATURE? 200,PRICED PER EACH,✓
residential,19,5V Crimp Rake Trim,1,2,part,PART #,DESCRIPTION,FL-1021
residential,19,5V Crimp Rake Trim,1,2,dim_a,"DIM ""A""",DESCRIPTION,"28/16"""
residential,19,5V Crimp Rake Trim,1,2,roof_slope,ROOF SLOPE,DESCRIPTION,5-6:12
residential,19,5V Crimp Rake Trim,1,2,length,LENGTH,DESCRIPTION,"10'-2"""
residential,19,5V Crimp Rake Trim,1,2,girth,GIRTH,DESCRIPTION,"88/16"""
residential,19,5V Crimp Rake Trim,1,2,gauge,GAUGE,DESCRIPTION,29
residential,19,5V Crimp Rake Trim,1,2,weight_each,"WEIGHT
EACH",DESCRIPTION,4.244
residential,19,5V Crimp Rake Trim,1,2,galvalume_plus,GALVALUME® PLUS,PRICED PER EACH,✓
residential,19,5V Crimp Rake Trim,1,2,signature_200,SIGNATURE? 200,PRICED PER EACH,✓
residential,19,5V Crimp Rake Trim,1,3,part,PART #,DESCRIPTION,FL-1021
residential,19,5V Crimp Rake Trim,1,3,dim_a,"DIM ""A""",DESCRIPTION,"28/6"""
residential,19,5V Crimp Rake Trim,1,3,roof_slope,ROOF SLOPE,DESCRIPTION,5-6:12
residential,19,5V Crimp Rake Trim,1,3,length,LENGTH,DESCRIPTION,"JO'-2"""
residential,19,5V Crimp Rake Trim,1,3,girth,GIRTH,DESCRIPTION,"85/16"""
residential,19,5V Crimp Rake Trim,1,3,gauge,GAUGE,DESCRIPTION,26
residential,19,5V Crimp Rake Trim,1,3,weight_each,"WEIGHT
EACH",DESCRIPTION,5.49#
residential,19,5V Crimp Rake Trim,1,3,galvalume_plus,GALVALUME® PLUS,PRICED PER EACH,✓
residential,19,5V Crimp Rake Trim,1,3,signature_200,SIGNATURE? 200,PRICED PER EACH,✓
residential,19,5V Crimp Rake Trim,1,4,part,PART #,DESCRIPTION,FL-1022
residential,19,5V Crimp Rake Trim,1,4,dim_a,"DIM ""A""",DESCRIPTION,"2/6"""
residential,19,5V Crimp Rake Trim,1,4,roof_slope,ROOF SLOPE,DESCRIPTION,712
residential,19,5V Crimp Rake Trim,1,4,length,LENGTH,DESCRIPTION,"10°-2"""
residential,19,5V Crimp Rake Trim,1,4,girth,GIRTH,DESCRIPTION,"88/16"""
residential,19,5V Crimp Rake Trim,1,4,gauge,GAUGE,DESCRIPTION,29
residential,19,5V Crimp Rake Trim,1,4,weight_each,"WEIGHT
EACH",DESCRIPTION,4184
residential,19,5V Crimp Rake Trim,1,4,galvalume_plus,GALVALUME® PLUS,PRICED PER EACH,✓
residential,19,5V Crimp Rake Trim,1,4,signature_200,SIGNATURE? 200,PRICED PER EACH,✓
residential,19,5V Crimp Rake Trim,1,5,part,PART #,DESCRIPTION,FL-1022
residential,19,5V Crimp Rake Trim,1,5,dim_a,"DIM ""A""",DESCRIPTION,"21/16"""
residential,19,5V Crimp Rake Trim,1,5,roof_slope,ROOF SLOPE,DESCRIPTION,7112
residential,19,5V Crimp Rake Trim,1,5,length,LENGTH,DESCRIPTION,"10'-2"""
residential,19,5V Crimp Rake Trim,1,5,girth,GIRTH,DESCRIPTION,"83/16"""
residential,19,5V Crimp Rake Trim,1,5,gauge,GAUGE,DESCRIPTION,26
residential,19,5V Crimp Rake Trim,1,5,weight_each,"WEIGHT
EACH",DESCRIPTION,5.40#
residential,19,5V Crimp Rake Trim,1,5,galvalume_plus,GALVALUME® PLUS,PRICED PER EACH,✓
residential,19,5V Crimp Rake Trim,1,5,signature_200,SIGNATURE? 200,PRICED PER EACH,✓
residential,19,5V Crimp Rake Trim,1,6,part,PART #,DESCRIPTION,FL-1023
residential,19,5V Crimp Rake Trim,1,6,dim_a,"DIM ""A""",DESCRIPTION,"22/16"""
residential,19,5V Crimp Rake Trim,1,6,roof_slope,ROOF SLOPE,DESCRIPTION,8-9:12
residential,19,5V Crimp Rake Trim,1,6,length,LENGTH,DESCRIPTION,"10'-2"""
residential,19,5V Crimp Rake Trim,1,6,girth,GIRTH,DESCRIPTION,"87/16"""
residential,19,5V Crimp Rake Trim,1,6,gauge,GAUGE,DESCRIPTION,29
residential,19,5V Crimp Rake Trim,1,6,weight_each,"WEIGHT
EACH",DESCRIPTION,4124
residential,19,5V Crimp Rake Trim,1,6,galvalume_plus,GALVALUME® PLUS,PRICED PER EACH,✓
residential,19,5V Crimp Rake Trim,1,6,signature_200,SIGNATURE? 200,PRICED PER EACH,✓
residential,19,5V Crimp Rake Trim,1,7,part,PART #,DESCRIPTION,FL-1023
residential,19,5V Crimp Rake Trim,1,7,dim_a,"DIM ""A""",DESCRIPTION,"22/16"""
residential,19,5V Crimp Rake Trim,1,7,roof_slope,ROOF SLOPE,DESCRIPTION,8-9:12
residential,19,5V Crimp Rake Trim,1,7,length,LENGTH,DESCRIPTION,"10'-2"""
residential,19,5V Crimp Rake Trim,1,7,girth,GIRTH,DESCRIPTION,"8/16"""
residential,19,5V Crimp Rake Trim,1,7,gauge,GAUGE,DESCRIPTION,26
residential,19,5V Crimp Rake Trim,1,7,weight_each,"WEIGHT
EACH",DESCRIPTION,5.32#
residential,19,5V Crimp Rake Trim,1,7,galvalume_plus,GALVALUME® PLUS,PRICED PER EACH,✓
residential,19,5V Crimp Rake Trim,1,7,signature_200,SIGNATURE? 200,PRICED PER EACH,✓
residential,19,5V Crimp Rake Trim,1,8,part,PART #,DESCRIPTION,FL-1024
residential,19,5V Crimp Rake Trim,1,8,dim_a,"DIM ""A""",DESCRIPTION,"27/6"""
residential,19,5V Crimp Rake Trim,1,8,roof_slope,ROOF SLOPE,DESCRIPTION,10:12
residential,19,5V Crimp Rake Trim,1,8,length,LENGTH,DESCRIPTION,"10'-2"""
residential,19,5V Crimp Rake Trim,1,8,girth,GIRTH,DESCRIPTION,"78/6"""
residential,19,5V Crimp Rake Trim,1,8,gauge,GAUGE,DESCRIPTION,29
residential,19,5V Crimp Rake Trim,1,8,weight_each,"WEIGHT
EACH",DESCRIPTION,4.05#
residential,19,5V Crimp Rake Trim,1,8,galvalume_plus,GALVALUME® PLUS,PRICED PER EACH,✓
residential,19,5V Crimp Rake Trim,1,8,signature_200,SIGNATURE? 200,PRICED PER EACH,✓
residential,19,5V Crimp Rake Trim,1,9,part,PART #,DESCRIPTION,FL-1024
residential,19,5V Crimp Rake Trim,1,9,dim_a,"DIM ""A""",DESCRIPTION,"27/16"""
residential,19,5V Crimp Rake Trim,1,9,roof_slope,ROOF SLOPE,DESCRIPTION,10:12
residential,19,5V Crimp Rake Trim,1,9,length,LENGTH,DESCRIPTION,"10'-2"""
residential,19,5V Crimp Rake Trim,1,9,girth,GIRTH,DESCRIPTION,"78/16"""
residential,19,5V Crimp Rake Trim,1,9,gauge,GAUGE,DESCRIPTION,26
residential,19,5V Crimp Rake Trim,1,9,weight_each,"WEIGHT
EACH",DESCRIPTION,5.24#
residential,19,5V Crimp Rake Trim,1,9,galvalume_plus,GALVALUME® PLUS,PRICED PER EACH,✓
residential,19,5V Crimp Rake Trim,1,9,signature_200,SIGNATURE? 200,PRICED PER EACH,✓
residential,20,Slimline' Rake Trim,0,0,part,PART #,DESCRIPTION,FL-1030
residential,20,Slimline' Rake Trim,0,0,dim_a,"DIM ""A""",DESCRIPTION,"37/16"""
residential,20,Slimline' Rake Trim,0,0,roof_slope,ROOF SLOPE,DESCRIPTION,3-412
residential,20,Slimline' Rake Trim,0,0,length,LENGTH,DESCRIPTION,"10'-2"""
residential,20,Slimline' Rake Trim,0,0,girth,GIRTH,DESCRIPTION,"BB /i6"""
residential,20,Slimline' Rake Trim,0,0,gauge,GAUGE,DESCRIPTION,29
residential,20,Slimline' Rake Trim,0,0,weight_each,"WEIGHT
EACH",DESCRIPTION,4.50#
residential,20,Slimline' Rake Trim,0,0,galvalume_plus,GALVALUME® PLUS,PRICED PER EACH,✓
residential,20,Slimline' Rake Trim,0,0,signature_200,SIGNATURE® 200,PRICED PER EACH,✓
residential,20,Slimline' Rake Trim,0,1,part,PART #,DESCRIPTION,FL-1030
residential,20,Slimline' Rake Trim,0,1,dim_a,"DIM ""A""",DESCRIPTION,"37/16"""
residential,20,Slimline' Rake Trim,0,1,roof_slope,ROOF SLOPE,DESCRIPTION,$-4:12
residential,20,Slimline' Rake Trim,0,1,length,LENGTH,DESCRIPTION,"10'-2"""
residential,20,Slimline' Rake Trim,0,1,girth,GIRTH,DESCRIPTION,"8°3/16"""
residential,20,Slimline' Rake Trim,0,1,gauge,GAUGE,DESCRIPTION,26
residential,20,Slimline' Rake Trim,0,1,weight_each,"WEIGHT
EACH",DESCRIPTION,5.82#
residential,20,Slimline' Rake Trim,0,1,galvalume_plus,GALVALUME® PLUS,PRICED PER EACH,✓
residential,20,Slimline' Rake Trim,0,1,signature_200,SIGNATURE® 200,PRICED PER EACH,✓
residential,20,Slimline' Rake Trim,0,2,part,PART #,DESCRIPTION,FL-1031]
residential,20,Slimline' Rake Trim,0,2,dim_a,"DIM ""A""",DESCRIPTION,"35/6"""
residential,20,Slimline' Rake Trim,0,2,roof_slope,ROOF SLOPE,DESCRIPTION,5-6:12
residential,20,Slimline' Rake Trim,0,2,length,LENGTH,DESCRIPTION,"10'-2"""
residential,20,Slimline' Rake Trim,0,2,girth,GIRTH,DESCRIPTION,"8/15"""
residential,20,Slimline' Rake Trim,0,2,gauge,GAUGE,DESCRIPTION,29
residential,20,Slimline' Rake Trim,0,2,weight_each,"WEIGHT
EACH",DESCRIPTION,4.444
residential,20,Slimline' Rake Trim,0,2,galvalume_plus,GALVALUME® PLUS,PRICED PER EACH,✓
residential,20,Slimline' Rake Trim,0,2,signature_200,SIGNATURE® 200,PRICED PER EACH,✓
residential,20,Slimline' Rake Trim,0,3,part,PART #,DESCRIPTION,FL-1031
residential,20,Slimline' Rake Trim,0,3,dim_a,"DIM ""A""",DESCRIPTION,"35/16"""
residential,20,Slimline' Rake Trim,0,3,roof_slope,ROOF SLOPE,DESCRIPTION,5-6:12
residential,20,Slimline' Rake Trim,0,3,length,LENGTH,DESCRIPTION,"10'-2"""
residential,20,Slimline' Rake Trim,0,3,girth,GIRTH,DESCRIPTION,"8""/i6"""
residential,20,Slimline' Rake Trim,0,3,gauge,GAUGE,DESCRIPTION,26
residential,20,Slimline' Rake Trim,0,3,weight_each,"WEIGHT
EACH",DESCRIPTION,5.73#
residential,20,Slimline' Rake Trim,0,3,galvalume_plus,GALVALUME® PLUS,PRICED PER EACH,✓
residential,20,Slimline' Rake Trim,0,3,signature_200,SIGNATURE® 200,PRICED PER EACH,✓
residential,20,Slimline' Rake Trim,0,4,part,PART #,DESCRIPTION,FL-1032
residential,20,Slimline' Rake Trim,0,4,dim_a,"DIM ""A""",DESCRIPTION,"3B3/i6"""
residential,20,Slimline' Rake Trim,0,4,roof_slope,ROOF SLOPE,DESCRIPTION,712
residential,20,Slimline' Rake Trim,0,4,length,LENGTH,DESCRIPTION,"10'-2"""
residential,20,Slimline' Rake Trim,0,4,girth,GIRTH,DESCRIPTION,"8/16"""
residential,20,Slimline' Rake Trim,0,4,gauge,GAUGE,DESCRIPTION,29
residential,20,Slimline' Rake Trim,0,4,weight_each,"WEIGHT
EACH",DESCRIPTION,4.37#
residential,20,Slimline' Rake Trim,0,4,galvalume_plus,GALVALUME® PLUS,PRICED PER EACH,✓
residential,20,Slimline' Rake Trim,0,4,signature_200,SIGNATURE® 200,PRICED PER EACH,✓
residential,20,Slimline' Rake Trim,0,5,part,PART #,DESCRIPTION,FL-1032
residential,20,Slimline' Rake Trim,0,5,dim_a,"DIM ""A""",DESCRIPTION,"33/16"""
residential,20,Slimline' Rake Trim,0,5,roof_slope,ROOF SLOPE,DESCRIPTION,7:12
residential,20,Slimline' Rake Trim,0,5,length,LENGTH,DESCRIPTION,"10'-2"""
residential,20,Slimline' Rake Trim,0,5,girth,GIRTH,DESCRIPTION,"8/16"""
residential,20,Slimline' Rake Trim,0,5,gauge,GAUGE,DESCRIPTION,26
residential,20,Slimline' Rake Trim,0,5,weight_each,"WEIGHT
EACH",DESCRIPTION,5.65#
residential,20,Slimline' Rake Trim,0,5,galvalume_plus,GALVALUME® PLUS,PRICED PER EACH,✓
residential,20,Slimline' Rake Trim,0,5,signature_200,SIGNATURE® 200,PRICED PER EACH,✓
residential,20,Slimline' Rake Trim,0,6,part,PART #,DESCRIPTION,FL-1033
residential,20,Slimline' Rake Trim,0,6,dim_a,"DIM ""A""",DESCRIPTION,"36"""
residential,20,Slimline' Rake Trim,0,6,roof_slope,ROOF SLOPE,DESCRIPTION,8-9:12
residential,20,Slimline' Rake Trim,0,6,length,LENGTH,DESCRIPTION,"10'-2"""
residential,20,Slimline' Rake Trim,0,6,girth,GIRTH,DESCRIPTION,"87/6"""
residential,20,Slimline' Rake Trim,0,6,gauge,GAUGE,DESCRIPTION,29
residential,20,Slimline' Rake Trim,0,6,weight_each,"WEIGHT
EACH",DESCRIPTION,4.31#
residential,20,Slimline' Rake Trim,0,6,galvalume_plus,GALVALUME® PLUS,PRICED PER EACH,✓
residential,20,Slimline' Rake Trim,0,6,signature_200,SIGNATURE® 200,PRICED PER EACH,✓
residential,20,Slimline' Rake Trim,0,7,part,PART #,DESCRIPTION,FL-1033
residential,20,Slimline' Rake Trim,0,7,dim_a,"DIM ""A""",DESCRIPTION,"3Vi6"""
residential,20,Slimline' Rake Trim,0,7,roof_slope,ROOF SLOPE,DESCRIPTION,8-9:12
residential,20,Slimline' Rake Trim,0,7,length,LENGTH,DESCRIPTION,"10'-2"""
residential,20,Slimline' Rake Trim,0,7,girth,GIRTH,DESCRIPTION,"87/16"""
residential,20,Slimline' Rake Trim,0,7,gauge,GAUGE,DESCRIPTION,26
residential,20,Slimline' Rake Trim,0,7,weight_each,"WEIGHT
EACH",DESCRIPTION,5.57#
residential,20,Slimline' Rake Trim,0,7,galvalume_plus,GALVALUME® PLUS,PRICED PER EACH,✓
residential,20,Slimline' Rake Trim,0,7,signature_200,SIGNATURE® 200,PRICED PER EACH,✓
residential,20,Slimline' Rake Trim,0,8,part,PART #,DESCRIPTION,FL-1034
residential,20,Slimline' Rake Trim,0,8,dim_a,"DIM ""A""",DESCRIPTION,"28/16"""
residential,20,Slimline' Rake Trim,0,8,roof_slope,ROOF SLOPE,DESCRIPTION,10:12
residential,20,Slimline' Rake Trim,0,8,length,LENGTH,DESCRIPTION,"10'-2"""
residential,20,Slimline' Rake Trim,0,8,girth,GIRTH,DESCRIPTION,"85/16"""
residential,20,Slimline' Rake Trim,0,8,gauge,GAUGE,DESCRIPTION,29
residential,20,Slimline' Rake Trim,0,8,weight_each,"WEIGHT
EACH",DESCRIPTION,4.244
residential,20,Slimline' Rake Trim,0,8,galvalume_plus,GALVALUME® PLUS,PRICED PER EACH,✓
residential,20,Slimline' Rake Trim,0,8,signature_200,SIGNATURE® 200,PRICED PER EACH,✓
residential,20,Slimline' Rake Trim,0,9,part,PART #,DESCRIPTION,FL-1034
residential,20,Slimline' Rake Trim,0,9,dim_a,"DIM ""A""",DESCRIPTION,"28/16"""
residential,20,Slimline' Rake Trim,0,9,roof_slope,ROOF SLOPE,DESCRIPTION,10:12
residential,20,Slimline' Rake Trim,0,9,length,LENGTH,DESCRIPTION,"10'-2"""
residential,20,Slimline' Rake Trim,0,9,girth,GIRTH,DESCRIPTION,"85/16"""
residential,20,Slimline' Rake Trim,0,9,gauge,GAUGE,DESCRIPTION,26
residential,20,Slimline' Rake Trim,0,9,weight_each,"WEIGHT
EACH",DESCRIPTION,5.49#
residential,20,Slimline' Rake Trim,0,9,galvalume_plus,GALVALUME® PLUS,PRICED PER EACH,✓
residential,20,Slimline' Rake Trim,0,9,signature_200,SIGNATURE® 200,PRICED PER EACH,✓
residential,20,Slimline' Rake Trim,1,0,part,PART #,DESCRIPTION,AG-454
residential,20,Slimline' Rake Trim,1,0,length,LENGTH,DESCRIPTION,"10'-6"""
residential,20,Slimline' Rake Trim,1,0,girth,GIRTH,DESCRIPTION,"8%"""
residential,20,Slimline' Rake Trim,1,0,gauge,GAUGE,DESCRIPTION,29
residential,20,Slimline' Rake Trim,1,0,weight_each,WEIGHT EACH,DESCRIPTION,4.31#
residential,20,Slimline' Rake Trim,1,0,galvalume_plus,GALVALUME® PLUS,PRICED PER EACH,✓
residential,20,Slimline' Rake Trim,1,0,signature_200,SIGNATURE® 200,PRICED PER EACH,✓
residential,20,Slimline' Rake Trim,1,1,part,PART #,DESCRIPTION,AG-456
residential,20,Slimline' Rake Trim,1,1,length,LENGTH,DESCRIPTION,"20°-2"""
residential,20,Slimline' Rake Trim,1,1,girth,GIRTH,DESCRIPTION,"8%"""
residential,20,Slimline' Rake Trim,1,1,gauge,GAUGE,DESCRIPTION,29
residential,20,Slimline' Rake Trim,1,1,weight_each,WEIGHT EACH,DESCRIPTION,"8.62"""
residential,20,Slimline' Rake Trim,1,1,galvalume_plus,GALVALUME® PLUS,PRICED PER EACH,✓
residential,20,Slimline' Rake Trim,1,1,signature_200,SIGNATURE® 200,PRICED PER EACH,✓
residential,21,5V Crimp Parapet Rake Trim,0,0,part,PART #,DESCRIPTION,FL-1060
residential,21,5V Crimp Parapet Rake Trim,0,0,length,LENGTH,DESCRIPTION,"10'-2"""
residential,21,5V Crimp Parapet Rake Trim,0,0,girth,GIRTH,DESCRIPTION,"10%"""
residential,21,5V Crimp Parapet Rake Trim,0,0,gauge,GAUGE,DESCRIPTION,29
residential,21,5V Crimp Parapet Rake Trim,0,0,weight_each,WEIGHT EACH,DESCRIPTION,"5,55#"
residential,21,5V Crimp Parapet Rake Trim,0,0,galvalume_plus,GALVALUME® PLUS,PRICED PER EACH,✓
residential,21,5V Crimp Parapet Rake Trim,0,0,signature_200,SIGNATURE® 200,PRICED PER EACH,✓
residential,21,5V Crimp Parapet Rake Trim,0,1,part,PART #,DESCRIPTION,FL-1060
residential,21,5V Crimp Parapet Rake Trim,0,1,length,LENGTH,DESCRIPTION,"10'-2"""
residential,21,5V Crimp Parapet Rake Trim,0,1,girth,GIRTH,DESCRIPTION,"107%"""
residential,21,5V Crimp Parapet Rake Trim,0,1,gauge,GAUGE,DESCRIPTION,26
residential,21,5V Crimp Parapet Rake Trim,0,1,weight_each,WEIGHT EACH,DESCRIPTION,7184
residential,21,5V Crimp Parapet Rake Trim,0,1,galvalume_plus,GALVALUME® PLUS,PRICED PER EACH,✓
residential,21,5V Crimp Parapet Rake Trim,0,1,signature_200,SIGNATURE® 200,PRICED PER EACH,✓
residential,21,Rake Transition,1,0,part,PART #,DESCRIPTION,AG-26]
residential,21,Rake Transition,1,0,length,LENGTH,DESCRIPTION,"10'-6"""
residential,21,Rake Transition,1,0,girth,GIRTH,DESCRIPTION,"10"""
residential,21,Rake Transition,1,0,gauge,GAUGE,DESCRIPTION,29
residential,21,Rake Transition,1,0,weight_each,WEIGHT EACH,DESCRIPTION,5.27#
residential,21,Rake Transition,1,0,galvalume_plus,GALVALUME® PLUS,PRICED PER EACH,✓
residential,21,Rake Transition,1,0,signature_200,SIGNATURE® 200,PRICED PER EACH,✓
residential,21,Rake Transition,1,1,part,PART #,DESCRIPTION,AG-26]1
residential,21,Rake Transition,1,1,length,LENGTH,DESCRIPTION,"10'-2"""
residential,21,Rake Transition,1,1,girth,GIRTH,DESCRIPTION,"10"""
residential,21,Rake Transition,1,1,gauge,GAUGE,DESCRIPTION,26
residential,21,Rake Transition,1,1,weight_each,WEIGHT EACH,DESCRIPTION,6.45#
residential,21,Rake Transition,1,1,galvalume_plus,GALVALUME® PLUS,PRICED PER EACH,✓
residential,21,Rake Transition,1,1,signature_200,SIGNATURE® 200,PRICED PER EACH,✓
residential,21,Rake Transition,1,2,part,PART #,DESCRIPTION,AG-262
residential,21,Rake Transition,1,2,length,LENGTH,DESCRIPTION,"20'-2"""
residential,21,Rake Transition,1,2,girth,GIRTH,DESCRIPTION,"10"""
residential,21,Rake Transition,1,2,gauge,GAUGE,DESCRIPTION,29
residential,21,Rake Transition,1,2,weight_each,WEIGHT EACH,DESCRIPTION,9.90#
residential,21,Rake Transition,1,2,galvalume_plus,GALVALUME® PLUS,PRICED PER EACH,✓
residential,21,Rake Transition,1,2,signature_200,SIGNATURE® 200,PRICED PER EACH,✓
residential,21,Rake Transition,1,3,part,PART #,DESCRIPTION,AG-262
residential,21,Rake Transition,1,3,length,LENGTH,DESCRIPTION,"20'-2"""
residential,21,Rake Transition,1,3,girth,GIRTH,DESCRIPTION,"10"""
residential,21,Rake Transition,1,3,gauge,GAUGE,DESCRIPTION,26
residential,21,Rake Transition,1,3,weight_each,WEIGHT EACH,DESCRIPTION,12.90#
residential,21,Rake Transition,1,3,galvalume_plus,GALVALUME® PLUS,PRICED PER EACH,✓
residential,21,Rake Transition,1,3,signature_200,SIGNATURE® 200,PRICED PER EACH,✓
residential,21,High Side Transition,2,0,part,PART #,DESCRIPTION,AG-263
residential,21,High Side Transition,2,0,length,LENGTH,DESCRIPTION,"10'-6"""
residential,21,High Side Transition,2,0,girth,GIRTH,DESCRIPTION,"ay,"""
residential,21,High Side Transition,2,0,gauge,GAUGE,DESCRIPTION,29
residential,21,High Side Transition,2,0,weight_each,WEIGHT EACH,DESCRIPTION,4.214
residential,21,High Side Transition,2,0,galvalume_plus,GALVALUME® PLUS,PRICED PER EACH,✓
residential,21,High Side Transition,2,0,signature_200,SIGNATURE® 200,PRICED PER EACH,✓
residential,21,High Side Transition,2,1,part,PART #,DESCRIPTION,AG-263
residential,21,High Side Transition,2,1,length,LENGTH,DESCRIPTION,"10'-2"""
residential,21,High Side Transition,2,1,girth,GIRTH,DESCRIPTION,"gy"""
residential,21,High Side Transition,2,1,gauge,GAUGE,DESCRIPTION,26
residential,21,High Side Transition,2,1,weight_each,WEIGHT EACH,DESCRIPTION,5.61#
residential,21,High Side Transition,2,1,galvalume_plus,GALVALUME® PLUS,PRICED PER EACH,✓
residential,21,High Side Transition,2,1,signature_200,SIGNATURE® 200,PRICED PER EACH,✓
residential,21,High Side Transition,2,2,part,PART #,DESCRIPTION,AG-264
residential,21,High Side Transition,2,2,length,LENGTH,DESCRIPTION,"20'-2"""
residential,21,High Side Transition,2,2,girth,GIRTH,DESCRIPTION,"gy"""
residential,21,High Side Transition,2,2,gauge,GAUGE,DESCRIPTION,29
residential,21,High Side Transition,2,2,weight_each,WEIGHT EACH,DESCRIPTION,8.42#
residential,21,High Side Transition,2,2,galvalume_plus,GALVALUME® PLUS,PRICED PER EACH,✓
residential,21,High Side Transition,2,2,signature_200,SIGNATURE® 200,PRICED PER EACH,✓
residential,21,High Side Transition,2,3,part,PART #,DESCRIPTION,AG-264
residential,21,High Side Transition,2,3,length,LENGTH,DESCRIPTION,"20'-2"""
residential,21,High Side Transition,2,3,girth,GIRTH,DESCRIPTION,"ayy"""
residential,21,High Side Transition,2,3,gauge,GAUGE,DESCRIPTION,26
residential,21,High Side Transition,2,3,weight_each,WEIGHT EACH,DESCRIPTION,10.96#
residential,21,High Side Transition,2,3,galvalume_plus,GALVALUME® PLUS,PRICED PER EACH,✓
residential,21,High Side Transition,2,3,signature_200,SIGNATURE® 200,PRICED PER EACH,✓
residential,22,Continuous Cleat,0,0,part,PART #,DESCRIPTION,FL-338
residential,22,Continuous Cleat,0,0,length,LENGTH,DESCRIPTION,"10'-2"""
residential,22,Continuous Cleat,0,0,girth,GIRTH,DESCRIPTION,"a"""
residential,22,Continuous Cleat,0,0,gauge,GAUGE,DESCRIPTION,24
residential,22,Continuous Cleat,0,0,weight_each,WEIGHT EACH,DESCRIPTION,2.45#
residential,22,Continuous Cleat,0,0,assorted_colors,ASSORTED COLORS,,v
residential,22,Offset Cleat,1,0,part,PART #,DESCRIPTION,FL-337
residential,22,Offset Cleat,1,0,length,LENGTH,DESCRIPTION,"10'-2"""
residential,22,Offset Cleat,1,0,girth,GIRTH,DESCRIPTION,"Sy"""
residential,22,Offset Cleat,1,0,gauge,GAUGE,DESCRIPTION,24
residential,22,Offset Cleat,1,0,weight_each,WEIGHT EACH,DESCRIPTION,2.45#
residential,22,Offset Cleat,1,0,assorted_colors,ASSORTED COLORS,,v
residential,22,Fascia/Soffit Trim,2,0,part,PART #,DESCRIPTION,AG-458
residential,22,Fascia/Soffit Trim,2,0,length,LENGTH,DESCRIPTION,"10'-6"""
residential,22,Fascia/Soffit Trim,2,0,girth,GIRTH,DESCRIPTION,"8 5/16"""
residential,22,Fascia/Soffit Trim,2,0,gauge,GAUGE,DESCRIPTION,29
residential,22,Fascia/Soffit Trim,2,0,weight_each,WEIGHT EACH,DESCRIPTION,415#
residential,22,Fascia/Soffit Trim,2,0,galvalume_plus,GALVALUME® PLUS,PRICED PER EACH,✓
residential,22,Fascia/Soffit Trim,2,0,signature_200,SIGNATURE® 200,PRICED PER EACH,✓
residential,22,Fascia/Soffit Trim,2,1,part,PART #,DESCRIPTION,AG-458
residential,22,Fascia/Soffit Trim,2,1,length,LENGTH,DESCRIPTION,"10'-2"""
residential,22,Fascia/Soffit Trim,2,1,girth,GIRTH,DESCRIPTION,"8 5/16"""
residential,22,Fascia/Soffit Trim,2,1,gauge,GAUGE,DESCRIPTION,26
residential,22,Fascia/Soffit Trim,2,1,weight_each,WEIGHT EACH,DESCRIPTION,5.37#
residential,22,Fascia/Soffit Trim,2,1,galvalume_plus,GALVALUME® PLUS,PRICED PER EACH,✓
residential,22,Fascia/Soffit Trim,2,1,signature_200,SIGNATURE® 200,PRICED PER EACH,✓
residential,22,Fascia/Soffit Trim,2,2,part,PART #,DESCRIPTION,AG-460
residential,22,Fascia/Soffit Trim,2,2,length,LENGTH,DESCRIPTION,"20'-2"""
residential,22,Fascia/Soffit Trim,2,2,girth,GIRTH,DESCRIPTION,"8 5/16"""
residential,22,Fascia/Soffit Trim,2,2,gauge,GAUGE,DESCRIPTION,29
residential,22,Fascia/Soffit Trim,2,2,weight_each,WEIGHT EACH,DESCRIPTION,8.30#
residential,22,Fascia/Soffit Trim,2,2,galvalume_plus,GALVALUME® PLUS,PRICED PER EACH,✓
residential,22,Fascia/Soffit Trim,2,2,signature_200,SIGNATURE® 200,PRICED PER EACH,✓
residential,22,Fascia/Soffit Trim,2,3,part,PART #,DESCRIPTION,AG-460
residential,22,Fascia/Soffit Trim,2,3,length,LENGTH,DESCRIPTION,"20'-2"""
residential,22,Fascia/Soffit Trim,2,3,girth,GIRTH,DESCRIPTION,"8 5/16"""
residential,22,Fascia/Soffit Trim,2,3,gauge,GAUGE,DESCRIPTION,26
residential,22,Fascia/Soffit Trim,2,3,weight_each,WEIGHT EACH,DESCRIPTION,10.74#
residential,22,Fascia/Soffit Trim,2,3,galvalume_plus,GALVALUME® PLUS,PRICED PER EACH,✓
residential,22,Fascia/Soffit Trim,2,3,signature_200,SIGNATURE® 200,PRICED PER EACH,✓
residential,23,Fascia Trim,0,0,part,PART #,DESCRIPTION,AG-462
residential,23,Fascia Trim,0,0,length,LENGTH,DESCRIPTION,"10'-6"""
residential,23,Fascia Trim,0,0,girth,GIRTH,DESCRIPTION,"7%"""
residential,23,Fascia Trim,0,0,gauge,GAUGE,DESCRIPTION,29
residential,23,Fascia Trim,0,0,weight_each,WEIGHT EACH,DESCRIPTION,3.61#
residential,23,Fascia Trim,0,0,galvalume_plus,GALVALUME® PLUS,PRICED PER EACH,✓
residential,23,Fascia Trim,0,0,signature_200,SIGNATURE® 200,PRICED PER EACH,✓
residential,23,Fascia Trim,0,1,part,PART #,DESCRIPTION,AG-462
residential,23,Fascia Trim,0,1,length,LENGTH,DESCRIPTION,"10'-2"""
residential,23,Fascia Trim,0,1,girth,GIRTH,DESCRIPTION,"7 343"""
residential,23,Fascia Trim,0,1,gauge,GAUGE,DESCRIPTION,26
residential,23,Fascia Trim,0,1,weight_each,WEIGHT EACH,DESCRIPTION,4.69#
residential,23,Fascia Trim,0,1,galvalume_plus,GALVALUME® PLUS,PRICED PER EACH,✓
residential,23,Fascia Trim,0,1,signature_200,SIGNATURE® 200,PRICED PER EACH,✓
residential,23,Fascia Trim,0,2,part,PART #,DESCRIPTION,AG-464
residential,23,Fascia Trim,0,2,length,LENGTH,DESCRIPTION,"20'-2"""
residential,23,Fascia Trim,0,2,girth,GIRTH,DESCRIPTION,"7 343"""
residential,23,Fascia Trim,0,2,gauge,GAUGE,DESCRIPTION,29
residential,23,Fascia Trim,0,2,weight_each,WEIGHT EACH,DESCRIPTION,7.224
residential,23,Fascia Trim,0,2,galvalume_plus,GALVALUME® PLUS,PRICED PER EACH,✓
residential,23,Fascia Trim,0,2,signature_200,SIGNATURE® 200,PRICED PER EACH,✓
residential,23,Fascia Trim,0,3,part,PART #,DESCRIPTION,AG-464
residential,23,Fascia Trim,0,3,length,LENGTH,DESCRIPTION,"20'-2"""
residential,23,Fascia Trim,0,3,girth,GIRTH,DESCRIPTION,"7 343"""
residential,23,Fascia Trim,0,3,gauge,GAUGE,DESCRIPTION,26
residential,23,Fascia Trim,0,3,weight_each,WEIGHT EACH,DESCRIPTION,9.384
residential,23,Fascia Trim,0,3,galvalume_plus,GALVALUME® PLUS,PRICED PER EACH,✓
residential,23,Fascia Trim,0,3,signature_200,SIGNATURE® 200,PRICED PER EACH,✓
residential,23,Panel Cap,1,0,part,PART #,DESCRIPTION,AG-450
residential,23,Panel Cap,1,0,length,LENGTH,DESCRIPTION,"10'-6"""
residential,23,Panel Cap,1,0,girth,GIRTH,DESCRIPTION,"58/16"""
residential,23,Panel Cap,1,0,gauge,GAUGE,DESCRIPTION,29
residential,23,Panel Cap,1,0,weight_each,WEIGHT EACH,DESCRIPTION,2.90#
residential,23,Panel Cap,1,0,galvalume_plus,GALVALUME® PLUS,PRICED PER EACH,✓
residential,23,Panel Cap,1,0,signature_200,SIGNATURE® 200,PRICED PER EACH,✓
residential,23,Panel Cap,1,1,part,PART #,DESCRIPTION,AG-452
residential,23,Panel Cap,1,1,length,LENGTH,DESCRIPTION,"20'-2"""
residential,23,Panel Cap,1,1,girth,GIRTH,DESCRIPTION,"59/16"""
residential,23,Panel Cap,1,1,gauge,GAUGE,DESCRIPTION,29
residential,23,Panel Cap,1,1,weight_each,WEIGHT EACH,DESCRIPTION,5.80#
residential,23,Panel Cap,1,1,galvalume_plus,GALVALUME® PLUS,PRICED PER EACH,✓
residential,23,Panel Cap,1,1,signature_200,SIGNATURE® 200,PRICED PER EACH,✓
residential,23,Slimline' Z Closure,2,0,part,PART #,DESCRIPTION,AG-470
residential,23,Slimline' Z Closure,2,0,dim_a,"DIM ""A""",DESCRIPTION,"1"""
residential,23,Slimline' Z Closure,2,0,length,LENGTH,DESCRIPTION,"10'-6"""
residential,23,Slimline' Z Closure,2,0,girth,GIRTH,DESCRIPTION,"3"""
residential,23,Slimline' Z Closure,2,0,gauge,GAUGE,DESCRIPTION,29
residential,23,Slimline' Z Closure,2,0,weight_each,"WEIGHT
EACH",DESCRIPTION,1.65#
residential,23,Slimline' Z Closure,2,0,galvalume_plus,GALVALUME® PLUS,PRICED PER EACH,✓
residential,23,Slimline' Z Closure,2,0,signature_200,SIGNATURE® 200,PRICED PER EACH,✓
residential,24,5V Crimp Z Closure,0,0,part,PART #,DESCRIPTION,AG-274
residential,24,5V Crimp Z Closure,0,0,length,LENGTH,DESCRIPTION,"10'-2"""
residential,24,5V Crimp Z Closure,0,0,girth,GIRTH,DESCRIPTION,"Dy"""
residential,24,5V Crimp Z Closure,0,0,gauge,GAUGE,DESCRIPTION,26
residential,24,5V Crimp Z Closure,0,0,weight_each,WEIGHT EACH,DESCRIPTION,1.784
residential,24,5V Crimp Z Closure,0,0,galvalume_plus,GALVALUME® PLUS,PRICED PER EACH,✓
residential,24,5V Crimp Z Closure,0,0,signature_200,SIGNATURE® 200,PRICED PER EACH,✓
residential,24,Eave Trim with Drip Edge,1,0,part,PART #,DESCRIPTION,AG-279
residential,24,Eave Trim with Drip Edge,1,0,length,LENGTH,DESCRIPTION,"10'-6"""
residential,24,Eave Trim with Drip Edge,1,0,girth,GIRTH,DESCRIPTION,"Q54"""
residential,24,Eave Trim with Drip Edge,1,0,gauge,GAUGE,DESCRIPTION,29
residential,24,Eave Trim with Drip Edge,1,0,weight_each,WEIGHT EACH,DESCRIPTION,4.77#
residential,24,Eave Trim with Drip Edge,1,0,galvalume_plus,GALVALUME® PLUS,PRICED PER EACH,✓
residential,24,Eave Trim with Drip Edge,1,0,signature_200,SIGNATURE® 200,PRICED PER EACH,✓
residential,24,Eave Trim with Drip Edge,1,1,part,PART #,DESCRIPTION,AG-279
residential,24,Eave Trim with Drip Edge,1,1,length,LENGTH,DESCRIPTION,"10'-2"""
residential,24,Eave Trim with Drip Edge,1,1,girth,GIRTH,DESCRIPTION,"9%"""
residential,24,Eave Trim with Drip Edge,1,1,gauge,GAUGE,DESCRIPTION,26
residential,24,Eave Trim with Drip Edge,1,1,weight_each,WEIGHT EACH,DESCRIPTION,6.18#
residential,24,Eave Trim with Drip Edge,1,1,galvalume_plus,GALVALUME® PLUS,PRICED PER EACH,✓
residential,24,Eave Trim with Drip Edge,1,1,signature_200,SIGNATURE® 200,PRICED PER EACH,✓
residential,24,Metal Drip Edge,2,0,part,PART #,DESCRIPTION,AG-283
residential,24,Metal Drip Edge,2,0,length,LENGTH,DESCRIPTION,"10'-6"""
residential,24,Metal Drip Edge,2,0,girth,GIRTH,DESCRIPTION,"4"""
residential,24,Metal Drip Edge,2,0,gauge,GAUGE,DESCRIPTION,29
residential,24,Metal Drip Edge,2,0,weight_each,WEIGHT EACH,DESCRIPTION,2.02#
residential,24,Metal Drip Edge,2,0,galvalume_plus,GALVALUME® PLUS,PRICED PER EACH,✓
residential,24,Metal Drip Edge,2,0,signature_200,SIGNATURE® 200,PRICED PER EACH,✓
residential,24,Metal Drip Edge,2,1,part,PART #,DESCRIPTION,AG-283
residential,24,Metal Drip Edge,2,1,length,LENGTH,DESCRIPTION,"10'-2"""
residential,24,Metal Drip Edge,2,1,girth,GIRTH,DESCRIPTION,"4"""
residential,24,Metal Drip Edge,2,1,gauge,GAUGE,DESCRIPTION,26
residential,24,Metal Drip Edge,2,1,weight_each,WEIGHT EACH,DESCRIPTION,2.644
residential,24,Metal Drip Edge,2,1,galvalume_plus,GALVALUME® PLUS,PRICED PER EACH,✓
residential,24,Metal Drip Edge,2,1,signature_200,SIGNATURE® 200,PRICED PER EACH,✓
residential,25,,0,0,column_1,,,DESCRIPTION
residential,25,,0,0,column_2,,,PRICED PER SQUARE FOOT
residential,25,,0,1,column_1,,,GAUGE
residential,25,,0,1,column_2,,,GALVALUME® PLUS
residential,25,,0,1,column_3,,,SIGNATURE® 200
residential,25,,0,2,column_1,,,29
residential,25,,0,2,column_2,,,v
residential,25,,0,2,column_3,,,v
residential,25,,0,3,column_1,,,26
residential,25,,0,3,column_2,,,v
residential,25,,0,3,column_3,,,v
